mag_1,x_1,y_1,z_1,mag_2,x_2,y_2,z_2,mag_3,x_3,y_3,z_3,mag_4,x_4,y_4,z_4,avg_mag,max_mag,min_mag,range_mag,std_mag,left_right_diff,top_bottom_diff,diag1_diff,diag2_diff,diff_12,diff_13,diff_14,diff_23,diff_24,diff_34,norm_mag_1,norm_mag_2,norm_mag_3,norm_mag_4,strongest_sensor,rssi,label
3623.222598737207,1533.0,2007.0,-2598.0,4957.402848266419,-1215.0,-4693.0,-1037.0,3240.2439722959134,-1090.0,-316.0,-3035.0,0.0,0.0,0.0,0.0,2955.2173548248848,4957.402848266419,0.0,4957.402848266419,1821.368135699593,953.031861383351,2670.190737353856,3623.222598737207,1717.1588759705055,1334.1802495292118,382.9786264412937,3623.222598737207,1717.1588759705055,4957.402848266419,3240.2439722959134,0.3065106694116503,0.4193771771281588,0.2741121534601909,0.0,2,-45,knife
5414.060583332994,1882.0,2032.0,-4652.0,3835.398023673684,-505.0,-3802.0,-7.0,3028.0140356345773,-1188.0,-983.0,-2606.0,0.0,0.0,0.0,0.0,3069.368160660314,5414.060583332994,0.0,5414.060583332994,1968.9537435716263,2303.338297646943,3110.7222856860503,5414.060583332994,807.3839880391065,1578.66255965931,2386.0465476984164,5414.060583332994,807.3839880391065,3835.398023673684,3028.0140356345773,0.4409751698023955,0.3123931231866768,0.2466317070109276,0.0,1,-45,knife
6712.854683366832,1288.0,1457.0,-6425.0,3131.506666127345,-571.0,-3007.0,662.0,2855.088965338909,-826.0,-1451.0,-2316.0,0.0,0.0,0.0,0.0,3174.862578708271,6712.854683366832,0.0,6712.854683366832,2382.2927730062625,3218.218491289197,3494.636192077634,6712.854683366832,276.4177007884364,3581.3480172394866,3857.765718027923,6712.854683366832,276.4177007884364,3131.506666127345,2855.088965338909,0.5285941136779874,0.2465860008499512,0.2248198854720614,0.0,1,-46,knife
3948.112587047133,1210.0,1137.0,-3582.0,4814.742776099259,-1692.0,-4440.0,778.0,4004.8661650547074,-677.0,-1068.0,-3800.0,0.0,0.0,0.0,0.0,3191.9303820502746,4814.742776099259,0.0,4814.742776099259,1874.4743092783071,1569.1179880012903,2378.994599045842,3948.112587047133,809.8766110445513,866.6301890521263,56.753578007575015,3948.112587047133,809.8766110445513,4814.742776099259,4004.8661650547074,0.3092260884862359,0.3771027403334688,0.3136711711802952,0.0,2,-46,knife
5986.368682264733,5620.0,67.0,-2061.0,3452.918765334626,1820.0,-2818.0,818.0,4073.253490761409,-3531.0,-1997.0,368.0,0.0,0.0,0.0,0.0,3378.135234590192,5986.368682264733,0.0,5986.368682264733,2162.3749297520694,3303.351703845758,2683.016978418976,5986.368682264733,-620.3347254267824,2533.449916930107,1913.1151915033247,5986.368682264733,620.3347254267824,3452.918765334626,4073.253490761409,0.4430231671135977,0.2555343795874935,0.3014424532989088,0.0,1,-45,knife
2107.381787906501,2007.0,400.0,503.0,8161.884218732829,6040.0,-4995.0,2277.0,12182.122844562027,-11522.0,-3647.0,-1532.0,0.0,0.0,0.0,0.0,5612.84721280034,12182.122844562027,0.0,12182.122844562027,4833.355813072266,3063.810206867849,-956.428418961349,2107.381787906501,-4020.238625829198,6054.502430826328,10074.741056655526,2107.381787906501,4020.238625829198,8161.884218732829,12182.122844562027,0.0938642059907013,0.3635358272410881,0.5425999667682104,0.0,3,-46,knife
604.0885696650781,207.0,507.0,255.0,14533.056182372651,-4861.0,9960.0,9401.0,4371.319709195383,-756.0,-3472.0,2546.0,0.0,0.0,0.0,0.0,4877.116115308279,14533.056182372651,0.0,14533.056182372651,5821.040168887368,-4778.823951756096,5382.912521421175,604.0885696650781,10161.73647317727,13928.967612707576,3767.231139530305,604.0885696650781,10161.73647317727,14533.056182372651,4371.319709195383,0.0309654596785673,0.744961563287182,0.2240729770342506,0.0,2,-49,knife
3371.882560232488,2198.0,802.0,-2428.0,3068.159057154632,276.0,-3032.0,380.0,5962.637335944557,-2862.0,-1720.0,-4940.0,0.0,0.0,0.0,0.0,3100.669738332919,5962.637335944557,0.0,5962.637335944557,2114.215261932064,3133.1804195112068,238.70214072128147,3371.882560232488,-2894.478278789925,303.7235030778561,2590.7547757120687,3371.882560232488,2894.478278789925,3068.159057154632,5962.637335944557,0.2718672774583683,0.2473787371824573,0.4807539853591743,0.0,3,-49,knife
2976.314835497078,1865.0,472.0,-2271.0,3239.657697967488,-2.0,-3113.0,897.0,7263.360241651243,-2592.0,-2527.0,-6297.0,0.0,0.0,0.0,0.0,3369.833193778952,7263.360241651243,0.0,7263.360241651243,2582.9794319942907,3500.0086895904165,-523.6938540933388,2976.314835497078,-4023.702543683756,263.3428624704093,4287.045406154165,2976.314835497078,4023.702543683756,3239.657697967488,7263.360241651243,0.2208057984139728,0.2403425860921112,0.538851615493916,0.0,3,-48,knife
2020.705322406016,1235.0,555.0,-1500.0,4652.545432341311,-1177.0,-4475.0,485.0,12708.45946604072,-1331.0,-1266.0,-12575.0,0.0,0.0,0.0,0.0,4845.427555197011,12708.45946604072,0.0,12708.45946604072,4830.157819092199,5038.309678052712,-3017.6043556466966,2020.705322406016,-8055.914033699409,2631.840109935296,10687.754143634704,2020.705322406016,8055.914033699409,4652.545432341311,12708.45946604072,0.1042583600408331,0.2400482402915702,0.6556933996675968,0.0,3,-50,knife
1729.079234737379,1081.0,627.0,-1195.0,5452.196713252375,-1878.0,-5117.0,126.0,19356.805599065152,-677.0,-555.0,-19337.0,0.0,0.0,0.0,0.0,6634.520386763727,19356.805599065152,0.0,19356.805599065152,7604.844573534458,7816.844060275078,-6087.764825537699,1729.079234737379,-13904.608885812777,3723.117478514996,17627.726364327773,1729.079234737379,13904.608885812777,5452.196713252375,19356.805599065152,0.0651546432123035,0.2054480352539816,0.7293973215337148,0.0,3,-50,knife
1727.265179409346,1086.0,535.0,-1232.0,4751.469772607209,-1401.0,-4492.0,660.0,12440.446213862266,-1038.0,-4107.0,-11697.0,0.0,0.0,0.0,0.0,4729.795291469705,12440.446213862266,0.0,12440.446213862266,4765.52090550351,4708.120810332201,-2980.855630922855,1727.265179409346,-7688.976441255057,3024.204593197863,10713.18103445292,1727.265179409346,7688.976441255057,4751.469772607209,12440.446213862266,0.0912970368149182,0.251145635265473,0.6575573279196087,0.0,3,-51,knife
3720.501713478976,1632.0,697.0,-3270.0,2601.2016453939127,-101.0,-2593.0,180.0,5323.445876497665,-1980.0,-1526.0,-4700.0,0.0,0.0,0.0,0.0,2911.2873088426386,5323.445876497665,0.0,5323.445876497665,1939.3996378703864,3221.372972291365,499.1287411876119,3720.501713478976,-2722.244231103753,1119.3000680850637,1602.9441630186889,3720.501713478976,2722.244231103753,2601.2016453939127,5323.445876497665,0.319489397540605,0.2233721176791034,0.4571384847802915,0.0,3,-48,knife
4447.627907098345,2087.0,1135.0,-3760.0,2529.571900539694,195.0,-2522.0,15.0,4611.125350714292,-2180.0,-1266.0,-3861.0,0.0,0.0,0.0,0.0,2897.0812895880827,4611.125350714292,0.0,4611.125350714292,1862.1415766580835,3264.590678636472,1183.0372284618734,4447.627907098345,-2081.553450174598,1918.0560065586503,163.4974436159473,4447.627907098345,2081.553450174598,2529.571900539694,4611.125350714292,0.3838024776076204,0.2182862377413094,0.3979112846510702,0.0,3,-49,knife
1928.003371366347,1052.0,837.0,-1382.0,5014.816247879876,-1667.0,-4727.0,-158.0,9738.710438245918,-1188.0,-1161.0,-9596.0,0.0,0.0,0.0,0.0,4170.382514373036,9738.710438245918,0.0,9738.710438245918,3678.984191840411,3325.9487808661947,-1397.9454094998478,1928.003371366347,-4723.8941903660425,3086.812876513529,7810.707066879571,1928.003371366347,4723.8941903660425,5014.816247879876,9738.710438245918,0.1155771301985831,0.3006208801348879,0.5838019896665289,0.0,3,-49,knife
6567.2482060601305,3075.0,182.0,-5800.0,2134.137062140105,611.0,-1962.0,576.0,3480.8486034299167,-1985.0,-2081.0,-1961.0,0.0,0.0,0.0,0.0,3045.558467907538,6567.2482060601305,0.0,6567.2482060601305,2382.115208917631,3956.979873674971,2610.26833238516,6567.2482060601305,-1346.7115412898115,4433.111143920025,3086.399602630214,6567.2482060601305,1346.7115412898115,2134.137062140105,3480.8486034299167,0.5390840690847237,0.1751843778923058,0.2857315530229704,0.0,1,-49,knife
17308.06592314693,5941.0,9652.0,-13081.0,2195.4302539593464,1187.0,-1823.0,296.0,3104.4593732242656,-2408.0,-1952.0,-170.0,0.0,0.0,0.0,0.0,5651.988887582635,17308.06592314693,0.0,17308.06592314693,6823.613677124636,9108.547521205925,8199.518401941004,17308.06592314693,-909.0291192649192,15112.635669187584,14203.606549922664,17308.06592314693,909.0291192649192,2195.4302539593464,3104.4593732242656,0.7655741309564755,0.0971087478065768,0.1373171212369478,0.0,1,-50,knife
2116.122397216191,2030.0,385.0,457.0,6499.063778729979,3325.0,-5578.0,-261.0,10118.58236118084,-9325.0,-1822.0,-3480.0,0.0,0.0,0.0,0.0,4683.442134281752,10118.58236118084,0.0,10118.58236118084,3916.7266977457575,2867.8204898335257,-751.6980926173346,2116.122397216191,-3619.51858245086,4382.941381513789,8002.459963964648,2116.122397216191,3619.51858245086,6499.063778729979,10118.58236118084,0.1129576461363025,0.3469170533333956,0.5401253005303018,0.0,3,-50,knife
2255.886078683939,1913.0,627.0,-1018.0,4287.386383334257,471.0,-4200.0,-721.0,6487.497129093777,-3113.0,-531.0,-5667.0,0.0,0.0,0.0,0.0,3257.6923977779934,6487.497129093777,0.0,6487.497129093777,2403.543424084422,2227.99841222173,27.88766646220938,2255.886078683939,-2200.110745759521,2031.5003046503173,4231.611050409838,2255.886078683939,2200.110745759521,4287.386383334257,6487.497129093777,0.1731199422191175,0.3290201974147864,0.497859860366096,0.0,3,-48,knife
2817.2924945770187,2242.0,477.0,-1638.0,3629.367713528074,1081.0,-3343.0,910.0,4572.67197598953,-3726.0,-2643.0,-202.0,0.0,0.0,0.0,0.0,2754.833046023656,4572.67197598953,0.0,4572.67197598953,1707.5095573776523,1880.2983785192373,936.9941160577814,2817.2924945770187,-943.3042624614563,812.0752189510554,1755.3794814125115,2817.2924945770187,943.3042624614563,3629.367713528074,4572.67197598953,0.2556681700406053,0.3293636722166092,0.4149681577427855,0.0,3,-48,knife
831.8377245593036,81.0,617.0,552.0,4304.126159861024,3102.0,1693.0,2457.0,2776.7954551965117,-1820.0,-2097.0,28.0,0.0,0.0,0.0,0.0,1978.1898349042096,4304.126159861024,0.0,4304.126159861024,1678.921447561397,-347.74649005260426,1179.584214611908,831.8377245593036,1527.3307046645125,3472.28843530172,1944.9577306372075,831.8377245593036,1527.3307046645125,4304.126159861024,2776.7954551965117,0.1051261246370199,0.5439475630595184,0.3509263123034616,0.0,2,-44,knife
670.6877067607546,98.0,647.0,147.0,5283.963474514183,-3211.0,2615.0,3282.0,3869.5506199040738,-233.0,-3278.0,2043.0,0.0,0.0,0.0,0.0,2456.050450294753,5283.963474514183,0.0,5283.963474514183,2191.733260596951,-371.8625739246773,1042.550280685432,670.6877067607546,1414.4128546101092,4613.275767753428,3198.862913143319,670.6877067607546,1414.4128546101092,5283.963474514183,3869.5506199040738,0.0682689261004659,0.5378516831647381,0.3938793907347959,0.0,2,-58,knife
741.6535579365881,200.0,595.0,395.0,9006.437364463265,3571.0,6832.0,4657.0,3850.679939958656,-1572.0,-3106.0,1646.0,0.0,0.0,0.0,0.0,3399.692715589628,9006.437364463265,0.0,9006.437364463265,3544.786938529145,-2207.0519332840104,2948.7054912205986,741.6535579365881,5155.757424504609,8264.783806526677,3109.026382022068,741.6535579365881,5155.757424504609,9006.437364463265,3850.679939958656,0.0545382788961824,0.6622978985103092,0.2831638225935084,0.0,2,-45,knife
679.2127796206429,112.0,645.0,181.0,6082.582839550975,-1901.0,5053.0,2802.0,3496.858161264194,-672.0,-2863.0,1892.0,0.0,0.0,0.0,0.0,2564.663445108953,6082.582839550975,0.0,6082.582839550975,2417.4969831050207,-953.2559493330692,1632.468728953712,679.2127796206429,2585.724678286781,5403.370059930332,2817.6453816435514,679.2127796206429,2585.724678286781,6082.582839550975,3496.858161264194,0.0662087632702805,0.592922128939668,0.3408691077900515,0.0,2,-48,knife
5335.812871531384,5055.0,-1657.0,415.0,1677.4128889453546,1145.0,-1033.0,660.0,2302.7924352837363,-110.0,-2207.0,648.0,0.0,0.0,0.0,0.0,2329.004548940118,5335.812871531384,0.0,5335.812871531384,1929.405170257464,2980.596208934883,2355.216662596501,5335.812871531384,-625.3795463383817,3658.3999825860296,3033.020436247648,5335.812871531384,625.3795463383817,1677.4128889453546,2302.7924352837363,0.572756810840022,0.1800568497932636,0.2471863393667145,0.0,1,-46,knife
2414.885711581399,1592.0,-1160.0,1397.0,1634.4613791705206,1150.0,-800.0,842.0,2243.5607858937096,166.0,-2140.0,653.0,0.0,0.0,0.0,0.0,1573.2269691614074,2414.885711581399,0.0,2414.885711581399,953.4843488506838,1511.9925591522938,902.8931524291048,2414.885711581399,-609.0994067231891,780.4243324108784,171.3249256876893,2414.885711581399,609.0994067231891,1634.4613791705206,2243.5607858937096,0.3837471895216475,0.2597307018010493,0.356522108677303,0.0,1,-44,knife
2478.109763509276,2328.0,-790.0,-312.0,1851.166929263809,977.0,-1487.0,511.0,3025.948281117838,-373.0,-2953.0,545.0,0.0,0.0,0.0,0.0,1838.8062434727308,3025.948281117838,0.0,3025.948281117838,1140.1070559231289,1826.4455576816529,651.6642058276232,2478.109763509276,-1174.7813518540293,626.9428342454671,547.8385176085621,2478.109763509276,1174.7813518540293,1851.166929263809,3025.948281117838,0.3369182822151466,0.251680531300532,0.4114011864843214,0.0,3,-46,knife
3295.6635143776434,1073.0,362.0,-3095.0,2890.02508639631,-416.0,-2858.0,-105.0,5154.920561948555,-1545.0,-2490.0,-4241.0,0.0,0.0,0.0,0.0,2835.152290680627,5154.920561948555,0.0,5154.920561948555,1846.2458500016717,2780.279494964944,515.3840194126997,3295.6635143776434,-2264.8954755522445,405.6384279813333,1859.2570475709117,3295.6635143776434,2264.8954755522445,2890.02508639631,5154.920561948555,0.2906072740087678,0.2548386109536386,0.4545541150375936,0.0,3,-42,knife
1667.0254947060648,1427.0,342.0,-791.0,7671.127296558179,837.0,-7620.0,285.0,15452.990843199254,-7602.0,-5941.0,-12071.0,0.0,0.0,0.0,0.0,6197.785908615875,15452.990843199254,0.0,15452.990843199254,6057.431248554332,4724.44452067357,-3057.419025967504,1667.0254947060648,-7781.863546641074,6004.1018018521145,13785.965348493188,1667.0254947060648,7781.863546641074,7671.127296558179,15452.990843199254,0.0672427831198817,0.3094301501240198,0.6233270667560984,0.0,3,-43,knife
2269.8660753445347,1088.0,22.0,1992.0,4266.474539945129,3647.0,-2036.0,870.0,60.29925372672534,60.0,0.0,6.0,0.0,0.0,0.0,0.0,1649.1599672540974,4266.474539945129,0.0,4266.474539945129,1766.3393367092478,-968.1546054369346,3238.0206807814693,2269.8660753445347,4206.175286218404,1996.6084646005947,2209.566821617809,2269.8660753445347,4206.175286218404,4266.474539945129,60.29925372672534,0.3440942844258965,0.646764811276759,0.0091409042973444,0.0,2,-50,knife
6651.901081645758,6618.0,-130.0,-658.0,3036.175225509885,1406.0,-2650.0,468.0,4384.074474732381,-3205.0,-2410.0,-1772.0,0.0,0.0,0.0,0.0,3518.037695472006,6651.901081645758,0.0,6651.901081645758,2407.2754356820114,3999.9001654341264,2652.000916211631,6651.901081645758,-1347.8992492224957,3615.7258561358726,2267.826606913377,6651.901081645758,1347.8992492224957,3036.175225509885,4384.074474732381,0.4726996736140209,0.2157577240728321,0.3115426023131469,0.0,1,-42,knife
4057.1340870126537,3203.0,202.0,-2482.0,3810.697705145345,1012.0,-3672.0,117.0,7207.183152938463,-4647.0,-1796.0,-5208.0,0.0,0.0,0.0,0.0,3768.753736274115,7207.183152938463,0.0,7207.183152938463,2554.95714745275,3726.809767402886,330.3243196097678,4057.1340870126537,-3396.4854477931176,246.43638186730868,3150.049065925809,4057.1340870126537,3396.4854477931176,3810.697705145345,7207.183152938463,0.2691296892101816,0.2527823500689048,0.4780879607209136,0.0,3,-43,knife
2424.110764796031,2072.0,515.0,-1148.0,6040.097350208853,1426.0,-5868.0,-126.0,10497.410585472971,-7293.0,-1418.0,-7416.0,0.0,0.0,0.0,0.0,4740.404675119464,10497.410585472971,0.0,10497.410585472971,3958.186834411121,3440.7120000300747,-1016.601235234044,2424.110764796031,-4457.313235264119,3615.9865854128216,8073.299820676941,2424.110764796031,4457.313235264119,6040.097350208853,10497.410585472971,0.1278430287565555,0.3185433398709064,0.553613631372538,0.0,3,-43,knife
2359.9786015979043,1807.0,-95.0,1515.0,4643.148177691511,3615.0,-2910.0,-150.0,10063.992498009922,-8642.0,-4415.0,2666.0,0.0,0.0,0.0,0.0,4266.7798193248345,10063.992498009922,0.0,10063.992498009922,3727.956172408996,3890.411460958158,-1530.4328593602536,2359.9786015979043,-5420.844320318412,2283.1695760936063,7704.013896412018,2359.9786015979043,5420.844320318412,4643.148177691511,10063.992498009922,0.1382763290777998,0.272052248669011,0.5896714222531891,0.0,3,-47,knife
7169.0469380525055,7147.0,45.0,-560.0,3055.9137749615907,1817.0,-2456.0,72.0,4597.992822960906,-3975.0,-2272.0,423.0,0.0,0.0,0.0,0.0,3705.73838399375,7169.0469380525055,0.0,7169.0469380525055,2595.4476067521355,4355.56299302591,2813.483945026595,7169.0469380525055,-1542.0790479993152,4113.133163090915,2571.0541150916,7169.0469380525055,1542.0790479993152,3055.9137749615907,4597.992822960906,0.4836449713380925,0.2061609224872055,0.3101941061747021,0.0,1,-42,knife
3285.028614791658,3198.0,697.0,-280.0,4656.704736184161,2157.0,-3965.0,1145.0,7334.702584290654,-6551.0,-1990.0,-2631.0,0.0,0.0,0.0,0.0,3819.108983816618,7334.702584290654,0.0,7334.702584290654,2642.527212675622,2981.513231449076,303.5153833425825,3285.028614791658,-2677.9978481064927,1371.676121392503,4049.673969498996,3285.028614791658,2677.9978481064927,4656.704736184161,7334.702584290654,0.2150389415902955,0.3048292648833036,0.480131793526401,0.0,3,-45,knife
2941.451002481598,2753.0,730.0,-735.0,4956.634140220559,1881.0,-4365.0,1406.0,7272.63707330429,-6111.0,-1927.0,-3440.0,0.0,0.0,0.0,0.0,3792.680554001612,7272.63707330429,0.0,7272.63707330429,2672.728140926051,2628.726967782665,312.72403469893334,2941.451002481598,-2316.0029330837315,2015.1831377389608,4331.186070822692,2941.451002481598,2316.0029330837315,4956.634140220559,7272.63707330429,0.1938899783807331,0.3267236766744614,0.4793863449448054,0.0,3,-45,knife
3778.541252917586,3495.0,707.0,-1250.0,3710.0514821225865,1532.0,-3287.0,-783.0,4043.2305153181655,-3458.0,-1493.0,-1470.0,0.0,0.0,0.0,0.0,2882.9558125895846,4043.2305153181655,0.0,4043.2305153181655,1669.118939038177,2055.8601430565823,1722.6811098610035,3778.541252917586,-333.179033195579,68.48977079499946,264.68926240057954,3778.541252917586,333.179033195579,3710.0514821225865,4043.2305153181655,0.3276620852474626,0.3217228881831241,0.3506150265694132,0.0,3,-45,knife
3734.825430994064,3411.0,720.0,-1340.0,4080.793060178376,1702.0,-3672.0,-522.0,5669.305513023619,-4806.0,-1755.0,-2442.0,0.0,0.0,0.0,0.0,3371.231001049015,5669.305513023619,0.0,5669.305513023619,2078.5826992366838,2661.668941919653,1073.1564890744112,3734.825430994064,-1588.5124528452425,345.96762918431205,1934.4800820295543,3734.825430994064,1588.5124528452425,4080.793060178376,5669.305513023619,0.2769630314439971,0.3026189141969632,0.4204180543590397,0.0,3,-45,knife
2933.432971792606,2450.0,760.0,-1423.0,4826.671420347567,1126.0,-4641.0,-700.0,6587.42339613904,-4087.0,-1233.0,-5017.0,0.0,0.0,0.0,0.0,3586.881947069803,6587.42339613904,0.0,6587.42339613904,2440.954966357376,2347.09247379204,586.3404980005662,2933.432971792606,-1760.7519757914731,1893.2384485549603,3653.990424346434,2933.432971792606,1760.7519757914731,4826.671420347567,6587.42339613904,0.2044556396809342,0.3364113658863635,0.4591329944327022,0.0,3,-47,knife
3491.3891218252943,1815.0,-57.0,-2982.0,3477.3545979666783,15.0,-3267.0,1191.0,5887.241968867935,-2105.0,-2993.0,-4612.0,0.0,0.0,0.0,0.0,3213.996422164977,5887.241968867935,0.0,5887.241968867935,2098.9472952674937,2950.638246363276,540.7508754620189,3491.3891218252943,-2409.8873709012564,14.034523858616012,2395.8528470426404,3491.3891218252943,2409.8873709012564,3477.3545979666783,5887.241968867935,0.271576929718038,0.27048525738746,0.4579378128945018,0.0,3,-46,knife
2581.4036879186488,1405.0,412.0,-2126.0,4630.751342924817,-660.0,-4373.0,1373.0,7278.137879980016,-1881.0,-2721.0,-6483.0,0.0,0.0,0.0,0.0,3622.573227705871,7278.137879980016,0.0,7278.137879980016,2673.3240936909747,2614.395112486924,-32.99142456827485,2581.4036879186488,-2647.3865370551985,2049.3476550061687,4696.734192061367,2581.4036879186488,2647.3865370551985,4630.751342924817,7278.137879980016,0.1781471019119618,0.3195761032177542,0.502276794870284,0.0,3,-46,knife
4269.5664885325305,2763.0,2.0,-3255.0,3073.213464762902,550.0,-2910.0,821.0,4364.987628848448,-2496.0,-2226.0,-2805.0,0.0,0.0,0.0,0.0,2926.94189553597,4364.987628848448,0.0,4364.987628848448,1764.865473671096,2780.670326309039,1488.896162223492,4269.5664885325305,-1291.7741640855463,1196.3530237696286,95.42114031591792,4269.5664885325305,1291.7741640855463,3073.213464762902,4364.987628848448,0.3646781043932121,0.2624935491075188,0.372828346499269,0.0,3,-46,knife
5294.440952546359,3090.0,-1042.0,-4171.0,2473.653775288692,571.0,-2211.0,951.0,3731.730027748524,-1926.0,-2438.0,-2067.0,0.0,0.0,0.0,0.0,2874.956188895894,5294.440952546359,0.0,5294.440952546359,1937.4199756194312,3276.258602503095,2018.182350043263,5294.440952546359,-1258.0762524598322,2820.787177257667,1562.7109247978349,5294.440952546359,1258.0762524598322,2473.653775288692,3731.730027748524,0.4603931855549119,0.2151036061734458,0.3245032082716422,0.0,1,-46,knife
2231.692855211039,1457.0,670.0,-1552.0,4894.175824385552,-52.0,-4702.0,1357.0,6485.366682000333,-2850.0,-2740.0,-5141.0,0.0,0.0,0.0,0.0,3402.808840399231,6485.366682000333,0.0,6485.366682000333,2483.795431532324,1911.4418564129096,320.25099879812933,2231.692855211039,-1591.1908576147807,2662.482969174513,4253.673826789294,2231.692855211039,1591.1908576147807,4894.175824385552,6485.366682000333,0.163959611006918,0.3595688190209465,0.4764715699721354,0.0,3,-45,knife
8767.33699591843,4790.0,-487.0,-7327.0,2207.841479816882,820.0,-1990.0,492.0,2915.9031191039253,-1705.0,-1995.0,-1271.0,0.0,0.0,0.0,0.0,3472.770398709809,8767.33699591843,0.0,8767.33699591843,3240.4751206952524,4737.699317602736,4029.637678315693,8767.33699591843,-708.0616392870434,6559.495516101548,5851.433876814504,8767.33699591843,708.0616392870434,2207.841479816882,2915.9031191039253,0.6311486212258403,0.15893949400147,0.2099118847726897,0.0,1,-45,knife
5682.106035617428,1890.0,-502.0,-5335.0,2355.0774934171486,101.0,-2267.0,630.0,3469.8572016727144,-1186.0,-1903.0,-2648.0,0.0,0.0,0.0,0.0,2876.7601826768228,5682.106035617428,0.0,5682.106035617428,2047.5370207557207,3398.4428719364964,2283.6631636809307,5682.106035617428,-1114.7797082555658,3327.028542200279,2212.248833944713,5682.106035617428,1114.7797082555658,2355.0774934171486,3469.8572016727144,0.4937938579164281,0.2046640442605256,0.3015420978230461,0.0,1,-46,knife
6542.193592366401,737.0,-182.0,-6498.0,2307.8723968192003,-325.0,-2227.0,511.0,4957.217868926077,-846.0,-1703.0,-4578.0,0.0,0.0,0.0,0.0,3451.8209645279194,6542.193592366401,0.0,6542.193592366401,2502.01464401101,4595.769532236639,1946.424060129762,6542.193592366401,-2649.345472106877,4234.321195547202,1584.975723440324,6542.193592366401,2649.345472106877,2307.8723968192003,4957.217868926077,0.4738219087545528,0.167148906369687,0.3590291848757602,0.0,1,-45,knife
2002.048450962164,782.0,835.0,-1643.0,6765.030820328907,-3836.0,-5561.0,-355.0,10338.732369105992,501.0,181.0,-10325.0,0.0,0.0,0.0,0.0,4776.452910099266,10338.732369105992,0.0,10338.732369105992,4043.6746095110393,2787.8749998696244,-785.8265489074602,2002.048450962164,-3573.701548777085,4762.982369366743,8336.683918143828,2002.048450962164,3573.701548777085,6765.030820328907,10338.732369105992,0.1047874065045768,0.354082357120334,0.5411302363750891,0.0,3,-47,knife
6357.249719808087,5620.0,-432.0,-2940.0,2756.6555824041566,1365.0,-2370.0,345.0,3855.212315813488,-3018.0,-2363.0,-413.0,0.0,0.0,0.0,0.0,3242.279404506433,6357.249719808087,0.0,6357.249719808087,2281.826738188816,3727.903226608709,2629.346493199378,6357.249719808087,-1098.5567334093316,3600.5941374039307,2502.037403994599,6357.249719808087,1098.5567334093316,2756.6555824041566,3855.212315813488,0.4901836737891996,0.2125553691156822,0.2972609570951182,0.0,1,-46,knife
9218.700667664614,9111.0,-435.0,1336.0,2880.6502738097174,1711.0,-2280.0,415.0,5554.816468615322,-4792.0,-2791.0,321.0,0.0,0.0,0.0,0.0,4413.541852522413,9218.700667664614,0.0,9218.700667664614,3399.3075494919585,5946.43343123511,3272.2672364295045,9218.700667664614,-2674.166194805605,6338.050393854897,3663.884199049292,9218.700667664614,2674.166194805605,2880.6502738097174,5554.816468615322,0.5221826922518007,0.1631711202740366,0.3146461874741627,0.0,1,-47,knife
2023.2226768203248,1751.0,410.0,927.0,6180.778996210753,3970.0,-4595.0,1152.0,11531.362712186276,-9981.0,-3637.0,-4486.0,0.0,0.0,0.0,0.0,4933.841096304339,11531.362712186276,0.0,11531.362712186276,4412.953465245063,3686.903196397924,-1663.6805195775987,2023.2226768203248,-5350.583715975523,4157.556319390428,9508.14003536595,2023.2226768203248,5350.583715975523,6180.778996210753,11531.362712186276,0.1025176245712395,0.3131829175062217,0.5842994579225387,0.0,3,-48,knife
3115.0069020790306,1768.0,1110.0,-2312.0,4860.798596938573,-151.0,-4661.0,-1371.0,6581.753793632819,-2657.0,-945.0,-5947.0,0.0,0.0,0.0,0.0,3639.389823162605,6581.753793632819,0.0,6581.753793632819,2432.564534613719,2417.9810493866385,697.0258526923922,3115.0069020790306,-1720.9551966942463,1745.791694859542,3466.7468915537884,3115.0069020790306,1720.9551966942463,4860.798596938573,6581.753793632819,0.2139786511913218,0.3339020298129654,0.4521193189957128,0.0,3,-45,knife
2881.340486648532,1875.0,937.0,-1977.0,4869.5545997555055,177.0,-4663.0,-1392.0,5577.638747713946,-2870.0,-673.0,-4735.0,0.0,0.0,0.0,0.0,3332.133458529496,5577.638747713946,0.0,5577.638747713946,2162.8849633182667,1794.712317303486,1086.628169345046,2881.340486648532,-708.0841479584406,1988.2141131069732,2696.298261065414,2881.340486648532,708.0841479584406,4869.5545997555055,5577.638747713946,0.2161783525861608,0.3653481065779767,0.4184735408358624,0.0,3,-45,knife
555.6455704853589,122.0,517.0,163.0,3763.216842011632,3501.0,20.0,1380.0,4218.325023039358,-88.0,-3481.0,2381.0,0.0,0.0,0.0,0.0,2134.296858884087,4218.325023039358,0.0,4218.325023039358,1873.760701946094,505.3768757565424,50.26869472881663,555.6455704853589,-455.108181027726,3207.571271526273,3662.679452553999,555.6455704853589,455.108181027726,3763.216842011632,4218.325023039358,0.0650853193374277,0.4408028839037909,0.4941117967587813,0.0,3,-53,knife
575.3546732233954,142.0,537.0,150.0,2817.0717065775943,2817.0,20.0,-2.0,4267.467398820992,-161.0,-3421.0,2546.0,0.0,0.0,0.0,0.0,1914.9734446554955,4267.467398820992,0.0,4267.467398820992,1718.262991006984,1012.8751827333964,-437.5205095100009,575.3546732233954,-1450.3956922433972,2241.717033354199,3692.112725597596,575.3546732233954,1450.3956922433972,2817.0717065775943,4267.467398820992,0.0751126177270439,0.367769030223339,0.5571183520496169,0.0,3,-51,knife
598.0944741426725,137.0,562.0,152.0,2416.1963910245377,2416.0,30.0,-7.0,4326.071659138346,-156.0,-3472.0,2576.0,0.0,0.0,0.0,0.0,1835.090631076389,4326.071659138346,0.0,4326.071659138346,1691.1820941979197,1253.984871128241,-655.890396985568,598.0944741426725,-1909.8752681138085,1818.1019168818648,3727.9771849956737,598.0944741426725,1909.8752681138085,2416.1963910245377,4326.071659138346,0.0814802364545688,0.3291658120459282,0.589353951499503,0.0,3,-53,knife
3650.796077569932,3478.0,132.0,-1102.0,3936.373330871959,1465.0,-3621.0,-487.0,6929.161132489271,-4595.0,-2193.0,-4700.0,0.0,0.0,0.0,0.0,3629.0826352327904,6929.161132489271,0.0,6929.161132489271,2457.4202889721214,3321.7919395936224,329.0041379763097,3650.796077569932,-2992.787801617312,285.57725330202675,3278.365054919339,3650.796077569932,2992.787801617312,3936.373330871959,6929.161132489271,0.2514957941523801,0.2711686207318518,0.4773355851157681,0.0,3,-45,knife
4334.620975356438,2151.0,217.0,-3757.0,3263.093011239489,148.0,-3256.0,-156.0,6012.029025212702,-2192.0,-1773.0,-5310.0,0.0,0.0,0.0,0.0,3402.4357529521576,6012.029025212702,0.0,6012.029025212702,2195.1612576375533,3541.778494664826,792.8424806916123,4334.620975356438,-2748.936013973213,1071.5279641169486,1677.4080498562644,4334.620975356438,2748.936013973213,3263.093011239489,6012.029025212702,0.3184939621266515,0.239761544976142,0.4417444928972064,0.0,3,-43,knife
2027.7260663117197,1640.0,512.0,-1077.0,6242.966041874647,385.0,-6228.0,-196.0,14361.628633271368,-4787.0,-3948.0,-12952.0,0.0,0.0,0.0,0.0,5658.080185364433,14361.628633271368,0.0,14361.628633271368,5506.523164936872,5073.194328854221,-3045.468262542501,2027.7260663117197,-8118.662591396721,4215.239975562928,12333.902566959649,2027.7260663117197,8118.662591396721,6242.966041874647,14361.628633271368,0.0895942616524227,0.2758429466068331,0.6345627917407441,0.0,3,-45,knife
2683.8632603022083,817.0,592.0,-2487.0,3387.929898920578,-1047.0,-3216.0,-198.0,6684.155743248357,-995.0,-2477.0,-6128.0,0.0,0.0,0.0,0.0,3188.987225617786,6684.155743248357,0.0,6684.155743248357,2381.2061491703266,2990.044552314994,-306.181292012785,2683.8632603022083,-3296.2258443277788,704.0666386183698,4000.292482946149,2683.8632603022083,3296.2258443277788,3387.929898920578,6684.155743248357,0.210400910259391,0.265596070102182,0.5240030196384269,0.0,3,-43,knife
3267.101773743818,231.0,-112.0,-3257.0,2372.3031003647066,-1007.0,-2122.0,333.0,5756.542973000375,-515.0,-3461.0,-4571.0,0.0,0.0,0.0,0.0,2848.9869617772247,5756.542973000375,0.0,5756.542973000375,2059.8941821422227,3325.670823189744,-58.56904944592543,3267.101773743818,-3384.2398726356687,894.7986733791113,2489.4411992565574,3267.101773743818,3384.2398726356687,2372.3031003647066,5756.542973000375,0.2866897793475482,0.2081707579037885,0.5051394627486633,0.0,3,-42,knife
2385.389486016906,367.0,387.0,-2325.0,3151.110597868631,-1692.0,-2647.0,245.0,6969.729191295743,-455.0,-3962.0,-5716.0,0.0,0.0,0.0,0.0,3126.55731879532,6969.729191295743,0.0,6969.729191295743,2504.758637531253,3102.0040397220087,-716.6145537051025,2385.389486016906,-3818.618593427112,765.7211118517248,4584.339705278837,2385.389486016906,3818.618593427112,3151.110597868631,6969.729191295743,0.1907361070655191,0.2519632839389917,0.5573006089954892,0.0,3,-43,knife
2424.480562924768,195.0,55.0,-2416.0,2633.816432479682,-1291.0,-2262.0,392.0,6498.086641466086,-483.0,-3671.0,-5340.0,0.0,0.0,0.0,0.0,2889.095909217634,6498.086641466086,0.0,6498.086641466086,2326.624395415369,3144.3753859555864,-719.8948230308179,2424.480562924768,-3864.270208986404,209.3358695549141,4073.606078541318,2424.480562924768,3864.270208986404,2633.816432479682,6498.086641466086,0.2097957837942905,0.2279100898032248,0.5622941264024846,0.0,3,-44,knife
5649.544848923672,1372.0,1387.0,-5302.0,2621.106636518248,-30.0,-2620.0,-70.0,4707.079349235574,-1396.0,-2186.0,-3928.0,0.0,0.0,0.0,0.0,3244.432708669374,5649.544848923672,0.0,5649.544848923672,2170.183091104599,3867.7587808205,1781.786068103173,5649.544848923672,-2085.972712717327,3028.438212405425,942.465499688098,5649.544848923672,2085.972712717327,2621.106636518248,4707.079349235574,0.4353260921260328,0.2019695638558359,0.3627043440181311,0.0,1,-44,knife
10637.597520117031,5341.0,2290.0,-8910.0,3070.6356019560512,1593.0,-2625.0,23.0,4488.265812092684,-3772.0,-2361.0,-585.0,0.0,0.0,0.0,0.0,4549.124733541442,10637.597520117031,0.0,10637.597520117031,3871.4877836151713,6027.613865126832,4609.983654990199,10637.597520117031,-1417.6302101366332,7566.96191816098,6149.331708024347,10637.597520117031,1417.6302101366332,3070.6356019560512,4488.265812092684,0.584595836737795,0.1687487034217677,0.2466554598404373,0.0,1,-46,knife
2172.465880054276,2108.0,462.0,-250.0,7012.157300004044,3373.0,-6111.0,-670.0,8228.446937302324,-6767.0,-2041.0,-4213.0,0.0,0.0,0.0,0.0,4353.267529340161,8228.446937302324,0.0,8228.446937302324,3383.5463744409667,1694.3777586762783,478.0881213779976,2172.465880054276,-1216.2896372982805,4839.691419949768,6055.981057248047,2172.465880054276,1216.2896372982805,7012.157300004044,8228.446937302324,0.1247606461934791,0.402695059098912,0.4725442947076088,0.0,3,-46,knife
2420.2276752404928,1167.0,622.0,-2027.0,5389.1886216758085,-1505.0,-5152.0,-485.0,9148.636073207852,-651.0,-1171.0,-9050.0,0.0,0.0,0.0,0.0,4239.513092531039,9148.636073207852,0.0,9148.636073207852,3417.0350068821226,3089.837563386268,-669.6098881457756,2420.2276752404928,-3759.447451532044,2968.960946435316,6728.40839796736,2420.2276752404928,3759.447451532044,5389.1886216758085,9148.636073207852,0.1427184928090167,0.317795257618747,0.5394862495722362,0.0,3,-43,knife
2200.641951794976,1148.0,715.0,-1736.0,7629.021759046175,-2297.0,-7200.0,-1042.0,11448.696781730225,-973.0,1448.0,-11315.0,0.0,0.0,0.0,0.0,5319.590123142843,11448.696781730225,0.0,11448.696781730225,4497.924512679276,3010.158487239513,-809.5165354445371,2200.641951794976,-3819.6750226840495,5428.3798072512,9248.054829935249,2200.641951794976,3819.6750226840495,7629.021759046175,11448.696781730225,0.1034215936215224,0.3585342847119068,0.5380441216665708,0.0,3,-43,knife
2202.882202933239,1281.0,760.0,-1623.0,7379.159030675514,-1150.0,-7248.0,772.0,10227.025911769266,-2061.0,-1217.0,-9943.0,0.0,0.0,0.0,0.0,4952.266786344505,10227.025911769266,0.0,10227.025911769266,4055.766009876441,2525.374542013495,-322.492339080256,2202.882202933239,-2847.8668810937515,5176.276827742275,8024.143708836027,2202.882202933239,2847.8668810937515,7379.159030675514,10227.025911769266,0.1112057517280529,0.3725142116244109,0.5162800366475361,0.0,3,-44,knife
5017.887404077536,2497.0,432.0,-4331.0,3142.369169909862,308.0,-3126.0,88.0,4023.080660389498,-1923.0,-1815.0,-3032.0,0.0,0.0,0.0,0.0,3045.834308594224,5017.887404077536,0.0,5017.887404077536,1879.523174794699,2949.2994472785854,2068.5879567989505,5017.887404077536,-880.7114904796354,1875.5182341676737,994.8067436880384,5017.887404077536,880.7114904796354,3142.369169909862,4023.080660389498,0.4118647713303793,0.2579235154915726,0.3302117131780481,0.0,1,-43,knife
6201.455796827065,6198.0,-207.0,-1.0,3181.1860995546926,1766.0,-2642.0,145.0,4395.056086104021,-3586.0,-2541.0,21.0,0.0,0.0,0.0,0.0,3444.4244956214447,6201.455796827065,0.0,6201.455796827065,2260.435609337934,3707.662891688197,2493.7929051388683,6201.455796827065,-1213.8699865493286,3020.269697272372,1806.3997107230437,6201.455796827065,1213.8699865493286,3181.1860995546926,4395.056086104021,0.4501082695171835,0.2308938767273472,0.3189978537554692,0.0,1,-45,knife
2068.501389895593,1897.0,165.0,808.0,5720.028234196052,3737.0,-4327.0,-175.0,10592.607469362772,-9338.0,-2740.0,-4183.0,0.0,0.0,0.0,0.0,4595.284273363604,10592.607469362772,0.0,10592.607469362772,4022.8784404922217,3470.540312531157,-1402.0389226355635,2068.501389895593,-4872.5792351667205,3651.526844300459,8524.10607946718,2068.501389895593,4872.5792351667205,5720.028234196052,10592.607469362772,0.1125339188418432,0.31119011871322,0.5762759624449368,0.0,3,-46,knife
1861.7865076318496,1632.0,540.0,-715.0,9233.776583825276,1903.0,-8986.0,-945.0,15182.31276848162,-7211.0,2000.0,-13210.0,0.0,0.0,0.0,0.0,6569.468964984686,15182.31276848162,0.0,15182.31276848162,6053.92042548488,3905.161346144097,-2043.3748385122465,1861.7865076318496,-5948.536184656343,7371.990076193426,13320.526260849769,1861.7865076318496,5948.536184656343,9233.776583825276,15182.31276848162,0.0708499620576329,0.3513897635045301,0.577760274437837,0.0,3,-47,knife
3995.012265312837,2507.0,965.0,-2957.0,4016.8834934560896,562.0,-3847.0,-1010.0,4248.724396804292,-2435.0,-1365.0,-3203.0,0.0,0.0,0.0,0.0,3065.1550388933047,4248.724396804292,0.0,4248.724396804292,1772.4582752626318,2113.4265843305197,1881.5856809823167,3995.012265312837,-231.84090334820257,21.87122814325312,253.7121314914557,3995.012265312837,231.84090334820257,4016.8834934560896,4248.724396804292,0.3258409619269424,0.3276248217860468,0.3465342162870106,0.0,3,-46,knife
8193.258387235202,4335.0,1087.0,-6867.0,2554.1327295189653,675.0,-2463.0,-40.0,2907.1174726866475,-1412.0,-2102.0,-1428.0,0.0,0.0,0.0,0.0,3413.627147360204,8193.258387235202,0.0,8193.258387235202,2978.800421110054,4273.121565201442,3920.13682203376,8193.258387235202,-352.9847431676821,5639.125657716237,5286.140914548555,8193.258387235202,352.9847431676821,2554.1327295189653,2907.1174726866475,0.6000405165493207,0.1870541669653425,0.2129053164853368,0.0,1,-45,knife
4900.696583139993,1531.0,565.0,-4621.0,2992.547075653113,-217.0,-2968.0,-315.0,4249.492204958141,-1166.0,-2062.0,-3528.0,0.0,0.0,0.0,0.0,3035.683965937812,4900.696583139993,0.0,4900.696583139993,1882.0760104066144,3078.8208562225104,1821.8757269174823,4900.696583139993,-1256.945129305028,1908.14950748688,651.204378181852,4900.696583139993,1256.945129305028,2992.547075653113,4249.492204958141,0.4035908083753725,0.2464475147307229,0.3499616768939045,0.0,1,-45,knife
2605.236265677261,1146.0,542.0,-2276.0,4999.794995797328,-1525.0,-4742.0,-431.0,7089.44525333259,-961.0,-2328.0,-6627.0,0.0,0.0,0.0,0.0,3673.6191287017946,7089.44525333259,0.0,7089.44525333259,2648.7511202897613,2347.443261606262,257.79300407099936,2605.236265677261,-2089.6502575352624,2394.5587301200667,4484.208987655329,2605.236265677261,2089.6502575352624,4999.794995797328,7089.44525333259,0.1772935744292791,0.3402499565574307,0.4824564690132902,0.0,3,-45,knife
2708.277127621913,2267.0,130.0,1476.0,4022.519857005059,2556.0,-3101.0,177.0,6097.758768596868,-5086.0,-3321.0,535.0,0.0,0.0,0.0,0.0,3207.13893830596,6097.758768596868,0.0,6097.758768596868,2211.059266596379,2391.7580196068616,316.51910801505164,2708.277127621913,-2075.238911591809,1314.2427293831456,3389.481640974955,2708.277127621913,2075.238911591809,4022.519857005059,6097.758768596868,0.2111131743681527,0.3135598374738475,0.4753269881579998,0.0,3,-48,knife
8087.606691722836,6957.0,-1142.0,-3963.0,2822.3883503160937,1352.0,-2476.0,-86.0,4023.062142199645,-2852.0,-2487.0,-1366.0,0.0,0.0,0.0,0.0,3733.264296059644,8087.606691722836,0.0,8087.606691722836,2907.3715699521954,4644.140241803194,3443.4664499196424,8087.606691722836,-1200.6737918835515,5265.218341406742,4064.544549523191,8087.606691722836,1200.6737918835515,2822.3883503160937,4023.062142199645,0.5415908204154658,0.1890027149494241,0.26940646463511,0.0,1,-47,knife
7388.516630555825,3115.0,397.0,-6688.0,2544.26177898423,490.0,-2492.0,-152.0,3331.2481144459957,-1461.0,-2193.0,-2038.0,0.0,0.0,0.0,0.0,3316.0066309965123,7388.516630555825,0.0,7388.516630555825,2654.10343113963,4087.751483008795,3300.7651475470298,7388.516630555825,-786.9863354617651,4844.254851571595,4057.2685161098298,7388.516630555825,786.9863354617651,2544.26177898423,3331.2481144459957,0.5570342171130896,0.1918166986761754,0.251149084210735,0.0,1,-45,knife
3953.1746736009527,1667.0,645.0,-3526.0,3462.8027665461977,-215.0,-3343.0,-877.0,4741.591926768899,-1386.0,-1677.0,-4213.0,0.0,0.0,0.0,0.0,3039.3923417290125,4741.591926768899,0.0,4741.591926768899,1813.1232564387424,2615.9819169118264,1337.192756689126,3953.1746736009527,-1278.789160222701,490.37190705475496,788.417253167946,3953.1746736009527,1278.789160222701,3462.8027665461977,4741.591926768899,0.3251615972151952,0.284826897716035,0.3900115050687697,0.0,3,-45,knife
7025.943922349509,4428.0,180.0,-5452.0,2599.781721606643,936.0,-2412.0,-255.0,3233.639899555917,-1917.0,-2333.0,-1157.0,0.0,0.0,0.0,0.0,3214.8413858780173,7025.943922349509,0.0,7025.943922349509,2511.889699737214,3829.9010501493913,3196.042872200117,7025.943922349509,-633.8581779492742,4426.162200742867,3792.304022793592,7025.943922349509,633.8581779492742,2599.781721606643,3233.639899555917,0.5463678513979491,0.2021702947015383,0.2514618539005125,0.0,1,-45,knife
17429.578365525656,16871.0,-2780.0,3381.0,2478.175538576717,1525.0,-1948.0,145.0,3264.796165153347,-2055.0,-2530.0,187.0,0.0,0.0,0.0,0.0,5793.13751731393,17429.578365525656,0.0,17429.578365525656,6825.479485390736,9108.099496051143,8321.478869474513,17429.578365525656,-786.62062657663,14951.40282694894,14164.782200372309,17429.578365525656,786.62062657663,2478.175538576717,3264.796165153347,0.7521648810093812,0.1069444463889473,0.1408906726016714,0.0,1,-47,knife
4748.163223816132,3651.0,-642.0,-2967.0,4383.431874684492,911.0,-4273.0,355.0,11248.275290016689,-5453.0,-3978.0,-8998.0,0.0,0.0,0.0,0.0,5094.967597129327,11248.275290016689,0.0,11248.275290016689,4013.989497271038,5806.503319574164,-1058.3400957580316,4748.163223816132,-6864.843415332195,364.73134913164,6500.112066200555,4748.163223816132,6864.843415332195,4383.431874684492,11248.275290016689,0.2329829941652329,0.2150863470237898,0.5519306588109774,0.0,3,-47,knife
1730.1575072807675,1496.0,550.0,-673.0,9492.046091333525,1635.0,-8395.0,-4117.0,14631.85053231477,-5740.0,867.0,-13431.0,0.0,0.0,0.0,0.0,6463.513532732265,14631.85053231477,0.0,14631.85053231477,5917.672795296043,3434.9809741310078,-1704.8234668502391,1730.1575072807675,-5139.804440981246,7761.888584052755,12901.693025034,1730.1575072807675,5139.804440981246,9492.046091333525,14631.85053231477,0.0669201626375103,0.3671395612952725,0.5659402760672172,0.0,3,-47,knife
2655.909260498182,1677.0,905.0,-1850.0,6583.263780223302,-263.0,-6137.0,-2368.0,7225.3892628702015,-2520.0,97.0,-6771.0,0.0,0.0,0.0,0.0,4116.140575897922,7225.3892628702015,0.0,7225.3892628702015,2950.8055272157003,1649.0173715725405,1006.8918889256412,2655.909260498182,-642.1254826468994,3927.35451972512,4569.48000237202,2655.909260498182,642.1254826468994,6583.263780223302,7225.3892628702015,0.1613106508102438,0.3998444452293266,0.4388449039604294,0.0,3,-46,knife
2367.3282408656387,1397.0,1097.0,-1565.0,9014.51873368734,-918.0,-7918.0,-4210.0,9120.777433969102,-2530.0,905.0,-8716.0,0.0,0.0,0.0,0.0,5125.656102130521,9120.777433969102,0.0,9120.777433969102,4030.0424963878686,1236.7934705736998,1130.534770291939,2367.3282408656387,-106.25870028176178,6647.190492821702,6753.449193103464,2367.3282408656387,106.25870028176178,9014.51873368734,9120.777433969102,0.1154646446082112,0.4396763338229218,0.4448590215688669,0.0,3,-43,knife
2514.418222969281,1541.0,757.0,-1837.0,8258.819588779017,-311.0,-8252.0,126.0,8941.891690240942,-2843.0,-1047.0,-8413.0,0.0,0.0,0.0,0.0,4928.782375497311,8941.891690240942,0.0,8941.891690240942,3785.374624127327,1598.7451622156032,915.6730607536784,2514.418222969281,-683.0721014619248,5744.401365809736,6427.47346727166,2514.418222969281,683.0721014619248,8258.819588779017,8941.891690240942,0.1275374946289639,0.4189077017194185,0.4535548036516175,0.0,3,-45,knife
2510.14840198742,1766.0,565.0,-1692.0,7790.062002320649,411.0,-7676.0,1263.0,8497.097975191295,-3501.0,-2132.0,-7443.0,0.0,0.0,0.0,0.0,4699.327094874841,8497.097975191295,0.0,8497.097975191295,3565.5253617630024,1608.592187429033,901.5562145583872,2510.14840198742,-707.0359728706453,5279.91360033323,5986.949573203874,2510.14840198742,707.0359728706453,7790.062002320649,8497.097975191295,0.1335376507800992,0.4144243337953965,0.4520380154245041,0.0,3,-45,knife
3273.1197656058966,2472.0,280.0,-2127.0,5238.73238484273,938.0,-5028.0,1133.0,5768.058078764464,-3337.0,-2078.0,-4221.0,0.0,0.0,0.0,0.0,3569.977557303273,5768.058078764464,0.0,5768.058078764464,2261.037646823015,1901.222729763815,1371.8970358420816,3273.1197656058966,-529.3256939217335,1965.6126192368336,2494.938313158568,3273.1197656058966,529.3256939217335,5238.73238484273,5768.058078764464,0.2292115085506574,0.366860316399301,0.4039281750500414,0.0,3,-44,knife
7430.5064430360335,3611.0,412.0,-6481.0,3371.514496483739,510.0,-3331.0,-107.0,4206.196975891643,-2037.0,-1432.0,-3390.0,0.0,0.0,0.0,0.0,3752.054478852854,7430.5064430360335,0.0,7430.5064430360335,2643.859761356536,4132.594461221968,3297.911981814065,7430.5064430360335,-834.6824794079039,4058.9919465522944,3224.3094671443905,7430.5064430360335,834.6824794079039,3371.514496483739,4206.196975891643,0.4950958524799873,0.2246445590999613,0.2802595884200512,0.0,1,-44,knife
3339.157678217667,2161.0,647.0,-2462.0,4759.669526343189,438.0,-4673.0,-791.0,4125.314775868625,-2262.0,-1733.0,-2983.0,0.0,0.0,0.0,0.0,3056.0354951073705,4759.669526343189,0.0,4759.669526343189,1834.750542347338,1352.4014638715512,1986.756214346116,3339.157678217667,634.3547504745648,1420.5118481255222,786.1570976509574,3339.157678217667,634.3547504745648,4759.669526343189,4125.314775868625,0.273160904345153,0.3893663484900037,0.3374727471648432,0.0,2,-44,knife
5477.43744829642,3236.0,1375.0,-4200.0,4030.2176119906976,733.0,-3881.0,-802.0,3431.464701843806,-2151.0,-1545.0,-2182.0,0.0,0.0,0.0,0.0,3234.779940532731,5477.43744829642,0.0,5477.43744829642,2010.2686353637075,2439.342269074764,3038.095179221656,5477.43744829642,598.7529101468917,1447.2198363057228,2045.9727464526145,5477.43744829642,598.7529101468917,4030.2176119906976,3431.464701843806,0.4233238078781295,0.3114754083802504,0.2652007837416201,0.0,1,-43,knife
5330.456828452886,3211.0,1207.0,-4080.0,4119.515262746334,746.0,-3991.0,-697.0,3531.4254912145607,-2206.0,-1607.0,-2241.0,0.0,0.0,0.0,0.0,3245.349395603445,5330.456828452886,0.0,5330.456828452886,1982.7992335222325,2371.183528460556,2959.273299992329,5330.456828452886,588.0897715317733,1210.941565706552,1799.0313372383252,5330.456828452886,588.0897715317733,4119.515262746334,3531.4254912145607,0.4106227233710326,0.3173398886054567,0.2720373880235107,0.0,1,-43,knife
13022.666777584382,7876.0,-2057.0,-10165.0,2260.0376103065187,911.0,-2068.0,35.0,2468.153966024,-1282.0,-2046.0,-512.0,0.0,0.0,0.0,0.0,4437.714588478725,13022.666777584382,0.0,13022.666777584382,5050.152495836447,6615.391566650931,6407.275210933451,13022.666777584382,-208.11635571748135,10762.629167277864,10554.512811560382,13022.666777584382,208.11635571748135,2260.0376103065187,2468.153966024,0.7336358906110177,0.1273199056206808,0.1390442037683014,0.0,1,-44,knife
2764.7862485190426,1835.0,357.0,-2037.0,5233.616245006888,-81.0,-5163.0,-853.0,6348.388220643094,-2266.0,-1486.0,-5741.0,0.0,0.0,0.0,0.0,3586.697678542256,6348.388220643094,0.0,6348.388220643094,2443.3181358021284,1939.7791120776249,825.007136441418,2764.7862485190426,-1114.771975636207,2468.829996487845,3583.601972124052,2764.7862485190426,1114.771975636207,5233.616245006888,6348.388220643094,0.1927111298688224,0.3647935171897447,0.4424953529414329,0.0,3,-45,knife
2657.216212505109,2485.0,-162.0,927.0,4766.01195969964,3006.0,-3603.0,-835.0,7465.113796855343,-6572.0,-3096.0,-1718.0,0.0,0.0,0.0,0.0,3722.0854922650233,7465.113796855343,0.0,7465.113796855343,2742.6223925779937,2678.159024830406,-20.942812325296472,2657.216212505109,-2699.101837155703,2108.7957471945306,4807.897584350234,2657.216212505109,2699.101837155703,4766.01195969964,7465.113796855343,0.1784763016612024,0.3201170398694516,0.501406658469346,0.0,3,-46,knife
6787.300567972513,6690.0,-70.0,-1143.0,3156.5222951850037,1913.0,-2480.0,-392.0,3998.301764499523,-2961.0,-2636.0,520.0,0.0,0.0,0.0,0.0,3485.53115691426,6787.300567972513,0.0,6787.300567972513,2419.803154014793,3814.540018643516,2972.7605493289966,6787.300567972513,-841.7794693145197,3630.7782727875096,2788.99880347299,6787.300567972513,841.7794693145197,3156.5222951850037,3998.301764499523,0.4868196741340643,0.2264018131729649,0.2867785126929706,0.0,1,-44,knife
2722.468181632248,2633.0,362.0,-590.0,5160.575743073635,2302.0,-4413.0,-1363.0,5470.757625777256,-4502.0,-2073.0,-2316.0,0.0,0.0,0.0,0.0,3338.450387620785,5470.757625777256,0.0,5470.757625777256,2201.7924537509507,1516.3250321679348,1206.1431494643134,2722.468181632248,-310.18188270362134,2438.1075614413867,2748.289444145008,2722.468181632248,310.18188270362134,5160.575743073635,5470.757625777256,0.2038721461705225,0.3864499351412726,0.4096779186882049,0.0,3,-45,knife
3430.018221525944,540.0,2280.0,-2505.0,3326.781778235537,-628.0,-3167.0,-802.0,1443.0623687145337,62.0,-811.0,-1192.0,0.0,0.0,0.0,0.0,2049.9655921190038,3430.018221525944,0.0,3430.018221525944,1423.507576772313,773.1494060024702,2656.8688155234736,3430.018221525944,1883.7194095210036,103.23644329040737,1986.9558528114108,3430.018221525944,1883.7194095210036,3326.781778235537,1443.0623687145337,0.4183019259826224,0.4057119045101529,0.1759861695072248,0.0,1,-35,scissors
1887.0540532798736,782.0,332.0,-1685.0,4782.228873652954,-835.0,-4558.0,-1182.0,5464.781788873184,3552.0,-2356.0,-3420.0,0.0,0.0,0.0,0.0,3033.5161789515028,5464.781788873184,0.0,5464.781788873184,2207.127339334881,1284.803484250052,602.2505690298212,1887.0540532798736,-682.5529152202307,2895.17482037308,3577.7277355933106,1887.0540532798736,682.5529152202307,4782.228873652954,5464.781788873184,0.1555170585848095,0.3941159855051335,0.450366955910057,0.0,3,-35,scissors
9186.247002993116,-678.0,-2665.0,-8765.0,1911.4196294900812,520.0,-1830.0,185.0,2936.8481404389977,-481.0,-2646.0,-1180.0,0.0,0.0,0.0,0.0,3508.6286932305484,9186.247002993116,0.0,9186.247002993116,3443.248276415642,5105.8377569710165,4080.4092460221,9186.247002993116,-1025.4285109489165,7274.827373503034,6249.398862554118,9186.247002993116,1025.4285109489165,1911.4196294900812,2936.8481404389977,0.6545468191545039,0.1361942083796101,0.2092589724658861,0.0,1,-35,scissors
26531.563636544302,4648.0,-7922.0,24891.0,2246.7294007067253,1682.0,-1462.0,285.0,3934.822486466194,-978.0,-3010.0,2338.0,0.0,0.0,0.0,0.0,8178.278880929305,26531.563636544302,0.0,26531.563636544302,10687.814418567796,14109.828361151884,12421.735275392415,26531.563636544302,-1688.0930857594683,24284.834235837578,22596.74115007811,26531.563636544302,1688.0930857594683,2246.7294007067253,3934.822486466194,0.8110375062659119,0.0686797746022641,0.1202827191318241,0.0,1,-33,scissors
2120.0233489280254,1093.0,75.0,1815.0,3887.992926948298,3198.0,-2191.0,298.0,19560.47836838353,-10223.0,-8392.0,14411.0,0.0,0.0,0.0,0.0,6392.123661064963,19560.47836838353,0.0,19560.47836838353,7726.3562305690675,8896.254395181628,-6776.231046253603,2120.0233489280254,-15672.485441435232,1767.9695780202733,17440.455019455505,2120.0233489280254,15672.485441435232,3887.992926948298,19560.47836838353,0.0829154542895223,0.1520618628919225,0.7650226828185551,0.0,3,-33,scissors
2045.639753231248,1731.0,395.0,-1016.0,6506.6111763344215,1662.0,-6216.0,-967.0,17459.19176250722,-3186.0,-1666.0,-17085.0,0.0,0.0,0.0,0.0,6502.860673018222,17459.19176250722,0.0,17459.19176250722,6748.985484301547,6499.110169702023,-4453.470416470776,2045.639753231248,-10952.5805861728,4460.971423103174,15413.552009275973,2045.639753231248,10952.5805861728,6506.6111763344215,17459.19176250722,0.0786438406146025,0.2501441866704819,0.6712119727149157,0.0,3,-34,scissors
10091.81093758697,5738.0,-1570.0,-8152.0,2341.6167491713923,896.0,-2153.0,212.0,2991.8218529852343,-1157.0,-2482.0,-1205.0,0.0,0.0,0.0,0.0,3856.312384935899,10091.81093758697,0.0,10091.81093758697,3768.097469518271,5371.008020700407,4720.802916886563,10091.81093758697,-650.205103813842,7750.194188415578,7099.989084601735,10091.81093758697,650.205103813842,2341.6167491713923,2991.8218529852343,0.6542397198557554,0.1518041405513829,0.1939561395928616,0.0,1,-35,scissors
11993.230298797736,3838.0,-2655.0,-11048.0,2188.680195917165,776.0,-2036.0,207.0,2810.1733042643477,-857.0,-2471.0,-1028.0,0.0,0.0,0.0,0.0,4248.020949744811,11993.230298797736,0.0,11993.230298797736,4591.901568035751,6307.361703572458,5685.868595225276,11993.230298797736,-621.4931083471824,9804.55010288057,9183.056994533388,11993.230298797736,621.4931083471824,2188.680195917165,2810.1733042643477,0.7058128032253582,0.1288058734767212,0.1653813232979207,0.0,1,-35,scissors
2870.7443285670706,1890.0,452.0,-2113.0,4575.461725334395,700.0,-4497.0,-471.0,7783.242704682927,233.0,-1583.0,-7617.0,0.0,0.0,0.0,0.0,3807.362189646098,7783.242704682927,0.0,7783.242704682927,2818.282394802421,3039.2626539578014,-168.51832539073075,2870.7443285670706,-3207.780979348532,1704.7173967673243,4912.498376115856,2870.7443285670706,3207.780979348532,4575.461725334395,7783.242704682927,0.1884995559638307,0.3004351502056397,0.5110652938305296,0.0,3,-35,scissors
2520.819906300329,975.0,-242.0,2312.0,3312.167568224772,2777.0,-1798.0,161.0,19115.840917940284,-6746.0,-9367.0,15237.0,0.0,0.0,0.0,0.0,6237.207098116346,19115.840917940284,0.0,19115.840917940284,7535.405620483019,9162.24662800792,-6641.426721707592,2520.819906300329,-15803.673349715513,791.347661924443,16595.021011639954,2520.819906300329,15803.673349715513,3312.167568224772,19115.840917940284,0.1010396106240252,0.1327584412430788,0.766201948132896,0.0,3,-33,scissors
5181.681676830409,5000.0,-15.0,-1360.0,3226.0330128503024,1608.0,-2765.0,-420.0,3912.4468047501937,-2790.0,-2576.0,-942.0,0.0,0.0,0.0,0.0,3080.0403736077265,5181.681676830409,0.0,5181.681676830409,1911.6589122922471,2934.04773436515,2247.6339424652588,5181.681676830409,-686.4137918998913,1955.6486639801064,1269.2348720802152,5181.681676830409,686.4137918998913,3226.0330128503024,3912.4468047501937,0.4205855320299729,0.2618498965544055,0.3175645714156215,0.0,1,-34,scissors
8736.771657769246,1027.0,-1347.0,-8571.0,2254.580448775337,525.0,-2188.0,142.0,2977.6247245077743,-477.0,-2496.0,-1552.0,0.0,0.0,0.0,0.0,3492.244207763089,8736.771657769246,0.0,8736.771657769246,3220.9269850999644,4729.907966750841,4006.863691018405,8736.771657769246,-723.0442757324372,6482.191208993909,5759.146933261472,8736.771657769246,723.0442757324372,2254.580448775337,2977.6247245077743,0.6254410586713715,0.1613991114770492,0.2131598298515793,0.0,1,-35,scissors
2403.792628327161,1465.0,437.0,-1855.0,5283.309000995494,552.0,-5225.0,-555.0,8629.53979074203,208.0,-2118.0,-8363.0,0.0,0.0,0.0,0.0,4079.1603550161713,8629.53979074203,0.0,8629.53979074203,3224.9935345771387,2875.0117090368485,-471.21908070968766,2403.792628327161,-3346.230789746536,2879.516372668333,6225.747162414869,2403.792628327161,3346.230789746536,5283.309000995494,8629.53979074203,0.1473215330558898,0.3237988054636398,0.5288796614804703,0.0,3,-35,scissors
1869.901601689244,928.0,-132.0,1618.0,3662.7047383047407,3206.0,-1771.0,-23.0,25777.10012782664,-8357.0,-15221.0,19051.0,0.0,0.0,0.0,0.0,7827.426616955156,25777.10012782664,0.0,25777.10012782664,10443.854643099068,11992.148495605572,-10122.246893916326,1869.901601689244,-22114.3953895219,1792.803136615497,23907.198526137392,1869.901601689244,22114.3953895219,3662.7047383047407,25777.10012782664,0.0597227445620125,0.1169830430083776,0.8232942124296098,0.0,3,-33,scissors
21039.506695737902,14988.0,3507.0,14343.0,2197.8091363901463,1482.0,-1580.0,371.0,3017.3480077710624,-1308.0,-2425.0,1230.0,0.0,0.0,0.0,0.0,6563.665959974778,21039.506695737902,0.0,21039.506695737902,8430.135714558122,10929.522783559409,10109.983912178492,21039.506695737902,-819.5388713809161,18841.697559347755,18022.15868796684,21039.506695737902,819.5388713809161,2197.8091363901463,3017.3480077710624,0.8013626388072143,0.0837111893640071,0.1149261718287784,0.0,1,-34,scissors
9474.932136960138,1121.0,-2047.0,-9183.0,2135.9049604324628,633.0,-2005.0,376.0,2846.636260571413,-752.0,-2447.0,-1245.0,0.0,0.0,0.0,0.0,3614.368339491004,9474.932136960138,0.0,9474.932136960138,3542.0732991406385,5092.831718549544,4382.100418410594,9474.932136960138,-710.7313001389507,7339.027176527676,6628.295876388725,9474.932136960138,710.7313001389507,2135.9049604324628,2846.636260571413,0.6553656992728122,0.1477370843125837,0.1968972164146041,0.0,1,-35,scissors
2866.415706069167,2321.0,477.0,-1613.0,4741.995360605069,1228.0,-4570.0,-306.0,9032.374051156208,-1951.0,-1882.0,-8616.0,0.0,0.0,0.0,0.0,4160.196279457611,9032.374051156208,0.0,9032.374051156208,3280.918608619704,3578.397198310153,-711.981492240986,2866.415706069167,-4290.378690551139,1875.5796545359024,6165.958345087041,2866.415706069167,4290.378690551139,4741.995360605069,9032.374051156208,0.1722524319479271,0.2849622374802536,0.5427853305718192,0.0,3,-35,scissors
2741.196271703287,832.0,227.0,-2602.0,3604.318798330692,-253.0,-3588.0,231.0,4016.6838312219697,698.0,-2676.0,-2913.0,0.0,0.0,0.0,0.0,2590.549725313987,4016.6838312219697,0.0,4016.6838312219697,1564.8664865334763,1576.7806522972828,1164.4156194060042,2741.196271703287,-412.3650328912781,863.1225266274046,1275.4875595186827,2741.196271703287,412.3650328912781,3604.318798330692,4016.6838312219697,0.2645380867347606,0.347833392572095,0.3876285206931444,0.0,3,-36,scissors
4900.709846542642,861.0,810.0,-4756.0,3362.06320583061,212.0,-3275.0,-730.0,3140.665375362361,-327.0,-1825.0,-2535.0,0.0,0.0,0.0,0.0,2850.8596069339037,4900.709846542642,0.0,4900.709846542642,1780.07043443586,2339.656008037196,2561.053838505445,4900.709846542642,221.39783046824917,1538.6466407120315,1760.0444711802809,4900.709846542642,221.39783046824917,3362.06320583061,3140.665375362361,0.4297572067932653,0.2948288998214214,0.2754138933853133,0.0,1,-36,scissors
4792.6377914463765,1617.0,1032.0,-4392.0,3515.907279778578,402.0,-3400.0,-800.0,2923.549041832546,-477.0,-1801.0,-2253.0,0.0,0.0,0.0,0.0,2808.0235282643757,4792.6377914463765,0.0,4792.6377914463765,1756.2841070606116,2100.139776750172,2692.4980146962043,4792.6377914463765,592.3582379460317,1276.7305116677985,1869.0887496138305,4792.6377914463765,592.3582379460317,3515.907279778578,2923.549041832546,0.4266913848126373,0.3130233102027943,0.2602853049845683,0.0,1,-35,scissors
11398.084093390433,2111.0,-3900.0,-10500.0,2274.856039401175,731.0,-2140.0,247.0,2760.8067661464465,-698.0,-2447.0,-1071.0,0.0,0.0,0.0,0.0,4108.4367247345135,11398.084093390433,0.0,11398.084093390433,4335.791038421103,5942.017410067852,5456.0666833225805,11398.084093390433,-485.95072674527137,9123.228053989258,8637.277327243986,11398.084093390433,485.95072674527137,2274.856039401175,2760.8067661464465,0.6935779261713575,0.1384258899319044,0.1679961838967381,0.0,1,-35,scissors
3112.232960432108,1385.0,-20.0,-2787.0,4567.356018529757,441.0,-4546.0,-12.0,5366.528673174122,-242.0,-2345.0,-4821.0,0.0,0.0,0.0,0.0,3261.5294130339967,5366.528673174122,0.0,5366.528673174122,2049.1503453661257,1955.702807538236,1156.5301528938717,3112.232960432108,-799.1726546443642,1455.1230580976498,2254.295712742014,3112.232960432108,799.1726546443642,4567.356018529757,5366.528673174122,0.2385562543139072,0.3500931189120438,0.4113506267740489,0.0,3,-35,scissors
8396.04686742517,6695.0,-837.0,-4997.0,2999.061186438182,1360.0,-2672.0,-72.0,3516.275870861102,-2260.0,-2436.0,-1150.0,0.0,0.0,0.0,0.0,3727.8459811811135,8396.04686742517,0.0,8396.04686742517,3011.014129922313,4456.630775924044,3939.416091501125,8396.04686742517,-517.2146844229192,5396.985680986987,4879.770996564068,8396.04686742517,517.2146844229192,2999.061186438182,3516.275870861102,0.5630628860345918,0.2011256099083775,0.2358115040570306,0.0,1,-35,scissors
4573.9866637321975,3552.0,67.0,-2881.0,4283.626967885976,1438.0,-3996.0,-560.0,5549.596201526738,-2423.0,-2420.0,-4367.0,0.0,0.0,0.0,0.0,3601.802458286228,5549.596201526738,0.0,5549.596201526738,2131.719271265165,2919.9779486864795,1654.0087150457175,4573.9866637321975,-1265.9692336407616,290.35969584622126,975.6095377945404,4573.9866637321975,1265.9692336407616,4283.626967885976,5549.596201526738,0.3174790064630963,0.2973252293467093,0.3851957641901944,0.0,3,-35,scissors
2350.4052842010037,2326.0,225.0,-252.0,5018.713082055997,2708.0,-4171.0,-676.0,8434.705033372536,-7190.0,-2905.0,-3318.0,0.0,0.0,0.0,0.0,3950.955849907384,8434.705033372536,0.0,8434.705033372536,3139.1052263475685,2883.198617758772,-532.7933335577682,2350.4052842010037,-3415.99195131654,2668.3077978549936,6084.299749171533,2350.4052842010037,3415.99195131654,5018.713082055997,8434.705033372536,0.1487238388310578,0.317563222212015,0.5337129389569272,0.0,3,-34,scissors
4989.727146848813,2007.0,52.0,-4568.0,3460.5129677549253,545.0,-3405.0,-290.0,3560.9890480033773,-643.0,-2275.0,-2663.0,0.0,0.0,0.0,0.0,3002.807290651779,4989.727146848813,0.0,4989.727146848813,1836.1483804988425,2545.1016135486325,2444.625533300181,4989.727146848813,-100.47608024845204,1529.214179093888,1428.738098845436,4989.727146848813,100.47608024845204,3460.5129677549253,3560.9890480033773,0.4154218589370216,0.2881064811025384,0.29647165996044,0.0,1,-35,scissors
4523.530479614346,-278.0,-212.0,-4510.0,2427.5572083887128,47.0,-2421.0,172.0,2884.856148926667,-231.0,-2485.0,-1447.0,0.0,0.0,0.0,0.0,2458.9859592324315,4523.530479614346,0.0,4523.530479614346,1619.5145267325508,2490.41471007615,2033.115769538196,4523.530479614346,-457.2989405379544,2095.9732712256337,1638.6743306876792,4523.530479614346,457.2989405379544,2427.5572083887128,2884.856148926667,0.4598979573907733,0.2468047041173906,0.2932973384918361,0.0,1,-36,scissors
4029.603082190602,1180.0,-455.0,-3826.0,3485.453342106304,350.0,-3458.0,261.0,4127.20280577536,-265.0,-2793.0,-3027.0,0.0,0.0,0.0,0.0,2910.564807518066,4127.20280577536,0.0,4127.20280577536,1698.1121138597773,2335.6762729298293,1693.9268092607726,4029.603082190602,-641.7494636690562,544.1497400842986,97.5997235847576,4029.603082190602,641.7494636690562,3485.453342106304,4127.20280577536,0.3461186529657431,0.2993794652075162,0.3545018818267407,0.0,3,-36,scissors
3048.906197310767,2351.0,582.0,-1852.0,4276.945405309729,1226.0,-4031.0,735.0,5664.147685221493,-2712.0,-1580.0,-4715.0,0.0,0.0,0.0,0.0,3247.499821960497,5664.147685221493,0.0,5664.147685221493,2090.7916936812567,2218.0542386112656,830.8519586995017,3048.906197310767,-1387.202279911764,1228.039207998962,2615.241487910726,3048.906197310767,1387.202279911764,4276.945405309729,5664.147685221493,0.2347118063481647,0.329249086973603,0.4360391066782321,0.0,3,-36,scissors
4985.094683152969,3690.0,870.0,-3237.0,3603.2832250601673,1165.0,-3405.0,180.0,4629.976025855857,-2937.0,-953.0,-3450.0,0.0,0.0,0.0,0.0,3304.5884835172483,4985.094683152969,0.0,4985.094683152969,1974.2262293377555,3005.893741974329,1979.20094117864,4985.094683152969,-1026.69280079569,1381.8114580928018,355.1186572971119,4985.094683152969,1026.69280079569,3603.2832250601673,4629.976025855857,0.3771343018970299,0.2725969695646493,0.3502687285383208,0.0,1,-35,scissors
826.6135735638509,-33.0,675.0,476.0,3115.7581741848967,2442.0,216.0,1923.0,1728.770950704575,-1295.0,-1110.0,-282.0,0.0,0.0,0.0,0.0,1417.785674613331,3115.7581741848967,0.0,3115.7581741848967,1155.3595894184734,-280.18682495823555,1106.8003985220862,826.6135735638509,1386.9872234803215,2289.144600621046,902.157377140724,826.6135735638509,1386.9872234803215,3115.7581741848967,1728.770950704575,0.1457578511980118,0.5494057088414739,0.3048364399605142,0.0,2,-36,scissors
626.4327577641515,73.0,617.0,80.0,13127.482127201698,-7527.0,6733.0,8387.0,4197.738676954534,-65.0,-3703.0,1976.0,0.0,0.0,0.0,0.0,4487.913390480096,13127.482127201698,0.0,13127.482127201698,5238.767712883388,-4151.655346241507,4778.088104005657,626.4327577641515,8929.743450247164,12501.049369437547,3571.305919190382,626.4327577641515,8929.743450247164,13127.482127201698,4197.738676954534,0.0348955462851043,0.731268686860587,0.2338357668543086,0.0,2,-34,scissors
3673.4117656478425,-327.0,3080.0,-1975.0,1843.0857277945595,1423.0,-1006.0,600.0,2481.6708081451898,161.0,-2200.0,1137.0,0.0,0.0,0.0,0.0,1999.5420753968976,3673.4117656478425,0.0,3673.4117656478425,1328.2446080136997,2155.998422999236,1517.413342648606,3673.4117656478425,-638.5850803506305,1830.3260378532832,1191.7409575026527,3673.4117656478425,638.5850803506305,1843.0857277945595,2481.6708081451898,0.4592816288847899,0.2304384776985397,0.3102798934166704,0.0,1,-33,scissors
747.6590131871615,615.0,105.0,412.0,1691.799633526382,1288.0,-911.0,611.0,2247.386482116505,332.0,-2081.0,781.0,0.0,0.0,0.0,0.0,1171.711282207512,2247.386482116505,0.0,2247.386482116505,863.1767902044332,651.6229308886425,96.03608229851898,747.6590131871615,-555.5868485901233,944.1406203392204,1499.7274689293438,747.6590131871615,555.5868485901233,1691.799633526382,2247.386482116505,0.1595228757588146,0.3609676844493252,0.4795094397918601,0.0,3,-34,scissors
4877.133891949246,1875.0,-2177.0,-3941.0,2343.778999820589,406.0,-2308.0,40.0,3917.552807557289,110.0,-3128.0,-2356.0,0.0,0.0,0.0,0.0,2784.616424831781,4877.133891949246,0.0,4877.133891949246,1844.6273652304603,3225.4538498429733,1651.680042106273,4877.133891949246,-1573.7738077367003,2533.3548921286574,959.5810843919572,4877.133891949246,1573.7738077367003,2343.778999820589,3917.552807557289,0.4378640670630134,0.2104220691690218,0.3517138637679648,0.0,1,-36,scissors
8173.829579823646,-31.0,-3520.0,-7377.0,1941.9611221649109,628.0,-1835.0,98.0,3130.8436562690254,-481.0,-2686.0,-1535.0,0.0,0.0,0.0,0.0,3311.658589564396,8173.829579823646,0.0,8173.829579823646,3021.446447674418,4681.35605696388,3492.4735228597656,8173.829579823646,-1188.8825341041145,6231.868457658735,5042.985923554621,8173.829579823646,1188.8825341041145,1941.9611221649109,3130.8436562690254,0.6170495356602267,0.1466003416146492,0.2363501227251241,0.0,1,-36,scissors
18690.014660240373,11282.0,-6480.0,13418.0,2529.9211450161843,1716.0,-1857.0,86.0,6674.578788208287,-4087.0,-4247.0,3132.0,0.0,0.0,0.0,0.0,6973.628648366212,18690.014660240373,0.0,18690.014660240373,7171.840156102621,11417.336151716238,7272.678508524135,18690.014660240373,-4144.657643192102,16160.09351522419,12015.435872032083,18690.014660240373,4144.657643192102,2529.9211450161843,6674.578788208287,0.6700247318381044,0.0906960089425215,0.239279259219374,0.0,1,-35,scissors
2039.5175900197576,1108.0,32.0,1712.0,3860.73205493466,2888.0,-2502.0,552.0,10889.45535828124,-8270.0,-3803.0,5977.0,0.0,0.0,0.0,0.0,4197.426250808914,10889.45535828124,0.0,10889.45535828124,4097.913294473204,4534.12044668317,-2494.602856663412,2039.5175900197576,-7028.723303346581,1821.214464914902,8849.937768261483,2039.5175900197576,7028.723303346581,3860.73205493466,10889.45535828124,0.1214742956845703,0.2299463900164197,0.6485793142990101,0.0,3,-33,scissors
2461.2931560462275,1610.0,-342.0,-1830.0,3972.377751422943,596.0,-3915.0,312.0,6261.380838121891,125.0,-3496.0,-5193.0,0.0,0.0,0.0,0.0,3173.7629363977658,6261.380838121891,0.0,6261.380838121891,2277.693696164573,2375.148121372588,86.14503467363966,2461.2931560462275,-2289.003086698948,1511.0845953767157,3800.087682075664,2461.2931560462275,2289.003086698948,3972.377751422943,6261.380838121891,0.1938781507449171,0.3129075667456442,0.4932142825094385,0.0,3,-34,scissors
7759.087768545991,-663.0,-1065.0,-7657.0,2214.047199135556,306.0,-2188.0,145.0,2552.248616416512,-276.0,-1841.0,-1746.0,0.0,0.0,0.0,0.0,3131.3458960245143,7759.087768545991,0.0,7759.087768545991,2845.966993738759,4048.6445929134734,3710.443175632517,7759.087768545991,-338.2014172809563,5545.040569410436,5206.839152129479,7759.087768545991,338.2014172809563,2214.047199135556,2552.248616416512,0.6194690738570875,0.1767648219529548,0.2037661041899578,0.0,1,-35,scissors
8994.209248177407,5402.0,2380.0,6786.0,2724.884951699796,1773.0,-1938.0,725.0,6798.726792569327,-5675.0,-1631.0,3370.0,0.0,0.0,0.0,0.0,4629.4552481116325,8994.209248177407,0.0,8994.209248177407,3493.4245527464404,6534.025544523469,2460.183703653938,8994.209248177407,-4073.84184086953,6269.324296477611,2195.4824556080803,8994.209248177407,4073.84184086953,2724.884951699796,6798.726792569327,0.4857055941866038,0.1471493299784723,0.3671450758349239,0.0,1,-34,scissors
1765.3107375190352,1217.0,727.0,1052.0,4530.784589891689,3102.0,-2527.0,2126.0,16964.110026759434,-13598.0,5655.0,8420.0,0.0,0.0,0.0,0.0,5815.05133854254,16964.110026759434,0.0,16964.110026759434,6636.378374543951,7099.318087193389,-5334.007349674354,1765.3107375190352,-12433.325436867744,2765.473852372654,15198.799289240398,1765.3107375190352,12433.325436867744,4530.784589891689,16964.110026759434,0.0758940306261116,0.1947869556998299,0.7293190136740584,0.0,3,-34,scissors
2354.72928380313,2245.0,665.0,250.0,5125.78462286507,2622.0,-3960.0,1928.0,13013.108544848152,-12417.0,-2937.0,-2556.0,0.0,0.0,0.0,0.0,5123.405612879088,13013.108544848152,0.0,13013.108544848152,4903.118183964063,5121.0266028931055,-2766.297319089976,2354.72928380313,-7887.323921983082,2771.05533906194,10658.379261045022,2354.72928380313,7887.323921983082,5125.78462286507,13013.108544848152,0.1149005886769862,0.2501160853817625,0.6349833259412512,0.0,3,-34,scissors
2968.464080968473,2877.0,697.0,-221.0,4053.906511008856,1855.0,-3582.0,-403.0,7600.638394240315,-5962.0,-146.0,-4712.0,0.0,0.0,0.0,0.0,3655.752246554411,7600.638394240315,0.0,7600.638394240315,2718.34246588107,3257.5979820999664,-289.1339011314931,2968.464080968473,-3546.731883231459,1085.4424300403834,4632.174313271842,2968.464080968473,3546.731883231459,4053.906511008856,7600.638394240315,0.2029995388614125,0.2772279299581714,0.5197725311804161,0.0,3,-36,scissors
6860.483802181884,3653.0,590.0,-5777.0,2667.140416251083,793.0,-2535.0,242.0,3504.761047489543,-1090.0,-1651.0,-2893.0,0.0,0.0,0.0,0.0,3258.096316480628,6860.483802181884,0.0,6860.483802181884,2449.615253980789,3849.0522167101726,3011.4315854717124,6860.483802181884,-837.6206312384602,4193.343385930801,3355.722754692341,6860.483802181884,837.6206312384602,2667.140416251083,3504.761047489543,0.5264181239424292,0.2046548165841294,0.2689270594734413,0.0,1,-36,scissors
2126.6795715386934,1650.0,655.0,-1171.0,6750.084221696793,1118.0,-6577.0,1028.0,25980.88605109533,-310.0,2606.0,-25848.0,0.0,0.0,0.0,0.0,8714.412461082704,25980.88605109533,0.0,25980.88605109533,10263.148942119396,10678.740700468616,-8552.061128929923,2126.6795715386934,-19230.801829398537,4623.4046501581,23854.20647955664,2126.6795715386934,19230.801829398537,6750.084221696793,25980.88605109533,0.0610104118044714,0.1936471406374694,0.7453424475580592,0.0,3,-35,scissors
1960.1173434261527,1066.0,390.0,1598.0,3891.91752225044,3213.0,-2058.0,767.0,20533.507786055456,-8051.0,-3585.0,18546.0,0.0,0.0,0.0,0.0,6596.385662933012,20533.507786055456,0.0,20533.507786055456,8163.406285727289,9300.853803615586,-7340.736460189431,1960.1173434261527,-16641.590263805017,1931.8001788242864,18573.3904426293,1960.1173434261527,16641.590263805017,3891.91752225044,20533.507786055456,0.07428755092507,0.1475018942615894,0.7782105548133404,0.0,3,-33,scissors
12524.042039214017,9131.0,1092.0,8502.0,2410.0394187647635,1583.0,-1776.0,385.0,3318.391477809693,-1676.0,-2461.0,1465.0,0.0,0.0,0.0,0.0,4563.118233947118,12524.042039214017,0.0,12524.042039214017,4753.510516767511,6716.197049129473,5807.844990084544,12524.042039214017,-908.3520590449298,10114.002620449251,9205.650561404324,12524.042039214017,908.3520590449298,2410.0394187647635,3318.391477809693,0.6861559024507603,0.1320390627200595,0.1818050348291802,0.0,1,-33,scissors
12642.413614496243,3267.0,-4542.0,-11337.0,2310.685828926122,768.0,-2161.0,282.0,2979.520766834828,-966.0,-2142.0,-1832.0,0.0,0.0,0.0,0.0,4483.155052564299,12642.413614496243,0.0,12642.413614496243,4838.716722920159,6655.624276202476,5986.789338293769,12642.413614496243,-668.8349379087053,10331.727785570123,9662.892847661416,12642.413614496243,668.8349379087053,2310.685828926122,2979.520766834828,0.7049953362233685,0.1288537760702947,0.1661508877063367,0.0,1,-35,scissors
3055.2323970526368,2366.0,0.0,-1933.0,4312.713067200275,1155.0,-4070.0,837.0,7803.188579036137,-3458.0,-3262.0,-6188.0,0.0,0.0,0.0,0.0,3792.783510822262,7803.188579036137,0.0,7803.188579036137,2796.5543066485866,3272.853954444249,-217.62155739161244,3055.2323970526368,-3490.4755118358617,1257.4806701476382,4747.9561819835,3055.2323970526368,3490.4755118358617,4312.713067200275,7803.188579036137,0.2013845760201505,0.2842709750566078,0.5143444489232416,0.0,3,-34,scissors
2557.8182108977176,1452.0,477.0,2051.0,3611.275259517058,2795.0,-2090.0,928.0,14414.848351613,-7062.0,-403.0,12560.0,0.0,0.0,0.0,0.0,5145.985455506944,14414.848351613,0.0,14414.848351613,5510.14815515073,6680.695651496829,-4122.877440599112,2557.8182108977176,-10803.57309209594,1053.457048619341,11857.030140715282,2557.8182108977176,10803.57309209594,3611.275259517058,14414.848351613,0.1242627983023389,0.1754413848785986,0.7002958168190623,0.0,3,-34,scissors
6829.4715754588215,5793.0,12.0,3617.0,2934.998126064137,1830.0,-2267.0,355.0,4709.636610185546,-3697.0,-2758.0,952.0,0.0,0.0,0.0,0.0,3618.5265779271263,6829.4715754588215,0.0,6829.4715754588215,2503.07983389164,4302.0550297901145,2527.416545668707,6829.4715754588215,-1774.638484121408,3894.473449394684,2119.834965273276,6829.4715754588215,1774.638484121408,2934.998126064137,4709.636610185546,0.471840639303186,0.202775775088092,0.3253835856087218,0.0,1,-34,scissors
6589.149413998744,5480.0,-1157.0,-3471.0,3300.6475122315014,1177.0,-3081.0,128.0,5388.932454577623,-2947.0,-2550.0,-3722.0,0.0,0.0,0.0,0.0,3819.682345201967,6589.149413998744,0.0,6589.149413998744,2499.593173248879,4338.717178172432,2250.432235826312,6589.149413998744,-2088.284942346121,3288.501901767243,1200.2169594211218,6589.149413998744,2088.284942346121,3300.6475122315014,5388.932454577623,0.4312629178625023,0.2160289268803698,0.3527081552571278,0.0,1,-34,scissors
658.8512730502993,56.0,607.0,250.0,10169.07911268272,-2795.0,5336.0,8193.0,3479.9537353246524,-745.0,-3042.0,1517.0,0.0,0.0,0.0,0.0,3576.971030264418,10169.07911268272,0.0,10169.07911268272,4024.159725787373,-3015.1370521538847,3673.988325204184,658.8512730502993,6689.125377358068,9510.227839632422,2821.102462274353,658.8512730502993,6689.125377358068,10169.07911268272,3479.9537353246524,0.0460481275551171,0.7107325602194631,0.2432193122254198,0.0,2,-36,scissors
4344.543013942894,3325.0,735.0,2698.0,3110.139064414966,1751.0,-2492.0,630.0,5003.708025055019,-3313.0,-3745.0,-190.0,0.0,0.0,0.0,0.0,3114.59752585322,5003.708025055019,0.0,5003.708025055019,1922.3840672324047,3119.055987291473,1225.4870266514204,4344.543013942894,-1893.5689606400529,1234.4039495279276,659.1650111121253,4344.543013942894,1893.5689606400529,3110.139064414966,5003.708025055019,0.3487242715856794,0.2496421318162904,0.4016335965980301,0.0,3,-34,scissors
4656.019437244651,3552.0,-537.0,-2962.0,3060.489503331125,1032.0,-2866.0,-296.0,4630.399874740841,-1477.0,-2793.0,-3385.0,0.0,0.0,0.0,0.0,3086.727203829155,4656.019437244651,0.0,4656.019437244651,1895.6645718958428,3112.964904327184,1543.054532917468,4656.019437244651,-1569.910371409716,1595.5299339135258,25.619562503809902,4656.019437244651,1569.910371409716,3060.489503331125,4630.399874740841,0.3771000099610968,0.2478749579436854,0.3750250320952177,0.0,1,-35,scissors
3798.185092909507,3601.0,-360.0,-1153.0,3605.114977362026,1677.0,-3187.0,-166.0,6173.01044871949,-4977.0,-2748.0,-2405.0,0.0,0.0,0.0,0.0,3394.077629747756,6173.01044871949,0.0,6173.01044871949,2205.111684982386,3183.0402821334856,615.1448107760211,3798.185092909507,-2567.8954713574644,193.07011554748124,2374.825355809983,3798.185092909507,2567.8954713574644,3605.114977362026,6173.01044871949,0.2797656320247295,0.26554452863457,0.4546898393407004,0.0,3,-34,scissors
11034.687263352776,6097.0,-3305.0,8583.0,2619.388669136369,1797.0,-1898.0,172.0,4241.568931421485,-2177.0,-2947.0,2137.0,0.0,0.0,0.0,0.0,4473.911215977658,11034.687263352776,0.0,11034.687263352776,4078.998060988668,6328.433762818946,4706.25350053383,11034.687263352776,-1622.180262285116,8415.298594216407,6793.118331931291,11034.687263352776,1622.180262285116,2619.388669136369,4241.568931421485,0.6166129998257817,0.1463701749255639,0.2370168252486543,0.0,1,-33,scissors
1599.362685571975,1156.0,235.0,1080.0,5514.857477759511,4575.0,-2892.0,1058.0,17774.48919097255,-16600.0,-5521.0,-3145.0,0.0,0.0,0.0,0.0,6222.177338576009,17774.48919097255,0.0,17774.48919097255,6964.95004772548,6929.4971993925055,-5330.134513820531,1599.362685571975,-12259.631713213035,3915.494792187536,16175.126505400574,1599.362685571975,12259.631713213035,5514.857477759511,17774.48919097255,0.0642605714424237,0.2215806934482852,0.714158735109291,0.0,3,-33,scissors
2053.1156811051837,1686.0,-92.0,-1168.0,6687.803002481458,1388.0,-6511.0,638.0,11595.366186541933,-1272.0,-5087.0,-10342.0,0.0,0.0,0.0,0.0,5084.071217532144,11595.366186541933,0.0,11595.366186541933,4472.23069117205,3480.3394325828285,-1427.2237514776452,2053.1156811051837,-4907.563184060475,4634.687321376275,9542.25050543675,2053.1156811051837,4907.563184060475,6687.803002481458,11595.366186541933,0.100958247497848,0.328860607785102,0.5701811447170498,0.0,3,-33,scissors
3348.6161320760552,1551.0,-502.0,-2925.0,3864.0463247740704,481.0,-3822.0,303.0,4602.799691492125,-460.0,-2778.0,-3641.0,0.0,0.0,0.0,0.0,2953.8655370855627,4602.799691492125,0.0,4602.799691492125,1762.7083249415432,2043.6847493970552,1304.9313826790003,3348.6161320760552,-738.7533667180546,515.4301926980152,1254.1835594160698,3348.6161320760552,738.7533667180546,3864.0463247740704,4602.799691492125,0.283409661851092,0.3270330247146709,0.3895573134342369,0.0,3,-34,scissors
4873.296830688646,-293.0,-1302.0,-4687.0,2753.789752323151,-10.0,-2747.0,193.0,3009.299253979238,93.0,-2503.0,-1668.0,0.0,0.0,0.0,0.0,2659.0964592477585,4873.296830688646,0.0,4873.296830688646,1739.6182111072628,2564.4031661723666,2308.8936645162794,4873.296830688646,-255.5095016560872,2119.507078365495,1863.997576709408,4873.296830688646,255.5095016560872,2753.789752323151,3009.299253979238,0.4581722499893131,0.258902769655654,0.2829249803550329,0.0,1,-35,scissors
3415.7126635593927,1252.0,-865.0,-3058.0,1869.4044506205712,-908.0,-1625.0,172.0,3055.618431676311,110.0,-2452.0,-1820.0,0.0,0.0,0.0,0.0,2085.183886464069,3415.7126635593927,0.0,3415.7126635593927,1332.9105970133935,2300.9633223075666,1114.7493412518263,3415.7126635593927,-1186.21398105574,1546.3082129388215,360.09423188308165,3415.7126635593927,1186.21398105574,1869.4044506205712,3055.618431676311,0.4095217555790195,0.2241294476179984,0.3663487968029822,0.0,1,-35,scissors
4318.590626581778,666.0,-1450.0,-4013.0,1253.6849684031472,-946.0,-771.0,287.0,3252.8316894668865,480.0,-2433.0,-2105.0,0.0,0.0,0.0,0.0,2206.276821112953,4318.590626581778,0.0,4318.590626581778,1683.1692840055398,3158.868673822759,1159.7219527590194,4318.590626581778,-1999.1467210637395,3064.9056581786317,1065.758937114892,4318.590626581778,1999.1467210637395,1253.6849684031472,3252.8316894668865,0.4893527622253757,0.1420588926563993,0.3685883451182251,0.0,1,-35,scissors
2861.5761391233327,848.0,-1245.0,-2433.0,1721.991289176574,-101.0,-1693.0,298.0,2595.8368592806446,26.0,-2282.0,-1237.0,0.0,0.0,0.0,0.0,1794.851071895138,2861.5761391233327,0.0,2861.5761391233327,1118.7358400073158,1867.7108546137013,993.8652845096312,2861.5761391233327,-873.8455701040705,1139.5848499467586,265.7392798426881,2861.5761391233327,873.8455701040705,1721.991289176574,2595.8368592806446,0.3985812784040442,0.2398515559508743,0.3615671656450813,0.0,1,-35,scissors
3252.9460493528018,2408.0,-15.0,-2187.0,4600.1574973037605,1243.0,-4428.0,96.0,7451.640222125596,-3178.0,-2323.0,-6327.0,0.0,0.0,0.0,0.0,3826.18594219554,7451.640222125596,0.0,7451.640222125596,2679.144151729285,3052.2143870873188,200.73166226548344,3252.9460493528018,-2851.4827248218357,1347.2114479509587,4198.6941727727935,3252.9460493528018,2851.4827248218357,4600.1574973037605,7451.640222125596,0.2125449532835692,0.3005706966938531,0.4868843500225775,0.0,3,-34,scissors
3113.108093208458,3077.0,27.0,-472.0,4413.643392935139,2198.0,-3820.0,238.0,6274.001115715552,-5420.0,-2681.0,-1673.0,0.0,0.0,0.0,0.0,3450.188150464787,6274.001115715552,0.0,6274.001115715552,2286.896745896581,2486.732907994436,626.3751852140222,3113.108093208458,-1860.3577227804133,1300.535299726681,3160.8930225070944,3113.108093208458,1860.3577227804133,4413.643392935139,6274.001115715552,0.2255752409320836,0.3198117899990875,0.4546129690688288,0.0,3,-33,scissors
9622.247814310334,9313.0,-1240.0,2078.0,2804.566811470178,1637.0,-2275.0,101.0,3547.8755615156515,-2470.0,-2536.0,235.0,0.0,0.0,0.0,0.0,3993.672546824041,9622.247814310334,0.0,9622.247814310334,3508.667387875913,5182.778282177904,4439.469532132431,9622.247814310334,-743.3087500454735,6817.681002840156,6074.372252794683,9622.247814310334,743.3087500454735,2804.566811470178,3547.8755615156515,0.6023433131718826,0.1755631426079551,0.2220935442201621,0.0,1,-34,scissors
11464.212053167894,23.0,-2602.0,-11165.0,2603.634767013223,736.0,-2497.0,47.0,3138.665640045145,-1183.0,-2167.0,-1938.0,0.0,0.0,0.0,0.0,4301.628115056566,11464.212053167894,0.0,11464.212053167894,4302.39108633268,5999.621463099908,5464.590590067986,11464.212053167894,-535.030873031922,8860.57728615467,8325.546413122749,11464.212053167894,535.030873031922,2603.634767013223,3138.665640045145,0.666271685192918,0.1513168210601456,0.1824114937469363,0.0,1,-34,scissors
3418.880079792212,2321.0,40.0,-2510.0,4897.057688040851,1258.0,-4691.0,-627.0,5800.358437200239,-2805.0,-2022.0,-4657.0,0.0,0.0,0.0,0.0,3529.074051258325,5800.358437200239,0.0,5800.358437200239,2207.748760782157,2161.0904144758,1257.7896653164116,3418.880079792212,-903.300749159388,1478.177608248639,2381.478357408027,3418.880079792212,903.300749159388,4897.057688040851,5800.358437200239,0.2421938467523214,0.3469081136378222,0.4108980396098564,0.0,3,-34,scissors
7894.793284184203,7555.0,-1410.0,1806.0,3111.7681468901246,1893.0,-2466.0,-136.0,4602.64130690194,-3513.0,-2923.0,547.0,0.0,0.0,0.0,0.0,3902.300684494067,7894.793284184203,0.0,7894.793284184203,2840.922670154388,4692.833222098009,3201.960062086194,7894.793284184203,-1490.8731600118151,4783.025137294078,3292.151977282263,7894.793284184203,1490.8731600118151,3111.7681468901246,4602.64130690194,0.5057781243994376,0.1993547139546965,0.2948671616458658,0.0,1,-33,scissors
2901.8859384889683,2887.0,-122.0,267.0,4703.976403002039,2731.0,-3827.0,-152.0,8832.337686026276,-7923.0,-3318.0,-2056.0,0.0,0.0,0.0,0.0,4109.550006879321,8832.337686026276,0.0,8832.337686026276,3201.7542052690696,3515.1236107566037,-613.2376722676345,2901.8859384889683,-4128.361283024237,1802.0904645130704,5930.451747537308,2901.8859384889683,4128.361283024237,4703.976403002039,8832.337686026276,0.1765330713600794,0.2861612825691169,0.5373056460708037,0.0,3,-33,scissors
2444.357584315356,1372.0,460.0,-1970.0,5895.359700645924,180.0,-5785.0,-1121.0,10516.62307967724,2548.0,-216.0,-10201.0,0.0,0.0,0.0,0.0,4714.08509115963,10516.62307967724,0.0,10516.62307967724,3950.921348661158,3532.810481673336,-1088.45289735798,2444.357584315356,-4621.263379031316,3451.0021163305687,8072.265495361884,2444.357584315356,4621.263379031316,5895.359700645924,10516.62307967724,0.1296305400224575,0.3126460164932931,0.5577234434842493,0.0,3,-34,scissors
2200.0874982600126,2181.0,190.0,218.0,4995.772012412096,2625.0,-4248.0,-147.0,8289.224028821998,-6071.0,-2735.0,-4937.0,0.0,0.0,0.0,0.0,3871.2708848735274,8289.224028821998,0.0,8289.224028821998,3104.9317602695464,2746.7697573349574,-546.6822590749448,2200.0874982600126,-3293.452016409902,2795.6845141520835,6089.136530561986,2200.0874982600126,3293.452016409902,4995.772012412096,8289.224028821998,0.142077857871982,0.3226183442711544,0.5353037978568636,0.0,3,-33,scissors
2821.035448199827,2546.0,245.0,-1190.0,5069.181492114876,1926.0,-4615.0,-830.0,9983.70517393217,-5190.0,-862.0,-8485.0,0.0,0.0,0.0,0.0,4468.480528561719,9983.70517393217,0.0,9983.70517393217,3655.8151643463575,3867.779565008561,-1046.7441168087337,2821.035448199827,-4914.523681817294,2248.146043915049,7162.669725732343,2821.035448199827,4914.523681817294,5069.181492114876,9983.70517393217,0.1578296822694134,0.2836076748971818,0.5585626428334047,0.0,3,-34,scissors
2850.7137702687724,1338.0,510.0,-2465.0,4946.467325273665,153.0,-4813.0,-1131.0,7907.060642236152,1022.0,-370.0,-7832.0,0.0,0.0,0.0,0.0,3926.060434444648,7907.060642236152,0.0,7907.060642236152,2892.227249904182,2905.65354361563,-54.93977334685769,2850.7137702687724,-2960.593316962488,2095.7535550048924,5056.34687196738,2850.7137702687724,2960.593316962488,4946.467325273665,7907.060642236152,0.1815250820681785,0.3149765144899862,0.5034984034418353,0.0,3,-34,scissors
2247.45389274174,1250.0,257.0,-1850.0,6630.321711651705,-357.0,-6606.0,-441.0,10825.303968018636,5446.0,-781.0,-9323.0,0.0,0.0,0.0,0.0,4925.769893103021,10825.303968018636,0.0,10825.303968018636,4157.72127615595,3221.218074554335,-973.7641818125948,2247.45389274174,-4194.98225636693,4382.8678189099655,8577.850075276896,2247.45389274174,4194.98225636693,6630.321711651705,10825.303968018636,0.1140661227338586,0.3365119491744513,0.5494219280916899,0.0,3,-34,scissors
3036.6721917256727,1928.0,487.0,-2295.0,4953.157679702918,875.0,-4735.0,-1161.0,8705.004595059097,-1178.0,-490.0,-8611.0,0.0,0.0,0.0,0.0,4173.708616621922,8705.004595059097,0.0,8705.004595059097,3156.456855959847,3394.259553540926,-357.5873618152532,3036.6721917256727,-3751.846915356179,1916.4854879772456,5668.332403333425,3036.6721917256727,3751.846915356179,4953.157679702918,8705.004595059097,0.181892920101803,0.2966880378266475,0.5214190420715494,0.0,3,-34,scissors
5782.776582231065,5576.0,-152.0,-1525.0,3186.871349772375,1543.0,-2770.0,-320.0,4013.309980552213,-2917.0,-2202.0,-1658.0,0.0,0.0,0.0,0.0,3245.739478138913,5782.776582231065,0.0,5782.776582231065,2095.472020822644,3304.6076065054517,2478.1689757256136,5782.776582231065,-826.4386307798372,2595.9052324586896,1769.4666016788524,5782.776582231065,826.4386307798372,3186.871349772375,4013.309980552213,0.4454128728738014,0.2454657383345896,0.309121388791609,0.0,1,-34,scissors
8616.983404881315,7087.0,-1685.0,-4603.0,2814.8312560436016,1185.0,-2551.0,107.0,3630.2432425389898,-2141.0,-2377.0,-1716.0,0.0,0.0,0.0,0.0,3765.514475865976,8616.983404881315,0.0,8616.983404881315,3107.971481858187,4716.197695688352,3900.785709192963,8616.983404881315,-815.4119864953882,5802.152148837714,4986.740162342326,8616.983404881315,815.4119864953882,2814.8312560436016,3630.2432425389898,0.5720986773593282,0.1868822490316053,0.2410190736090665,0.0,1,-34,scissors
5088.815775796958,4755.0,-430.0,1761.0,3286.2230599884724,2007.0,-2598.0,-147.0,5328.993338333235,-4520.0,-2811.0,257.0,0.0,0.0,0.0,0.0,3426.008043529667,5328.993338333235,0.0,5328.993338333235,2129.750780178288,3565.7930270708607,1523.022748726098,5088.815775796958,-2042.770278344763,1802.592715808486,240.17756253627704,5088.815775796958,2042.770278344763,3286.2230599884724,5328.993338333235,0.3713371153205301,0.2397997186692839,0.3888631660101858,0.0,3,-33,scissors
4570.756939501378,4385.0,-337.0,1245.0,3243.7812811593817,2007.0,-2548.0,-42.0,4528.8697265432575,-3470.0,-2756.0,935.0,0.0,0.0,0.0,0.0,3085.8519868010044,4570.756939501378,0.0,4570.756939501378,1859.7491136054605,2927.9226924426266,1642.8342470587509,4570.756939501378,-1285.0884453838758,1326.9756583419962,41.88721295812047,4570.756939501378,1285.0884453838758,3243.7812811593817,4528.8697265432575,0.3702994310041198,0.2627946264948774,0.3669059425010027,0.0,1,-33,scissors
8146.782064103593,8068.0,-885.0,703.0,2803.6114210068413,1546.0,-2336.0,115.0,3541.378968706964,-2470.0,-2512.0,-361.0,0.0,0.0,0.0,0.0,3622.9431134543497,8146.782064103593,0.0,8146.782064103593,2926.9776556498864,4442.274805901858,3704.507258201736,8146.782064103593,-737.7675477001226,5343.170643096752,4605.403095396629,8146.782064103593,737.7675477001226,2803.6114210068413,3541.378968706964,0.5621660214487829,0.1934622855790368,0.2443716929721802,0.0,1,-33,scissors
5610.190549348569,2413.0,-1015.0,-4962.0,2878.426306161059,717.0,-2780.0,207.0,3382.640093181656,-945.0,-2270.0,-2323.0,0.0,0.0,0.0,0.0,2967.814237172821,5610.190549348569,0.0,5610.190549348569,1998.133167142347,3057.202168184583,2552.9883811639866,5610.190549348569,-504.21378702059656,2731.76424318751,2227.5504561669136,5610.190549348569,504.21378702059656,2878.426306161059,3382.640093181656,0.4725860600605608,0.2424702218646176,0.2849437180748215,0.0,1,-34,scissors
4866.6913812157845,-86.0,-667.0,-4820.0,2557.922790077918,202.0,-2542.0,201.0,3079.494926120191,-153.0,-2398.0,-1926.0,0.0,0.0,0.0,0.0,2626.0272743534733,4866.6913812157845,0.0,4866.6913812157845,1741.1825017360093,2694.131758629029,2172.559622586756,4866.6913812157845,-521.5721360422731,2308.7685911378667,1787.1964550955936,4866.6913812157845,521.5721360422731,2557.922790077918,3079.494926120191,0.4633131030992397,0.2435163959509595,0.2931705009498008,0.0,1,-35,scissors
4910.107738125509,1358.0,-545.0,-4687.0,2946.086387056564,476.0,-2900.0,207.0,3459.0787790971167,-563.0,-2256.0,-2561.0,0.0,0.0,0.0,0.0,2828.8182260697977,4910.107738125509,0.0,4910.107738125509,1785.004115921116,2711.550065083031,2198.557673042478,4910.107738125509,-512.9923920405527,1964.021351068945,1451.0289590283924,4910.107738125509,512.9923920405527,2946.086387056564,3459.0787790971167,0.4339363071189041,0.260363705937876,0.3056999869432197,0.0,1,-34,scissors
6119.35821798332,1578.0,-275.0,-5906.0,2922.2912243648816,591.0,-2861.0,-72.0,3233.0941835956464,-753.0,-1983.0,-2440.0,0.0,0.0,0.0,0.0,3068.685906485962,6119.35821798332,0.0,6119.35821798332,2166.327319989856,3215.0805886070425,2904.2776293762777,6119.35821798332,-310.8029592307648,3197.0669936184386,2886.2640343876737,6119.35821798332,310.8029592307648,2922.2912243648816,3233.0941835956464,0.4985324667025607,0.2380735038887768,0.2633940294086625,0.0,1,-34,scissors
6347.077280134535,1541.0,-522.0,-6135.0,2771.31214409348,611.0,-2701.0,107.0,3199.3604048309408,-703.0,-2207.0,-2207.0,0.0,0.0,0.0,0.0,3079.437457264739,6347.077280134535,0.0,6347.077280134535,2251.095721375455,3387.5627704359986,2959.514509698537,6347.077280134535,-428.0482607374611,3575.765136041055,3147.716875303594,6347.077280134535,428.0482607374611,2771.31214409348,3199.3604048309408,0.5152789566452362,0.2249852596905031,0.2597357836642606,0.0,1,-35,scissors
6116.451585682666,990.0,-692.0,-5996.0,2741.4780684878733,502.0,-2693.0,107.0,3124.0750631186825,-542.0,-2191.0,-2160.0,0.0,0.0,0.0,0.0,2995.501179322305,6116.451585682666,0.0,6116.451585682666,2167.626451831283,3249.524290156737,2866.9272955259285,6116.451585682666,-382.5969946308092,3374.9735171947923,2992.376522563983,6116.451585682666,382.5969946308092,2741.4780684878733,3124.0750631186825,0.5104698028416764,0.2287996151872738,0.2607305819710498,0.0,1,-35,scissors
5873.94875701176,1323.0,-152.0,-5721.0,2969.901850230071,552.0,-2917.0,-82.0,3340.488736697072,-641.0,-1960.0,-2628.0,0.0,0.0,0.0,0.0,3046.084835984726,5873.94875701176,0.0,5873.94875701176,2083.742107839621,3122.2678217393805,2751.6809352723794,5873.94875701176,-370.586886467001,2904.046906781689,2533.460020314688,5873.94875701176,370.586886467001,2969.901850230071,3340.488736697072,0.4820900494645,0.2437474668421351,0.2741624836933647,0.0,1,-35,scissors
7090.023836349213,1513.0,-662.0,-6895.0,2810.652949049384,571.0,-2752.0,-15.0,3092.317900863364,-655.0,-2091.0,-2182.0,0.0,0.0,0.0,0.0,3248.24867156549,7090.023836349213,0.0,7090.023836349213,2526.1710289830003,3685.844394081597,3404.1794422676167,7090.023836349213,-281.66495181397977,4279.370887299829,3997.705935485849,7090.023836349213,281.66495181397977,2810.652949049384,3092.317900863364,0.5456804999578575,0.2163206417702306,0.2379988582719118,0.0,1,-35,scissors
6637.844077710774,1635.0,-207.0,-6430.0,2867.6293344851947,552.0,-2813.0,-75.0,3149.5829882700345,-730.0,-1938.0,-2373.0,0.0,0.0,0.0,0.0,3163.764100116501,6637.844077710774,0.0,6637.844077710774,2354.067324613726,3459.898865747808,3177.945211962968,6637.844077710774,-281.95365378483984,3770.21474322558,3488.26108944074,6637.844077710774,281.95365378483984,2867.6293344851947,3149.5829882700345,0.5245210979436129,0.2265994906494133,0.2488794114069737,0.0,1,-35,scissors
7540.014986722506,1776.0,205.0,-7325.0,2828.479626937412,608.0,-2757.0,-172.0,2959.636802041764,-807.0,-1901.0,-2120.0,0.0,0.0,0.0,0.0,3332.032853925421,7540.014986722506,0.0,7540.014986722506,2701.9345496073024,3835.5860809134288,3704.4289058090767,7540.014986722506,-131.15717510435206,4711.535359785094,4580.378184680742,7540.014986722506,131.15717510435206,2828.479626937412,2959.636802041764,0.5657218368840302,0.2122187678615788,0.2220593952543908,0.0,1,-35,scissors
10565.10047278302,4782.0,-132.0,-9420.0,2728.528724422743,928.0,-2561.0,-158.0,2823.461350895386,-1217.0,-1806.0,-1797.0,0.0,0.0,0.0,0.0,4029.272637025287,10565.10047278302,0.0,10565.10047278302,3940.114181913931,5330.016549627831,5235.083923155188,10565.10047278302,-94.93262647264328,7836.571748360277,7741.639121887634,10565.10047278302,94.93262647264328,2728.528724422743,2823.461350895386,0.6555215683160481,0.1692941239164414,0.1751843077675105,0.0,1,-34,scissors
7892.28845139355,2843.0,392.0,-7352.0,3107.408405729765,817.0,-2973.0,-387.0,3638.551497505567,-1357.0,-1378.0,-3082.0,0.0,0.0,0.0,0.0,3659.562088657221,7892.28845139355,0.0,7892.28845139355,2811.30229062312,4211.715771584675,3680.5726798088745,7892.28845139355,-531.1430917758016,4784.880045663785,4253.736953887983,7892.28845139355,531.1430917758016,3107.408405729765,3638.551497505567,0.539155250013084,0.2122800713889476,0.2485646785979683,0.0,1,-35,scissors
3381.6425003243617,2191.0,600.0,-2505.0,4645.320548681221,963.0,-4455.0,-897.0,6426.85342916734,-1458.0,-491.0,-6240.0,0.0,0.0,0.0,0.0,3613.454119543231,6426.85342916734,0.0,6426.85342916734,2350.039962629584,2581.5876904052407,800.054809919121,3381.6425003243617,-1781.5328804861192,1263.6780483568596,3045.210928842979,3381.6425003243617,1781.5328804861192,4645.320548681221,6426.85342916734,0.2339619093290043,0.3213905860570624,0.4446475046139333,0.0,3,-34,scissors
4072.260551585569,2640.0,605.0,-3041.0,4000.3586089249543,1012.0,-3825.0,-590.0,4808.596468825389,-1446.0,-1422.0,-4360.0,0.0,0.0,0.0,0.0,3220.303907333978,4808.596468825389,0.0,4808.596468825389,1885.957712784015,2440.249205743001,1632.0113458425672,4072.260551585569,-808.2378599004342,71.90194266061371,736.3359172398204,4072.260551585569,808.2378599004342,4000.3586089249543,4808.596468825389,0.3161394598745268,0.3105575377384776,0.3733030023869956,0.0,3,-34,scissors
4437.069979164178,2326.0,295.0,-3767.0,3558.3431537725533,835.0,-3455.0,-166.0,3762.187395651631,-1378.0,-2051.0,-2837.0,0.0,0.0,0.0,0.0,2939.4001321470905,4437.069979164178,0.0,4437.069979164178,1727.9436805444982,2320.457110521628,2116.612868642551,4437.069979164178,-203.84424187907732,878.726825391625,674.8825835125476,4437.069979164178,203.84424187907732,3558.3431537725533,3762.187395651631,0.3773788681096567,0.3026419502108883,0.3199791816794549,0.0,1,-34,scissors
8691.527943923324,3883.0,-995.0,-7712.0,2847.758592296756,926.0,-2693.0,-2.0,3104.1998969138567,-1292.0,-2108.0,-1877.0,0.0,0.0,0.0,0.0,3660.871608283484,8691.527943923324,0.0,8691.527943923324,3149.6237977993337,4473.984624270212,4217.543319653111,8691.527943923324,-256.44130461710074,5843.769351626568,5587.328047009467,8691.527943923324,256.44130461710074,2847.758592296756,3104.1998969138567,0.5935422539988109,0.1944727169516891,0.2119850290495,0.0,1,-34,scissors
4447.104001482313,4422.0,-125.0,-455.0,3550.2626663389287,2450.0,-2548.0,-331.0,8931.55798279337,-3222.0,-5550.0,6212.0,0.0,0.0,0.0,0.0,4232.231162653653,8931.55798279337,0.0,8931.55798279337,3182.2438837812706,4914.199658968378,-467.0956574860648,4447.104001482313,-5381.2953164544415,896.8413351433842,4484.453981311058,4447.104001482313,5381.2953164544415,3550.2626663389287,8931.55798279337,0.2626926454729573,0.2097157816937908,0.5275915728332518,0.0,3,-33,scissors
780.0878155695037,-263.0,662.0,318.0,1683.7728469125518,1383.0,-741.0,611.0,2224.561529830092,503.0,-2041.0,728.0,0.0,0.0,0.0,0.0,1172.105548078037,2224.561529830092,0.0,2224.561529830092,851.025313468809,660.438249243522,119.6495663259816,780.0878155695037,-540.7886829175404,903.685031343048,1444.4737142605886,780.0878155695037,540.7886829175404,1683.7728469125518,2224.561529830092,0.1663860001449218,0.3591342199671187,0.4744797798879595,0.0,3,-32,battery
798.303826872952,-226.0,687.0,338.0,1679.655619464895,1375.0,-753.0,603.0,2220.294349855442,493.0,-2037.0,733.0,0.0,0.0,0.0,0.0,1174.563449048322,2220.294349855442,0.0,2220.294349855442,847.0303738117715,669.4712786317494,128.83254824120263,798.303826872952,-540.6387303905469,881.351792591943,1421.99052298249,798.303826872952,540.6387303905469,1679.655619464895,2220.294349855442,0.1699150070436317,0.3575063613689448,0.4725786315874234,0.0,3,-33,battery
773.0653271231351,-226.0,665.0,323.0,1690.8559962338602,1381.0,-763.0,608.0,2204.433940947199,488.0,-2027.0,716.0,0.0,0.0,0.0,0.0,1167.0888160760487,2204.433940947199,0.0,2204.433940947199,846.7242440075795,643.3216359182371,129.74369120489814,773.0653271231351,-513.5779447133389,917.790669110725,1431.368613824064,773.0653271231351,513.5779447133389,1690.8559962338602,2204.433940947199,0.1655969358275389,0.3621952273347126,0.4722078368377484,0.0,3,-33,battery
787.2293185597193,-233.0,680.0,321.0,1685.647946636545,1386.0,-738.0,613.0,2214.331727632515,498.0,-2030.0,731.0,0.0,0.0,0.0,0.0,1171.802248207195,2214.331727632515,0.0,2214.331727632515,847.3372947631678,657.9565497778447,129.27276878187467,787.2293185597193,-528.6837809959702,898.4186280768256,1427.1024090727958,787.2293185597193,528.6837809959702,1685.647946636545,2214.331727632515,0.167952681385478,0.3596272214905525,0.4724200971239695,0.0,3,-33,battery
789.1045558099382,-241.0,677.0,326.0,1688.7918758686635,1381.0,-756.0,611.0,2198.443540325746,501.0,-2013.0,728.0,0.0,0.0,0.0,0.0,1169.084993001087,2198.443540325746,0.0,2198.443540325746,842.7364826205452,649.3781101335103,139.72644567642783,789.1045558099382,-509.65166445708246,899.6873200587255,1409.338984515808,789.1045558099382,509.65166445708246,1688.7918758686635,2198.443540325746,0.1687440520864689,0.3611353934869758,0.4701205544265553,0.0,3,-33,battery
778.2962161028408,-211.0,682.0,310.0,1670.9030492521103,1370.0,-736.0,611.0,2207.1927872299693,488.0,-2030.0,716.0,0.0,0.0,0.0,0.0,1164.0980131462302,2207.1927872299693,0.0,2207.1927872299693,843.9290940529303,657.2929770403499,121.00323906249103,778.2962161028408,-536.289737977859,892.6068331492695,1428.8965711271285,778.2962161028408,536.289737977859,1670.9030492521103,2207.1927872299693,0.1671457659306806,0.3588407140941956,0.4740135199751236,0.0,3,-33,battery
757.388935752299,-218.0,667.0,285.0,1696.2947857020606,1386.0,-766.0,608.0,2209.624402472058,496.0,-2030.0,718.0,0.0,0.0,0.0,0.0,1165.8270309816044,2209.624402472058,0.0,2209.624402472058,851.01165317087,635.3592762611482,122.0296594911506,757.388935752299,-513.3296167699975,938.9058499497615,1452.2354667197592,757.388935752299,513.3296167699975,1696.2947857020606,2209.624402472058,0.1624145168247196,0.3637535287446999,0.4738319544305805,0.0,3,-33,battery
770.3570600701988,-221.0,672.0,305.0,1671.1711462324856,1370.0,-748.0,597.0,2209.032593693448,486.0,-2030.0,723.0,0.0,0.0,0.0,0.0,1162.640199999033,2209.032593693448,0.0,2209.032593693448,845.4524027680142,654.1092537655802,116.2478063046185,770.3570600701988,-537.8614474609617,900.8140861622868,1438.6755336232486,770.3570600701988,537.8614474609617,1671.1711462324856,2209.032593693448,0.1656482074314219,0.3593483061728545,0.4750034863957234,0.0,3,-33,battery
763.537818316814,-226.0,667.0,295.0,1669.5295744610216,1362.0,-746.0,613.0,2212.8775384101127,475.0,-2041.0,711.0,0.0,0.0,0.0,0.0,1161.4862327969872,2212.8775384101127,0.0,2212.8775384101127,847.193148593084,653.4428911329526,110.0949271838615,763.537818316814,-543.3479639490911,905.9917561442076,1449.3397200932986,763.537818316814,543.3479639490911,1669.5295744610216,2212.8775384101127,0.1643449996988192,0.3593519938761155,0.4763030064250652,0.0,3,-33,battery
769.0136539750123,-213.0,667.0,318.0,1697.40095440058,1388.0,-751.0,625.0,2217.187858527103,480.0,-2041.0,721.0,0.0,0.0,0.0,0.0,1170.900616725674,2217.187858527103,0.0,2217.187858527103,852.1210276430437,644.4002790507676,124.61337492424468,769.0136539750123,-519.7869041265228,928.3873004255678,1448.1742045520905,769.0136539750123,519.7869041265228,1697.40095440058,2217.187858527103,0.1641927681542894,0.3624135409432144,0.4733936909024961,0.0,3,-33,battery
762.6467071980315,-211.0,670.0,297.0,1690.7436233799613,1383.0,-751.0,618.0,2210.881498407366,483.0,-2038.0,708.0,0.0,0.0,0.0,0.0,1166.0679572463396,2210.881498407366,0.0,2210.881498407366,849.9092710891842,641.3922911127181,121.25441608531332,762.6467071980315,-520.1378750274048,928.0969161819296,1448.2347912093346,762.6467071980315,520.1378750274048,1690.7436233799613,2210.881498407366,0.1635082034581877,0.3624882265379796,0.4740035700038327,0.0,3,-33,battery
767.2919913566152,-216.0,665.0,316.0,1685.475007230899,1381.0,-751.0,608.0,2210.3823198713835,486.0,-2035.0,713.0,0.0,0.0,0.0,0.0,1165.7873296147245,2210.3823198713835,0.0,2210.3823198713835,848.3974022295032,646.0996519985497,121.19233935806552,767.2919913566152,-524.9073126404842,918.183015874284,1443.0903285147683,767.2919913566152,524.9073126404842,1685.475007230899,2210.3823198713835,0.164543731919396,0.3614456437324473,0.4740106243481566,0.0,3,-33,battery
766.9869620795389,-205.0,670.0,312.0,1684.1736846299434,1383.0,-746.0,606.0,2220.509401015902,475.0,-2051.0,706.0,0.0,0.0,0.0,0.0,1167.917511931346,2220.509401015902,0.0,2220.509401015902,851.3587289292886,651.6613392327487,115.32562284679034,766.9869620795389,-536.3357163859584,917.1867225504044,1453.522438936363,766.9869620795389,536.3357163859584,1684.1736846299434,2220.509401015902,0.1641783247198679,0.3605078413981655,0.4753138338819665,0.0,3,-32,battery
776.4026017473151,-226.0,675.0,310.0,1685.4684808681532,1372.0,-756.0,622.0,2215.598113377063,483.0,-2035.0,731.0,0.0,0.0,0.0,0.0,1169.3672989981328,2215.598113377063,0.0,2215.598113377063,848.940586869194,653.2661171281125,123.13648461920276,776.4026017473151,-530.1296325089097,909.065879120838,1439.1955116297477,776.4026017473151,530.1296325089097,1685.4684808681532,2215.598113377063,0.1659877530380116,0.3603376976404666,0.4736745493215217,0.0,3,-33,battery
773.1862647512564,-228.0,672.0,307.0,1682.1991558671048,1377.0,-751.0,608.0,2222.617600938137,486.0,-2043.0,728.0,0.0,0.0,0.0,0.0,1169.5007553891246,2222.617600938137,0.0,2222.617600938137,850.9864764755471,656.8023549111442,116.3839098401122,773.1862647512564,-540.4184450710322,909.0128911158484,1449.4313361868806,773.1862647512564,540.4184450710322,1682.1991558671048,2222.617600938137,0.1652812666405667,0.3595977061398715,0.4751210272195617,0.0,3,-33,battery
759.9539459730438,-216.0,657.0,315.0,1692.2062522045,1393.0,-748.0,603.0,2211.35184898288,486.0,-2035.0,716.0,0.0,0.0,0.0,0.0,1165.8780117901058,2211.35184898288,0.0,2211.35184898288,850.6002066919275,639.5497713757117,120.40417459733226,759.9539459730438,-519.1455967783793,932.2523062314564,1451.3979030098355,759.9539459730438,519.1455967783793,1692.2062522045,2211.35184898288,0.1629574317141035,0.3628609157844615,0.4741816525014349,0.0,3,-33,battery
764.2466879221656,-223.0,662.0,310.0,1691.759734714123,1381.0,-761.0,613.0,2219.5272019058475,477.0,-2046.0,716.0,0.0,0.0,0.0,0.0,1168.883406135534,2219.5272019058475,0.0,2219.5272019058475,852.5361182149366,646.0070775569451,118.2396103652204,764.2466879221656,-527.7674671917246,927.5130467919572,1455.280513983682,764.2466879221656,527.7674671917246,1691.759734714123,2219.5272019058475,0.1634565697294084,0.3618324389400136,0.4747109913305779,0.0,3,-33,battery
783.3275177089083,-211.0,685.0,316.0,1669.6373857817152,1372.0,-736.0,603.0,2206.092699774876,483.0,-2030.0,716.0,0.0,0.0,0.0,0.0,1164.7644008163747,2206.092699774876,0.0,2206.092699774876,842.8273195565456,659.8914158510343,123.43610185787384,783.3275177089083,-536.4553139931604,886.3098680728069,1422.765182065967,783.3275177089083,536.4553139931604,1669.6373857817152,2206.092699774876,0.1681300349581168,0.358363756784522,0.4735062082573612,0.0,3,-33,battery
756.8738336076892,-213.0,665.0,292.0,1677.0408462527082,1381.0,-736.0,603.0,2210.3459005323125,491.0,-2032.0,718.0,0.0,0.0,0.0,0.0,1161.0651450981777,2210.3459005323125,0.0,2210.3459005323125,848.3312907338428,645.0894439436466,111.78438966404246,756.8738336076892,-533.3050542796043,920.167012645019,1453.4720669246233,756.8738336076892,533.3050542796043,1677.0408462527082,2210.3459005323125,0.1629697172469356,0.361099644867666,0.4759306378853983,0.0,3,-33,battery
772.3373615202103,-221.0,680.0,292.0,1691.759734714123,1381.0,-761.0,613.0,2214.599286552761,480.0,-2041.0,713.0,0.0,0.0,0.0,0.0,1169.6740956967735,2214.599286552761,0.0,2214.599286552761,850.0670619756623,647.5884566794244,124.74890484078584,772.3373615202103,-522.8395518386385,919.4223731939128,1442.261925032551,772.3373615202103,522.8395518386385,1691.759734714123,2214.599286552761,0.1650753325994044,0.3615878433441631,0.4733368240564323,0.0,3,-33,battery
772.0595831929036,-226.0,670.0,310.0,1686.8651398378,1383.0,-748.0,611.0,2207.4759341836548,483.0,-2035.0,706.0,0.0,0.0,0.0,0.0,1166.6001643035895,2207.4759341836548,0.0,2207.4759341836548,847.1594045082884,646.3351887693792,125.72439442352449,772.0595831929036,-520.6107943458549,914.8055566448965,1435.4163509907512,772.0595831929036,520.6107943458549,1686.8651398378,2207.4759341836548,0.165450770284648,0.3614917071533214,0.4730575225620303,0.0,3,-32,battery
770.3797764739155,-216.0,675.0,302.0,1690.7436233799613,1383.0,-751.0,618.0,2216.836935816435,491.0,-2038.0,721.0,0.0,0.0,0.0,0.0,1169.490083917578,2216.836935816435,0.0,2216.836935816435,850.8285336179416,648.2365444551947,122.14323201872094,770.3797764739155,-526.0933124364738,920.3638469060458,1446.4571593425194,770.3797764739155,526.0933124364738,1690.7436233799613,2216.836935816435,0.1646828363634525,0.361427524403687,0.4738896392328605,0.0,3,-32,battery
777.8727402345451,-231.0,675.0,310.0,1679.9288675417183,1375.0,-756.0,600.0,2222.814882080827,491.0,-2048.0,711.0,0.0,0.0,0.0,0.0,1170.1541224642724,2222.814882080827,0.0,2222.814882080827,850.1632664846608,660.379377386827,117.49336284771812,777.8727402345451,-542.8860145391086,902.0561273071733,1444.942141846282,777.8727402345451,542.8860145391086,1679.9288675417183,2222.814882080827,0.1661902319748259,0.358911880770862,0.4748978872543122,0.0,3,-32,battery
771.5199284529208,-213.0,675.0,307.0,1682.6770337768326,1377.0,-748.0,613.0,2204.127718622494,491.0,-2027.0,713.0,0.0,0.0,0.0,0.0,1164.5811702130618,2204.127718622494,0.0,2204.127718622494,845.5511208585648,646.485306649291,125.03462180362976,771.5199284529208,-521.4506848456613,911.1571053239118,1432.607790169573,771.5199284529208,521.4506848456613,1682.6770337768326,2204.127718622494,0.1656217591753974,0.3612193543943752,0.4731588864302274,0.0,3,-33,battery
771.2548217029181,-236.0,667.0,307.0,1679.311168306815,1381.0,-746.0,597.0,2207.2781881765604,477.0,-2032.0,718.0,0.0,0.0,0.0,0.0,1164.4610445465732,2207.2781881765604,0.0,2207.2781881765604,846.0376621247443,649.6109207863317,121.64390091658628,771.2548217029181,-527.9670198697454,908.0563466038968,1436.0233664736425,771.2548217029181,527.9670198697454,1679.311168306815,2207.2781881765604,0.1655819285056537,0.360533994711845,0.4738840767825014,0.0,3,-33,battery
767.8574086378278,-218.0,665.0,316.0,1693.0983432748376,1383.0,-753.0,622.0,2222.3269336441026,498.0,-2038.0,733.0,0.0,0.0,0.0,0.0,1170.820671389192,2222.3269336441026,0.0,2222.3269336441026,853.1763917548127,648.5429995035463,119.3144091342815,767.8574086378278,-529.228590369265,925.2409346370098,1454.4695250062748,767.8574086378278,529.228590369265,1693.0983432748376,2222.3269336441026,0.1639570916797096,0.36151957012895,0.4745233381913403,0.0,3,-34,battery
783.9323950443686,-226.0,685.0,307.0,1682.3777815936585,1375.0,-751.0,613.0,2207.117803833769,491.0,-2032.0,708.0,0.0,0.0,0.0,0.0,1168.3569951179488,2207.117803833769,0.0,2207.117803833769,844.9972970128109,654.3362086422395,129.59618640212898,783.9323950443686,-524.7400222401104,898.4453865492899,1423.1854087894003,783.9323950443686,524.7400222401104,1682.3777815936585,2207.117803833769,0.1677424790368179,0.3599879550136595,0.4722695659495226,0.0,3,-32,battery
775.0741899973189,-228.0,670.0,316.0,1684.420968760482,1372.0,-761.0,613.0,2208.478661884692,475.0,-2032.0,723.0,0.0,0.0,0.0,0.0,1166.9934551606232,2208.478661884692,0.0,2208.478661884692,846.7433351448776,649.5659415607646,125.50824843655435,775.0741899973189,-524.0576931242101,909.346778763163,1433.4044718873731,775.0741899973189,524.0576931242101,1684.420968760482,2208.478661884692,0.1660408176605066,0.3608462758106558,0.4731129065288375,0.0,3,-32,battery
759.8506432187842,-218.0,660.0,307.0,1682.6517762151502,1372.0,-753.0,618.0,2204.9147375805715,481.0,-2032.0,708.0,0.0,0.0,0.0,0.0,1161.8542892536266,2204.9147375805715,0.0,2204.9147375805715,847.1595838700938,641.0568022921027,118.79384092668148,759.8506432187842,-522.2629613654212,922.801132996366,1445.0640943617873,759.8506432187842,522.2629613654212,1682.6517762151502,2204.9147375805715,0.1634995563227879,0.362061704246942,0.47443873943027,0.0,3,-32,battery
766.135105578644,-207.0,667.0,315.0,1693.040460237144,1391.0,-743.0,616.0,2211.5248133358123,472.0,-2043.0,703.0,0.0,0.0,0.0,0.0,1167.6750947879,2211.5248133358123,0.0,2211.5248133358123,850.0486003823949,642.3097293386562,123.82537623998792,766.135105578644,-518.4843530986684,926.9053546584998,1445.3897077571685,766.135105578644,518.4843530986684,1693.040460237144,2211.5248133358123,0.1640300262030096,0.3624810676776215,0.4734889061193688,0.0,3,-32,battery
763.9168802952321,-226.0,662.0,307.0,1674.3763017912072,1372.0,-736.0,616.0,2203.45864494889,477.0,-2025.0,726.0,0.0,0.0,0.0,0.0,1160.4379567588323,2203.45864494889,0.0,2203.45864494889,844.9659747666684,646.4996117264576,117.41726856877447,763.9168802952321,-529.082343157683,910.4594214959752,1439.541764653658,763.9168802952321,529.082343157683,1674.3763017912072,2203.45864494889,0.1645751235225221,0.3607207718514812,0.4747041046259966,0.0,3,-33,battery
770.3466752053909,-228.0,665.0,315.0,1673.9982078843454,1370.0,-743.0,611.0,2202.6863144805707,481.0,-2025.0,721.0,0.0,0.0,0.0,0.0,1161.7577993925768,2202.6863144805707,0.0,2202.6863144805707,843.9203549805617,649.5173909008081,120.82928430458288,770.3466752053909,-528.6881065962252,903.6515326789546,1432.3396392751797,770.3466752053909,528.6881065962252,1673.9982078843454,2202.6863144805707,0.1657717890097586,0.3602296039586721,0.4739986070315692,0.0,3,-33,battery
752.2373295709274,-231.0,650.0,300.0,1684.4527301174112,1375.0,-766.0,600.0,2209.7379935186887,486.0,-2035.0,711.0,0.0,0.0,0.0,0.0,1161.607013301757,2209.7379935186887,0.0,2209.7379935186887,849.8324226858919,638.7612964861023,113.47603308482508,752.2373295709274,-525.2852634012775,932.2154005464838,1457.5006639477613,752.2373295709274,525.2852634012775,1684.4527301174112,2209.7379935186887,0.1618958307235001,0.3625263774298149,0.4755777918466847,0.0,3,-33,battery
756.418534939487,-238.0,650.0,305.0,1685.225800894349,1381.0,-748.0,611.0,2203.2215049785623,462.0,-2030.0,721.0,0.0,0.0,0.0,0.0,1161.2164602030996,2203.2215049785623,0.0,2203.2215049785623,847.4439996562506,637.2071195118501,119.2114154276369,756.418534939487,-517.9957040842132,928.807265954862,1446.8029700390753,756.418534939487,517.9957040842132,1685.225800894349,2203.2215049785623,0.1628504591657242,0.362814741835385,0.4743347989988907,0.0,3,-33,battery
759.9197326033849,-223.0,657.0,310.0,1677.0026833610016,1375.0,-743.0,608.0,2212.075495999176,486.0,-2041.0,701.0,0.0,0.0,0.0,0.0,1162.249477990891,2212.075495999176,0.0,2212.075495999176,848.4984684193026,647.4962726207797,112.4234599826052,759.9197326033849,-535.0728126381744,917.0829507576168,1452.155763395791,759.9197326033849,535.0728126381744,1677.0026833610016,2212.075495999176,0.1634588242442172,0.3607234752774277,0.4758177004783549,0.0,3,-33,battery
775.3973175089013,-221.0,680.0,300.0,1685.1035576486092,1375.0,-743.0,630.0,2209.285404831164,483.0,-2038.0,703.0,0.0,0.0,0.0,0.0,1167.4465699971686,2209.285404831164,0.0,2209.285404831164,847.0582956336865,649.7895823457279,125.6077351631734,775.3973175089013,-524.1818471825545,909.706240139708,1433.8880873222624,775.3973175089013,524.1818471825545,1685.1035576486092,2209.285404831164,0.166045568473164,0.3608523937957812,0.4731020377310548,0.0,3,-33,battery
779.3644846924961,-228.0,680.0,305.0,1678.2005243712683,1372.0,-743.0,618.0,2202.152810319938,486.0,-2025.0,716.0,0.0,0.0,0.0,0.0,1164.9294548459256,2202.152810319938,0.0,2202.152810319938,843.3564579893692,651.658385320583,127.7060993719133,779.3644846924961,-523.9522859486697,898.8360396787722,1422.7883256274415,779.3644846924961,523.9522859486697,1678.2005243712683,2202.152810319938,0.1672557255399588,0.36015067637577,0.4725935980842711,0.0,3,-33,battery
795.1792250807362,-241.0,695.0,302.0,1697.569438933206,1383.0,-763.0,622.0,2211.016734445943,477.0,-2035.0,721.0,0.0,0.0,0.0,0.0,1175.9413496149714,2211.016734445943,0.0,2211.016734445943,847.244765263097,654.3132602967364,140.86596478399974,795.1792250807362,-513.4472955127367,902.39021385247,1415.8375093652066,795.1792250807362,513.4472955127367,1697.569438933206,2211.016734445943,0.169051633685025,0.360895855794387,0.4700525105205879,0.0,3,-33,battery
778.9293934625911,-241.0,675.0,305.0,1695.4141087061887,1388.0,-758.0,611.0,2212.8029736061003,477.0,-2038.0,718.0,0.0,0.0,0.0,0.0,1171.78661894372,2212.8029736061003,0.0,2212.8029736061003,849.3117034778486,648.1591291812514,130.77026428133968,778.9293934625911,-517.3888648999116,916.4847152435976,1433.8735801435091,778.9293934625911,517.3888648999116,1695.4141087061887,2212.8029736061003,0.1661841372972707,0.3617156232408765,0.4721002394618528,0.0,3,-33,battery
777.3969385069638,-236.0,675.0,305.0,1628.3887742182455,1355.0,-675.0,600.0,2204.696804551592,480.0,-2032.0,708.0,0.0,0.0,0.0,0.0,1152.6206293192004,2204.696804551592,0.0,2204.696804551592,837.0404320388656,676.852484420155,100.54445408680864,777.3969385069638,-576.3080303333463,850.9918357112817,1427.299866044628,777.3969385069638,576.3080303333463,1628.3887742182455,2204.696804551592,0.1686150930176688,0.3531927012229642,0.4781922057593668,0.0,3,-33,battery
767.3069789855948,-246.0,662.0,300.0,1702.1110422061188,1398.0,-753.0,613.0,2215.152139244616,477.0,-2043.0,711.0,0.0,0.0,0.0,0.0,1171.1425401090823,2215.152139244616,0.0,2215.152139244616,852.4291177258353,640.1740380120461,127.13294097354878,767.3069789855948,-513.0410970384974,934.804063220524,1447.8451602590212,767.3069789855948,513.0410970384974,1702.1110422061188,2215.152139244616,0.1637945324132207,0.3633441242019056,0.4728613433848737,0.0,3,-34,battery
773.0549786399413,-226.0,677.0,297.0,1679.5308868847872,1372.0,-746.0,618.0,2205.225158572249,475.0,-2032.0,713.0,0.0,0.0,0.0,0.0,1164.4527560242443,2205.225158572249,0.0,2205.225158572249,845.2300154322146,649.3746251637016,123.68035347623982,773.0549786399413,-525.6942716874617,906.475908244846,1432.1701799323075,773.0549786399413,525.6942716874617,1679.5308868847872,2205.225158572249,0.1659695884269619,0.3605837330445158,0.4734466785285223,0.0,3,-33,battery
758.54861413096,-236.0,660.0,290.0,1697.9225541820217,1398.0,-741.0,616.0,2209.6094677566894,475.0,-2035.0,718.0,0.0,0.0,0.0,0.0,1166.520159017418,2209.6094677566894,0.0,2209.6094677566894,851.1218882192952,635.1177638528138,123.43085027814618,758.54861413096,-511.6869135746679,939.3739400510616,1451.0608536257294,758.54861413096,511.6869135746679,1697.9225541820217,2209.6094677566894,0.1625665463788255,0.3638862434259631,0.4735472101952112,0.0,3,-33,battery
762.1456553704154,-256.0,637.0,331.0,1700.836264900299,1398.0,-746.0,618.0,2200.5047148324857,491.0,-2022.0,716.0,0.0,0.0,0.0,0.0,1165.8716587758,2200.5047148324857,0.0,2200.5047148324857,848.366680901227,630.9070526513011,131.2386027191144,762.1456553704154,-499.6684499321866,938.6906095298835,1438.3590594620705,762.1456553704154,499.6684499321866,1700.836264900299,2200.5047148324857,0.1634282919636907,0.3647134425341096,0.4718582655021997,0.0,3,-34,battery
764.1596691791578,-236.0,662.0,300.0,1699.8229319549728,1393.0,-743.0,630.0,2200.107497373708,472.0,-2020.0,733.0,0.0,0.0,0.0,0.0,1166.0225246269597,2200.107497373708,0.0,2200.107497373708,847.8468152104903,632.2221172989464,131.93755188021146,764.1596691791578,-500.2845654187349,935.6632627758148,1435.94782819455,764.1596691791578,500.2845654187349,1699.8229319549728,2200.107497373708,0.1638389595912034,0.3644489913474847,0.4717120490613117,0.0,3,-33,battery
757.8443111879907,-228.0,662.0,290.0,1675.393088203482,1375.0,-741.0,606.0,2201.0527026856944,496.0,-2016.0,731.0,0.0,0.0,0.0,0.0,1158.5725255192915,2201.0527026856944,0.0,2201.0527026856944,845.0949373365397,641.7519628351015,116.09234835288908,757.8443111879907,-525.6596144822124,917.5487770154912,1443.2083914977038,757.8443111879907,525.6596144822124,1675.393088203482,2201.0527026856944,0.1635297520214179,0.3615209776040007,0.4749492703745813,0.0,3,-33,battery
770.4303991925552,-223.0,675.0,297.0,1680.5624058629896,1375.0,-751.0,608.0,2212.971531674097,483.0,-2035.0,723.0,0.0,0.0,0.0,0.0,1165.9910841824103,2212.971531674097,0.0,2212.971531674097,848.0794724594664,651.4197625018314,119.01063669072391,770.4303991925552,-532.4091258111075,910.1320066704344,1442.5411324815418,770.4303991925552,532.4091258111075,1680.5624058629896,2212.971531674097,0.1651878838620749,0.3603291716079876,0.4744829445299374,0.0,3,-33,battery
762.7378317613465,-238.0,655.0,310.0,1704.8313699600908,1396.0,-753.0,625.0,2211.2629875254547,498.0,-2032.0,716.0,0.0,0.0,0.0,0.0,1169.708047311723,2211.2629875254547,0.0,2211.2629875254547,852.2082105062094,634.5847246633552,128.15310709799132,762.7378317613465,-506.4316175653639,942.0935381987445,1448.525155764108,762.7378317613465,506.4316175653639,1704.8313699600908,2211.2629875254547,0.1630188476334555,0.3643711295904591,0.4726100227760853,0.0,3,-33,battery
764.7731689854188,-223.0,675.0,282.0,1691.1031902282014,1383.0,-746.0,625.0,2216.368651646201,491.0,-2035.0,728.0,0.0,0.0,0.0,0.0,1168.0612527149551,2216.368651646201,0.0,2216.368651646201,851.4002642153508,645.0193152017094,119.75385378370947,764.7731689854188,-525.2654614179999,926.3300212427824,1451.5954826607824,764.7731689854188,525.2654614179999,1691.1031902282014,2216.368651646201,0.1636843032006747,0.3619465987544587,0.4743690980448665,0.0,3,-33,battery
763.3668842699426,-223.0,670.0,290.0,1694.3591708961828,1391.0,-746.0,616.0,2195.95036373776,501.0,-2011.0,726.0,0.0,0.0,0.0,0.0,1163.4191047259717,2195.95036373776,0.0,2195.95036373776,845.8138014708788,632.4790385557598,130.88784571418296,763.3668842699426,-501.5911928415769,930.9922866262402,1432.5834794678171,763.3668842699426,501.5911928415769,1694.3591708961828,2195.95036373776,0.1640352305478394,0.3640904563139496,0.4718743131382108,0.0,3,-32,battery
782.4301885791473,-223.0,682.0,312.0,1703.1109770064895,1393.0,-753.0,627.0,2207.1400046213653,501.0,-2025.0,721.0,0.0,0.0,0.0,0.0,1173.170292551751,2207.1400046213653,0.0,2207.1400046213653,848.3715074624088,643.2296080970115,139.20058048213582,782.4301885791473,-504.02902761487553,920.6807884273423,1424.709816042218,782.4301885791473,504.02902761487553,1703.1109770064895,2207.1400046213653,0.1667341462587864,0.3629291902077725,0.470336663533441,0.0,3,-32,battery
755.5984383255434,-210.0,650.0,323.0,1702.069916307788,1391.0,-756.0,625.0,2213.7989971991587,496.0,-2037.0,711.0,0.0,0.0,0.0,0.0,1167.8668379581227,2213.7989971991587,0.0,2213.7989971991587,853.4086352959505,633.663759608457,121.9346787170864,755.5984383255434,-511.7290808913708,946.4714779822446,1458.2005588736154,755.5984383255434,511.7290808913708,1702.069916307788,2213.7989971991587,0.1617475584045647,0.3643544497084223,0.4738979918870127,0.0,3,-33,battery
763.7414483972963,-226.0,665.0,300.0,1694.107729750384,1388.0,-751.0,616.0,2215.734866810558,486.0,-2038.0,721.0,0.0,0.0,0.0,0.0,1168.3960112395594,2215.734866810558,0.0,2215.734866810558,851.790180102757,642.684292728735,121.05715566856112,763.7414483972963,-521.6271370601739,930.3662813530876,1451.9934184132617,763.7414483972963,521.6271370601739,1694.107729750384,2215.734866810558,0.1634166500592204,0.3624857739699687,0.4740975759708109,0.0,3,-33,battery
770.6315591772764,-218.0,682.0,285.0,1700.3923076749084,1393.0,-751.0,622.0,2214.6028989414785,491.0,-2032.0,731.0,0.0,0.0,0.0,0.0,1171.4066914484158,2214.6028989414785,0.0,2214.6028989414785,851.6012055122258,642.4210752219233,128.21048395535308,770.6315591772764,-514.2105912665702,929.760748497632,1443.9713397642022,770.6315591772764,514.2105912665702,1700.3923076749084,2214.6028989414785,0.1644671241856253,0.3628953804191639,0.4726374953952107,0.0,3,-32,battery
774.3661924438592,-233.0,677.0,295.0,1692.2097978678648,1383.0,-751.0,622.0,2214.643537908528,481.0,-2038.0,721.0,0.0,0.0,0.0,0.0,1170.304882055063,2214.643537908528,0.0,2214.643537908528,849.9130738128961,648.3999662422611,125.96622620159816,774.3661924438592,-522.433740040663,917.8436054240055,1440.2773454646683,774.3661924438592,522.433740040663,1692.2097978678648,2214.643537908528,0.1654197560647758,0.3614890922475546,0.4730911516876694,0.0,3,-32,battery
791.2964046424071,-241.0,687.0,310.0,1692.452658126661,1386.0,-746.0,622.0,2217.313915529328,488.0,-2041.0,716.0,0.0,0.0,0.0,0.0,1175.265744574599,2217.313915529328,0.0,2217.313915529328,848.8269432749609,658.0788310225371,133.2175736198701,791.2964046424071,-524.861257402667,901.156253484254,1426.0175108869207,791.2964046424071,524.861257402667,1692.452658126661,2217.313915529328,0.1683228683162262,0.3600148872583842,0.4716622444253895,0.0,3,-32,battery
762.0852970632618,-207.0,657.0,326.0,1693.3579066458456,1386.0,-753.0,616.0,2208.952919371529,493.0,-2030.0,718.0,0.0,0.0,0.0,0.0,1166.099030770159,2208.952919371529,0.0,2208.952919371529,849.7882385847051,638.8401548944726,123.24514216878924,762.0852970632618,-515.5950127256833,931.2726095825838,1446.867622308267,762.0852970632618,515.5950127256833,1693.3579066458456,2208.952919371529,0.1633834856547168,0.3630390434180051,0.4735774709272781,0.0,3,-32,battery
760.1144650643085,-231.0,667.0,282.0,1705.33838284371,1403.0,-751.0,613.0,2215.07877963742,483.0,-2038.0,721.0,0.0,0.0,0.0,0.0,1170.1329068863597,2215.07877963742,0.0,2215.07877963742,853.7685460484465,634.9274309290092,125.18703413529944,760.1144650643085,-509.7403967937098,945.2239177794014,1454.964314573111,760.1144650643085,509.7403967937098,1705.33838284371,2215.07877963742,0.1623991729039821,0.3643471550982815,0.4732536719977362,0.0,3,-32,battery
770.1908854303588,-216.0,677.0,297.0,1704.1270492542508,1398.0,-746.0,627.0,2223.986960393428,493.0,-2030.0,763.0,0.0,0.0,0.0,0.0,1174.5762237695094,2223.986960393428,0.0,2223.986960393428,855.1087325921535,645.025398284768,125.16548714559076,770.1908854303588,-519.8599111391773,933.936163823892,1453.7960749630693,770.1908854303588,519.8599111391773,1704.1270492542508,2223.986960393428,0.163929524079464,0.3627110388343466,0.4733594370861894,0.0,3,-32,battery
768.55253561484,-218.0,670.0,307.0,1693.0002953337014,1388.0,-741.0,625.0,2217.480101376335,496.0,-2041.0,711.0,0.0,0.0,0.0,0.0,1169.7582330812193,2217.480101376335,0.0,2217.480101376335,851.5872980139526,646.5161708287368,122.03636478610338,768.55253561484,-524.4798060426335,924.4477597188612,1448.9275657614949,768.55253561484,524.4798060426335,1693.0002953337014,2217.480101376335,0.1642545685680755,0.3618269672003565,0.4739184642315677,0.0,3,-32,battery
774.1375846708387,-236.0,677.0,292.0,1691.151678590658,1383.0,-756.0,613.0,2207.070003420825,477.0,-2030.0,723.0,0.0,0.0,0.0,0.0,1168.0898166705804,2207.070003420825,0.0,2207.070003420825,847.4529073585682,645.0279547505029,129.10962992033592,774.1375846708387,-515.918324830167,917.0140939198192,1432.932418749986,774.1375846708387,515.918324830167,1691.151678590658,2207.070003420825,0.1656845162124116,0.3619481255754302,0.4723673582121582,0.0,3,-32,battery
761.6495257006335,-221.0,670.0,287.0,1704.4394973128262,1393.0,-756.0,627.0,2206.092699774876,483.0,-2030.0,716.0,0.0,0.0,0.0,0.0,1168.0454306970837,2206.092699774876,0.0,2206.092699774876,850.6980203501497,631.6513640813415,129.99816161929198,761.6495257006335,-501.6532024620494,942.7899716121927,1444.443174074242,761.6495257006335,501.6532024620494,1704.4394973128262,2206.092699774876,0.1630179583952665,0.3648059083403171,0.4721761332644165,0.0,3,-31,battery
767.6574757012401,-223.0,665.0,312.0,1687.341399954378,1377.0,-756.0,616.0,2217.626208358839,481.0,-2043.0,716.0,0.0,0.0,0.0,0.0,1168.1562710036142,2217.626208358839,0.0,2217.626208358839,850.8714218464096,648.9711420528505,118.68633364838956,767.6574757012401,-530.284808404461,919.683924253138,1449.968732657599,767.6574757012401,530.284808404461,1687.341399954378,2217.626208358839,0.1642882666378428,0.3611120878768876,0.4745996454852695,0.0,3,-32,battery
765.6533158029162,-216.0,665.0,312.0,1698.6188507137203,1393.0,-756.0,611.0,2211.834758746684,480.0,-2038.0,713.0,0.0,0.0,0.0,0.0,1169.02673131583,2211.834758746684,0.0,2211.834758746684,851.0655095050124,639.4346119179397,126.21870388497632,765.6533158029162,-513.2159080329634,932.9655349108042,1446.1814429437677,765.6533158029162,513.2159080329634,1698.6188507137203,2211.834758746684,0.1637373413482842,0.3632549207839313,0.4730077378677843,0.0,3,-32,battery
774.7986835301155,-228.0,677.0,300.0,1701.7511568969182,1396.0,-746.0,625.0,2207.260972336529,486.0,-2027.0,726.0,0.0,0.0,0.0,0.0,1170.9527031908906,2207.260972336529,0.0,2207.260972336529,849.0803948331074,640.154249484863,134.6444340452524,774.7986835301155,-505.5098154396108,926.9524733668028,1432.4622888064137,774.7986835301155,505.5098154396108,1701.7511568969182,2207.260972336529,0.1654205762151536,0.3633261941877715,0.4712532295970749,0.0,3,-32,battery
767.3910346101262,-216.0,667.0,312.0,1690.4277565160835,1383.0,-756.0,611.0,2217.749760455404,486.0,-2043.0,713.0,0.0,0.0,0.0,0.0,1168.8921378954033,2217.749760455404,0.0,2217.749760455404,851.412602658848,647.356519274723,120.03451533540306,767.3910346101262,-527.32200393932,923.0367219059576,1450.3587258452776,767.3910346101262,527.32200393932,1690.4277565160835,2217.749760455404,0.1641278544297119,0.3615448555329725,0.4743272900373156,0.0,3,-32,battery
776.9517359527553,-226.0,677.0,307.0,1686.196311228322,1375.0,-748.0,627.0,2215.122795693277,470.0,-2035.0,738.0,0.0,0.0,0.0,0.0,1169.5677107185886,2215.122795693277,0.0,2215.122795693277,848.8413397358071,652.9391102088553,124.01262574390012,776.9517359527553,-528.9264844649551,909.2445752755668,1438.1710597405215,776.9517359527553,528.9264844649551,1686.196311228322,2215.122795693277,0.1660766898812964,0.3604315286269988,0.4734917814917047,0.0,3,-32,battery
754.5071238894965,-216.0,660.0,295.0,1697.40095440058,1388.0,-751.0,625.0,2207.1400046213653,501.0,-2025.0,721.0,0.0,0.0,0.0,0.0,1164.7620207278603,2207.1400046213653,0.0,2207.1400046213653,850.7696133912818,632.1230870551409,122.38403683435558,754.5071238894965,-509.7390502207852,942.8938305110836,1452.632880731869,754.5071238894965,509.7390502207852,1697.40095440058,2207.1400046213653,0.1619444810318429,0.3643235536946579,0.473731965273499,0.0,3,-32,battery
772.4946601757192,-238.0,670.0,302.0,1693.864516423908,1383.0,-758.0,618.0,2212.9945774899675,480.0,-2041.0,708.0,0.0,0.0,0.0,0.0,1169.8384385223983,2212.9945774899675,0.0,2212.9945774899675,849.8797136980479,645.8123606208893,126.6822995548298,772.4946601757192,-519.1300610660594,921.3698562481889,1440.4999173142485,772.4946601757192,519.1300610660594,1693.864516423908,2212.9945774899675,0.1650857577289568,0.3619868480649766,0.4729273942060666,0.0,3,-32,battery
777.3834317761088,-241.0,670.0,312.0,1692.2319580955798,1381.0,-758.0,618.0,2200.440864917756,496.0,-2020.0,718.0,0.0,0.0,0.0,0.0,1167.514063697361,2200.440864917756,0.0,2200.440864917756,845.2156003463699,642.7961692991422,134.58726247696654,777.3834317761088,-508.2089068221756,914.848526319471,1423.0574331416465,777.3834317761088,508.2089068221756,1692.2319580955798,2200.440864917756,0.1664612564310872,0.362357938699365,0.4711808048695476,0.0,3,-32,battery
778.7136829412977,-221.0,677.0,315.0,1694.615590628152,1388.0,-743.0,627.0,2217.949728916325,496.0,-2038.0,721.0,0.0,0.0,0.0,0.0,1172.8197506214435,2217.949728916325,0.0,2217.949728916325,850.7927671015161,651.0239106147355,127.6897723265622,778.7136829412977,-523.3341382881731,915.9019076868542,1439.2360459750273,778.7136829412977,523.3341382881731,1694.615590628152,2217.949728916325,0.1659917652581907,0.361226776265113,0.4727814584766961,0.0,3,-32,battery
768.689794390429,-228.0,670.0,300.0,1699.268666220854,1391.0,-748.0,627.0,2213.54873449852,493.0,-2035.0,718.0,0.0,0.0,0.0,0.0,1170.3767987774509,2213.54873449852,0.0,2213.54873449852,851.3325724318589,641.4849313340476,127.20486305638155,768.689794390429,-514.280068277666,930.5788718304248,1444.8589401080908,768.689794390429,514.280068277666,1699.268666220854,2213.54873449852,0.1641970763589523,0.3629746992583652,0.4728282243826823,0.0,3,-32,battery
765.6389488525253,-223.0,665.0,307.0,1696.0014740559632,1393.0,-746.0,616.0,2211.566187117175,493.0,-2030.0,726.0,0.0,0.0,0.0,0.0,1168.3016525064158,2211.566187117175,0.0,2211.566187117175,850.5783319311502,640.6018309568688,125.0371178956566,765.6389488525253,-515.5647130612119,930.3625252034378,1445.9272382646498,765.6389488525253,515.5647130612119,1696.0014740559632,2211.566187117175,0.1638358867356649,0.3629202848462652,0.4732438284180699,0.0,3,-32,battery
762.859095770641,-223.0,665.0,300.0,1683.7395879410806,1381.0,-743.0,613.0,2197.9990900817043,488.0,-2020.0,716.0,0.0,0.0,0.0,0.0,1161.1494434483566,2197.9990900817043,0.0,2197.9990900817043,844.8462700276139,638.5592989556324,124.29979681500868,762.859095770641,-514.2595021406237,920.8804921704397,1435.1399943110632,762.859095770641,514.2595021406237,1683.7395879410806,2197.9990900817043,0.1642465360671229,0.3625156945648501,0.4732377693680268,0.0,3,-32,battery
775.4050554387687,-238.0,672.0,305.0,1698.877570633034,1386.0,-758.0,625.0,2214.816245199588,481.0,-2041.0,713.0,0.0,0.0,0.0,0.0,1172.2747178178477,2214.816245199588,0.0,2214.816245199588,850.8726320461163,645.6718650026611,129.73319043610763,775.4050554387687,-515.9386745665536,923.4725151942654,1439.411189760819,775.4050554387687,515.9386745665536,1698.877570633034,2214.816245199588,0.165363340958628,0.3623036360016876,0.4723330230396844,0.0,3,-31,battery
772.3405984408693,-231.0,670.0,307.0,1690.4369257680098,1377.0,-758.0,622.0,2211.8801956706425,481.0,-2043.0,698.0,0.0,0.0,0.0,0.0,1168.6644299698803,2211.8801956706425,0.0,2211.8801956706425,849.0280914805908,646.8919341717509,125.44866426911835,772.3405984408693,-521.4432699026327,918.0963273271406,1439.539597229773,772.3405984408693,521.4432699026327,1690.4369257680098,2211.8801956706425,0.1652186416037267,0.3616172620680293,0.4731640963282437,0.0,3,-31,battery
762.6552301007317,-223.0,667.0,295.0,1689.781938594445,1383.0,-743.0,625.0,2212.0002260397714,486.0,-2035.0,718.0,0.0,0.0,0.0,0.0,1166.109348683737,2212.0002260397714,0.0,2212.0002260397714,850.1039565326059,642.4367587730293,120.21847132770245,762.6552301007317,-522.2182874453267,927.126708493713,1449.3449959390396,762.6552301007317,522.2182874453267,1689.781938594445,2212.0002260397714,0.1635042268895258,0.3622691860977298,0.4742265870127444,0.0,3,-31,battery
771.4778026618783,-233.0,675.0,292.0,1705.5406767356797,1391.0,-758.0,632.0,2212.4561012594127,491.0,-2035.0,716.0,0.0,0.0,0.0,0.0,1172.3686451642425,2212.4561012594127,0.0,2212.4561012594127,851.6478203082295,639.1966135928056,132.28118906907252,771.4778026618783,-506.915424523733,934.0628740738014,1440.9782985975344,771.4778026618783,506.915424523733,1705.5406767356797,2212.4561012594127,0.1645126312964892,0.3636954732137054,0.4717918954898055,0.0,3,-31,battery
767.956378969535,-218.0,667.0,312.0,1693.1550431073936,1386.0,-763.0,603.0,2214.981941235639,475.0,-2038.0,726.0,0.0,0.0,0.0,0.0,1169.023340828142,2214.981941235639,0.0,2214.981941235639,850.9132908816326,644.8916385488902,123.06474042064474,767.956378969535,-521.8268981282456,925.1986641378586,1447.0255622661043,767.956378969535,521.8268981282456,1693.1550431073936,2214.981941235639,0.1642303348762717,0.3620875186948692,0.4736821464288589,0.0,3,-31,battery
771.2146264173158,-228.0,672.0,302.0,1682.1191991056996,1372.0,-746.0,625.0,2211.5388307692,486.0,-2038.0,708.0,0.0,0.0,0.0,0.0,1166.218164073054,2211.5388307692,0.0,2211.5388307692,847.7826630605723,650.3171290404081,120.89749737690772,771.2146264173158,-529.4196316635005,910.9045726883838,1440.3242043518844,771.2146264173158,529.4196316635005,1682.1191991056996,2211.5388307692,0.1653238326617689,0.3605927370464813,0.4740834302917497,0.0,3,-32,battery
768.0989519586653,-226.0,670.0,300.0,1701.119925225732,1391.0,-748.0,632.0,2209.7246434793637,483.0,-2035.0,713.0,0.0,0.0,0.0,0.0,1169.7358801659402,2209.7246434793637,0.0,2209.7246434793637,850.5204116612447,638.3518351061484,129.74711685251714,768.0989519586653,-508.6047182536313,933.0209732670668,1441.625691520698,768.0989519586653,508.6047182536313,1701.119925225732,2209.7246434793637,0.1641607659007822,0.3635692368828613,0.4722699972163564,0.0,3,-32,battery
773.5509033024265,-216.0,675.0,310.0,1686.8651398378,1383.0,-748.0,611.0,2204.550747884929,506.0,-2022.0,718.0,0.0,0.0,0.0,0.0,1166.2416977562889,2204.550747884929,0.0,2204.550747884929,846.0880878575995,645.6182556747777,127.93264762764876,773.5509033024265,-517.6856080471291,913.3142365353734,1430.9998445825026,773.5509033024265,517.6856080471291,1686.8651398378,2204.550747884929,0.1658213097659445,0.3616028184987573,0.4725758717352981,0.0,3,-32,battery
767.2098800198027,-231.0,665.0,305.0,1695.327991864701,1383.0,-758.0,622.0,2202.8556466550413,477.0,-2020.0,738.0,0.0,0.0,0.0,0.0,1166.3483796348862,2202.8556466550413,0.0,2202.8556466550413,847.6212050928618,637.3687674050715,129.84111261473117,767.2098800198027,-507.5276547903402,928.1181118448984,1435.6457666352385,767.2098800198027,507.5276547903402,1695.327991864701,2202.8556466550413,0.1644469811541149,0.3633837071037486,0.4721693117421364,0.0,3,-33,battery
772.7075772891062,-233.0,672.0,302.0,1692.649993353617,1386.0,-738.0,632.0,2185.893181287686,493.0,-2002.0,726.0,0.0,0.0,0.0,0.0,1162.8126879826025,2185.893181287686,0.0,2185.893181287686,841.388229455746,632.9753826115875,139.7321946775187,772.7075772891062,-493.2431879340688,919.9424160645108,1413.1856039985796,772.7075772891062,493.2431879340688,1692.649993353617,2185.893181287686,0.1661289873413961,0.3639128663727958,0.469958146285808,0.0,3,-33,battery
764.2466879221656,-223.0,662.0,310.0,1696.8137788219426,1388.0,-748.0,627.0,2199.022964864169,503.0,-2022.0,703.0,0.0,0.0,0.0,0.0,1165.020857902069,2199.022964864169,0.0,2199.022964864169,847.0327034141754,633.227936982196,131.01875093996978,764.2466879221656,-502.2091860422263,932.567090899777,1434.7762769420033,764.2466879221656,502.2091860422263,1696.8137788219426,2199.022964864169,0.1639984989836138,0.3641166094394027,0.4718848915769834,0.0,3,-34,battery
773.0595061183841,-236.0,670.0,305.0,1695.5382626175087,1383.0,-756.0,625.0,2206.5407315524453,486.0,-2035.0,701.0,0.0,0.0,0.0,0.0,1168.7846250720845,2206.5407315524453,0.0,2206.5407315524453,848.0953662148537,642.0309875266603,131.0285185917237,773.0595061183841,-511.0024689349366,922.4787564991246,1433.4812254340611,773.0595061183841,511.0024689349366,1695.5382626175087,2206.5407315524453,0.165355423389212,0.362671236908369,0.4719733397024189,0.0,3,-33,battery
767.6913442263108,-241.0,662.0,305.0,1703.334964121855,1393.0,-751.0,630.0,2195.640453261872,488.0,-2022.0,703.0,0.0,0.0,0.0,0.0,1166.6666904025094,2195.640453261872,0.0,2195.640453261872,846.6245233308891,629.9984166831641,137.69292754314665,767.6913442263108,-492.3054891400175,935.643619895544,1427.9491090355614,767.6913442263108,492.3054891400175,1703.334964121855,2195.640453261872,0.1645052847016338,0.3650003420287482,0.4704943732696179,0.0,3,-33,battery
765.4835073337636,-226.0,667.0,300.0,1697.0574533586068,1388.0,-756.0,618.0,2210.58318097284,493.0,-2030.0,723.0,0.0,0.0,0.0,0.0,1168.2810354163023,2210.58318097284,0.0,2210.58318097284,850.4593889696391,639.5046174739985,125.9788898597651,765.4835073337636,-513.5257276142333,931.5739460248432,1445.0996736390766,765.4835073337636,513.5257276142333,1697.0574533586068,2210.58318097284,0.1638055151389564,0.3631526580318667,0.4730418268291769,0.0,3,-34,battery
769.3906679964347,-223.0,667.0,312.0,1699.6143680258767,1386.0,-758.0,627.0,2203.481563344699,491.0,-2027.0,711.0,0.0,0.0,0.0,0.0,1168.1216498417523,2203.481563344699,0.0,2203.481563344699,848.2259788352286,636.6289316576286,132.76173633880603,769.3906679964347,-503.8671953188225,930.223700029442,1434.0908953482644,769.3906679964347,503.8671953188225,1699.6143680258767,2203.481563344699,0.164664071610321,0.3637494365968062,0.4715864917928729,0.0,3,-34,battery
770.6107967060934,-221.0,670.0,310.0,1685.5141648767,1375.0,-758.0,613.0,2215.7044026674675,488.0,-2041.0,711.0,0.0,0.0,0.0,0.0,1167.957341062565,2215.7044026674675,0.0,2215.7044026674675,849.6539880787134,650.4005172484304,120.21027945766308,770.6107967060934,-530.1902377907675,914.9033681706068,1445.093605961374,770.6107967060934,530.1902377907675,1685.5141648767,2215.7044026674675,0.1649484038528795,0.360782475870069,0.4742691202770513,0.0,3,-34,battery
780.1474219658744,-226.0,677.0,315.0,1683.2857749057348,1377.0,-751.0,611.0,2212.535875415357,481.0,-2035.0,723.0,0.0,0.0,0.0,0.0,1168.9922680717416,2212.535875415357,0.0,2212.535875415357,847.2343696926405,654.6987612377484,125.448660728126,780.1474219658744,-529.2501005096224,903.1383529398604,1432.3884534494828,780.1474219658744,529.2501005096224,1683.2857749057348,2212.535875415357,0.1668418695473348,0.3599865073706438,0.4731716230820212,0.0,3,-34,battery
757.2714176568398,-216.0,660.0,302.0,1688.0595368647398,1377.0,-746.0,630.0,2218.2727514893204,481.0,-2043.0,718.0,0.0,0.0,0.0,0.0,1165.900926502725,2218.2727514893204,0.0,2218.2727514893204,852.4140892665298,643.7423161407102,113.52910151612969,757.2714176568398,-530.2132146245806,930.7881192079,1461.001333832481,757.2714176568398,530.2132146245806,1688.0595368647398,2218.2727514893204,0.1623790239039384,0.3619646186250788,0.4756563574709826,0.0,3,-33,battery
762.2027289376495,-218.0,665.0,302.0,1699.0238373842787,1388.0,-753.0,627.0,2214.760483664091,486.0,-2038.0,718.0,0.0,0.0,0.0,0.0,1168.9967624965047,2214.760483664091,0.0,2214.760483664091,852.435522061751,638.9696876087309,123.23304132891847,762.2027289376495,-515.7366462798125,936.8211084466292,1452.5577547264418,762.2027289376495,515.7366462798125,1699.0238373842787,2214.760483664091,0.1630036013337394,0.3633508431956326,0.473645555470628,0.0,3,-33,battery
767.7245599822895,-226.0,665.0,310.0,1694.694072686867,1386.0,-756.0,616.0,2209.477766351135,472.0,-2032.0,728.0,0.0,0.0,0.0,0.0,1167.974099755073,2209.477766351135,0.0,2209.477766351135,849.4891125266569,641.2541268232787,126.47043315901078,767.7245599822895,-514.783693664268,926.9695127045776,1441.7532063688454,767.7245599822895,514.783693664268,1694.694072686867,2209.477766351135,0.1643282501177216,0.3627422202774549,0.4729295296048234,0.0,3,-34,battery
760.4958908501742,-223.0,660.0,305.0,1689.2678887612824,1381.0,-753.0,616.0,2212.0002260397714,486.0,-2035.0,718.0,0.0,0.0,0.0,0.0,1165.441001412807,2212.0002260397714,0.0,2212.0002260397714,850.2814370700524,641.6141140643315,118.8817767858427,760.4958908501742,-522.732337278489,928.7719979111082,1451.5043351895972,760.4958908501742,522.732337278489,1689.2678887612824,2212.0002260397714,0.1631347897337279,0.3623666677921631,0.4744985424741089,0.0,3,-34,battery
764.1976184207851,-218.0,665.0,307.0,1698.3892368947702,1391.0,-746.0,627.0,2213.1924904987363,486.0,-2037.0,716.0,0.0,0.0,0.0,0.0,1168.9448364535729,2213.1924904987363,0.0,2213.1924904987363,851.6185879421195,639.5004360123756,124.6971824084094,764.1976184207851,-514.8032536039661,934.191618473985,1448.9948720779512,764.1976184207851,514.8032536039661,1698.3892368947702,2213.1924904987363,0.163437485369126,0.363231262915593,0.473331251715281,0.0,3,-33,battery
764.5305749281712,-213.0,667.0,307.0,1700.651639813398,1396.0,-746.0,622.0,2197.1103750153293,483.0,-2022.0,711.0,0.0,0.0,0.0,0.0,1165.5731474392246,2197.1103750153293,0.0,2197.1103750153293,847.0203586506169,630.4946550650511,134.03591986311994,764.5305749281712,-496.4587352019312,936.1210648852268,1432.5798000871582,764.5305749281712,496.4587352019312,1700.651639813398,2197.1103750153293,0.1639816807310318,0.3647672485312797,0.4712510707376885,0.0,3,-34,battery
753.3392330152466,-216.0,660.0,292.0,1700.8500815768566,1393.0,-761.0,611.0,2220.303132457368,496.0,-2037.0,731.0,0.0,0.0,0.0,0.0,1168.623111762368,2220.303132457368,0.0,2220.303132457368,855.4877396285937,636.396141947879,116.9430910673675,753.3392330152466,-519.4530508805115,947.51084856161,1466.9638994421216,753.3392330152466,519.4530508805115,1700.8500815768566,2220.303132457368,0.1611595786170865,0.3638577023801652,0.4749827190027482,0.0,3,-34,battery
768.3156903252725,-228.0,665.0,310.0,1694.3591708961828,1391.0,-746.0,616.0,2215.2954656207826,481.0,-2038.0,723.0,0.0,0.0,0.0,0.0,1169.4925817105595,2215.2954656207826,0.0,2215.2954656207826,851.1528072702165,644.6259925249361,123.68969780033626,768.3156903252725,-520.9362947245997,926.0434805709104,1446.97977529551,768.3156903252725,520.9362947245997,1694.3591708961828,2215.2954656207826,0.1642412492265438,0.3621996405522142,0.4735591102212419,0.0,3,-33,battery
776.9903474303912,-233.0,680.0,295.0,1696.8137788219426,1388.0,-748.0,627.0,2210.14230311082,493.0,-2032.0,716.0,0.0,0.0,0.0,0.0,1170.9866073407884,2210.14230311082,0.0,2210.14230311082,848.9377865477012,645.1594358596345,131.83091157075685,776.9903474303912,-513.3285242888776,919.8234313915514,1433.151955680429,776.9903474303912,513.3285242888776,1696.8137788219426,2210.14230311082,0.1658836963974486,0.3622615681906181,0.4718547354119332,0.0,3,-33,battery
769.6681102917023,-233.0,662.0,316.0,1688.3604472979105,1381.0,-746.0,622.0,2209.473466688388,488.0,-2030.0,723.0,0.0,0.0,0.0,0.0,1166.8755060695,2209.473466688388,0.0,2209.473466688388,848.2819715961481,645.3905648410896,124.2775454506127,769.6681102917023,-521.1130193904769,918.6923370062082,1439.805356396685,769.6681102917023,521.1130193904769,1688.3604472979105,2209.473466688388,0.1648993629329511,0.3617267734466761,0.4733738636203726,0.0,3,-33,nail cutter
941.8789731170348,-56.0,740.0,580.0,1699.8667594844014,1377.0,-753.0,653.0,2124.864936884225,421.0,-1981.0,643.0,0.0,0.0,0.0,0.0,1191.6526673714152,2124.864936884225,0.0,2124.864936884225,808.020680642885,683.4385752584292,258.4403978586058,941.8789731170348,-424.99817739982336,757.9877863673667,1182.98596376719,941.8789731170348,424.99817739982336,1699.8667594844014,2124.864936884225,0.1975993086967742,0.356619593533496,0.4457810977697298,0.0,3,-32,nail cutter
864.2713694205079,-36.0,737.0,450.0,1693.240975171579,1372.0,-741.0,660.0,2095.3875536520686,416.0,-1968.0,587.0,0.0,0.0,0.0,0.0,1163.2249745610388,2095.3875536520686,0.0,2095.3875536520686,805.0325512409238,633.2089739504988,231.06239547000928,864.2713694205079,-402.1465784804896,828.9696057510712,1231.1161842315607,864.2713694205079,402.1465784804896,1693.240975171579,2095.3875536520686,0.1857489712483722,0.3639108969033591,0.4503401318482686,0.0,3,-32,nail cutter
861.3553273765712,-58.0,740.0,437.0,1696.452180286848,1375.0,-741.0,662.0,2094.88066485898,416.0,-1962.0,605.0,0.0,0.0,0.0,0.0,1163.1720431305996,2094.88066485898,0.0,2094.88066485898,805.6877795271481,629.8919059743512,231.46342140221984,861.3553273765712,-398.4284845721313,835.0968529102769,1233.5253374824083,861.3553273765712,398.4284845721313,1696.452180286848,2094.88066485898,0.1851306804662986,0.3646176398207097,0.4502516797129916,0.0,3,-33,nail cutter
1024.0830044483698,-61.0,700.0,745.0,1682.1480315358692,1365.0,-741.0,646.0,2153.9584489957087,438.0,-1997.0,678.0,0.0,0.0,0.0,0.0,1215.047371244987,2153.9584489957087,0.0,2153.9584489957087,808.1683832164226,747.9467109541048,276.13629349426515,1024.0830044483698,-471.8104174598395,658.0650270874994,1129.875444547339,1024.0830044483698,471.8104174598395,1682.1480315358692,2153.9584489957087,0.2107084523377579,0.3461074998689705,0.4431840477932715,0.0,3,-32,nail cutter
1495.8532682051405,-337.0,622.0,1318.0,1690.5756416085026,1381.0,-751.0,622.0,2208.1037113324182,475.0,-2041.0,696.0,0.0,0.0,0.0,0.0,1348.6331552865154,2208.1037113324182,0.0,2208.1037113324182,820.9901719642797,1006.690668964528,489.1625992406125,1495.8532682051405,-517.5280697239157,194.7223734033621,712.2504431272778,1495.8532682051405,517.5280697239157,1690.5756416085026,2208.1037113324182,0.2772906150092663,0.3133868604263518,0.4093225245643819,0.0,3,-32,nail cutter
948.6500935539932,-43.0,682.0,658.0,1688.6841030814496,1377.0,-738.0,641.0,2159.37259406523,455.0,-2008.0,651.0,0.0,0.0,0.0,0.0,1199.1766976751685,2159.37259406523,0.0,2159.37259406523,815.8403629098516,709.6692922688866,238.9808012851065,948.6500935539932,-470.6884909837802,740.0340095274564,1210.7225005112366,948.6500935539932,470.6884909837802,1688.6841030814496,2159.37259406523,0.1977711240122351,0.3520507249588998,0.450178151028865,0.0,3,-32,nail cutter
905.838837763098,0.0,712.0,560.0,1690.0068047200284,1375.0,-743.0,643.0,2150.0646501907795,433.0,-2008.0,635.0,0.0,0.0,0.0,0.0,1186.4775731684765,2150.0646501907795,0.0,2150.0646501907795,816.781622202803,682.9483416169246,222.89049614617352,905.838837763098,-460.0578454707511,784.1679669569305,1244.2258124276816,905.838837763098,460.0578454707511,1690.0068047200284,2150.0646501907795,0.1908672481992357,0.3560975030077648,0.4530352487929994,0.0,3,-32,nail cutter
893.4086411043941,1.0,717.0,533.0,1686.0432971901996,1367.0,-753.0,638.0,2144.859435953788,431.0,-2006.0,625.0,0.0,0.0,0.0,0.0,1181.0778435620955,2144.859435953788,0.0,2144.859435953788,815.7149486473267,676.1123899339912,217.2962511704029,893.4086411043941,-458.8161387635882,792.6346560858055,1251.4507948493938,893.4086411043941,458.8161387635882,1686.0432971901996,2144.859435953788,0.1891087547646098,0.3568865732222068,0.4540046720131833,0.0,3,-32,nail cutter
888.7187406598333,-11.0,690.0,560.0,1673.6182360383148,1365.0,-738.0,627.0,2147.1935171288123,426.0,-2008.0,630.0,0.0,0.0,0.0,0.0,1177.38262345674,2147.1935171288123,0.0,2147.1935171288123,814.9140494445559,681.1470108751654,207.57172978466792,888.7187406598333,-473.5752810904976,784.8994953784814,1258.4747764689791,888.7187406598333,473.5752810904976,1673.6182360383148,2147.1935171288123,0.1887064415072215,0.3553683829485801,0.4559251755441984,0.0,3,-33,nail cutter
907.4293360917972,-18.0,720.0,552.0,1697.6577982620645,1377.0,-748.0,653.0,2095.9145974967587,413.0,-1960.0,617.0,0.0,0.0,0.0,0.0,1175.250432962655,2095.9145974967587,0.0,2095.9145974967587,802.1024995728985,652.8430676632458,254.58626842855145,907.4293360917972,-398.2567992346944,790.228462170267,1188.4852614049614,907.4293360917972,398.2567992346944,1697.6577982620645,2095.9145974967587,0.1930289303966229,0.3611268183034163,0.4458442512999608,0.0,3,-32,nail cutter
874.2522519273256,-96.0,710.0,501.0,1692.543057059406,1370.0,-751.0,651.0,2102.432162995991,416.0,-1957.0,646.0,0.0,0.0,0.0,0.0,1167.3068679956805,2102.432162995991,0.0,2102.432162995991,806.0426018084372,642.0706789319553,232.1815729953703,874.2522519273256,-409.8891059365849,818.2908051320804,1228.1799110686652,874.2522519273256,409.8891059365849,1692.543057059406,2102.432162995991,0.1872370230778426,0.3624888843422938,0.4502740925798636,0.0,3,-32,nail cutter
913.7143973912198,-120.0,725.0,543.0,1706.8667200458272,1383.0,-768.0,641.0,2133.5674350720674,385.0,-1978.0,701.0,0.0,0.0,0.0,0.0,1188.5371381272785,2133.5674350720674,0.0,2133.5674350720674,813.925040339845,670.20755620873,243.50684118248975,913.7143973912198,-426.7007150262402,793.1523226546074,1219.8530376808476,913.7143973912198,426.7007150262402,1706.8667200458272,2133.5674350720674,0.192193068285379,0.3590267954805468,0.4487801362340743,0.0,3,-33,nail cutter
936.018162216952,-31.0,660.0,663.0,1715.830411200361,1375.0,-800.0,643.0,2119.843862174759,380.0,-1967.0,693.0,0.0,0.0,0.0,0.0,1192.923108898018,2119.843862174759,0.0,2119.843862174759,809.580111080483,670.0158065956751,266.0023556212768,936.018162216952,-404.0134509743982,779.8122489834091,1183.8256999578073,936.018162216952,404.0134509743982,1715.830411200361,2119.843862174759,0.1961606232696786,0.3595852906197339,0.4442540861105875,0.0,3,-33,nail cutter
921.024429643427,6.0,735.0,555.0,1710.1970646682796,1370.0,-785.0,657.0,2089.472660744811,368.0,-1946.0,666.0,0.0,0.0,0.0,0.0,1180.1735387641293,2089.472660744811,0.0,2089.472660744811,801.204979016576,650.1500128599793,270.8744167834477,921.024429643427,-379.2755960765314,789.1726350248526,1168.448231101384,921.024429643427,379.2755960765314,1710.1970646682796,2089.472660744811,0.1951036011635878,0.3622766077392287,0.4426197910971836,0.0,3,-33,nail cutter
821.4700237987994,-190.0,712.0,363.0,1742.1392022453315,1406.0,-778.0,673.0,2719.8279357341708,582.0,-1798.0,1956.0,0.0,0.0,0.0,0.0,1320.8592904445754,2719.8279357341708,0.0,2719.8279357341708,1015.9538546834956,899.5793786438194,-78.10935484501988,821.4700237987994,-977.6887334888391,920.669178446532,1898.3579119353712,821.4700237987994,977.6887334888391,1742.1392022453315,2719.8279357341708,0.1554802297529944,0.3297359557616015,0.514783814485404,0.0,3,-32,nail cutter
907.9928413814724,-101.0,785.0,445.0,1734.1404210732187,1383.0,-773.0,705.0,2024.2240488641569,545.0,-1647.0,1043.0,0.0,0.0,0.0,0.0,1166.589327829712,2024.2240488641569,0.0,2024.2240488641569,788.2661924716934,599.0382345862052,308.9546067952673,907.9928413814724,-290.08362779093795,826.1475796917462,1116.231207482684,907.9928413814724,290.08362779093795,1734.1404210732187,2024.2240488641569,0.1945827935591257,0.3716261540595785,0.4337910523812957,0.0,3,-33,nail cutter
854.7999766027137,-253.0,775.0,257.0,1706.6842121493946,1391.0,-753.0,641.0,2224.282580968524,480.0,-2048.0,723.0,0.0,0.0,0.0,0.0,1196.441692430158,2224.282580968524,0.0,2224.282580968524,846.3149689181082,686.1991727109216,168.6008038917921,854.7999766027137,-517.5983688191295,851.8842355466809,1369.4826043658104,854.7999766027137,517.5983688191295,1706.6842121493946,2224.282580968524,0.1786129616702178,0.3566166706968509,0.4647703676329312,0.0,3,-32,nail cutter
795.0861588532402,-187.0,707.0,312.0,1697.9973498212537,1375.0,-761.0,643.0,2214.375532740551,481.0,-2037.0,723.0,0.0,0.0,0.0,0.0,1176.864760353761,2214.375532740551,0.0,2214.375532740551,848.3474145876111,655.7321708862689,139.35398796697132,795.0861588532402,-516.3781829192976,902.9111909680132,1419.2893738873108,795.0861588532402,516.3781829192976,1697.9973498212537,2214.375532740551,0.1688992196975632,0.3607035844354032,0.4703971958670336,0.0,3,-31,nail cutter
768.5818108698644,-223.0,667.0,310.0,1734.01874268994,1426.0,-736.0,657.0,2100.6770337203197,462.0,-1938.0,666.0,0.0,0.0,0.0,0.0,1150.8193968200308,2100.6770337203197,0.0,2100.6770337203197,823.5353458733755,567.6200509501219,200.9617599197425,768.5818108698644,-366.65829103037936,965.4369318200756,1332.0952228504548,768.5818108698644,366.65829103037936,1734.01874268994,2100.6770337203197,0.166964037318459,0.3766921959000296,0.4563437667815114,0.0,3,-34,nail cutter
766.9511066554373,-210.0,667.0,315.0,1541.0908474194505,1150.0,-206.0,1005.0,2216.7609253142296,436.0,-2037.0,758.0,0.0,0.0,0.0,0.0,1131.2007198472793,2216.7609253142296,0.0,2216.7609253142296,830.473317703222,721.3105922751082,45.64051438032925,766.9511066554373,-675.6700778947791,774.1397407640131,1449.8098186587922,766.9511066554373,675.6700778947791,1541.0908474194505,2216.7609253142296,0.1694993410981433,0.340587399826688,0.4899132590751686,0.0,3,-37,nail cutter
999.8124824185784,-162.0,750.0,641.0,1718.1292151639818,1388.0,-768.0,660.0,2091.5233682653416,455.0,-1911.0,718.0,0.0,0.0,0.0,0.0,1202.3662664619756,2091.5233682653416,0.0,2091.5233682653416,797.3901875959409,686.6033177599691,313.2091646586093,999.8124824185784,-373.3941531013597,718.3167327454034,1091.7108858467632,999.8124824185784,373.3941531013597,1718.1292151639818,2091.5233682653416,0.207884342381082,0.3572391506416063,0.4348765069773115,0.0,3,-33,nail cutter
867.4082084001742,-98.0,757.0,412.0,1706.4507024816155,1370.0,-743.0,695.0,2062.274957419597,377.0,-1932.0,615.0,0.0,0.0,0.0,0.0,1159.0334670753468,2062.274957419597,0.0,2062.274957419597,797.4827096553888,611.6162316690777,255.7919767310966,867.4082084001742,-355.8242549379811,839.0424940814415,1194.8667490194223,867.4082084001742,355.8242549379811,1706.4507024816155,2062.274957419597,0.1870973170837234,0.3680762357077567,0.4448264472085196,0.0,3,-33,nail cutter
879.7459860664327,-120.0,732.0,473.0,1711.0222090902269,1381.0,-756.0,670.0,2079.6254470456934,377.0,-1933.0,668.0,0.0,0.0,0.0,0.0,1167.598410550588,2079.6254470456934,0.0,2079.6254470456934,802.0672987223329,624.1746120109495,255.57137405548315,879.7459860664327,-368.6032379554665,831.2762230237942,1199.8794609792608,879.7459860664327,368.6032379554665,1711.0222090902269,2079.6254470456934,0.1883665603937365,0.3663550313252362,0.4452784082810273,0.0,3,-33,nail cutter
855.5261538959519,-130.0,767.0,356.0,1744.844978787514,1388.0,-778.0,716.0,2067.209955471384,342.0,-1933.0,648.0,0.0,0.0,0.0,0.0,1166.8952720387124,2067.209955471384,0.0,2067.209955471384,806.7198547784104,588.9455652899106,266.58058860604115,855.5261538959519,-322.3649766838696,889.3188248915621,1211.6838015754315,855.5261538959519,322.3649766838696,1744.844978787514,2067.209955471384,0.1832911175484584,0.3738221031050736,0.442886779346468,0.0,3,-34,nail cutter
871.2227040200456,-223.0,730.0,420.0,1736.657997419181,1406.0,-763.0,676.0,2109.2332730165244,452.0,-1825.0,956.0,0.0,0.0,0.0,0.0,1179.2784936139378,2109.2332730165244,0.0,2109.2332730165244,815.6414558491015,621.8989898086945,249.323714211351,871.2227040200456,-372.57527559734353,865.4352933991353,1238.010568996479,871.2227040200456,372.57527559734353,1736.657997419181,2109.2332730165244,0.1846940117915139,0.3681611270839713,0.4471448611245147,0.0,3,-34,nail cutter
841.0077288586592,-243.0,727.0,346.0,0.0,0.0,0.0,0.0,0.0,0.0,0.0,0.0,0.0,0.0,0.0,0.0,210.2519322146648,841.0077288586592,0.0,841.0077288586592,364.167028985327,420.5038644293296,420.5038644293296,841.0077288586592,0.0,841.0077288586592,841.0077288586592,841.0077288586592,0.0,0.0,0.0,1.0,0.0,0.0,0.0,1,-34,nail cutter
0.0,0.0,0.0,0.0,1723.5692617356576,1401.0,-771.0,643.0,0.0,0.0,0.0,0.0,0.0,0.0,0.0,0.0,430.8923154339144,1723.5692617356576,0.0,1723.5692617356576,746.3273829225348,-861.7846308678288,861.7846308678288,0.0,1723.5692617356576,1723.5692617356576,0.0,0.0,1723.5692617356576,1723.5692617356576,0.0,0.0,1.0,0.0,0.0,2,-34,nail cutter
859.3224074816158,-13.0,775.0,371.0,1725.634376106364,1383.0,-785.0,670.0,2097.788597547427,348.0,-1973.0,622.0,0.0,0.0,0.0,0.0,1170.6863452838516,2097.788597547427,0.0,2097.788597547427,811.6249016423403,615.7383144613393,243.58409302027644,859.3224074816158,-372.1542214410629,866.3119686247483,1238.4661900658111,859.3224074816158,372.1542214410629,1725.634376106364,2097.788597547427,0.183508249443462,0.3685091192568656,0.4479826312996725,0.0,3,-34,nail cutter
839.7892592787788,-86.0,725.0,415.0,1725.4935525814055,1396.0,-756.0,676.0,2082.26751403368,327.0,-1950.0,653.0,0.0,0.0,0.0,0.0,1161.887581473466,2082.26751403368,0.0,2082.26751403368,809.0860572384992,598.2816103655265,241.5076489132523,839.7892592787788,-356.7739614522741,885.7042933026268,1242.4782547549007,839.7892592787788,356.7739614522741,1725.4935525814055,2082.26751403368,0.1806950329509905,0.3712694713530705,0.4480354956959388,0.0,3,-34,nail cutter
942.2032689393516,-81.0,695.0,631.0,1712.4044498891026,1393.0,-758.0,646.0,2136.5151532343502,407.0,-1938.0,802.0,0.0,0.0,0.0,0.0,1197.780718015701,2136.5151532343502,0.0,2136.5151532343502,813.3354790919866,683.1569861422995,259.0462827970521,942.2032689393516,-424.11070334524766,770.201180949751,1194.311884294999,942.2032689393516,424.11070334524766,1712.4044498891026,2136.5151532343502,0.196656043708119,0.3574119252658264,0.4459320310260546,0.0,3,-34,nail cutter
1178.910513991626,-271.0,655.0,942.0,1722.7968539557994,1398.0,-768.0,651.0,2169.125860801996,431.0,-1985.0,761.0,0.0,0.0,0.0,0.0,1267.708307187355,2169.125860801996,0.0,2169.125860801996,811.5769513041693,812.6197604189114,366.2907535727145,1178.910513991626,-446.3290068461968,543.8863399641734,990.2153468103702,1178.910513991626,446.3290068461968,1722.7968539557994,2169.125860801996,0.2324885202904555,0.3397463052399928,0.4277651744695516,0.0,3,-34,nail cutter
882.0453503080213,-98.0,780.0,400.0,1738.704115138628,1398.0,-768.0,692.0,2031.1307195746904,332.0,-1882.0,688.0,0.0,0.0,0.0,0.0,1162.970046255335,2031.1307195746904,0.0,2031.1307195746904,793.188295118419,587.2359773720419,294.80937293597947,882.0453503080213,-292.42660443606246,856.6587648306069,1149.0853692666692,882.0453503080213,292.42660443606246,1738.704115138628,2031.1307195746904,0.1896105048337514,0.3737637355186206,0.4366257596476279,0.0,3,-34,nail cutter
867.7395922740877,-202.0,742.0,402.0,1745.5904445201345,1413.0,-766.0,681.0,2120.3535082622425,511.0,-1637.0,1247.0,0.0,0.0,0.0,0.0,1183.4208862641162,2120.3535082622425,0.0,2120.3535082622425,820.6730505833939,621.2513280080979,246.48826426598976,867.7395922740877,-374.7630637421082,877.8508522460465,1252.6139159881548,867.7395922740877,374.7630637421082,1745.5904445201345,2120.3535082622425,0.1833117030352178,0.3687594297136972,0.4479288672510849,0.0,3,-34,nail cutter
767.755820557552,-218.0,670.0,305.0,0.0,0.0,0.0,0.0,0.0,0.0,0.0,0.0,0.0,0.0,0.0,0.0,191.938955139388,767.755820557552,0.0,767.755820557552,332.44802225310355,383.877910278776,383.877910278776,767.755820557552,0.0,767.755820557552,767.755820557552,767.755820557552,0.0,0.0,0.0,1.0,0.0,0.0,0.0,1,-34,nail cutter
891.1217649681777,-273.0,737.0,420.0,1716.8232291065965,1401.0,-741.0,660.0,2139.998831775382,515.0,-1901.0,837.0,0.0,0.0,0.0,0.0,1186.985956462539,2139.998831775382,0.0,2139.998831775382,819.3644422115909,657.1486838184816,233.9730811496961,891.1217649681777,-423.1756026687856,825.7014641384186,1248.8770668072043,891.1217649681777,423.1756026687856,1716.8232291065965,2139.998831775382,0.1876858273083329,0.3615929952160261,0.4507211774756409,0.0,3,-32,nail cutter
909.7439200126594,-140.0,745.0,503.0,1745.2478334036114,1411.0,-787.0,660.0,2180.114217191384,373.0,-1920.0,963.0,0.0,0.0,0.0,0.0,1208.7764926519137,2180.114217191384,0.0,2180.114217191384,833.9453763959233,672.3051519002161,237.4387681124433,909.7439200126594,-434.8663837877725,835.503913390952,1270.3702971787245,909.7439200126594,434.8663837877725,1745.2478334036114,2180.114217191384,0.1881538740914766,0.3609533780671774,0.4508927478413461,0.0,3,-34,nail cutter
822.8760538501531,-350.0,705.0,240.0,1714.7160114724536,1401.0,-751.0,643.0,2197.062356875653,467.0,-2025.0,713.0,0.0,0.0,0.0,0.0,1183.663605549565,2197.062356875653,0.0,2197.062356875653,842.6477430678871,652.6111996266765,170.26485422347673,822.8760538501531,-482.3463454031996,891.8399576223005,1374.1863030255,822.8760538501531,482.3463454031996,1714.7160114724536,2197.062356875653,0.1737985458858681,0.3621628652416674,0.4640385888724642,0.0,3,-32,nail cutter
738.7049478648427,-241.0,652.0,250.0,1706.2312270029522,1388.0,-741.0,660.0,2219.168537988947,486.0,-2048.0,703.0,0.0,0.0,0.0,0.0,1166.0261782141854,2219.168537988947,0.0,2219.168537988947,857.7806839275529,625.8211294254187,112.88381843942398,738.7049478648427,-512.9373109859946,967.5262791381095,1480.463590124104,738.7049478648427,512.9373109859946,1706.2312270029522,2219.168537988947,0.1583808669279188,0.3658218097676228,0.4757973233044583,0.0,3,-34,nail cutter
845.5844132905951,-273.0,730.0,328.0,1715.6004779668256,1391.0,-748.0,670.0,1633.1034872291468,515.0,-1411.0,641.0,0.0,0.0,0.0,0.0,1048.5720946216418,1715.6004779668256,0.0,1715.6004779668256,694.1381796017149,381.5437112764582,464.04070201413685,845.5844132905951,82.49699073767874,870.0160646762305,787.5190739385517,845.5844132905951,82.49699073767874,1715.6004779668256,1633.1034872291468,0.2016037851922115,0.4090325516877952,0.3893636631199933,0.0,2,-34,nail cutter
892.2931132761252,-241.0,765.0,391.0,1710.8576796449202,1393.0,-736.0,667.0,2123.9030109682503,472.0,-1946.0,708.0,0.0,0.0,0.0,0.0,1181.763450972324,2123.9030109682503,0.0,2123.9030109682503,813.6223914974216,652.6692222997276,239.62389097639743,892.2931132761252,-413.0453313233302,818.564566368795,1231.6098976921253,892.2931132761252,413.0453313233302,1710.8576796449202,2123.9030109682503,0.1887630541759372,0.3619289626526509,0.4493079831714119,0.0,3,-34,nail cutter
801.4143747151033,-256.0,675.0,348.0,1725.0515934313385,1377.0,-657.0,805.0,2176.1711789287165,438.0,-2006.0,721.0,0.0,0.0,0.0,0.0,1175.6592867687896,2176.1711789287165,0.0,2176.1711789287165,840.4001971883996,626.2669801062407,175.14739460886267,801.4143747151033,-451.119585497378,923.6372187162352,1374.7568042136131,801.4143747151033,451.119585497378,1725.0515934313385,2176.1711789287165,0.1704180759966882,0.3668264294012664,0.4627554946020454,0.0,3,-36,nail cutter
902.9418585933428,-298.0,730.0,440.0,1731.7326583511672,1401.0,-761.0,676.0,2023.6368251245085,411.0,-1796.0,837.0,0.0,0.0,0.0,0.0,1164.5778355172545,2023.6368251245085,0.0,2023.6368251245085,788.0897569578902,597.423012683342,305.5188459100008,902.9418585933428,-291.9041667733411,828.7907997578245,1120.6949665311656,902.9418585933428,291.9041667733411,1731.7326583511672,2023.6368251245085,0.1938345877483353,0.3717511628542216,0.4344142493974431,0.0,3,-35,nail cutter
883.8376547760341,-263.0,720.0,440.0,1739.3012964981085,1411.0,-758.0,678.0,2052.9749146056315,376.0,-1723.0,1051.0,0.0,0.0,0.0,0.0,1169.0284664699434,2052.9749146056315,0.0,2052.9749146056315,799.1454464507274,598.7556364417786,285.0820183342555,883.8376547760341,-313.6736181075232,855.4636417220742,1169.1372598295975,883.8376547760341,313.6736181075232,1739.3012964981085,2052.9749146056315,0.1890111490280716,0.3719544361802816,0.4390344147916468,0.0,3,-33,nail cutter
902.9346598730164,-271.0,725.0,465.0,1748.1412986369266,1423.0,-763.0,670.0,2094.179314194465,421.0,-1785.0,1011.0,0.0,0.0,0.0,0.0,1186.313818176102,2094.179314194465,0.0,2094.179314194465,810.4804283907405,624.4863377152775,278.4483221577391,902.9346598730164,-346.0380155575383,845.2066387639102,1191.2446543214485,902.9346598730164,346.0380155575383,1748.1412986369266,2094.179314194465,0.1902815776986466,0.3683977358799981,0.4413206864213553,0.0,3,-33,nail cutter
928.844981684242,-228.0,740.0,513.0,1753.5874657398758,1411.0,-778.0,692.0,1989.4107167701693,351.0,-1775.0,827.0,0.0,0.0,0.0,0.0,1167.960791048572,1989.4107167701693,0.0,1989.4107167701693,780.8724867564449,582.3341163572679,346.5108653269742,928.844981684242,-235.8232510302937,824.7424840556338,1060.5657350859274,928.844981684242,235.8232510302937,1753.5874657398758,1989.4107167701693,0.198817671963616,0.375352383226311,0.4258299448100728,0.0,3,-34,nail cutter
962.8099500939944,-145.0,757.0,577.0,1732.398337565584,1398.0,-768.0,676.0,2027.2237173040376,340.0,-1850.0,756.0,0.0,0.0,0.0,0.0,1180.608001240904,2027.2237173040376,0.0,2027.2237173040376,784.6180582971294,628.8176649162239,333.9922851777705,962.8099500939944,-294.8253797384534,769.5883874715897,1064.4137672100433,962.8099500939944,294.8253797384534,1732.398337565584,2027.2237173040376,0.2038801086139539,0.3668445275113985,0.4292753638746475,0.0,3,-34,nail cutter
956.7073742790948,-167.0,750.0,570.0,1748.5699871609372,1401.0,-790.0,686.0,2011.3880779203205,332.0,-1827.0,773.0,0.0,0.0,0.0,0.0,1179.166359840088,2011.3880779203205,0.0,2011.3880779203205,783.6987277145957,609.7627325192389,346.9446417598559,956.7073742790948,-262.81809075938304,791.8626128818424,1054.6807036412256,956.7073742790948,262.81809075938304,1748.5699871609372,2011.3880779203205,0.2028355384919643,0.3707216485123584,0.4264428129956772,0.0,3,-34,nail cutter
966.9457068522512,-98.0,792.0,546.0,1750.0519992274517,1391.0,-776.0,725.0,2008.2918114656543,356.0,-1880.0,610.0,0.0,0.0,0.0,0.0,1181.3223793863394,2008.2918114656543,0.0,2008.2918114656543,782.4339818546979,612.5927595452271,354.3529473070241,966.9457068522512,-258.23981223820306,783.1062923752002,1041.3461046134032,966.9457068522512,258.23981223820306,1750.0519992274517,2008.2918114656543,0.2046320555093838,0.3703586823049415,0.4250092621856745,0.0,3,-34,nail cutter
914.8223871331528,-180.0,770.0,460.0,1761.175175841404,1388.0,-795.0,737.0,1943.2557731806687,337.0,-1815.0,607.0,0.0,0.0,0.0,0.0,1154.8133340388065,1943.2557731806687,0.0,1943.2557731806687,771.4443683935842,548.4514922362091,366.3708948969438,914.8223871331528,-182.0805973392653,846.3527887082511,1028.4333860475165,914.8223871331528,182.0805973392653,1761.175175841404,1943.2557731806687,0.1980455109428124,0.3812683669147478,0.4206861221424396,0.0,3,-35,nail cutter
1029.911646695968,-155.0,777.0,658.0,1737.5353233819449,1391.0,-778.0,692.0,2052.426368959432,353.0,-1887.0,726.0,0.0,0.0,0.0,0.0,1204.9683347593364,2052.426368959432,0.0,2052.426368959432,788.0999696912264,672.4013461367277,357.51030055924025,1029.911646695968,-314.8910455774874,707.623676685977,1022.5147222634644,1029.911646695968,314.8910455774874,1737.5353233819449,2052.426368959432,0.2136802306306389,0.3604939800615125,0.4258257893078483,0.0,3,-35,nail cutter
1322.752433375195,-51.0,752.0,1087.0,1743.9472469085756,1398.0,-792.0,678.0,2126.824393315066,382.0,-1967.0,713.0,0.0,0.0,0.0,0.0,1298.381018399709,2126.824393315066,0.0,2126.824393315066,801.7535351087226,852.8147898908429,469.9376434843523,1322.752433375195,-382.8771464064905,421.1948135333805,804.071959939871,1322.752433375195,382.8771464064905,1743.9472469085756,2126.824393315066,0.2546926546657167,0.335792656815416,0.4095146885188672,0.0,3,-35,nail cutter
993.2270636667126,-46.0,840.0,528.0,1731.1487515519862,1386.0,-778.0,686.0,2066.450338140261,382.0,-1938.0,607.0,0.0,0.0,0.0,0.0,1197.7065383397398,2066.450338140261,0.0,2066.450338140261,793.0304521380228,664.2643251274937,328.9627385392189,993.2270636667126,-335.30158658827486,737.9216878852735,1073.2232744735484,993.2270636667126,335.30158658827486,1731.1487515519862,2066.450338140261,0.2073185358584423,0.3613466020548956,0.4313348620866621,0.0,3,-35,nail cutter
970.995880526792,-132.0,820.0,503.0,1747.1382315088867,1398.0,-778.0,702.0,2014.575389505193,351.0,-1887.0,612.0,0.0,0.0,0.0,0.0,1183.177375385218,2014.575389505193,0.0,2014.575389505193,783.2949944794409,619.2165192615491,351.77936126524287,970.995880526792,-267.43715799630627,776.1423509820949,1043.579508978401,970.995880526792,267.43715799630627,1747.1382315088867,2014.575389505193,0.2051670148380448,0.3691623648018233,0.4256706203601317,0.0,3,-35,nail cutter
1039.3137158721615,-107.0,732.0,730.0,1754.005131121343,1403.0,-795.0,690.0,2056.280622872277,353.0,-1895.0,716.0,0.0,0.0,0.0,0.0,1212.3998674664454,2056.280622872277,0.0,2056.280622872277,791.4138053934525,670.7946038115477,368.5191120606139,1039.3137158721615,-302.27549175093395,714.6914152491815,1016.9669070001156,1039.3137158721615,302.27549175093395,1754.005131121343,2056.280622872277,0.2143091862184086,0.3616804113453697,0.4240104024362216,0.0,3,-34,nail cutter
1039.1313680185003,-135.0,720.0,737.0,1751.2284259913097,1406.0,-787.0,686.0,2024.3937364060384,325.0,-1873.0,696.0,0.0,0.0,0.0,0.0,1203.688382603962,2024.3937364060384,0.0,2024.3937364060384,782.512317848261,656.1483392166145,382.9830288018858,1039.1313680185003,-273.16531041472854,712.0970579728094,985.262368387538,1039.1313680185003,273.16531041472854,1751.2284259913097,2024.3937364060384,0.2158223388703244,0.3637213026437216,0.4204563584859539,0.0,3,-34,nail cutter
1011.5127285407732,-83.0,787.0,630.0,1765.8499369991778,1401.0,-820.0,695.0,2000.0782484692943,320.0,-1843.0,708.0,0.0,0.0,0.0,0.0,1194.3602285023114,2000.0782484692943,0.0,2000.0782484692943,780.3383205840315,622.8705200054449,388.6422085353285,1011.5127285407732,-234.22831147011647,754.3372084584046,988.5655199285212,1011.5127285407732,234.22831147011647,1765.8499369991778,2000.0782484692943,0.2117268945335648,0.3696225591866651,0.41865054627977,0.0,3,-35,nail cutter
1272.30263695396,-223.0,720.0,1025.0,1742.224440191332,1403.0,-781.0,676.0,2135.3777183439934,397.0,-1927.0,830.0,0.0,0.0,0.0,0.0,1287.4761988723212,2135.3777183439934,0.0,2135.3777183439934,803.6725311576095,832.7279575533108,439.5746794006493,1272.30263695396,-393.1532781526614,469.92180323737193,863.0750813900333,1272.30263695396,393.1532781526614,1742.224440191332,2135.3777183439934,0.2470536228297557,0.3383022617655606,0.4146441154046837,0.0,3,-35,nail cutter
863.9149263671742,-286.0,712.0,397.0,1729.8609770730131,1403.0,-761.0,667.0,1990.774974727179,590.0,-1738.0,771.0,0.0,0.0,0.0,0.0,1146.1377195418415,1990.774974727179,0.0,1990.774974727179,782.2126167759166,562.4144620106699,301.50046435650427,863.9149263671742,-260.91399765416577,865.946050705839,1126.8600483600048,863.9149263671742,260.91399765416577,1729.8609770730131,1990.774974727179,0.1884404709044294,0.3773239785190277,0.4342355505765428,0.0,3,-34,nail cutter
946.6414315885396,-1.0,820.0,473.0,1707.0117164214194,1365.0,-758.0,690.0,2040.718010897145,356.0,-1913.0,615.0,0.0,0.0,0.0,0.0,1173.592789726776,2040.718010897145,0.0,2040.718010897145,785.0587327718374,640.1738630321327,306.4675685564072,946.6414315885396,-333.7062944757256,760.3702848328796,1094.0765793086052,946.6414315885396,333.7062944757256,1707.0117164214194,2040.718010897145,0.2016545772680077,0.3636294742443902,0.4347159484876019,0.0,3,-36,nail cutter
899.1395887180144,-142.0,752.0,472.0,1706.2734247476285,1375.0,-738.0,690.0,2000.9280346879043,527.0,-1828.0,620.0,0.0,0.0,0.0,0.0,1151.5852620383866,2000.9280346879043,0.0,2000.9280346879043,777.6470177760474,596.8970993291452,302.242489388869,899.1395887180144,-294.65460994027626,807.1338360296139,1101.7884459698903,899.1395887180144,294.65460994027626,1706.2734247476285,2000.9280346879043,0.1951960524239591,0.3704183878073007,0.4343855597687404,0.0,3,-35,nail cutter
770.3038361581747,-238.0,660.0,318.0,1720.1017411769571,1375.0,-550.0,875.0,2178.996787514842,433.0,-2013.0,713.0,0.0,0.0,0.0,0.0,1167.350591212493,2178.996787514842,0.0,2178.996787514842,843.9957625461411,614.5994412480297,155.70439491014508,770.3038361581747,-458.8950463378847,949.7979050187824,1408.692951356667,770.3038361581747,458.8950463378847,1720.1017411769571,2178.996787514842,0.1649683998014003,0.3683772797404285,0.4666543204581712,0.0,3,-32,nail cutter
714.5348137074918,-308.0,600.0,236.0,1709.2296510416616,1391.0,-736.0,667.0,2196.1750840950726,480.0,-2032.0,681.0,0.0,0.0,0.0,0.0,1154.9848872110565,2196.1750840950726,0.0,2196.1750840950726,854.2907352383397,600.7401233804513,113.79469032704036,714.5348137074918,-486.9454330534111,994.6948373341696,1481.6402703875808,714.5348137074918,486.9454330534111,1709.2296510416616,2196.1750840950726,0.1546632388049855,0.3699679688383067,0.4753687923567077,0.0,3,-35,nail cutter
809.1928076793565,-238.0,705.0,318.0,1714.986588868846,1403.0,-721.0,673.0,2194.8733448652565,488.0,-2027.0,686.0,0.0,0.0,0.0,0.0,1179.7631853533649,2194.8733448652565,0.0,2194.8733448652565,843.5159017380065,644.5397818378835,164.65302584147298,809.1928076793565,-479.88675599641056,905.7937811894894,1385.6805371859,809.1928076793565,479.88675599641056,1714.986588868846,2194.8733448652565,0.171473567264473,0.3634175506915759,0.465108882043951,0.0,3,-37,nail cutter
787.2432914925347,-226.0,680.0,326.0,1690.7802932374152,1372.0,-805.0,573.0,2204.550747884929,506.0,-2022.0,718.0,0.0,0.0,0.0,0.0,1170.6435831537196,2204.550747884929,0.0,2204.550747884929,845.1195780604186,650.5068730700243,136.7364184225105,787.2432914925347,-513.7704546475138,903.5370017448804,1417.3074563923942,787.2432914925347,513.7704546475138,1690.7802932374152,2204.550747884929,0.1681218995306191,0.3610792212012226,0.4707988792681583,0.0,3,-36,nail cutter
774.0807451422622,-226.0,670.0,315.0,1719.0607900827708,1393.0,-761.0,660.0,2248.493050912099,483.0,-2076.0,716.0,0.0,0.0,0.0,0.0,1185.408646534283,2248.493050912099,0.0,2248.493050912099,864.4821228468285,651.7565029857951,122.32424215646712,774.0807451422622,-529.4322608293282,944.9800449405086,1474.4123057698368,774.0807451422622,529.4322608293282,1719.0607900827708,2248.493050912099,0.163251876769543,0.3625460289809549,0.4742020942495021,0.0,3,-34,nail cutter
878.3376343980714,-263.0,712.0,442.0,1709.2088813249245,1375.0,-753.0,681.0,2111.1556077181995,480.0,-1913.0,753.0,0.0,0.0,0.0,0.0,1174.6755308602987,2111.1556077181995,0.0,2111.1556077181995,810.9253339229667,640.1421803956731,238.19545400239824,878.3376343980714,-401.94672639327496,830.8712469268531,1232.8179733201282,878.3376343980714,401.94672639327496,1709.2088813249245,2111.1556077181995,0.1869319678760146,0.3637619147632088,0.4493061173607765,0.0,3,-37,nail cutter
922.7123061929976,-207.0,735.0,518.0,1734.5693990152138,1401.0,-763.0,681.0,2123.113280067741,447.0,-1925.0,776.0,0.0,0.0,0.0,0.0,1195.098746318988,2123.113280067741,0.0,2123.113280067741,814.6617313626456,655.6280936227621,267.0842125702354,922.7123061929976,-388.5438810525268,811.8570928222163,1200.4009738747432,922.7123061929976,388.5438810525268,1734.5693990152138,2123.113280067741,0.1930200975097318,0.3628506440070002,0.4441292584832678,0.0,3,-37,nail cutter
912.1375992688822,-197.0,715.0,531.0,1744.0553316910562,1413.0,-758.0,686.0,2098.957360214828,423.0,-1903.0,778.0,0.0,0.0,0.0,0.0,1188.7875727936917,2098.957360214828,0.0,2098.957360214828,810.3212984805984,633.519813896327,278.6177853725551,912.1375992688822,-354.90202852377183,831.9177324221739,1186.8197609459455,912.1375992688822,354.90202852377183,1744.0553316910562,2098.957360214828,0.191820982180468,0.3667718631160624,0.4414071547034695,0.0,3,-37,nail cutter
903.7770742832548,-182.0,725.0,508.0,1743.6553558544765,1403.0,-761.0,702.0,2090.1208099054943,405.0,-1898.0,776.0,0.0,0.0,0.0,0.0,1184.3883100108064,2090.1208099054943,0.0,2090.1208099054943,808.4938658454657,625.1212641671365,278.65581011611835,903.7770742832548,-346.465454051018,839.8782815712215,1186.3437356222394,903.7770742832548,346.465454051018,1743.6553558544765,2090.1208099054943,0.1907687425323812,0.368049764827248,0.4411814926403706,0.0,3,-37,nail cutter
790.8944303761407,-233.0,677.0,336.0,1746.0323593794017,1428.0,-746.0,673.0,2151.453694598143,457.0,-2000.0,648.0,0.0,0.0,0.0,0.0,1172.0951210884214,2151.453694598143,0.0,2151.453694598143,837.8048860687785,598.157882797441,192.73654757869963,790.8944303761407,-405.42133521874143,955.137929003261,1360.5592642220024,790.8944303761407,405.42133521874143,1746.0323593794017,2151.453694598143,0.1686924585185771,0.3724169497775094,0.4588905917039134,0.0,3,-36,nail cutter
781.0230470351052,-218.0,672.0,333.0,1802.533217447046,1443.0,-741.0,786.0,2120.709551070113,426.0,-1962.0,683.0,0.0,0.0,0.0,0.0,1176.066453888066,2120.709551070113,0.0,2120.709551070113,840.238475695531,549.599690329086,231.42335670601915,781.0230470351052,-318.17633362306674,1021.510170411941,1339.6865040350076,781.0230470351052,318.17633362306674,1802.533217447046,2120.709551070113,0.1660244292431455,0.3831699330186415,0.4508056377382129,0.0,3,-35,nail cutter
886.2330393299496,-155.0,730.0,478.0,1726.0593848416688,1401.0,-748.0,676.0,2143.503907157624,377.0,-1992.0,696.0,0.0,0.0,0.0,0.0,1188.9490828323103,2143.503907157624,0.0,2143.503907157624,822.3289052637074,651.8387808229525,234.3942585069972,886.2330393299496,-417.4445223159551,839.8263455117192,1257.2708678276742,886.2330393299496,417.4445223159551,1726.0593848416688,2143.503907157624,0.1863479799359381,0.3629380369952126,0.4507139830688493,0.0,3,-37,nail cutter
892.1956063554674,-18.0,760.0,467.0,1732.076788136138,1381.0,-800.0,673.0,2090.4477989177344,348.0,-1962.0,632.0,0.0,0.0,0.0,0.0,1178.6800483523348,2090.4477989177344,0.0,2090.4477989177344,807.6088741563811,625.283308568532,266.91229778693537,892.1956063554674,-358.3710107815964,839.8811817806707,1198.252192562267,892.1956063554674,358.3710107815964,1732.076788136138,2090.4477989177344,0.1892361730400584,0.3673763695579201,0.4433874574020216,0.0,3,-37,nail cutter
859.4056085458135,-93.0,725.0,452.0,1730.8708790663734,1391.0,-763.0,692.0,2025.0999975309865,373.0,-1901.0,590.0,0.0,0.0,0.0,0.0,1153.844121285793,2025.0999975309865,0.0,2025.0999975309865,792.1642782745355,576.8173635052132,282.5882450406003,859.4056085458135,-294.22911846461284,871.4652705205599,1165.6943889851727,859.4056085458135,294.22911846461284,1730.8708790663734,2025.0999975309865,0.1862048765278904,0.3750226844197912,0.4387724390523183,0.0,3,-37,nail cutter
984.129056577439,3.0,535.0,826.0,1737.2305546472523,1396.0,-785.0,673.0,2136.540661911212,395.0,-1955.0,766.0,0.0,0.0,0.0,0.0,1214.4750682839758,2136.540661911212,0.0,2136.540661911212,814.169397924432,691.7195819206992,292.4094746567398,984.129056577439,-399.3101072639595,753.1014980698134,1152.411605333773,984.129056577439,399.3101072639595,1737.2305546472523,2136.540661911212,0.2025832152256509,0.3576093490955556,0.4398074356787934,0.0,3,-36,nail cutter
905.9277013095472,6.0,690.0,587.0,1736.6628918704978,1398.0,-787.0,665.0,2077.684047202558,325.0,-1925.0,711.0,0.0,0.0,0.0,0.0,1180.0686600956506,2077.684047202558,0.0,2077.684047202558,803.6208418527084,623.4744283208036,282.4532729887435,905.9277013095472,-341.02115533206006,830.7351905609506,1171.7563458930108,905.9277013095472,341.02115533206006,1736.6628918704978,2077.684047202558,0.1919226677107324,0.3679156456306814,0.4401616866585862,0.0,3,-36,nail cutter
912.0274118687444,16.0,747.0,523.0,1739.1633045806825,1393.0,-792.0,676.0,2048.6419892211525,335.0,-1922.0,625.0,0.0,0.0,0.0,0.0,1174.9581764176448,2048.6419892211525,0.0,2048.6419892211525,795.5045780316558,610.7530482546072,301.2743636141372,912.0274118687444,-309.47868464047,827.1358927119383,1136.614577352408,912.0274118687444,309.47868464047,1739.1633045806825,2048.6419892211525,0.1940552928125161,0.3700479173401845,0.4358967898472993,0.0,3,-36,nail cutter
911.7938363467916,-162.0,782.0,440.0,1783.3039561443247,1413.0,-790.0,748.0,1974.1035940395836,340.0,-1827.0,666.0,0.0,0.0,0.0,0.0,1167.300346632675,1974.1035940395836,0.0,1974.1035940395836,783.9428555393797,551.2967371210252,360.49709922576665,911.7938363467916,-190.79963789525868,871.510119797533,1062.3097576927917,911.7938363467916,190.79963789525868,1783.3039561443247,1974.1035940395836,0.1952783272482215,0.381929115606074,0.4227925571457044,0.0,3,-37,nail cutter
962.8686307072217,-190.0,770.0,546.0,1747.887868257,1406.0,-776.0,690.0,2044.8425367250163,390.0,-1841.0,800.0,0.0,0.0,0.0,0.0,1188.8997589223095,2044.8425367250163,0.0,2044.8425367250163,792.0982345861366,629.9116495876189,332.9569811196026,962.8686307072217,-296.9546684680163,785.0192375497784,1081.973906017795,962.8686307072217,296.9546684680163,1747.887868257,2044.8425367250163,0.2024705244242003,0.3675431538991544,0.4299863216766452,0.0,3,-37,nail cutter
944.2102520095827,-165.0,772.0,518.0,1751.8944032104218,1413.0,-766.0,697.0,2009.6768396933871,356.0,-1831.0,748.0,0.0,0.0,0.0,0.0,1176.445373728348,2009.6768396933871,0.0,2009.6768396933871,784.7568302558237,600.996344246274,343.2139077633087,944.2102520095827,-257.7824364829653,807.684151200839,1065.4665876838044,944.2102520095827,257.7824364829653,1751.8944032104218,2009.6768396933871,0.2006489789273483,0.3722855396290908,0.4270654814435608,0.0,3,-37,nail cutter
968.8353833340316,-157.0,797.0,528.0,1748.8770682926802,1401.0,-781.0,697.0,2019.6581393889408,361.0,-1843.0,743.0,0.0,0.0,0.0,0.0,1184.3426477539133,2019.6581393889408,0.0,2019.6581393889408,785.1054022940169,619.8082272151462,349.0271561188853,968.8353833340316,-270.78107109626103,780.0416849586486,1050.8227560549096,968.8353833340316,270.78107109626103,1748.8770682926802,2019.6581393889408,0.2045090973400755,0.3691661935018124,0.4263247091581119,0.0,3,-37,nail cutter
961.6433850445808,-147.0,770.0,557.0,1754.7635168306867,1401.0,-787.0,705.0,2013.8051047705685,363.0,-1841.0,731.0,0.0,0.0,0.0,0.0,1182.553001661459,2013.8051047705685,0.0,2013.8051047705685,785.1174423367968,610.3424864922314,351.3008985523495,961.6433850445808,-259.04158793988177,793.1201317861058,1052.1617197259875,961.6433850445808,259.04158793988177,1754.7635168306867,2013.8051047705685,0.2032981573962213,0.3709693168858575,0.4257325257179213,0.0,3,-36,nail cutter
916.7878707749138,-192.0,740.0,506.0,1770.1245718875268,1421.0,-790.0,700.0,1998.638786774639,358.0,-1808.0,773.0,0.0,0.0,0.0,0.0,1171.3878073592698,1998.638786774639,0.0,1998.638786774639,787.3691032610069,572.6510428310129,344.13682794390104,916.7878707749138,-228.51421488711185,853.336701112613,1081.8509159997247,916.7878707749138,228.51421488711185,1770.1245718875268,1998.638786774639,0.1956627568204086,0.377783634242793,0.4265536089367984,0.0,3,-36,nail cutter
1102.7774027427297,-683.0,690.0,523.0,1731.581069427591,1408.0,-753.0,670.0,2136.0908220391752,480.0,-1950.0,728.0,0.0,0.0,0.0,0.0,1242.612323552374,2136.0908220391752,0.0,2136.0908220391752,806.3859890621676,753.6435776771568,349.13382506557264,1102.7774027427297,-404.5097526115842,628.8036666848616,1033.3134192964458,1102.7774027427297,404.5097526115842,1731.581069427591,2136.0908220391752,0.2218667443257996,0.3483751602586227,0.4297580954155777,0.0,3,-37,nail cutter
788.6494785391036,-228.0,680.0,328.0,1727.0607980033592,1401.0,-753.0,673.0,2204.5759229384685,477.0,-2035.0,701.0,0.0,0.0,0.0,0.0,1180.071549870233,2204.5759229384685,0.0,2204.5759229384685,850.6742250631945,633.0823017371065,155.56717680199722,788.6494785391036,-477.51512493510927,938.4113194642556,1415.9264443993648,788.6494785391036,477.51512493510927,1727.0607980033592,2204.5759229384685,0.1670766231559916,0.3658805260988785,0.4670428507451297,0.0,3,-35,nail cutter
782.1892354155739,-238.0,670.0,326.0,1730.3239581072671,1401.0,-756.0,678.0,2191.149926408505,481.0,-2016.0,711.0,0.0,0.0,0.0,0.0,1175.9157799828367,2191.149926408505,0.0,2191.149926408505,847.9191166540336,621.507601858406,160.68163355716774,782.1892354155739,-460.82596830123816,948.1347226916936,1408.9606909929316,782.1892354155739,460.82596830123816,1730.3239581072671,2191.149926408505,0.1662936344444222,0.3678673225502005,0.4658390430053772,0.0,3,-35,nail cutter
895.1675820761161,-150.0,765.0,440.0,1732.679139367702,1388.0,-768.0,697.0,2116.479388040432,411.0,-1990.0,592.0,0.0,0.0,0.0,0.0,1186.0815273710623,2116.479388040432,0.0,2116.479388040432,814.8357874008284,639.483915374423,255.68366670169303,895.1675820761161,-383.8002486727298,837.5115572915859,1221.3118059643157,895.1675820761161,383.8002486727298,1732.679139367702,2116.479388040432,0.1886817139923437,0.365210801151285,0.4461074848563713,0.0,3,-36,nail cutter
919.9923912728844,-120.0,775.0,481.0,1738.0900436973914,1386.0,-781.0,700.0,2099.9614282171947,418.0,-1967.0,605.0,0.0,0.0,0.0,0.0,1189.5109657968676,2099.9614282171947,0.0,2099.9614282171947,808.9245405159886,640.9318878963437,279.0605033765405,919.9923912728844,-361.8713845198033,818.097652424507,1179.9690369443103,919.9923912728844,361.8713845198033,1738.0900436973914,2099.9614282171947,0.1933551723620661,0.365295086315792,0.4413497413221419,0.0,3,-36,nail cutter
1029.0354707200331,-177.0,737.0,696.0,1730.0765879000849,1386.0,-763.0,700.0,2136.90196312325,410.0,-1973.0,711.0,0.0,0.0,0.0,0.0,1224.0035054358418,2136.90196312325,0.0,2136.90196312325,810.1991537151657,717.9304229715991,311.1050477484339,1029.0354707200331,-406.8253752231651,701.0411171800517,1107.8664924032169,1029.0354707200331,406.8253752231651,1730.0765879000849,2136.90196312325,0.2101782115308598,0.3533643041496113,0.436457484319529,0.0,3,-35,nail cutter
832.0222352798031,-246.0,692.0,391.0,1723.773767058775,1386.0,-756.0,692.0,1979.5274688672544,423.0,-1736.0,852.0,0.0,0.0,0.0,0.0,1133.8308678014582,1979.5274688672544,0.0,1979.5274688672544,781.0083630926063,543.8879685441412,288.1342667356617,832.0222352798031,-255.7537018084795,891.751531778972,1147.5052335874516,832.0222352798031,255.7537018084795,1723.773767058775,1979.5274688672544,0.1834537802126357,0.3800773589806297,0.4364688608067344,0.0,3,-35,nail cutter
988.3693641549196,-71.0,792.0,587.0,1720.40721923619,1386.0,-761.0,678.0,2101.2874624857973,428.0,-1960.0,625.0,0.0,0.0,0.0,0.0,1202.516011469227,2101.2874624857973,0.0,2101.2874624857973,801.2341993201131,684.6248037022633,303.7445604526563,988.3693641549196,-380.8802432496073,732.0378550812704,1112.9180983308777,988.3693641549196,380.8802432496073,1720.40721923619,2101.2874624857973,0.2054794602999373,0.3576682561453396,0.4368522835547231,0.0,3,-36,nail cutter
864.6554226973888,-180.0,730.0,427.0,1730.6371659016224,1388.0,-756.0,705.0,2077.7206260707912,405.0,-1927.0,663.0,0.0,0.0,0.0,0.0,1168.2533036674506,2077.7206260707912,0.0,2077.7206260707912,806.2868400700135,605.8694414332789,258.78598126411,864.6554226973888,-347.0834601691688,865.9817432042337,1213.0652033734025,864.6554226973888,347.0834601691688,1730.6371659016224,2077.7206260707912,0.1850316665022497,0.3703471585461609,0.4446211749515893,0.0,3,-36,nail cutter
1030.3751743903772,-130.0,742.0,703.0,1732.623732955312,1393.0,-756.0,700.0,2082.192114095142,382.0,-1932.0,676.0,0.0,0.0,0.0,0.0,1211.297755360208,2082.192114095142,0.0,2082.192114095142,795.332161967138,689.971777765104,340.4033966252732,1030.3751743903772,-349.5683811398308,702.2485585649347,1051.8169397047654,1030.3751743903772,349.5683811398308,1732.623732955312,2082.192114095142,0.2126593502363031,0.3575965788114738,0.429744070952223,0.0,3,-36,nail cutter
890.712074690806,-210.0,732.0,462.0,1732.0929536257574,1391.0,-751.0,708.0,2055.2912202410635,397.0,-1913.0,638.0,0.0,0.0,0.0,0.0,1169.5240621394069,2055.2912202410635,0.0,2055.2912202410635,797.9019163261491,606.9551706530559,283.75690403775,890.712074690806,-323.198266615306,841.3808789349514,1164.5791455502574,890.712074690806,323.198266615306,1732.0929536257574,2055.2912202410635,0.1904005448723793,0.3702559463499291,0.4393435087776914,0.0,3,-36,nail cutter
1145.0995589903962,-78.0,720.0,887.0,1737.0394353612126,1401.0,-773.0,676.0,2131.323063263756,405.0,-1983.0,668.0,0.0,0.0,0.0,0.0,1253.3655144038412,2131.323063263756,0.0,2131.323063263756,804.2693188871466,769.6915934464697,375.4079655439264,1145.0995589903962,-394.28362790254346,591.9398763708164,986.2235042733598,1145.0995589903962,394.28362790254346,1737.0394353612126,2131.323063263756,0.2284049516742645,0.3464750336990541,0.4251200146266813,0.0,3,-36,nail cutter
1012.8953549108614,-152.0,737.0,678.0,1722.4081978439374,1383.0,-751.0,700.0,2089.0528954528654,418.0,-1933.0,673.0,0.0,0.0,0.0,0.0,1206.089112051916,2089.0528954528654,0.0,2089.0528954528654,796.5841473377567,689.7700262598947,323.1253286509668,1012.8953549108614,-366.644697608928,709.512842933076,1076.157540542004,1012.8953549108614,366.644697608928,1722.4081978439374,2089.0528954528654,0.2099545018667039,0.3570234115855687,0.4330220865477273,0.0,3,-36,nail cutter
982.6255644954492,-182.0,755.0,602.0,1729.0002891844756,1391.0,-756.0,695.0,2092.430644011887,421.0,-1936.0,673.0,0.0,0.0,0.0,0.0,1201.014124422953,2092.430644011887,0.0,2092.430644011887,800.5500127640796,673.0279596614303,309.59760483401874,982.6255644954492,-363.4303548274115,746.3747246890265,1109.805079516438,982.6255644954492,363.4303548274115,1729.0002891844756,2092.430644011887,0.204540801084993,0.359904237182723,0.4355549617322839,0.0,3,-36,nail cutter
973.2918370149828,-177.0,752.0,592.0,1715.5695847152338,1383.0,-751.0,683.0,2077.69993021129,428.0,-1922.0,663.0,0.0,0.0,0.0,0.0,1191.6403379853766,2077.69993021129,0.0,2077.69993021129,794.8720367996959,667.7110912555195,305.5807457594633,973.2918370149828,-362.1303454960562,742.2777477002509,1104.4080931963072,973.2918370149828,362.1303454960562,1715.5695847152338,2077.69993021129,0.204191610083555,0.3599176551071668,0.4358907348092782,0.0,3,-36,nail cutter
949.4113966031796,-182.0,747.0,557.0,1730.6937915183032,1391.0,-768.0,686.0,2077.6024643805176,416.0,-1920.0,676.0,0.0,0.0,0.0,0.0,1189.4269131255,2077.6024643805176,0.0,2077.6024643805176,799.0884608932505,648.160034732697,301.25136187048247,949.4113966031796,-346.9086728622144,781.2823949151236,1128.191067777338,949.4113966031796,346.9086728622144,1730.6937915183032,2077.6024643805176,0.1995522772619078,0.3637663172952965,0.4366814054427957,0.0,3,-36,nail cutter
0.0,0.0,0.0,0.0,0.0,0.0,0.0,0.0,2662.577322820879,283.0,-2323.0,1270.0,0.0,0.0,0.0,0.0,665.6443307052198,2662.577322820879,0.0,2662.577322820879,1152.9298005516207,1331.2886614104395,-1331.2886614104395,0.0,-2662.577322820879,0.0,2662.577322820879,0.0,2662.577322820879,0.0,2662.577322820879,0.0,0.0,1.0,0.0,3,-36,keys
776.1565563724886,-21.0,627.0,457.0,1830.2778477597328,1438.0,-952.0,613.0,2385.98994130319,-40.0,-2148.0,1038.0,0.0,0.0,0.0,0.0,1248.1060863588527,2385.98994130319,0.0,2385.98994130319,923.8788866480214,665.9343249579728,110.22223141451582,776.1565563724886,-555.7120935434571,1054.121291387244,1609.8333849307014,776.1565563724886,555.7120935434571,1830.2778477597328,2385.98994130319,0.1554668639259663,0.3666110332614577,0.477922102812576,0.0,3,-36,keys
777.8881667694914,-61.0,642.0,435.0,1903.2653519675075,1467.0,-1023.0,651.0,2541.3409845984856,-3.0,-2143.0,1366.0,0.0,0.0,0.0,0.0,1305.6236258338713,2541.3409845984856,0.0,2541.3409845984856,983.2765112949744,707.9818997002347,69.90626706925673,777.8881667694914,-638.0756326309781,1125.3771851980162,1763.4528178289945,777.8881667694914,638.0756326309781,1903.2653519675075,2541.3409845984856,0.1489495424595798,0.3644360660890952,0.4866143914513247,0.0,3,-35,keys
706.8387369124587,-236.0,345.0,570.0,1781.2498421052562,1451.0,-815.0,635.0,2434.0119145148,346.0,-2167.0,1053.0,0.0,0.0,0.0,0.0,1230.5251233831286,2434.0119145148,0.0,2434.0119145148,940.7600229192012,679.8004046610012,27.038332251457632,706.8387369124587,-652.7620724095434,1074.4111051927975,1727.173177602341,706.8387369124587,652.7620724095434,1781.2498421052562,2434.0119145148,0.1436051006762707,0.3618881500785615,0.4945067492451677,0.0,3,-35,keys
857.464284970517,-46.0,652.0,555.0,1790.976549260207,1418.0,-893.0,632.0,2272.89353028249,138.0,-2076.0,915.0,0.0,0.0,0.0,0.0,1230.3335911283034,2272.89353028249,0.0,2272.89353028249,873.7854453705053,669.6906329963997,187.77365197411723,857.464284970517,-481.91698102228247,933.5122642896904,1415.4292453119729,857.464284970517,481.91698102228247,1790.976549260207,2272.89353028249,0.1742341043017774,0.3639209240027646,0.4618449716954579,0.0,3,-35,keys
917.9558812927776,-253.0,725.0,503.0,1785.9566064157325,1451.0,-792.0,676.0,2335.0762300190545,836.0,-1913.0,1046.0,0.0,0.0,0.0,0.0,1259.7471794318913,2335.0762300190545,0.0,2335.0762300190545,885.5807664540794,733.5377524480498,184.4181288447278,917.9558812927776,-549.119623603322,868.0007251229549,1417.120348726277,917.9558812927776,549.119623603322,1785.9566064157325,2335.0762300190545,0.1821706561999901,0.3544275858631305,0.4634017579368792,0.0,3,-36,keys
772.4745950515137,-202.0,672.0,323.0,1800.5027075791916,1500.0,-687.0,721.0,2014.2107635498328,418.0,-1911.0,480.0,0.0,0.0,0.0,0.0,1146.7970165451345,2014.2107635498328,0.0,2014.2107635498328,811.6339093724329,493.0913255110776,279.38326954043623,772.4745950515137,-213.70805597064123,1028.028112527678,1241.736168498319,772.4745950515137,213.70805597064123,1800.5027075791916,2014.2107635498328,0.1683982831980779,0.3925068433216335,0.4390948734802885,0.0,3,-36,keys
755.0827769191932,-185.0,670.0,295.0,1819.8931287303656,1261.0,-363.0,1261.0,2133.206506646743,337.0,-1995.0,676.0,0.0,0.0,0.0,0.0,1177.0456030740756,2133.206506646743,0.0,2133.206506646743,850.144927811715,534.1980774177853,220.884699501408,755.0827769191932,-313.31337791637725,1064.8103518111725,1378.1237297275495,755.0827769191932,313.31337791637725,1819.8931287303656,2133.206506646743,0.1603767039584432,0.38653836435423,0.4530849316873266,0.0,3,-38,keys
1385.7055964381468,-496.0,742.0,1060.0,1777.5106188149764,1438.0,-810.0,660.0,2364.029187637073,503.0,-2072.0,1021.0,0.0,0.0,0.0,0.0,1381.811350722549,2364.029187637073,0.0,2364.029187637073,870.4521187373401,986.1120826301218,399.59351380802514,1385.7055964381468,-586.5185688220965,391.8050223768296,978.323591198926,1385.7055964381468,586.5185688220965,1777.5106188149764,2364.029187637073,0.2507045545170767,0.3215906820213766,0.4277047634615468,0.0,3,-36,keys
830.6244638824455,-31.0,680.0,476.0,1830.258178509251,1441.0,-908.0,670.0,2511.5226457270896,281.0,-2092.0,1361.0,0.0,0.0,0.0,0.0,1293.1013220296963,2511.5226457270896,0.0,2511.5226457270896,956.4366005988328,755.9444655501422,74.67999833230328,830.6244638824455,-681.264467217839,999.6337146268052,1680.898181844644,830.6244638824455,681.264467217839,1830.258178509251,2511.5226457270896,0.1605876604044199,0.3538504963471103,0.4855618432484697,0.0,3,-37,keys
1005.666942879202,155.0,755.0,646.0,1769.8047914953784,1372.0,-911.0,648.0,2132.1730698984074,168.0,-1927.0,897.0,0.0,0.0,0.0,0.0,1226.911201068247,2132.1730698984074,0.0,2132.1730698984074,816.7760737762043,684.0176106411155,321.64933223808634,1005.666942879202,-362.3682784030291,764.1378486161765,1126.5061270192057,1005.666942879202,362.3682784030291,1769.8047914953784,2132.1730698984074,0.2049184451987209,0.3606220217800694,0.4344595330212095,0.0,3,-37,keys
769.7402159170326,-296.0,700.0,-122.0,1731.7164894982088,1388.0,-787.0,673.0,2195.346214153932,438.0,-2025.0,726.0,0.0,0.0,0.0,0.0,1174.200729892293,2195.346214153932,0.0,2195.346214153932,850.8668497011773,616.6849702863778,153.05524563065478,769.7402159170326,-463.6297246557229,961.9762735811762,1425.605998236899,769.7402159170326,463.6297246557229,1731.7164894982088,2195.346214153932,0.1638859941748714,0.3687011184316534,0.4674128873934753,0.0,3,-36,keys
749.1034641489786,-56.0,712.0,226.0,1722.3745237316998,1391.0,-778.0,653.0,2197.155206170015,455.0,-2025.0,721.0,0.0,0.0,0.0,0.0,1167.1582985126734,2197.155206170015,0.0,2197.155206170015,852.3771208878154,611.9420732936469,137.16139085533175,749.1034641489786,-474.7806824383151,973.2710595827213,1448.0517420210365,749.1034641489786,474.7806824383151,1722.3745237316998,2197.155206170015,0.1604545555439163,0.3689247906489091,0.4706206538071745,0.0,3,-37,keys
770.175953922219,-211.0,675.0,305.0,1789.736852165703,1497.0,-682.0,705.0,2090.923719316417,436.0,-1971.0,545.0,0.0,0.0,0.0,0.0,1162.7091313510848,2090.923719316417,0.0,2090.923719316417,830.7708624360905,535.6814105364665,234.4945433857524,770.175953922219,-301.1868671507141,1019.560898243484,1320.7477653941985,770.175953922219,301.1868671507141,1789.736852165703,2090.923719316417,0.1655994464039479,0.3848204172280824,0.4495801363679697,0.0,3,-37,keys
748.1804595149489,-195.0,665.0,282.0,1705.186206840766,1286.0,-410.0,1042.0,2159.1713688357395,272.0,-2006.0,751.0,0.0,0.0,0.0,0.0,1153.1345087978636,2159.1713688357395,0.0,2159.1713688357395,838.238960332619,601.0828107549611,147.0976487599878,748.1804595149489,-453.9851619949734,957.0057473258172,1410.9909093207907,748.1804595149489,453.9851619949734,1705.186206840766,2159.1713688357395,0.1622058081270421,0.3696850180596913,0.4681091738132665,0.0,3,-36,keys
970.3267490902228,3.0,562.0,791.0,1799.4176835854423,1448.0,-840.0,660.0,2326.4294530460197,312.0,-2067.0,1021.0,0.0,0.0,0.0,0.0,1274.043471430421,2326.4294530460197,0.0,2326.4294530460197,880.1938609792287,748.6692592753997,221.65748981482307,970.3267490902228,-527.0117694605767,829.0909344952198,1356.1027039557966,970.3267490902228,527.0117694605767,1799.4176835854423,2326.4294530460197,0.1904029907238559,0.35309189284671,0.4565051164294341,0.0,3,-35,keys
830.1283033362976,-150.0,647.0,498.0,1853.3887881391752,1500.0,-871.0,653.0,2441.0770164007527,168.0,-1987.0,1408.0,0.0,0.0,0.0,0.0,1281.1485269690563,2441.0770164007527,0.0,2441.0770164007527,937.7704686355916,708.9082657989375,121.22003753736,830.1283033362976,-587.6882282615775,1023.2604848028776,1610.9487130644552,830.1283033362976,587.6882282615775,1853.3887881391752,2441.0770164007527,0.1619890835959934,0.3616654800602873,0.4763454363437191,0.0,3,-34,keys
919.1577666537992,125.0,725.0,551.0,1765.5712956434245,1375.0,-896.0,651.0,2124.498293715483,65.0,-2002.0,708.0,0.0,0.0,0.0,0.0,1202.3068390031767,2124.498293715483,0.0,2124.498293715483,820.5819671953493,639.0423823629291,280.11538429087,919.1577666537992,-358.9269980720589,846.4135289896251,1205.340527061684,919.1577666537992,358.9269980720589,1765.5712956434245,2124.498293715483,0.1911237915389106,0.3671216112159949,0.4417545972450943,0.0,3,-36,keys
810.576955014143,-11.0,695.0,417.0,1836.2725832511903,1386.0,-1001.0,670.0,2082.423107824152,6.0,-1885.0,885.0,0.0,0.0,0.0,0.0,1182.3181615223712,2082.423107824152,0.0,2082.423107824152,832.7534238502774,528.3637397935523,282.21321522059066,810.576955014143,-246.1505245729616,1025.6956282370477,1271.8461528100088,810.576955014143,246.1505245729616,1836.2725832511903,2082.423107824152,0.1713956914039177,0.3882780124274623,0.44032629616862,0.0,3,-35,keys
933.3043447879154,-48.0,612.0,703.0,1795.0011142057824,1443.0,-856.0,638.0,2280.614390904346,283.0,-2053.0,952.0,0.0,0.0,0.0,0.0,1252.229962474511,2280.614390904346,0.0,2280.614390904346,869.1904975786869,709.4588107432394,223.845534044676,933.3043447879154,-485.61327669856337,861.696769417867,1347.3100461164304,933.3043447879154,485.61327669856337,1795.0011142057824,2280.614390904346,0.1863284645704428,0.3583609177220752,0.4553106177074819,0.0,3,-35,keys
861.2223870754871,-66.0,622.0,592.0,1830.8244044692,1453.0,-922.0,625.0,2242.549887962361,206.0,-2037.0,915.0,0.0,0.0,0.0,0.0,1233.6491698767622,2242.549887962361,0.0,2242.549887962361,871.075614204861,636.4739352843243,224.7484517911628,861.2223870754871,-411.7254834931616,969.6020173937128,1381.3275008868743,861.2223870754871,411.7254834931616,1830.8244044692,2242.549887962361,0.174527411865709,0.3710180432926676,0.4544545448416233,0.0,3,-34,keys
964.8030887181072,-68.0,675.0,686.0,1803.42590643475,1433.0,-866.0,670.0,2271.8259176266124,288.0,-2035.0,968.0,0.0,0.0,0.0,0.0,1260.013728194867,2271.8259176266124,0.0,2271.8259176266124,865.136494872613,716.6015499549848,248.20153876312247,964.8030887181072,-468.4000111918624,838.6228177166428,1307.0228289085053,964.8030887181072,468.4000111918624,1803.42590643475,2271.8259176266124,0.1914270985960431,0.3578187019077941,0.4507541994961628,0.0,3,-34,keys
1424.3882897580982,68.0,737.0,1217.0,1779.866568032559,1426.0,-832.0,665.0,2243.3361317466447,332.0,-2027.0,902.0,0.0,0.0,0.0,0.0,1361.8977473843256,2243.3361317466447,0.0,2243.3361317466447,838.1977843382192,943.928926736092,480.4593630220063,1424.3882897580982,-463.4695637140858,355.4782782744608,818.9478419885465,1424.3882897580982,463.4695637140858,1779.866568032559,2243.3361317466447,0.2614712250779826,0.3267254409244358,0.4118033339975814,0.0,3,-34,keys
915.6145477219112,-145.0,685.0,590.0,1810.7672407021284,1446.0,-851.0,681.0,2311.219591471135,206.0,-1920.0,1270.0,0.0,0.0,0.0,0.0,1259.4003449737938,2311.219591471135,0.0,2311.219591471135,882.4124721919391,708.0334492454589,207.58109847645235,915.6145477219112,-500.4523507690066,895.1526929802172,1395.605043749224,915.6145477219112,500.4523507690066,1810.7672407021284,2311.219591471135,0.1817560538585059,0.3594502828129302,0.4587936633285637,0.0,3,-34,keys
1132.353743315224,150.0,835.0,750.0,1776.2694052423467,1388.0,-883.0,670.0,2121.993873695209,172.0,-1955.0,807.0,0.0,0.0,0.0,0.0,1257.654255563195,2121.993873695209,0.0,2121.993873695209,808.30673228904,739.0391058840432,393.3146374311807,1132.353743315224,-345.7244684528628,643.9156619271228,989.6401303799856,1132.353743315224,345.7244684528628,1776.2694052423467,2121.993873695209,0.2250924167564917,0.3530917574096922,0.4218158258338161,0.0,3,-35,keys
901.4305297692108,-28.0,692.0,577.0,1821.317654886154,1418.0,-945.0,643.0,2177.486854150904,182.0,-1990.0,865.0,0.0,0.0,0.0,0.0,1225.0587597015672,2177.486854150904,0.0,2177.486854150904,846.7803937730596,628.7998645169804,272.6306652522303,901.4305297692108,-356.16919926475,919.8871251169433,1276.0563243816932,901.4305297692108,356.16919926475,1821.317654886154,2177.486854150904,0.1839565903738375,0.3716796521927323,0.4443637574334301,0.0,3,-35,keys
1169.6909848331738,-46.0,595.0,1006.0,1784.948178519477,1428.0,-866.0,630.0,2239.711142089533,320.0,-2041.0,865.0,0.0,0.0,0.0,0.0,1298.587576360546,2239.711142089533,0.0,2239.711142089533,840.4171919481676,812.2269742016148,357.4640106315589,1169.6909848331738,-454.7629635700557,615.2571936863035,1070.0201572563592,1169.6909848331738,454.7629635700557,1784.948178519477,2239.711142089533,0.2251852331960889,0.3436326149681059,0.4311821518358052,0.0,3,-34,keys
1037.1672960520882,0.0,600.0,846.0,1784.0947284267168,1423.0,-871.0,632.0,2208.029211763286,245.0,-2018.0,862.0,0.0,0.0,0.0,0.0,1257.322809060523,2208.029211763286,0.0,2208.029211763286,838.251217604935,730.550889694329,306.6164063577592,1037.1672960520882,-423.9344833365699,746.9274323746286,1170.8619157111984,1037.1672960520882,423.9344833365699,1784.0947284267168,2208.029211763286,0.2062253401787612,0.3547407864492254,0.4390338733720133,0.0,3,-35,keys
896.198080783484,-155.0,585.0,661.0,1792.6879259926975,1441.0,-840.0,657.0,2301.4443291116127,330.0,-2065.0,961.0,0.0,0.0,0.0,0.0,1247.582583971949,2301.4443291116127,0.0,2301.4443291116127,878.592309418809,702.4772419511994,193.72083883228447,896.198080783484,-508.7564031189149,896.4898452092137,1405.2462483281288,896.198080783484,508.7564031189149,1792.6879259926975,2301.4443291116127,0.1795869252058336,0.3592323163660413,0.4611807584281249,0.0,3,-34,keys
1697.6389486578116,468.0,427.0,1575.0,0.0,0.0,0.0,0.0,0.0,0.0,0.0,0.0,0.0,0.0,0.0,0.0,424.4097371644529,1697.6389486578116,0.0,1697.6389486578116,735.0992279957857,848.8194743289058,848.8194743289058,1697.6389486578116,0.0,1697.6389486578116,1697.6389486578116,1697.6389486578116,0.0,0.0,0.0,1.0,0.0,0.0,0.0,1,-35,keys
0.0,0.0,0.0,0.0,0.0,0.0,0.0,0.0,0.0,0.0,0.0,0.0,0.0,0.0,0.0,0.0,0.0,0.0,0.0,0.0,0.0,0.0,0.0,0.0,0.0,0.0,0.0,0.0,0.0,0.0,0.0,0.0,0.0,0.0,0.0,1,-35,keys
825.5846413300093,-58.0,745.0,351.0,1760.0286929479305,1391.0,-832.0,686.0,2219.3093520282387,373.0,-2062.0,731.0,0.0,0.0,0.0,0.0,1201.2306715765444,2219.3093520282387,0.0,2219.3093520282387,856.2716412819963,642.4326502051588,183.1519911248504,825.5846413300093,-459.2806590803084,934.444051617921,1393.7247106982295,825.5846413300093,459.2806590803084,1760.0286929479305,2219.3093520282387,0.1718205880154721,0.3662969849575178,0.4618824270270101,0.0,3,-37,keys
839.8892784171019,-233.0,695.0,410.0,1783.009534466936,1451.0,-781.0,681.0,2046.4085613581665,590.0,-1698.0,978.0,0.0,0.0,0.0,0.0,1167.326843560551,2046.4085613581665,0.0,2046.4085613581665,809.5858758050073,551.6441526541661,288.2451257629358,839.8892784171019,-263.3990268912303,943.120256049834,1206.5192829410644,839.8892784171019,263.3990268912303,1783.009534466936,2046.4085613581665,0.1798744891052305,0.3818573915914683,0.4382681193033012,0.0,3,-36,keys
774.1685862911256,-192.0,672.0,333.0,1714.616283604002,1370.0,-503.0,900.0,2150.9330533514985,385.0,-2008.0,668.0,0.0,0.0,0.0,0.0,1159.9294808116565,2150.9330533514985,0.0,2150.9330533514985,834.2681520614345,605.2426780193109,168.92590827181448,774.1685862911256,-436.3167697474965,940.4476973128764,1376.764467060373,774.1685862911256,436.3167697474965,1714.616283604002,2150.9330533514985,0.1668568217072567,0.3695518374108841,0.4635913408818592,0.0,3,-39,keys
839.2669420393014,-150.0,562.0,605.0,1781.1181881054383,1451.0,-810.0,641.0,2552.210218614446,477.0,-2178.0,1242.0,0.0,0.0,0.0,0.0,1293.1488371897965,2552.210218614446,0.0,2552.210218614446,961.9761352937384,805.1794862741544,34.08745576514684,839.2669420393014,-771.0920305090076,941.8512460661372,1712.9432765751449,839.2669420393014,771.0920305090076,1781.1181881054383,2552.210218614446,0.1622525802720343,0.3443374298615292,0.4934099898664364,0.0,3,-36,keys
791.3646441432672,-103.0,632.0,465.0,1849.2536332261184,1475.0,-917.0,635.0,2306.4494358212146,301.0,-2022.0,1068.0,0.0,0.0,0.0,0.0,1236.76692829765,2306.4494358212146,0.0,2306.4494358212146,901.0183489081646,624.2802233691815,167.08442077408563,791.3646441432672,-457.195802595096,1057.8889890828514,1515.0847916779474,791.3646441432672,457.195802595096,1849.2536332261184,2306.4494358212146,0.1599664063690121,0.3738080294101021,0.4662255642208857,0.0,3,-36,keys
782.5873753134534,-93.0,637.0,445.0,1834.1352185703213,1458.0,-932.0,608.0,2320.8069717234134,293.0,-2030.0,1086.0,0.0,0.0,0.0,0.0,1234.3823914017971,2320.8069717234134,0.0,2320.8069717234134,903.8584578335156,634.6295642332727,147.9578110801806,782.5873753134534,-486.67175315309214,1051.547843256868,1538.21959640996,782.5873753134534,486.67175315309214,1834.1352185703213,2320.8069717234134,0.1584977598442421,0.3714681996734069,0.4700340404823508,0.0,3,-35,keys
879.9318155402724,-8.0,690.0,546.0,1810.033701343707,1423.0,-898.0,667.0,2240.068748944996,148.0,-2000.0,998.0,0.0,0.0,0.0,0.0,1232.508566457244,2240.068748944996,0.0,2240.068748944996,864.8844625783895,654.9834315707808,224.9483839694917,879.9318155402724,-430.0350476012891,930.1018858034346,1360.1369334047235,879.9318155402724,430.0350476012891,1810.033701343707,2240.068748944996,0.1784839147344777,0.367144243578468,0.4543718416870542,0.0,3,-35,keys
1412.15190401033,1035.0,302.0,912.0,1766.970571345205,1416.0,-835.0,648.0,2303.6731539000925,335.0,-2062.0,971.0,0.0,0.0,0.0,0.0,1370.6989073139068,2303.6731539000925,0.0,2303.6731539000925,852.6438327276294,974.4272432826089,437.72466072772113,1412.15190401033,-536.7025825548876,354.81866733487504,891.5212498897627,1412.15190401033,536.7025825548876,1766.970571345205,2303.6731539000925,0.25756055842666,0.3222754760211804,0.4201639655521595,0.0,3,-35,keys
886.2358602539168,31.0,722.0,513.0,1800.499097472698,1408.0,-898.0,673.0,2189.8193989459496,-35.0,-2022.0,840.0,0.0,0.0,0.0,0.0,1219.1385891681412,2189.8193989459496,0.0,2189.8193989459496,848.1338929680351,637.7780808635844,248.4577793903327,886.2358602539168,-389.3203014732517,914.2632372187812,1303.5835386920328,886.2358602539168,389.3203014732517,1800.499097472698,2189.8193989459496,0.181734026821886,0.3692154266688495,0.4490505465092644,0.0,3,-35,keys
795.6764417776864,-51.0,680.0,410.0,1881.836602896224,1428.0,-1021.0,678.0,2174.877927608812,-21.0,-1863.0,1122.0,0.0,0.0,0.0,0.0,1213.0977430706805,2174.877927608812,0.0,2174.877927608812,868.6310296995043,544.358883245137,251.31755853254936,795.6764417776864,-293.04132471258777,1086.1601611185374,1379.2014858311254,795.6764417776864,293.04132471258777,1881.836602896224,2174.877927608812,0.1639761606850435,0.3878163597380009,0.4482074795769555,0.0,3,-35,keys
807.04274979706,-157.0,637.0,470.0,1829.5171494140195,1490.0,-853.0,632.0,3073.7602378845363,413.0,-2387.0,1892.0,0.0,0.0,0.0,0.0,1427.580034273904,3073.7602378845363,0.0,3073.7602378845363,1150.4905456988856,1025.6429191337884,-218.6001693367284,807.04274979706,-1244.2430884705168,1022.4743996169595,2266.7174880874763,807.04274979706,1244.2430884705168,1829.5171494140195,3073.7602378845363,0.1413305612332163,0.3203878426235746,0.538281596143209,0.0,3,-36,keys
1056.250443786889,0.0,652.0,831.0,1777.2706603103536,1421.0,-835.0,665.0,2263.93838255373,288.0,-2043.0,932.0,0.0,0.0,0.0,0.0,1274.364871662743,2263.93838255373,0.0,2263.93838255373,852.019614722572,771.4590830151327,284.7913607717562,1056.250443786889,-486.6677222433766,721.0202165234646,1207.6879387668412,1056.250443786889,486.6677222433766,1777.2706603103536,2263.93838255373,0.2072111502902487,0.3486581237113508,0.4441307259984005,0.0,3,-35,keys
987.261870022336,51.0,727.0,666.0,1810.751501449053,1416.0,-906.0,673.0,2167.304547127607,60.0,-1997.0,840.0,0.0,0.0,0.0,0.0,1241.329479649749,2167.304547127607,0.0,2167.304547127607,834.73356405052,671.907457850445,315.3544121718912,987.261870022336,-356.5530456785539,823.4896314267169,1180.0426771052707,987.261870022336,356.5530456785539,1810.751501449053,2167.304547127607,0.1988315524217027,0.3646798716888547,0.4364885758894425,0.0,3,-35,keys
800.3011933016219,-68.0,667.0,437.0,1884.4216619429951,1428.0,-1031.0,670.0,2179.170713826707,45.0,-1922.0,1026.0,0.0,0.0,0.0,0.0,1215.973392267831,2179.170713826707,0.0,2179.170713826707,869.7624441746514,547.5251225926669,252.77607070895488,800.3011933016219,-294.7490518837119,1084.1204686413732,1378.8695205250851,800.3011933016219,294.7490518837119,1884.4216619429951,2179.170713826707,0.1645392075169164,0.3874306941923469,0.4480300982907366,0.0,3,-35,keys
817.7487389167898,-162.0,655.0,462.0,1864.4178716156955,1505.0,-873.0,670.0,2651.715105361057,228.0,-2100.0,1603.0,0.0,0.0,0.0,0.0,1333.4704289733854,2651.715105361057,0.0,2651.715105361057,1007.941771658232,802.5229863310757,15.22575258571419,817.7487389167898,-787.2972337453614,1046.6691326989055,1833.9663664442671,817.7487389167898,787.2972337453614,1864.4178716156955,2651.715105361057,0.1533121247289974,0.3495424103725864,0.4971454648984162,0.0,3,-35,keys
964.3987764405344,150.0,397.0,866.0,1779.9752807272353,1436.0,-830.0,646.0,2310.7256436020266,342.0,-2083.0,940.0,0.0,0.0,0.0,0.0,1263.7749251924492,2310.7256436020266,0.0,2310.7256436020266,873.1153637720618,747.5745696576628,216.82420678287167,964.3987764405344,-530.7503628747913,815.5765042867008,1346.326867161492,964.3987764405344,530.7503628747913,1779.9752807272353,2310.7256436020266,0.1907773997600234,0.3521147724259876,0.4571078278139888,0.0,3,-35,keys
843.8418098198264,-63.0,600.0,590.0,1821.642390811105,1456.0,-886.0,643.0,2290.416774301131,247.0,-2062.0,966.0,0.0,0.0,0.0,0.0,1238.9752437330158,2290.416774301131,0.0,2290.416774301131,885.4688562658282,656.3080966549261,187.5337131649003,843.8418098198264,-468.7743834900259,977.8005809912788,1446.574964481305,843.8418098198264,468.7743834900259,1821.642390811105,2290.416774301131,0.1702701111438962,0.3675703772180551,0.4621595116380486,0.0,3,-35,keys
1032.7797441855644,41.0,747.0,712.0,1790.1533453869251,1416.0,-883.0,648.0,2155.58576725678,115.0,-1981.0,842.0,0.0,0.0,0.0,0.0,1244.6297142073174,2155.58576725678,0.0,2155.58576725678,824.8364228816594,699.1060830277097,333.6736611578549,1032.7797441855644,-365.4324218698548,757.3736012013608,1122.8060230712156,1032.7797441855644,365.4324218698548,1790.1533453869251,2155.58576725678,0.2074471893922529,0.3595754875832773,0.4329773230244696,0.0,3,-35,keys
834.6196738634909,-58.0,665.0,501.0,1855.2514654353463,1443.0,-978.0,635.0,2187.784952868997,115.0,-1983.0,917.0,0.0,0.0,0.0,0.0,1219.4140230419584,2187.784952868997,0.0,2187.784952868997,862.7092154420432,583.5765806485708,251.04309321492,834.6196738634909,-332.53348743365086,1020.6317915718554,1353.1652790055064,834.6196738634909,332.53348743365086,1855.2514654353463,2187.784952868997,0.1711108077512187,0.3803571695869183,0.448532022661863,0.0,3,-35,keys
1094.9890410410508,170.0,410.0,1001.0,1776.0892432532776,1428.0,-830.0,653.0,2286.529247571524,346.0,-2060.0,930.0,0.0,0.0,0.0,0.0,1289.401882966463,2286.529247571524,0.0,2286.529247571524,856.0784334408497,802.7145226796487,292.274518361402,1094.9890410410508,-510.44000431824657,681.1002022122268,1191.5402065304734,1094.9890410410508,510.44000431824657,1776.0892432532776,2286.529247571524,0.2123056153993399,0.3443630079023766,0.4433313766982834,0.0,3,-35,keys
816.8702467344492,-117.0,652.0,478.0,1874.7677189454696,1485.0,-952.0,635.0,2249.8339938759927,45.0,-1932.0,1152.0,0.0,0.0,0.0,0.0,1235.367989888978,2249.8339938759927,0.0,2249.8339938759927,885.8961166850581,595.9682608324861,220.90198590196317,816.8702467344492,-375.0662749305229,1057.8974722110206,1432.9637471415435,816.8702467344492,375.0662749305229,1874.7677189454696,2249.8339938759927,0.1653090928007332,0.3793945881489843,0.4552963190502824,0.0,3,-35,keys
838.1443789705924,-170.0,665.0,481.0,1855.3689660011023,1512.0,-845.0,665.0,2891.925656029214,443.0,-2091.0,1948.0,0.0,0.0,0.0,0.0,1396.3597502502273,2891.925656029214,0.0,2891.925656029214,1084.9921418522456,937.350534499352,-99.2061555287596,838.1443789705924,-1036.5566900281117,1017.2245870305102,2053.781277058622,838.1443789705924,1036.5566900281117,1855.3689660011023,2891.925656029214,0.150058818800169,0.3321796130382268,0.5177615681616041,0.0,3,-35,keys
1050.463707131284,135.0,385.0,968.0,1781.7960040363769,1436.0,-830.0,651.0,2322.561947505384,371.0,-2083.0,958.0,0.0,0.0,0.0,0.0,1288.7054146682613,2322.561947505384,0.0,2322.561947505384,870.2755909507662,795.6148253001454,254.84888183113867,1050.463707131284,-540.7659434690067,731.3322969050928,1272.0982403740995,1050.463707131284,540.7659434690067,1781.7960040363769,2322.561947505384,0.2037827449110421,0.3456561879378475,0.4505610671511103,0.0,3,-35,keys
854.8906362804543,-13.0,637.0,570.0,1808.3486942511945,1426.0,-915.0,632.0,2236.871028915168,158.0,-2018.0,952.0,0.0,0.0,0.0,0.0,1225.0275898617042,2236.871028915168,0.0,2236.871028915168,866.2829526647888,641.7064854722137,213.18415080824047,854.8906362804543,-428.5223346639732,953.4580579707402,1381.9803926347136,854.8906362804543,428.5223346639732,1808.3486942511945,2236.871028915168,0.1744635474652788,0.3690424422309016,0.4564940103038195,0.0,3,-35,keys
793.2080433278522,-81.0,657.0,437.0,1917.872258519842,1477.0,-1057.0,616.0,2225.0312357358043,278.0,-1922.0,1086.0,0.0,0.0,0.0,0.0,1234.0278843958747,2225.0312357358043,0.0,2225.0312357358043,889.7861712419685,550.1835102719074,243.02453305594508,793.2080433278522,-307.1589772159623,1124.6642151919898,1431.823192407952,793.2080433278522,307.1589772159623,1917.872258519842,2225.0312357358043,0.1606949189231999,0.3885390846453091,0.4507659964314908,0.0,3,-35,keys
810.4702338766058,-101.0,625.0,506.0,1847.234148666595,1475.0,-915.0,632.0,2380.069116643464,166.0,-2062.0,1177.0,0.0,0.0,0.0,0.0,1259.4433747966664,2380.069116643464,0.0,2380.069116643464,920.4719635495608,671.6526009267375,138.81763294986854,810.4702338766058,-532.8349679768689,1036.7639147899893,1569.5988827668582,810.4702338766058,532.8349679768689,1847.234148666595,2380.069116643464,0.1608786568128666,0.3666766973475139,0.4724446458396193,0.0,3,-35,keys
862.5085506822527,-120.0,665.0,536.0,1866.1259335854047,1495.0,-901.0,660.0,2297.9249334997867,65.0,-1997.0,1135.0,0.0,0.0,0.0,0.0,1256.6398544418612,2297.9249334997867,0.0,2297.9249334997867,893.0609028662815,647.153775298317,215.3547753839357,862.5085506822527,-431.7989999143815,1003.6173829031524,1435.416382817534,862.5085506822527,431.7989999143815,1866.1259335854047,2297.9249334997867,0.1715902427480579,0.3712531333041017,0.4571566239478403,0.0,3,-35,keys
789.9379722484545,-137.0,647.0,432.0,1926.002336447181,1530.0,-972.0,651.0,2222.31725907891,6.0,-1957.0,1053.0,0.0,0.0,0.0,0.0,1234.5643919436363,2222.31725907891,0.0,2222.31725907891,891.0084242838781,543.1264474400917,246.81152480836272,789.9379722484545,-296.3149226317289,1136.0643641987267,1432.3792868304554,789.9379722484545,296.3149226317289,1926.002336447181,2222.31725907891,0.1599628940789422,0.3900165817626935,0.4500205241583642,0.0,3,-35,keys
808.2165551385347,-125.0,665.0,442.0,1939.7002345723424,1522.0,-1023.0,632.0,2236.041368132531,208.0,-1981.0,1016.0,0.0,0.0,0.0,0.0,1245.989539460852,2236.041368132531,0.0,2236.041368132531,895.205600716469,552.2788443493615,255.93771078917325,808.2165551385347,-296.3411335601884,1131.4836794338078,1427.824812993996,808.2165551385347,296.3411335601884,1939.7002345723424,2236.041368132531,0.1621635915756273,0.3891887076780082,0.4486477007463644,0.0,3,-35,keys
853.3639317430752,-66.0,655.0,543.0,1845.457666813303,1456.0,-917.0,667.0,2227.159850572024,153.0,-1976.0,1016.0,0.0,0.0,0.0,0.0,1231.4953622821006,2227.159850572024,0.0,2227.159850572024,870.037598427607,617.5330577508981,235.8308739921772,853.3639317430752,-381.70218375872105,992.0937350702276,1373.7959188289487,853.3639317430752,381.70218375872105,1845.457666813303,2227.159850572024,0.1732373417472102,0.3746375592096141,0.4521250990431755,0.0,3,-35,keys
832.8565302619653,-81.0,655.0,508.0,1851.75187322708,1462.0,-935.0,646.0,2262.717613844025,171.0,-2011.0,1023.0,0.0,0.0,0.0,0.0,1236.8315043332675,2262.717613844025,0.0,2262.717613844025,883.6737689264664,621.9111354394554,210.94539482251,832.8565302619653,-410.96574061694537,1018.8953429651148,1429.86108358206,832.8565302619653,410.96574061694537,1851.75187322708,2262.717613844025,0.1683447841003469,0.3742934803041935,0.4573617355954594,0.0,3,-35,keys
829.1405188506952,-88.0,647.0,511.0,1856.4183257014029,1472.0,-932.0,641.0,2266.036407474513,168.0,-2016.0,1021.0,0.0,0.0,0.0,0.0,1237.8988130066527,2266.036407474513,0.0,2266.036407474513,885.876700651236,619.3793003119029,209.76121853879224,829.1405188506952,-409.6180817731106,1027.2778068507075,1436.8958886238183,829.1405188506952,409.6180817731106,1856.4183257014029,2266.036407474513,0.1674491707518584,0.3749131807454576,0.457637648502684,0.0,3,-35,keys
822.597714560404,-81.0,655.0,491.0,1876.1564433703284,1477.0,-955.0,653.0,2265.1852021413174,172.0,-2006.0,1038.0,0.0,0.0,0.0,0.0,1240.9848400180126,2265.1852021413174,0.0,2265.1852021413174,889.8764671826468,605.8132366656966,216.7844778947076,822.597714560404,-389.028758770989,1053.5587288099243,1442.5874875809134,822.597714560404,389.028758770989,1876.1564433703284,2265.1852021413174,0.1657146985269506,0.3779571641147317,0.4563281373583175,0.0,3,-35,keys
1040.3816607380195,96.0,567.0,867.0,1788.1087774517523,1433.0,-840.0,662.0,2256.818557172907,281.0,-2037.0,930.0,0.0,0.0,0.0,0.0,1271.3272488406697,2256.818557172907,0.0,2256.818557172907,852.6231737146336,754.5457202295872,285.8359405084327,1040.3816607380195,-468.7097797211545,747.7271167137326,1216.436896434887,1040.3816607380195,468.7097797211545,1788.1087774517523,2256.818557172907,0.204585731503582,0.3516224440014046,0.4437918244950134,0.0,3,-35,keys
885.1135520372513,-31.0,692.0,551.0,1828.7454716280229,1431.0,-930.0,657.0,2193.6898139892064,175.0,-1971.0,947.0,0.0,0.0,0.0,0.0,1226.8872094136202,2193.6898139892064,0.0,2193.6898139892064,854.2543680761951,625.0289471992174,260.084604838034,885.1135520372513,-364.94434236118354,943.6319195907716,1308.576261951955,885.1135520372513,364.94434236118354,1828.7454716280229,2193.6898139892064,0.1803575636875951,0.3726392812632824,0.4470031550491224,0.0,3,-35,keys
0.0,0.0,0.0,0.0,1858.8916052314617,1515.0,-837.0,678.0,3553.5286688023216,971.0,-1863.0,2866.0,0.0,0.0,0.0,0.0,1353.1050685084458,3553.5286688023216,0.0,3553.5286688023216,1479.8201490643228,847.31853178543,-847.31853178543,0.0,-1694.63706357086,1858.8916052314617,3553.5286688023216,0.0,1694.63706357086,1858.8916052314617,3553.5286688023216,0.0,0.3434492354833454,0.6565507645166546,0.0,3,-35,keys
806.9250274963591,-98.0,682.0,420.0,1911.9231156089932,1475.0,-1008.0,681.0,2107.558302870884,236.0,-1845.0,991.0,0.0,0.0,0.0,0.0,1206.601611494059,2107.558302870884,0.0,2107.558302870884,855.1067483887259,501.2801073791248,305.6449201172343,806.9250274963591,-195.63518726189045,1104.9980881126344,1300.6332753745246,806.9250274963591,195.63518726189045,1911.9231156089932,2107.558302870884,0.1671896133341796,0.3961380246379704,0.43667236202785,0.0,3,-35,keys
968.1167284992032,36.0,695.0,673.0,1784.1810446252364,1413.0,-883.0,638.0,2179.171631606836,190.0,-2008.0,825.0,0.0,0.0,0.0,0.0,1232.8673511828188,2179.171631606836,0.0,2179.171631606836,835.0888242501272,681.5536577404015,286.5630707588018,968.1167284992032,-394.9905869815996,816.0643161260332,1211.0549031076328,968.1167284992032,394.9905869815996,1784.1810446252364,2179.171631606836,0.1963140494332961,0.3617950144663748,0.4418909361003291,0.0,3,-35,keys
1758.198225456959,456.0,210.0,1685.0,1774.689268576333,1428.0,-827.0,653.0,2285.112469879765,371.0,-2073.0,887.0,0.0,0.0,0.0,0.0,1454.499990978264,2285.112469879765,0.0,2285.112469879765,866.0602035910835,1134.3107133801957,623.8875120767636,1758.198225456959,-510.4232013034318,16.4910431193739,526.9142444228057,1758.198225456959,510.4232013034318,1774.689268576333,2285.112469879765,0.3021997656174673,0.3050342522488977,0.392765982133635,0.0,3,-35,keys
845.1230679611106,-140.0,672.0,493.0,1847.1862385801817,1482.0,-878.0,667.0,2329.565410114084,125.0,-1965.0,1245.0,0.0,0.0,0.0,0.0,1255.4686791638442,2329.565410114084,0.0,2329.565410114084,901.1657148596992,663.7511197475063,181.37194821360413,845.1230679611106,-482.3791715339023,1002.0631706190712,1484.4423421529734,845.1230679611106,482.3791715339023,1847.1862385801817,2329.565410114084,0.1682883615471737,0.3678280209687166,0.4638836174841096,0.0,3,-35,keys
847.4986725653321,-66.0,717.0,447.0,1884.5129344209872,1443.0,-978.0,716.0,2104.3637993464918,153.0,-1873.0,947.0,0.0,0.0,0.0,0.0,1209.0938515832026,2104.3637993464918,0.0,2104.3637993464918,844.1501987583113,533.6747687454181,313.823903819914,847.4986725653321,-219.85086492550408,1037.0142618556551,1256.8651267811592,847.4986725653321,219.85086492550408,1884.5129344209872,2104.3637993464918,0.1752342614792902,0.3896539817718414,0.4351117567488684,0.0,3,-35,keys
1015.2999556781238,71.0,807.0,612.0,1782.3313384441176,1408.0,-871.0,660.0,2175.832943955027,205.0,-2000.0,832.0,0.0,0.0,0.0,0.0,1243.366059519317,2175.832943955027,0.0,2175.832943955027,830.3540461968051,704.4007805945166,310.89917508360713,1015.2999556781238,-393.5016055109095,767.0313827659938,1160.532988276903,1015.2999556781238,393.5016055109095,1782.3313384441176,2175.832943955027,0.2041434113278427,0.3583681822417534,0.4374884064304039,0.0,3,-35,keys
1576.706377230713,103.0,387.0,1525.0,1774.099208048975,1428.0,-812.0,670.0,2287.8238568561173,400.0,-2053.0,927.0,0.0,0.0,0.0,0.0,1409.6573605339513,2287.8238568561173,0.0,2287.8238568561173,854.2589630155796,1045.2155130189276,531.4908642117853,1576.706377230713,-513.7246488071423,197.39283081826196,711.1174796254043,1576.706377230713,513.7246488071423,1774.099208048975,2287.8238568561173,0.2796258192546674,0.3146330551164895,0.4057411256288431,0.0,3,-36,keys
828.8564411283778,-155.0,667.0,467.0,1844.701330839223,1485.0,-863.0,673.0,2569.093614487413,257.0,-2072.0,1497.0,0.0,0.0,0.0,0.0,1310.6628466137536,2569.093614487413,0.0,2569.093614487413,977.090017606532,776.624362388284,52.23207874009381,828.8564411283778,-724.3922836481902,1015.8448897108452,1740.2371733590353,828.8564411283778,724.3922836481902,1844.701330839223,2569.093614487413,0.1580987138053509,0.3518641990205983,0.4900370871740506,0.0,3,-35,keys
821.6891139597749,-98.0,687.0,440.0,1908.524299033156,1477.0,-1006.0,670.0,2120.0747628326694,242.0,-1868.0,973.0,0.0,0.0,0.0,0.0,1212.5720439564002,2120.0747628326694,0.0,2120.0747628326694,856.0127266667231,516.6197888796441,305.06932508013074,821.6891139597749,-211.5504637995132,1086.8351850733814,1298.3856488728943,821.6891139597749,211.5504637995132,1908.524299033156,2120.0747628326694,0.1694103698941371,0.3934867846709527,0.43710284543491,0.0,3,-35,keys
914.418394390664,6.0,715.0,570.0,1805.7721340191288,1408.0,-930.0,643.0,2157.797719898693,171.0,-1965.0,875.0,0.0,0.0,0.0,0.0,1219.4970620771217,2157.797719898693,0.0,2157.797719898693,837.3130630685686,633.2219901351141,281.1964042555501,914.418394390664,-352.025585879564,891.3537396284652,1243.379325508029,914.418394390664,352.025585879564,1805.7721340191288,2157.797719898693,0.1874580970357507,0.3701878811711584,0.4423540217930908,0.0,3,-35,keys
1100.1054494910932,-18.0,812.0,742.0,1800.7248540518344,1436.0,-845.0,683.0,2223.905123875567,315.0,-1985.0,952.0,0.0,0.0,0.0,0.0,1281.1838568546236,2223.905123875567,0.0,2223.905123875567,841.5562517949181,761.6428596574128,338.46258983368034,1100.1054494910932,-423.1802698237325,700.6194045607413,1123.7996743844735,1100.1054494910932,423.1802698237325,1800.7248540518344,2223.905123875567,0.2146658037418439,0.3513790866973442,0.4339551095608119,0.0,3,-35,keys
825.032120586829,-182.0,677.0,435.0,1910.537620671208,1543.0,-896.0,683.0,2634.778738338383,-447.0,-1747.0,1921.0,0.0,0.0,0.0,0.0,1342.587119899105,2634.778738338383,0.0,2634.778738338383,1007.8107835705206,774.6366191270021,50.395501459826846,825.032120586829,-724.2411176671751,1085.5055000843788,1809.746617751554,825.032120586829,724.2411176671751,1910.537620671208,2634.778738338383,0.1536272969475586,0.3557567312307421,0.4906159718216993,0.0,3,-35,keys
811.0641158379527,-155.0,670.0,430.0,1928.4143745575016,1537.0,-917.0,718.0,2397.1343308208657,-98.0,-1820.0,1557.0,0.0,0.0,0.0,0.0,1284.15320530408,2397.1343308208657,0.0,2397.1343308208657,938.97047094531,639.8920360506584,171.17207978729425,811.0641158379527,-468.7199562633641,1117.350258719549,1586.070214982913,811.0641158379527,468.7199562633641,1928.4143745575016,2397.1343308208657,0.1578986277665166,0.3754252932189785,0.4666760790145047,0.0,3,-35,keys
1055.897722319733,-48.0,630.0,846.0,1796.4459357297676,1436.0,-861.0,651.0,2248.002224198188,283.0,-2020.0,945.0,0.0,0.0,0.0,0.0,1275.0864705619222,2248.002224198188,0.0,2248.002224198188,850.3337536461437,753.7270053940766,302.1707169256565,1055.897722319733,-451.5562884684202,740.5482134100346,1192.1045018784548,1055.897722319733,451.5562884684202,1796.4459357297676,2248.002224198188,0.2070247286551487,0.352220413517933,0.4407548578269182,0.0,3,-35,keys
1055.406082984175,-107.0,652.0,823.0,1791.1462810167125,1446.0,-820.0,667.0,2331.8908636555016,405.0,-2051.0,1033.0,0.0,0.0,0.0,0.0,1294.610806914097,2331.8908636555016,0.0,2331.8908636555016,874.0328132405728,798.0753328114823,257.3307501726931,1055.406082984175,-540.7445826387891,735.7401980325371,1276.4847806713262,1055.406082984175,540.7445826387891,1791.1462810167125,2331.8908636555016,0.203807599424397,0.3458850859754105,0.4503073146001924,0.0,3,-35,keys
873.4855465318244,-238.0,677.0,498.0,1804.5913664871607,1475.0,-795.0,670.0,2683.3903927680744,670.0,-2078.0,1560.0,0.0,0.0,0.0,0.0,1340.3668264467651,2683.3903927680744,0.0,2683.3903927680744,1004.21338397824,876.142286406369,-2.656739874544428,873.4855465318244,-878.7990262809133,931.1058199553368,1809.90484623625,873.4855465318244,878.7990262809133,1804.5913664871607,2683.3903927680744,0.1629191220823078,0.3365853531437786,0.5004955247739133,0.0,3,-35,keys
894.7116854048571,-101.0,672.0,582.0,1826.7558676517235,1462.0,-883.0,648.0,2251.0728553292097,257.0,-2016.0,968.0,0.0,0.0,0.0,0.0,1243.1351020964476,2251.0728553292097,0.0,2251.0728553292097,869.3870645090456,659.5143365411718,235.19734886368545,894.7116854048571,-424.3169876774864,932.0441822468662,1356.3611699243525,894.7116854048571,424.3169876774864,1826.7558676517235,2251.0728553292097,0.179930500694574,0.3673687326041727,0.4527007667012531,0.0,3,-35,keys
999.00400399598,-66.0,682.0,727.0,1800.535753602244,1436.0,-868.0,653.0,2232.3604099696804,267.0,-2020.0,912.0,0.0,0.0,0.0,0.0,1257.9750418919762,2232.3604099696804,0.0,2232.3604099696804,850.4948818052235,715.4143301817082,283.5896738142717,999.00400399598,-431.82465636743655,801.5317496062638,1233.3564059737005,999.00400399598,431.82465636743655,1800.535753602244,2232.3604099696804,0.1985341462922612,0.3578242202035789,0.4436416335041597,0.0,3,-35,keys
914.9453535594351,-175.0,640.0,630.0,1797.5594565966378,1456.0,-822.0,660.0,2412.627820448069,438.0,-2060.0,1177.0,0.0,0.0,0.0,0.0,1281.2831576510357,2412.627820448069,0.0,2412.627820448069,911.3687343330316,765.0068587054333,149.9384948540021,914.9453535594351,-615.0683638514313,882.6141030372025,1497.6824668886338,914.9453535594351,615.0683638514313,1797.5594565966378,2412.627820448069,0.1785213026675532,0.350734231903135,0.4707444654293116,0.0,3,-35,keys
2186.371651846959,301.0,412.0,2126.0,1762.1364873357568,1426.0,-800.0,657.0,2304.677634724648,447.0,-2037.0,981.0,0.0,0.0,0.0,0.0,1563.296443476841,2304.677634724648,0.0,2304.677634724648,924.8380830246232,1364.4563996179254,821.915252229034,2186.371651846959,-542.5411473888914,424.2351645112024,118.30598287768908,2186.371651846959,542.5411473888914,1762.1364873357568,2304.677634724648,0.3496412438232718,0.2817981987179422,0.368560557458786,0.0,3,-35,keys
881.5832348678144,-190.0,695.0,508.0,1833.208662427712,1482.0,-837.0,681.0,2470.8105957357398,392.0,-1845.0,1596.0,0.0,0.0,0.0,0.0,1296.4006232578165,2470.8105957357398,0.0,2470.8105957357398,938.1004338644904,759.5925840879211,121.99065077989349,881.5832348678144,-637.6019333080276,951.6254275598972,1589.2273608679247,881.5832348678144,637.6019333080276,1833.208662427712,2470.8105957357398,0.1700059416533644,0.3535189334105905,0.4764751249360451,0.0,3,-35,keys
923.8717443455016,11.0,737.0,557.0,1818.802628104545,1423.0,-917.0,665.0,2155.046403212701,190.0,-1990.0,805.0,0.0,0.0,0.0,0.0,1224.430193915687,2155.046403212701,0.0,2155.046403212701,837.9871420419249,630.0577597268289,293.81398461867275,923.8717443455016,-336.2437751081561,894.9308837590432,1231.1746588671997,923.8717443455016,336.2437751081561,1818.802628104545,2155.046403212701,0.1886329961757539,0.3713569456924439,0.4400100581318022,0.0,3,-34,keys
1032.126930178648,105.0,810.0,631.0,1784.6559892595546,1408.0,-878.0,657.0,2185.858412615053,247.0,-2002.0,842.0,0.0,0.0,0.0,0.0,1250.660333013314,2185.858412615053,0.0,2185.858412615053,832.4143988585412,716.6646767670734,315.4622534115749,1032.126930178648,-401.20242335549847,752.5290590809066,1153.731482436405,1032.126930178648,401.20242335549847,1784.6559892595546,2185.858412615053,0.2063163960137489,0.3567427426437287,0.4369408613425224,0.0,3,-35,keys
766.8930825088984,-200.0,670.0,315.0,1772.7148670894594,1291.0,-341.0,1166.0,2131.617460990597,310.0,-1997.0,678.0,0.0,0.0,0.0,0.0,1167.8063526472388,2131.617460990597,0.0,2131.617460990597,839.5459026859418,562.8978382050179,203.99524430388036,766.8930825088984,-358.9025939011376,1005.821784580561,1364.7243784816987,766.8930825088984,358.9025939011376,1772.7148670894594,2131.617460990597,0.1641738548455548,0.3794967511246589,0.4563293940297862,0.0,3,-33,keys
815.9448510775713,-246.0,645.0,435.0,1779.8721864223846,1446.0,-790.0,673.0,2610.6127633182214,891.0,-2027.0,1383.0,0.0,0.0,0.0,0.0,1301.6074502045444,2610.6127633182214,0.0,2610.6127633182214,983.9057605136908,823.3427139867041,-7.397862909132755,815.9448510775713,-830.7405768958367,963.9273353448132,1794.66791224065,815.9448510775713,830.7405768958367,1779.8721864223846,2610.6127633182214,0.1567186886778628,0.3418604023322627,0.5014209089898743,0.0,3,-37,keys
883.6928199323563,-147.0,630.0,602.0,1778.759680226646,1431.0,-825.0,660.0,2271.4493170660885,303.0,-1968.0,1093.0,0.0,0.0,0.0,0.0,1233.4754543062727,2271.4493170660885,0.0,2271.4493170660885,868.6964680623112,688.1912283858993,195.5015915464569,883.6928199323563,-492.6896368394425,895.0668602942897,1387.7564971337322,883.6928199323563,492.6896368394425,1778.759680226646,2271.4493170660885,0.1791062839652046,0.3605178510072278,0.4603758650275675,0.0,3,-35,keys
917.7330766622722,31.0,717.0,572.0,1789.8192646186374,1406.0,-896.0,651.0,2177.198658827439,125.0,-2013.0,820.0,0.0,0.0,0.0,0.0,1221.187750027087,2177.198658827439,0.0,2177.198658827439,839.7444427823148,652.5562354355369,265.1768412267354,917.7330766622722,-387.3793942088016,872.0861879563652,1259.4655821651668,917.7330766622722,387.3793942088016,1789.8192646186374,2177.198658827439,0.187877145967505,0.3664095190479386,0.4457133349845563,0.0,3,-34,keys
830.4414488692144,-48.0,695.0,452.0,1876.5612166939825,1436.0,-981.0,705.0,2163.6057866441383,130.0,-1941.0,947.0,0.0,0.0,0.0,0.0,1217.6521130518338,2163.6057866441383,0.0,2163.6057866441383,860.4647474361773,558.743009409685,271.69843945952925,830.4414488692144,-287.04456995015585,1046.119767824768,1333.164337774924,830.4414488692144,287.04456995015585,1876.5612166939825,2163.6057866441383,0.1705005559403697,0.38528270853789,0.4442167355217402,0.0,3,-34,keys
1003.6578102122256,-16.0,567.0,828.0,1793.121858658803,1446.0,-837.0,651.0,2304.077689662395,342.0,-2037.0,1021.0,0.0,0.0,0.0,0.0,1275.2143396333558,2304.077689662395,0.0,2304.077689662395,869.8710467612219,757.306820607909,246.35098960431677,1003.6578102122256,-510.95583100359227,789.4640484465773,1300.4198794501694,1003.6578102122256,510.95583100359227,1793.121858658803,2304.077689662395,0.1967625714005053,0.3515334251915551,0.4517040034079396,0.0,3,-34,keys
842.4262579003577,-96.0,655.0,521.0,1827.95350050268,1453.0,-898.0,651.0,2223.308120796576,211.0,-1983.0,983.0,0.0,0.0,0.0,0.0,1223.4219697999033,2223.308120796576,0.0,2223.308120796576,867.0567650453602,618.8904390971268,223.5358188032308,842.4262579003577,-395.354620293896,985.527242602322,1380.881862896218,842.4262579003577,395.354620293896,1827.95350050268,2223.308120796576,0.1721454818320249,0.3735329153852064,0.4543216027827685,0.0,3,-34,keys
893.931764733752,-33.0,700.0,555.0,1822.7350328558452,1433.0,-915.0,657.0,2202.411859757389,168.0,-1987.0,935.0,0.0,0.0,0.0,0.0,1229.7696643367467,2202.411859757389,0.0,2202.411859757389,854.8042598613355,636.8042958176477,257.1274689161044,893.931764733752,-379.67682690154334,928.8032681220936,1308.4800950236367,893.931764733752,379.67682690154334,1822.7350328558452,2202.411859757389,0.1817274792706562,0.3705439900078572,0.4477285307214865,0.0,3,-34,keys
878.7963359049695,-107.0,647.0,585.0,1809.2819017499733,1436.0,-886.0,653.0,2287.3543669488554,262.0,-2035.0,1011.0,0.0,0.0,0.0,0.0,1243.8581511509497,2287.3543669488554,0.0,2287.3543669488554,878.7834772088864,678.4344005519258,200.3619353530437,878.7963359049695,-478.0724651988821,930.4855658450036,1408.558031043886,878.7963359049695,478.0724651988821,1809.2819017499733,2287.3543669488554,0.1766271208440877,0.3636431332776638,0.4597297458782483,0.0,3,-34,keys
917.9678643612748,-276.0,645.0,592.0,1789.2830966619006,1451.0,-802.0,673.0,2370.7574738888834,631.0,-1997.0,1111.0,0.0,0.0,0.0,0.0,1269.5021087280147,2370.7574738888834,0.0,2370.7574738888834,896.9598073130835,749.721120794129,168.24674356714604,917.9678643612748,-581.4743772269828,871.3152323006257,1452.7896095276085,917.9678643612748,581.4743772269828,1789.2830966619006,2370.7574738888834,0.1807732058990115,0.352359221060035,0.4668675730409534,0.0,3,-36,keys
1001.1178751775436,-868.0,397.0,302.0,1606.7392445571247,1505.0,-455.0,331.0,2420.3262176822363,851.0,-2137.0,753.0,0.0,0.0,0.0,0.0,1257.045834354226,2420.3262176822363,0.0,2420.3262176822363,883.3416781363185,907.3524241513276,93.76545102621594,1001.1178751775436,-813.5869731251116,605.621369379581,1419.2083425046926,1001.1178751775436,813.5869731251116,1606.7392445571247,2420.3262176822363,0.1991013071714766,0.3195466705839219,0.4813520222446015,0.0,3,-32,empty
998.64307938322,-858.0,400.0,318.0,1607.1518285463883,1507.0,-452.0,328.0,2421.1875185536537,856.0,-2127.0,778.0,0.0,0.0,0.0,0.0,1256.7456066208156,2421.1875185536537,0.0,2421.1875185536537,883.8461292777597,906.3393846952424,92.30369468797744,998.64307938322,-814.0356900072652,608.5087491631687,1422.544439170434,998.64307938322,814.0356900072652,1607.1518285463883,2421.1875185536537,0.1986565686249758,0.3197050819353485,0.4816383494396756,0.0,3,-32,empty
996.4928499492607,-858.0,397.0,315.0,1598.9574728553605,1502.0,-455.0,306.0,2414.208151754939,856.0,-2127.0,756.0,0.0,0.0,0.0,0.0,1252.41461863989,2414.208151754939,0.0,2414.208151754939,880.8936502308883,905.8717644244198,90.62108552484096,996.4928499492607,-815.2506788995788,602.4646229060995,1417.7153018056783,996.4928499492607,815.2506788995788,1598.9574728553605,2414.208151754939,0.198914328194173,0.3191749459519668,0.4819107258538601,0.0,3,-32,empty
1002.1841148212238,-878.0,385.0,292.0,1604.4157815229817,1502.0,-461.0,325.0,2420.825892128552,853.0,-2135.0,758.0,0.0,0.0,0.0,0.0,1256.8564471181894,2420.825892128552,0.0,2420.825892128552,883.1999328223717,909.297112713397,92.88700210782667,1002.1841148212238,-816.4101106055703,602.2316667017578,1418.641777307328,1002.1841148212238,816.4101106055703,1604.4157815229817,2420.825892128552,0.1993433930181731,0.3191326633207995,0.4815239436610273,0.0,3,-32,empty
1004.9129315517838,-876.0,385.0,307.0,1616.3567056810202,1520.0,-447.0,320.0,2412.253303448873,846.0,-2127.0,761.0,0.0,0.0,0.0,0.0,1258.3807351704193,2412.253303448873,0.0,2412.253303448873,881.3819690417744,900.4047646598183,104.50816689196564,1004.9129315517838,-795.8965977678527,611.4437741292364,1407.340371897089,1004.9129315517838,795.8965977678527,1616.3567056810202,2412.253303448873,0.1996440551467301,0.3211183746908921,0.4792375701623776,0.0,3,-32,empty
993.1998791784058,-861.0,390.0,305.0,1603.1478409678878,1507.0,-447.0,315.0,2426.29346947149,856.0,-2140.0,758.0,0.0,0.0,0.0,0.0,1255.6602974044458,2426.29346947149,0.0,2426.29346947149,885.5362598573695,908.172753841004,85.02712533740191,993.1998791784058,-823.1456285036022,609.947961789482,1433.0935902930842,993.1998791784058,823.1456285036022,1603.1478409678878,2426.29346947149,0.1977445415036679,0.3191842260764571,0.483071232419875,0.0,3,-32,empty
1001.903188935937,-876.0,385.0,297.0,1612.9268427303205,1512.0,-458.0,325.0,2418.422212931398,857.0,-2126.0,771.0,0.0,0.0,0.0,0.0,1258.313061149414,2418.422212931398,0.0,2418.422212931398,883.2754327732611,903.6992795685072,98.2039093674298,1001.903188935937,-805.4953702010775,611.0236537943834,1416.5190239954609,1001.903188935937,805.4953702010775,1612.9268427303205,2418.422212931398,0.1990568205699029,0.3204542042297849,0.4804889752003121,0.0,3,-31,empty
985.0005076140824,-851.0,395.0,300.0,1613.4475510533337,1515.0,-452.0,322.0,2413.6561478387925,848.0,-2126.0,766.0,0.0,0.0,0.0,0.0,1253.026051626552,2413.6561478387925,0.0,2413.6561478387925,883.0172500835829,892.6045521997706,92.39595541431186,985.0005076140824,-800.2085967854589,628.4470434392513,1428.6556402247102,985.0005076140824,800.2085967854589,1613.4475510533337,2413.6561478387925,0.1965243472662547,0.3219102166628775,0.4815654360708677,0.0,3,-32,empty
987.8304510390434,-853.0,390.0,310.0,1603.9869076772416,1507.0,-450.0,315.0,2417.117498178357,838.0,-2142.0,743.0,0.0,0.0,0.0,0.0,1252.2337142236606,2417.117498178357,0.0,2417.117498178357,882.9896516730055,900.4805207700795,87.34993026896404,987.8304510390434,-813.1305905011154,616.1564566381982,1429.2870471393137,987.8304510390434,813.1305905011154,1603.9869076772416,2417.117498178357,0.1972136750150235,0.3202251483605149,0.4825611766244614,0.0,3,-32,empty
993.601026569518,-863.0,385.0,307.0,1621.5039315400995,1525.0,-445.0,325.0,2415.548384942848,841.0,-2132.0,763.0,0.0,0.0,0.0,0.0,1257.6633357631165,2415.548384942848,0.0,2415.548384942848,883.8161199464463,893.8227399861332,99.7782865833849,993.601026569518,-794.0444534027483,627.9029049705815,1421.9473583733295,993.601026569518,794.0444534027483,1621.5039315400995,2415.548384942848,0.1975093409967755,0.3223247202631168,0.4801659387401076,0.0,3,-32,empty
986.8789186115996,-861.0,380.0,297.0,1603.2074101625155,1507.0,-440.0,325.0,2410.4443573747976,848.0,-2127.0,753.0,0.0,0.0,0.0,0.0,1250.132671537228,2410.4443573747976,0.0,2410.4443573747976,880.783630385575,897.0579329119408,89.82098569965865,986.8789186115996,-807.2369472122821,616.328491550916,1423.565438763198,986.8789186115996,807.2369472122821,1603.2074101625155,2410.4443573747976,0.1973548370266337,0.3206074536455255,0.4820377093278407,0.0,3,-32,empty
1005.0721367145744,-876.0,387.0,305.0,1603.495244769999,1502.0,-452.0,333.0,2419.240376647182,856.0,-2132.0,758.0,0.0,0.0,0.0,0.0,1256.951939532939,2419.240376647182,0.0,2419.240376647182,882.3800608039503,910.4086342958784,94.66350241869576,1005.0721367145744,-815.7451318771828,598.423108055425,1414.1682399326078,1005.0721367145744,815.7451318771828,1603.495244769999,2419.240376647182,0.1999026583880449,0.318925329270312,0.4811720123416431,0.0,3,-32,empty
992.854974303901,-856.0,400.0,305.0,1604.4921314858482,1505.0,-447.0,331.0,2416.182733155752,867.0,-2123.0,761.0,0.0,0.0,0.0,0.0,1253.3824597363753,2416.182733155752,0.0,2416.182733155752,882.3582943596062,902.2727879869024,90.58218631699856,992.854974303901,-811.6906016699038,611.6371571819471,1423.3277588518508,992.854974303901,811.6906016699038,1604.4921314858482,2416.182733155752,0.1980351182097938,0.3200324288532253,0.4819324529369809,0.0,3,-32,empty
1001.6880752010578,-873.0,385.0,305.0,1591.4738452139263,1495.0,-442.0,320.0,2416.0902301031724,838.0,-2132.0,768.0,0.0,0.0,0.0,0.0,1252.3130376295392,2416.0902301031724,0.0,2416.0902301031724,880.4130029611539,913.152230045152,88.53584515590592,1001.6880752010578,-824.6163848892461,589.7857700128685,1414.4021549021145,1001.6880752010578,824.6163848892461,1591.4738452139263,2416.0902301031724,0.1999675889937869,0.3177068746777509,0.4823255363284621,0.0,3,-32,empty
996.0687727260604,-873.0,382.0,290.0,1609.8922324180585,1512.0,-445.0,328.0,2418.3682515282903,846.0,-2135.0,758.0,0.0,0.0,0.0,0.0,1256.082314168102,2418.3682515282903,0.0,2418.3682515282903,883.379856026899,902.272395918146,93.79637680791416,996.0687727260604,-808.4760191102318,613.8234596919982,1422.2994788022302,996.0687727260604,808.4760191102318,1609.8922324180585,2418.3682515282903,0.1982491038785448,0.3204193336414188,0.4813315624800364,0.0,3,-32,empty
994.2117480697964,-868.0,387.0,292.0,1614.4664753410025,1517.0,-437.0,338.0,2409.552033055107,856.0,-2121.0,758.0,0.0,0.0,0.0,0.0,1254.5575641164764,2409.552033055107,0.0,2409.552033055107,881.0847395785113,894.6486528919504,99.56309517784575,994.2117480697964,-795.0855577141047,620.2547272712062,1415.340284985311,994.2117480697964,795.0855577141047,1614.4664753410025,2409.552033055107,0.1981199939537989,0.3217202864019221,0.4801597196442789,0.0,3,-32,empty
989.9590900638268,-863.0,385.0,295.0,1610.62379219978,1510.0,-440.0,347.0,2412.439843809582,851.0,-2127.0,756.0,0.0,0.0,0.0,0.0,1253.255681518297,2412.439843809582,0.0,2412.439843809582,881.9573100451679,895.8875708368143,94.07151922701246,989.9590900638268,-801.8160516098019,620.6647021359531,1422.480753745755,989.9590900638268,801.8160516098019,1610.62379219978,2412.439843809582,0.1974774789898636,0.3212879494486986,0.4812345715614378,0.0,3,-32,empty
1003.7175897631764,-868.0,405.0,300.0,1605.3887379697169,1502.0,-455.0,338.0,2422.827067704173,851.0,-2137.0,761.0,0.0,0.0,0.0,0.0,1257.9833488592665,2422.827067704173,0.0,2422.827067704173,883.8445247852278,910.5779597488162,93.13963001436014,1003.7175897631764,-817.4383297344559,601.6711482065406,1419.1094779409964,1003.7175897631764,817.4383297344559,1605.3887379697169,2422.827067704173,0.1994695698224747,0.3190401405999284,0.4814902895775968,0.0,3,-31,empty
983.516141199523,-848.0,390.0,310.0,1610.6734616302583,1512.0,-450.0,325.0,2425.723191132904,841.0,-2146.0,756.0,0.0,0.0,0.0,0.0,1254.9781984906713,2425.723191132904,0.0,2425.723191132904,886.823669797502,899.2829353510841,84.23320584843873,983.516141199523,-815.0497295026455,627.1573204307356,1442.207049933381,983.516141199523,815.0497295026455,1610.6734616302583,2425.723191132904,0.1959229535585501,0.3208568610130782,0.4832201854283717,0.0,3,-32,empty
1001.344096702028,-861.0,405.0,312.0,1608.7961337596507,1510.0,-450.0,325.0,2427.6789326432768,851.0,-2140.0,768.0,0.0,0.0,0.0,0.0,1259.454790776239,2427.6789326432768,0.0,2427.6789326432768,885.950692753711,910.113447792827,91.23064890920092,1001.344096702028,-818.882798883626,607.4520370576229,1426.334835941249,1001.344096702028,818.882798883626,1608.7961337596507,2427.6789326432768,0.198765391190594,0.3193437639726834,0.4818908448367223,0.0,3,-32,empty
986.5439675959708,-863.0,380.0,290.0,1601.1214819619404,1502.0,-445.0,331.0,2407.182170090166,843.0,-2126.0,751.0,0.0,0.0,0.0,0.0,1248.7119049120192,2407.182170090166,0.0,2407.182170090166,879.5253427451629,896.3023278620983,90.24163973387272,986.5439675959708,-806.0606881282256,614.5775143659695,1420.638202494195,986.5439675959708,806.0606881282256,1601.1214819619404,2407.182170090166,0.1975123252439641,0.320554620257815,0.481933054498221,0.0,3,-31,empty
997.341466098748,-861.0,395.0,312.0,1605.2083976854842,1510.0,-437.0,325.0,2416.133067527532,857.0,-2127.0,761.0,0.0,0.0,0.0,0.0,1254.6707328279408,2416.133067527532,0.0,2416.133067527532,882.0839541591251,904.1330679703976,93.20839812835015,997.341466098748,-810.9246698420475,607.8669315867363,1418.791601428784,997.341466098748,810.9246698420475,1605.2083976854842,2416.133067527532,0.1987257373595559,0.3198465453297567,0.4814277173106874,0.0,3,-32,empty
1004.62679637764,-871.0,397.0,305.0,1609.0413294878413,1510.0,-445.0,333.0,2419.240376647182,856.0,-2132.0,758.0,0.0,0.0,0.0,0.0,1258.2271256281658,2419.240376647182,0.0,2419.240376647182,882.9596538537214,907.4129217684904,97.21387460914956,1004.62679637764,-810.1990471593408,604.4145331102013,1414.613580269542,1004.62679637764,810.1990471593408,1609.0413294878413,2419.240376647182,0.1996115756676449,0.3197040694629224,0.4806843548694327,0.0,3,-32,empty
999.2387102189348,-863.0,397.0,310.0,1607.2056495669744,1507.0,-450.0,331.0,2412.87069690856,870.0,-2118.0,761.0,0.0,0.0,0.0,0.0,1254.8287641736174,2412.87069690856,0.0,2412.87069690856,881.072087063546,902.45187878026,96.78683143867444,999.2387102189348,-805.6650473415857,607.9669393480398,1413.6319866896256,999.2387102189348,805.6650473415857,1607.2056495669744,2412.87069690856,0.1990786987730942,0.3202041775447782,0.4807171236821275,0.0,3,-32,empty
1000.668276703124,-868.0,392.0,307.0,1619.8607964883895,1517.0,-458.0,336.0,2425.063504323134,860.0,-2137.0,758.0,0.0,0.0,0.0,0.0,1261.398144378662,2425.063504323134,0.0,2425.063504323134,886.2445889019962,902.935492268934,97.73278443418984,1000.668276703124,-805.2027078347444,619.1925197852657,1424.3952276200102,1000.668276703124,805.2027078347444,1619.8607964883895,2425.063504323134,0.1983252237135706,0.3210447081492852,0.4806300681371441,0.0,3,-32,empty
997.7018592746032,-868.0,377.0,316.0,1604.9429896416882,1507.0,-452.0,317.0,2413.6633982392823,851.0,-2123.0,771.0,0.0,0.0,0.0,0.0,1254.0770617888934,2413.6633982392823,0.0,2413.6633982392823,881.2186011966248,903.2111339360986,94.49072533850448,997.7018592746032,-808.7204085975941,607.241130367085,1415.9615389646792,997.7018592746032,808.7204085975941,1604.9429896416882,2413.6633982392823,0.1988916569950293,0.3199450493401693,0.4811632936648014,0.0,3,-32,empty
988.6425036381958,-858.0,385.0,305.0,1615.4980656132027,1515.0,-455.0,328.0,2413.74004399811,851.0,-2132.0,746.0,0.0,0.0,0.0,0.0,1254.470153312377,2413.74004399811,0.0,2413.74004399811,882.9789830162554,893.4422410115516,95.2002626266442,988.6425036381958,-798.2419783849075,626.8555619750069,1425.0975403599143,988.6425036381958,798.2419783849075,1615.4980656132027,2413.74004399811,0.1970239190282299,0.3219482865629657,0.4810277944088045,0.0,3,-32,empty
1014.2706739327524,-876.0,405.0,312.0,1612.929012697087,1512.0,-450.0,336.0,2417.113154157248,856.0,-2126.0,768.0,0.0,0.0,0.0,0.0,1261.078210196772,2417.113154157248,0.0,2417.113154157248,881.9648506413997,909.2274076964568,105.04326623629572,1014.2706739327524,-804.1841414601611,598.6583387643345,1402.8424802244956,1014.2706739327524,804.1841414601611,1612.929012697087,2417.113154157248,0.2010721194236024,0.319751978833536,0.4791759017428614,0.0,3,-31,empty
997.8862660644248,-863.0,392.0,312.0,1609.671705659263,1507.0,-463.0,325.0,2414.642623660901,851.0,-2127.0,763.0,0.0,0.0,0.0,0.0,1255.550148846147,2414.642623660901,0.0,2414.642623660901,881.9997583516775,901.4285920330316,96.45767403139324,997.8862660644248,-804.9709180016382,611.7854395948378,1416.756357596476,997.8862660644248,804.9709180016382,1609.671705659263,2414.642623660901,0.1986950236478973,0.3205112330914368,0.4807937432606658,0.0,3,-32,empty
991.689467524991,-868.0,382.0,290.0,1609.855272998166,1507.0,-452.0,341.0,2428.8046442643345,856.0,-2140.0,766.0,0.0,0.0,0.0,0.0,1257.5873461968729,2428.8046442643345,0.0,2428.8046442643345,887.1401054430504,905.3194193955796,86.37004812941132,991.689467524991,-818.9493712661683,618.1658054731752,1437.1151767393435,991.689467524991,818.9493712661683,1609.855272998166,2428.8046442643345,0.1971412702513277,0.3200285208551522,0.48283020889352,0.0,3,-32,empty
996.316214863534,-861.0,390.0,315.0,1585.7219176135518,1492.0,-435.0,315.0,2426.7939755982584,856.0,-2137.0,768.0,0.0,0.0,0.0,0.0,1252.2080270188362,2426.7939755982584,0.0,2426.7939755982584,883.7970960970589,918.6941364241204,77.62207843941383,996.316214863534,-841.0720579847066,589.4057027500177,1430.477760734724,996.316214863534,841.0720579847066,1585.7219176135518,2426.7939755982584,0.1989118807270964,0.3165851606519247,0.4845029586209787,0.0,3,-32,empty
1009.6880706436024,-871.0,402.0,315.0,1600.4493119121269,1502.0,-447.0,325.0,2431.797894562786,860.0,-2140.0,771.0,0.0,0.0,0.0,0.0,1260.4838192796287,2431.797894562786,0.0,2431.797894562786,885.8994250671122,920.5183266471308,89.16974399647165,1009.6880706436024,-831.3485826506592,590.7612412685246,1422.1098239191838,1009.6880706436024,831.3485826506592,1600.4493119121269,2431.797894562786,0.2002580388577782,0.3174275796786486,0.4823143814635732,0.0,3,-32,empty
994.1272554356408,-858.0,395.0,310.0,1599.8993718356164,1505.0,-437.0,322.0,2426.0191672779506,843.0,-2142.0,766.0,0.0,0.0,0.0,0.0,1255.011448637302,2426.0191672779506,0.0,2426.0191672779506,885.0594690693395,910.1235254389876,84.00372999665342,994.1272554356408,-826.1197954423342,605.7721163999755,1431.8919118423096,994.1272554356408,826.1197954423342,1599.8993718356164,2426.0191672779506,0.1980315112892136,0.3187021468156317,0.4832663418951546,0.0,3,-32,empty
1005.3685891254012,-871.0,395.0,310.0,1602.056802987959,1500.0,-455.0,331.0,2420.700105341428,853.0,-2132.0,766.0,0.0,0.0,0.0,0.0,1257.031374363697,2420.700105341428,0.0,2420.700105341428,882.6989146165951,912.0059457394352,93.3626433859663,1005.3685891254012,-818.6433023534689,596.6882138625576,1415.3315162160266,1005.3685891254012,818.6433023534689,1602.056802987959,2420.700105341428,0.199948984891947,0.3186190964801718,0.4814319186278811,0.0,3,-32,empty
1003.3907514024634,-868.0,395.0,312.0,1613.8705028595075,1512.0,-445.0,347.0,2427.7489573677094,853.0,-2140.0,766.0,0.0,0.0,0.0,0.0,1261.25255290742,2427.7489573677094,0.0,2427.7489573677094,886.3272520827256,908.6346029553324,94.75614844713073,1003.3907514024634,-813.8784545082017,610.4797514570444,1424.358205965246,1003.3907514024634,813.8784545082017,1613.8705028595075,2427.7489573677094,0.19888775429819,0.3198943976642977,0.4812178480375123,0.0,3,-32,empty
990.2994496615656,-863.0,382.0,300.0,1613.777555922749,1517.0,-450.0,317.0,2415.614621581845,843.0,-2132.0,761.0,0.0,0.0,0.0,0.0,1254.9229067915398,2415.614621581845,0.0,2415.614621581845,883.2948250781684,896.0682576603309,94.23119200123485,990.2994496615656,-801.8370656590962,623.4781062611829,1425.3151719202792,990.2994496615656,801.8370656590962,1613.777555922749,2415.614621581845,0.1972829255690023,0.3214893813773573,0.4812276930536403,0.0,3,-32,empty
1003.6204461847118,-873.0,390.0,305.0,1589.6707206210976,1492.0,-442.0,325.0,2419.3102322769605,846.0,-2135.0,761.0,0.0,0.0,0.0,0.0,1253.1503497706926,2419.3102322769605,0.0,2419.3102322769605,881.1676633136234,916.6299789202874,86.99046726442452,1003.6204461847118,-829.6395116558629,586.0502744363858,1415.6897860922486,1003.6204461847118,829.6395116558629,1589.6707206210976,2419.3102322769605,0.2002194801223091,0.3171348754983756,0.4826456443793152,0.0,3,-32,empty
992.4600747637156,-858.0,397.0,302.0,1590.4760293698237,1495.0,-442.0,315.0,2408.146382593882,846.0,-2118.0,773.0,0.0,0.0,0.0,0.0,1247.7706216818551,2408.146382593882,0.0,2408.146382593882,878.3555519649639,905.065213993887,87.39486076982848,992.4600747637156,-817.6703532240585,598.015954606108,1415.6863078301667,992.4600747637156,817.6703532240585,1590.4760293698237,2408.146382593882,0.1988466584960123,0.3186635431490685,0.4824897983549192,0.0,3,-32,empty
993.2985452521312,-863.0,392.0,297.0,1606.7392445571247,1505.0,-455.0,331.0,2424.3790957686465,841.0,-2142.0,763.0,0.0,0.0,0.0,0.0,1256.1042213944756,2424.3790957686465,0.0,2424.3790957686465,885.2507752015686,905.4691982318265,87.82934702030457,993.2985452521312,-817.6398512115218,613.4406993049936,1431.0805505165154,993.2985452521312,817.6398512115218,1606.7392445571247,2424.3790957686465,0.1976942932628256,0.3197862122406906,0.4825194944964837,0.0,3,-32,empty
1007.0178747172266,-873.0,390.0,316.0,1606.0227271119172,1507.0,-442.0,336.0,2408.543543305788,857.0,-2123.0,748.0,0.0,0.0,0.0,0.0,1255.3960362837329,2408.543543305788,0.0,2408.543543305788,878.9765594616798,904.7693454555488,102.24852926167796,1007.0178747172266,-802.5208161938706,599.0048523946906,1401.525668588561,1007.0178747172266,802.5208161938706,1606.0227271119172,2408.543543305788,0.2005378871710946,0.319823920239967,0.4796381925889383,0.0,3,-32,empty
994.7467014270516,-861.0,390.0,310.0,1603.581616257807,1507.0,-445.0,320.0,2414.0113918538163,851.0,-2127.0,761.0,0.0,0.0,0.0,0.0,1253.0849273846688,2414.0113918538163,0.0,2414.0113918538163,881.4134471185242,902.5882385115304,92.15846291552111,994.7467014270516,-810.4297755960094,608.8349148307552,1419.264690426765,994.7467014270516,810.4297755960094,1603.581616257807,2414.0113918538163,0.1984595536360016,0.3199267625867675,0.4816136837772308,0.0,3,-32,empty
997.759490057599,-868.0,390.0,300.0,1601.5361375879097,1502.0,-445.0,333.0,2420.825479046352,846.0,-2142.0,746.0,0.0,0.0,0.0,0.0,1255.030276672965,2420.825479046352,0.0,2420.825479046352,883.2375131493117,908.5244157580208,89.2350742995784,997.759490057599,-819.2893414584423,603.7766475303107,1423.065988988753,997.759490057599,819.2893414584423,1601.5361375879097,2420.825479046352,0.1987520756675726,0.3190234067168319,0.4822245176155955,0.0,3,-31,empty
996.9047095886348,-863.0,395.0,305.0,1605.7527829650492,1507.0,-447.0,328.0,2413.266251369708,862.0,-2121.0,763.0,0.0,0.0,0.0,0.0,1253.9809359808478,2413.266251369708,0.0,2413.266251369708,881.2267371094665,902.2090889966464,94.69562059198824,996.9047095886348,-807.5134684046582,608.8480733764145,1416.361541781073,996.9047095886348,807.5134684046582,1605.7527829650492,2413.266251369708,0.1987479795314568,0.3201310197170282,0.4811210007515149,0.0,3,-32,empty
1006.815772621784,-878.0,387.0,305.0,1611.8411832435602,1512.0,-452.0,328.0,2414.393091441408,862.0,-2123.0,761.0,0.0,0.0,0.0,0.0,1258.262511826688,2414.393091441408,0.0,2414.393091441408,881.4910387131531,904.683840409816,102.13193221196798,1006.815772621784,-802.551908197848,605.0254106217761,1407.577318819624,1006.815772621784,802.551908197848,1611.8411832435602,2414.393091441408,0.2000408823990422,0.3202513720494547,0.4797077455515031,0.0,3,-32,empty
998.3626595581388,-868.0,390.0,302.0,1604.167073593022,1502.0,-458.0,328.0,2416.479257101124,846.0,-2130.0,766.0,0.0,0.0,0.0,0.0,1254.7522475630713,2416.479257101124,0.0,2416.479257101124,882.0202929839094,905.3374215331204,93.02523802501833,998.3626595581388,-812.312183508102,605.8044140348833,1418.1165975429851,998.3626595581388,812.312183508102,1604.167073593022,2416.479257101124,0.1989162923392084,0.3196182905247968,0.4814654171359947,0.0,3,-32,empty
1001.856776191088,-863.0,402.0,312.0,1602.0930060392873,1502.0,-447.0,333.0,2420.9107790251173,870.0,-2130.0,753.0,0.0,0.0,0.0,0.0,1256.2151403138732,2420.9107790251173,0.0,2420.9107790251173,883.0235111514279,910.3372745884592,91.51950160262912,1001.856776191088,-818.8177729858301,600.2362298481992,1419.0540028340292,1001.856776191088,818.8177729858301,1602.0930060392873,2420.9107790251173,0.199380015420919,0.3188333261209927,0.4817866584580881,0.0,3,-31,empty
995.906120073574,-866.0,392.0,297.0,1606.5767955500914,1510.0,-442.0,325.0,2418.6432146970333,853.0,-2135.0,751.0,0.0,0.0,0.0,0.0,1255.2815325801748,2418.6432146970333,0.0,2418.6432146970333,883.1514728307753,903.986269610258,91.91985046331617,995.906120073574,-812.0664191469418,610.6706754765174,1422.7370946234591,995.906120073574,812.0664191469418,1606.5767955500914,2418.6432146970333,0.1983431792441281,0.3199634412385254,0.4816933795173463,0.0,3,-32,empty
995.9693770392744,-861.0,397.0,305.0,1613.7648527589142,1517.0,-442.0,328.0,2419.544791897848,838.0,-2143.0,748.0,0.0,0.0,0.0,0.0,1257.3197554240091,2419.544791897848,0.0,2419.544791897848,884.1630407456025,900.874658089104,95.09471895017032,995.9693770392744,-805.7799391389337,617.79547571964,1423.5754148585738,995.9693770392744,805.7799391389337,1613.7648527589142,2419.544791897848,0.1980342257295164,0.320873995218245,0.4810917790522385,0.0,3,-32,empty
1009.219004973648,-883.0,397.0,285.0,1605.2083976854842,1510.0,-437.0,325.0,2419.51834049672,836.0,-2142.0,753.0,0.0,0.0,0.0,0.0,1258.4864357889628,2419.51834049672,0.0,2419.51834049672,882.3453920858841,911.7644738924416,97.45453108120614,1009.219004973648,-814.3099428112355,595.9893927118363,1410.299335523072,1009.219004973648,814.3099428112355,1605.2083976854842,2419.51834049672,0.2004826941859238,0.3188767776982746,0.4806405281158016,0.0,3,-32,empty
990.892526967481,-858.0,402.0,290.0,1612.9553620605873,1510.0,-450.0,345.0,2428.567890753726,853.0,-2142.0,763.0,0.0,0.0,0.0,0.0,1258.1039449454486,2428.567890753726,0.0,2428.567890753726,887.4306810746967,903.2525278303098,87.63999913717134,990.892526967481,-815.6125286931385,622.0628350931063,1437.6753637862448,990.892526967481,815.6125286931385,1612.9553620605873,2428.567890753726,0.1969019592833496,0.3205131357668792,0.4825849049497712,0.0,3,-32,empty
1002.1841148212238,-878.0,385.0,292.0,1608.7961337596507,1510.0,-450.0,325.0,2425.773484890953,862.0,-2137.0,758.0,0.0,0.0,0.0,0.0,1259.1884333679568,2425.773484890953,0.0,2425.773484890953,885.2616784162466,909.5807329762632,92.60338184496072,1002.1841148212238,-816.9773511313024,606.6120189384269,1423.5893700697293,1002.1841148212238,816.9773511313024,1608.7961337596507,2425.773484890953,0.1989742139190156,0.3194113150834377,0.4816144709975468,0.0,3,-32,empty
991.5613949725956,-861.0,392.0,297.0,1614.655690851768,1515.0,-452.0,328.0,2421.758864957451,856.0,-2132.0,766.0,0.0,0.0,0.0,0.0,1256.9939876954536,2421.758864957451,0.0,2421.758864957451,885.3089093065097,899.3322845391393,92.2291104334563,991.5613949725956,-807.1031741056829,623.0942958791723,1430.1974699848552,991.5613949725956,807.1031741056829,1614.655690851768,2421.758864957451,0.19720885793386,0.3211343305253281,0.4816568115408119,0.0,3,-32,empty
986.5439675959708,-863.0,380.0,290.0,1594.1477346845868,1497.0,-447.0,317.0,2421.964904782891,853.0,-2137.0,756.0,0.0,0.0,0.0,0.0,1250.6641517658622,2421.964904782891,0.0,2421.964904782891,883.7203627210228,907.1805688471376,79.36339874883333,986.5439675959708,-827.8171700983044,607.6037670886159,1435.42093718692,986.5439675959708,827.8171700983044,1594.1477346845868,2421.964904782891,0.1972040148034607,0.3186602359301949,0.4841357492663444,0.0,3,-32,empty
1005.1512324023684,-873.0,390.0,310.0,1598.6300385017166,1497.0,-455.0,328.0,2419.240376647182,856.0,-2132.0,758.0,0.0,0.0,0.0,0.0,1255.7554118878168,2419.240376647182,0.0,2419.240376647182,881.8991413503358,912.8807852739168,92.27044712845144,1005.1512324023684,-820.6103381454654,593.4788060993483,1414.0891442448135,1005.1512324023684,820.6103381454654,1598.6300385017166,2419.240376647182,0.2001088792624219,0.3182606308856048,0.4816304898519731,0.0,3,-32,empty
991.9929435232892,-871.0,372.0,295.0,1607.998134327276,1507.0,-455.0,328.0,2419.5728961946984,853.0,-2130.0,768.0,0.0,0.0,0.0,0.0,1254.890993511316,2419.5728961946984,0.0,2419.5728961946984,883.888479619563,901.783852695356,90.20909082793357,991.9929435232892,-811.5747618674225,616.0051908039866,1427.579952671409,991.9929435232892,811.5747618674225,1607.998134327276,2419.5728961946984,0.197625321373052,0.3203461780030648,0.482028500623883,0.0,3,-32,empty
990.9757817424198,-858.0,387.0,310.0,1616.1098353762964,1515.0,-455.0,331.0,2424.753595728853,857.0,-2135.0,766.0,0.0,0.0,0.0,0.0,1257.9598032118922,2424.753595728853,0.0,2424.753595728853,886.4849877482966,899.8097710474881,91.16601069493164,990.9757817424198,-808.6437603525565,625.1340536338765,1433.777813986433,990.9757817424198,808.6437603525565,1616.1098353762964,2424.753595728853,0.1969410666406442,0.321176764005089,0.4818821693542668,0.0,3,-31,empty
997.40864243298,-866.0,392.0,302.0,1598.3973223200794,1497.0,-452.0,331.0,2416.227224414128,851.0,-2127.0,768.0,0.0,0.0,0.0,0.0,1253.008297291797,2416.227224414128,0.0,2416.227224414128,881.4381469609266,907.619272263514,89.78937016946588,997.40864243298,-817.8299020940483,600.9886798870995,1418.818581981148,997.40864243298,817.8299020940483,1598.3973223200794,2416.227224414128,0.1990028008171893,0.3189119588782438,0.4820852403045668,0.0,3,-32,empty
997.5530061104522,-858.0,402.0,312.0,1604.0614078020828,1505.0,-452.0,322.0,2423.647870463034,856.0,-2137.0,758.0,0.0,0.0,0.0,0.0,1256.3155710938922,2423.647870463034,0.0,2423.647870463034,884.4318435170837,908.5697343857016,88.98327172475047,997.5530061104522,-819.5864626609512,606.5084016916306,1426.0948643525817,997.5530061104522,819.5864626609512,1604.0614078020828,2423.647870463034,0.198507649881683,0.3191995396517698,0.4822928104665471,0.0,3,-31,empty
994.752733095014,-858.0,395.0,312.0,1598.4054554461457,1500.0,-450.0,320.0,2413.8363656221604,853.0,-2126.0,761.0,0.0,0.0,0.0,0.0,1251.74863854083,2413.8363656221604,0.0,2413.8363656221604,880.8434003335545,905.0918216355144,89.66091145949963,994.752733095014,-815.4309101760148,603.6527223511317,1419.0836325271466,994.752733095014,815.4309101760148,1598.4054554461457,2413.8363656221604,0.1986726213368608,0.3192345104743663,0.4820928681887726,0.0,3,-32,empty
1003.6204461847118,-873.0,390.0,305.0,1616.7538464466384,1520.0,-447.0,322.0,2416.088574535296,862.0,-2126.0,758.0,0.0,0.0,0.0,0.0,1259.1157167916615,2416.088574535296,0.0,2416.088574535296,882.7714096685621,901.4775871366847,102.14285904802703,1003.6204461847118,-799.3347280886578,613.1334002619266,1412.4681283505845,1003.6204461847118,799.3347280886578,1616.7538464466384,2416.088574535296,0.1992708916266301,0.3210097818821351,0.4797193264912346,0.0,3,-32,empty
984.4643213443544,-856.0,385.0,297.0,1607.9595766063276,1510.0,-447.0,325.0,2427.340519993023,862.0,-2137.0,763.0,0.0,0.0,0.0,0.0,1254.9411044859262,2427.340519993023,0.0,2427.340519993023,887.0142751228097,901.9226323655248,82.54168897882937,984.4643213443544,-819.3809433866954,623.4952552619733,1442.8761986486688,984.4643213443544,819.3809433866954,1607.9595766063276,2427.340519993023,0.1961176340916074,0.3203257050985296,0.4835566608098629,0.0,3,-32,empty
1001.710537031532,-868.0,400.0,300.0,1613.4900061667563,1515.0,-450.0,325.0,2412.763975195253,865.0,-2121.0,758.0,0.0,0.0,0.0,0.0,1256.9911295983852,2412.763975195253,0.0,2412.763975195253,881.4898184953556,900.4922530300142,101.21828400151776,1001.710537031532,-799.2739690284964,611.7794691352246,1411.053438163721,1001.710537031532,799.2739690284964,1613.4900061667563,2412.763975195253,0.1992278452576636,0.3209032204312918,0.4798689343110445,0.0,3,-32,empty
986.278865230316,-861.0,380.0,295.0,1608.1927745142991,1510.0,-450.0,322.0,2422.676412565244,860.0,-2135.0,756.0,0.0,0.0,0.0,0.0,1254.287013077465,2422.676412565244,0.0,2422.676412565244,885.3597228388084,900.3812516406304,85.89761358968576,986.278865230316,-814.4836380509446,621.9139092839832,1436.3975473349278,986.278865230316,814.4836380509446,1608.1927745142991,2422.676412565244,0.1965815748204281,0.3205392302054747,0.482879194974097,0.0,3,-31,empty
997.5810743994696,-868.0,380.0,312.0,1604.5868627157583,1507.0,-445.0,325.0,2417.2507110351626,867.0,-2126.0,756.0,0.0,0.0,0.0,0.0,1254.8546620375976,2417.2507110351626,0.0,2417.2507110351626,882.3728107566021,905.122461359437,92.45861304003256,997.5810743994696,-812.6638483194042,607.0057883162888,1419.669636635693,997.5810743994696,812.6638483194042,1604.5868627157583,2417.2507110351626,0.1987443455761692,0.3196758380190171,0.4815798164048135,0.0,3,-32,empty
1002.213550097982,-868.0,392.0,312.0,1594.9852663896304,1492.0,-455.0,333.0,2407.7084541115023,860.0,-2118.0,756.0,0.0,0.0,0.0,0.0,1251.2268176497787,2407.7084541115023,0.0,2407.7084541115023,877.9515651754416,907.4683689099268,94.74518118805486,1002.213550097982,-812.7231877218719,592.7717162916485,1405.4949040135205,1002.213550097982,812.7231877218719,1594.9852663896304,2407.7084541115023,0.2002461775836281,0.3186842792791048,0.481069543137267,0.0,3,-32,empty
997.6988523597688,-863.0,397.0,305.0,1607.3559033393942,1510.0,-447.0,322.0,2417.8322936051622,857.0,-2130.0,758.0,0.0,0.0,0.0,0.0,1255.7217623260813,2417.8322936051622,0.0,2417.8322936051622,882.8307344110084,904.0876213127684,93.6112310470005,997.6988523597688,-810.476390265768,609.6570509796253,1420.1334412453934,997.6988523597688,810.476390265768,1607.3559033393942,2417.8322936051622,0.1986305570016652,0.3200063803071213,0.4813630626912135,0.0,3,-31,empty
1002.7706617168254,-868.0,395.0,310.0,1609.8763927705754,1507.0,-458.0,333.0,2423.175602386257,860.0,-2132.0,766.0,0.0,0.0,0.0,0.0,1258.9556642184143,2423.175602386257,0.0,2423.175602386257,884.4706809908233,908.0349356662535,94.73572605057188,1002.7706617168254,-813.2992096156818,607.10573105375,1420.4049406694317,1002.7706617168254,813.2992096156818,1609.8763927705754,2423.175602386257,0.199127477284787,0.3196848861572142,0.4811876365579987,0.0,3,-32,empty
986.8966511241184,-851.0,392.0,310.0,1609.0783076034554,1512.0,-450.0,317.0,2415.614621581845,843.0,-2132.0,761.0,0.0,0.0,0.0,0.0,1252.8973950773548,2415.614621581845,0.0,2415.614621581845,883.0748085006043,896.7164825512539,90.18016857286445,986.8966511241184,-806.5363139783894,622.181656479337,1428.7179704577266,986.8966511241184,806.5363139783894,1609.0783076034554,2415.614621581845,0.1969228795194331,0.3210714448616341,0.4820056756189327,0.0,3,-31,empty
995.8157460092706,-868.0,385.0,300.0,1607.1991164756157,1510.0,-450.0,317.0,2418.525790641894,853.0,-2127.0,773.0,0.0,0.0,0.0,0.0,1255.385163281695,2418.525790641894,0.0,2418.525790641894,883.1813753766502,903.5712100877746,92.24453592149598,995.8157460092706,-811.3266741662785,611.3833704663451,1422.7100446326235,995.8157460092706,811.3266741662785,1607.1991164756157,2418.525790641894,0.1983088089487441,0.3200609588762077,0.4816302321750482,0.0,3,-31,empty
1006.0621253183124,-871.0,392.0,316.0,1597.2670409170785,1497.0,-458.0,317.0,2420.121897756392,851.0,-2135.0,758.0,0.0,0.0,0.0,0.0,1255.8627659979456,2420.121897756392,0.0,2420.121897756392,881.9931762661142,914.4584910788128,91.60363423949956,1006.0621253183124,-822.8548568393132,591.204915598766,1414.059772438079,1006.0621253183124,822.8548568393132,1597.2670409170785,2420.121897756392,0.2002731015993745,0.3179620982806674,0.481764800119958,0.0,3,-32,empty
1000.2729627456696,-861.0,400.0,315.0,1600.5898912588443,1500.0,-452.0,328.0,2423.647870463034,856.0,-2137.0,758.0,0.0,0.0,0.0,0.0,1256.127681116887,2423.647870463034,0.0,2423.647870463034,883.894223723581,911.6654709749296,88.60749177074013,1000.2729627456696,-823.0579792041895,600.3169285131748,1423.3749077173643,1000.2729627456696,823.0579792041895,1600.5898912588443,2423.647870463034,0.1990786800144942,0.3185563687752822,0.4823649512102235,0.0,3,-31,empty
991.6032472718108,-858.0,387.0,312.0,1610.4837782480145,1512.0,-455.0,317.0,2421.261241584641,851.0,-2137.0,756.0,0.0,0.0,0.0,0.0,1255.837066776117,2421.261241584641,0.0,2421.261241584641,884.7222794251082,901.1903553042188,90.4128919675918,991.6032472718108,-810.7774633366271,618.8805309762037,1429.6579943128309,991.6032472718108,810.7774633366271,1610.4837782480145,2421.261241584641,0.1973988651683483,0.3205996663210296,0.4820014685106221,0.0,3,-32,empty
1014.474248071384,-878.0,405.0,307.0,1604.3500241530835,1505.0,-445.0,333.0,2408.240228880832,862.0,-2116.0,761.0,0.0,0.0,0.0,0.0,1256.7661252763248,2408.240228880832,0.0,2408.240228880832,878.1904157743542,909.182226399566,105.29202167181802,1014.474248071384,-803.8902047277479,589.8757760816997,1393.7659808094477,1014.474248071384,803.8902047277479,1604.3500241530835,2408.240228880832,0.2018025127484105,0.3191425182231769,0.4790549690284126,0.0,3,-32,empty
994.0729349499462,-866.0,385.0,300.0,1603.0985621601685,1505.0,-450.0,320.0,2414.1478827942583,851.0,-2130.0,753.0,0.0,0.0,0.0,0.0,1252.8298449760932,2414.1478827942583,0.0,2414.1478827942583,881.4598002956108,902.561127792018,91.51180715792816,994.0729349499462,-811.0493206340898,609.0256272102223,1420.0749478443122,994.0729349499462,811.0493206340898,1603.0985621601685,2414.1478827942583,0.198365512071776,0.319895508673558,0.4817389792546659,0.0,3,-31,empty
1007.530644695237,-878.0,395.0,297.0,1609.283691584551,1512.0,-445.0,325.0,2413.1460792915127,853.0,-2127.0,756.0,0.0,0.0,0.0,0.0,1257.4901038928251,2413.1460792915127,0.0,2413.1460792915127,880.7753054051934,905.6965162010991,101.83412849413776,1007.530644695237,-803.8623877069617,601.753046889314,1405.6154345962757,1007.530644695237,803.8623877069617,1609.283691584551,2413.1460792915127,0.2003058794610418,0.3199396334417811,0.479754487097177,0.0,3,-32,empty
989.9590900638268,-863.0,385.0,295.0,1605.893209400924,1507.0,-440.0,338.0,2419.1225682052573,853.0,-2132.0,761.0,0.0,0.0,0.0,0.0,1253.743716917502,2419.1225682052573,0.0,2419.1225682052573,883.6816125109125,901.59422443408,88.36486562974687,989.9590900638268,-813.2293588043333,615.9341193370972,1429.1634781414305,989.9590900638268,813.2293588043333,1605.893209400924,2419.1225682052573,0.1974006084149667,0.3202195926750542,0.482379798909979,0.0,3,-32,empty
989.0930188814395,-856.0,385.0,312.0,1591.802123380918,1497.0,-440.0,315.0,2427.0632459826834,846.0,-2142.0,766.0,0.0,0.0,0.0,0.0,1251.9895970612602,2427.0632459826834,0.0,2427.0632459826834,884.9948015951184,912.1770707416024,76.91594813983716,989.0930188814395,-835.2611226017652,602.7091044994785,1437.9702271012438,989.0930188814395,835.2611226017652,1591.802123380918,2427.0632459826834,0.197504240690796,0.3178545027684904,0.4846412565407136,0.0,3,-31,empty
997.5359642639456,-873.0,382.0,295.0,1601.7871269304171,1507.0,-447.0,308.0,2416.302547281693,851.0,-2126.0,771.0,0.0,0.0,0.0,0.0,1253.906409619014,2416.302547281693,0.0,2416.302547281693,881.7869447413891,906.0256923076112,91.51027195633468,997.5359642639456,-814.5154203512764,604.2511626664714,1418.7665830177475,997.5359642639456,814.5154203512764,1601.7871269304171,2416.302547281693,0.1988856498004177,0.3193593865225361,0.481754963677046,0.0,3,-32,empty
1005.7484775031976,-871.0,392.0,315.0,1604.5092707740894,1505.0,-455.0,320.0,2424.824529734059,853.0,-2142.0,751.0,0.0,0.0,0.0,0.0,1258.7705695028365,2424.824529734059,0.0,2424.824529734059,884.2709728095257,913.0318682315836,92.71660927161383,1005.7484775031976,-820.3152589599697,598.7607932708918,1419.0760522308617,1005.7484775031976,820.3152589599697,1604.5092707740894,2424.824529734059,0.1997481713249038,0.3186659486739918,0.4815858800011043,0.0,3,-31,empty
999.4738615891864,-868.0,380.0,318.0,1623.7699960277623,1527.0,-450.0,320.0,2415.5299625548014,846.0,-2130.0,763.0,0.0,0.0,0.0,0.0,1259.6934550429376,2415.5299625548014,0.0,2415.5299625548014,883.6078877658272,895.6169140581127,103.85694753107371,999.4738615891864,-791.7599665270388,624.2961344385762,1416.056100965615,999.4738615891864,791.7599665270388,1623.7699960277623,2415.5299625548014,0.1983565639695886,0.3222549878161459,0.4793884482142654,0.0,3,-32,empty
986.203832886488,-858.0,385.0,297.0,1600.2490431179767,1502.0,-452.0,317.0,2415.592266919233,851.0,-2127.0,766.0,0.0,0.0,0.0,0.0,1250.5112857309246,2415.592266919233,0.0,2415.592266919233,882.2368016919211,900.7735283438724,85.43030454261589,986.203832886488,-815.3432238012565,614.0452102314887,1429.3884340327452,986.203832886488,815.3432238012565,1600.2490431179767,2415.592266919233,0.1971601224514442,0.3199189526271708,0.4829209249213849,0.0,3,-31,empty
995.45416770437,-866.0,387.0,302.0,1609.0783076034554,1512.0,-450.0,317.0,2412.074003839849,848.0,-2126.0,761.0,0.0,0.0,0.0,0.0,1254.151619786919,2412.074003839849,0.0,2412.074003839849,881.2743412728231,899.2249319703817,96.22923573398816,995.45416770437,-802.9956962363935,613.6241398990854,1416.619836135479,995.45416770437,802.9956962363935,1609.0783076034554,2412.074003839849,0.1984317828879211,0.3207503547052865,0.4808178624067922,0.0,3,-32,empty
996.4200921298204,-868.0,385.0,302.0,1604.380877472678,1507.0,-450.0,317.0,2422.238221150017,857.0,-2135.0,758.0,0.0,0.0,0.0,0.0,1255.7597976881289,2422.238221150017,0.0,2422.238221150017,884.0812069658925,907.13871790358,89.28137422624059,996.4200921298204,-817.8573436773393,607.9607853428573,1425.8181290201965,996.4200921298204,817.8573436773393,1604.380877472678,2422.238221150017,0.1983699617483064,0.3194044116610448,0.4822256265906487,0.0,3,-31,empty
996.368405761644,-866.0,387.0,305.0,1602.561075279192,1507.0,-447.0,312.0,2426.022464858889,857.0,-2140.0,756.0,0.0,0.0,0.0,0.0,1256.2379864749314,2426.022464858889,0.0,2426.022464858889,885.1555633544933,909.9148976706704,86.4535080909734,996.368405761644,-823.4613895796972,606.192669517548,1429.6540590972452,996.368405761644,823.4613895796972,1602.561075279192,2426.022464858889,0.1982841659957889,0.3189206767612682,0.4827951572429427,0.0,3,-32,empty
992.745687474894,-856.0,402.0,302.0,1607.7935190813528,1510.0,-450.0,320.0,2419.411705353184,860.0,-2127.0,768.0,0.0,0.0,0.0,0.0,1254.9877279773575,2419.411705353184,0.0,2419.411705353184,883.7590467012092,902.1819368733624,90.56375060153164,992.745687474894,-811.6181862718308,615.0478316064588,1426.6660178782895,992.745687474894,811.6181862718308,1607.7935190813528,2419.411705353184,0.1977600388720305,0.3202807253088853,0.481959235819084,0.0,3,-31,empty
1011.725753354139,-873.0,402.0,316.0,1612.0251238736944,1515.0,-458.0,306.0,2423.178697496328,857.0,-2135.0,761.0,0.0,0.0,0.0,0.0,1261.7323936810403,2423.178697496328,0.0,2423.178697496328,884.0438997786888,911.439663488386,100.28608986575271,1011.725753354139,-811.1535736226335,600.2993705195554,1411.452944142189,1011.725753354139,811.1535736226335,1612.0251238736944,2423.178697496328,0.2004636162194584,0.3194070969301764,0.4801292868503651,0.0,3,-32,empty
1006.9215460997942,-871.0,395.0,315.0,1596.3752691644906,1495.0,-450.0,333.0,2417.6742956816997,856.0,-2123.0,778.0,0.0,0.0,0.0,0.0,1255.242777736496,2417.6742956816997,0.0,2417.6742956816997,881.0386307877571,914.1102863085016,92.81125979129274,1006.9215460997942,-821.2990265172086,589.4537230646964,1410.752749581905,1006.9215460997942,821.2990265172086,1596.3752691644906,2417.6742956816997,0.2005431865370927,0.3179415363861201,0.4815152770767871,0.0,3,-32,empty
1005.7698543901582,-873.0,390.0,312.0,1611.6600137746177,1510.0,-458.0,328.0,2415.807525445684,862.0,-2121.0,771.0,0.0,0.0,0.0,0.0,1258.309348402615,2415.807525445684,0.0,2415.807525445684,882.0115269782966,904.9586830306124,100.81117135954582,1005.7698543901582,-804.1475116710665,605.8901593844593,1410.0376710555256,1005.7698543901582,804.1475116710665,1611.6600137746177,2415.807525445684,0.1998256342263832,0.3202034570871961,0.4799709086864206,0.0,3,-32,empty
1001.7529635593796,-871.0,392.0,302.0,1607.8488734952673,1512.0,-447.0,315.0,2414.6711991490683,843.0,-2132.0,758.0,0.0,0.0,0.0,0.0,1256.0682590509289,2414.6711991490683,0.0,2414.6711991490683,881.5461012362136,904.2876446065904,97.4653189527894,1001.7529635593796,-806.822325653801,606.0959099358876,1412.9182355896887,1001.7529635593796,806.822325653801,1607.8488734952673,2414.6711991490683,0.1993826681673122,0.3200162216323617,0.480601110200326,0.0,3,-32,empty
1002.3113288794056,-868.0,400.0,302.0,1612.982950932836,1517.0,-445.0,320.0,2420.5268021651814,853.0,-2130.0,771.0,0.0,0.0,0.0,0.0,1258.9552704943558,2420.5268021651814,0.0,2420.5268021651814,883.9426604110038,904.9275900558756,97.38373882353017,1002.3113288794056,-807.5438512323453,610.6716220534304,1418.2154732857755,1002.3113288794056,807.5438512323453,1612.982950932836,2420.5268021651814,0.1990363264625411,0.3203018782191252,0.4806617953183336,0.0,3,-31,empty
1006.6225707781442,-881.0,382.0,302.0,1608.4943270027409,1507.0,-461.0,322.0,2422.670633825407,870.0,-2132.0,753.0,0.0,0.0,0.0,0.0,1259.4468829015732,2422.670633825407,0.0,2422.670633825407,883.8905753256516,910.3994388004052,96.22313197773906,1006.6225707781442,-814.1763068226662,601.8717562245967,1416.048063047263,1006.6225707781442,814.1763068226662,1608.4943270027409,2422.670633825407,0.1998144154478034,0.3192858604915944,0.4808997240606019,0.0,3,-32,empty
1001.8472937528952,-868.0,395.0,307.0,1610.7001583162523,1507.0,-455.0,341.0,2417.680293173604,865.0,-2123.0,768.0,0.0,0.0,0.0,0.0,1257.556936310688,2417.680293173604,0.0,2417.680293173604,882.8127218934247,904.4137143051232,97.43357944777222,1001.8472937528952,-806.980134857351,608.8528645633571,1415.832999420708,1001.8472937528952,806.980134857351,1610.7001583162523,2417.680293173604,0.1991653945888184,0.3202042213376011,0.4806303840735803,0.0,3,-32,empty
1001.9156651135864,-863.0,395.0,321.0,1606.9564399821172,1510.0,-447.0,320.0,2435.6980518939536,860.0,-2148.0,761.0,0.0,0.0,0.0,0.0,1261.1425392474143,2435.6980518939536,0.0,2435.6980518939536,888.3759033768218,915.3286385127112,86.5870266008751,1001.9156651135864,-828.7416119118363,605.0407748685309,1433.7823867803672,1001.9156651135864,828.7416119118363,1606.9564399821172,2435.6980518939536,0.1986126932391557,0.3185517080688331,0.4828355986920111,0.0,3,-32,empty
998.6991538997116,-876.0,382.0,290.0,1602.518330628389,1502.0,-450.0,331.0,2416.421320879288,848.0,-2132.0,758.0,0.0,0.0,0.0,0.0,1254.4097013518472,2416.421320879288,0.0,2416.421320879288,881.8137848516374,906.301072075305,92.39808182440674,998.6991538997116,-813.9029902508983,603.8191767286777,1417.7221669795758,998.6991538997116,813.9029902508983,1602.518330628389,2416.421320879288,0.1990376734218966,0.3193769804437485,0.4815853461343548,0.0,3,-32,empty
985.0903511861236,-853.0,387.0,305.0,1604.9429896416882,1507.0,-452.0,317.0,2427.325070937142,853.0,-2137.0,773.0,0.0,0.0,0.0,0.0,1254.3396029412384,2427.325070937142,0.0,2427.325070937142,886.6623711950433,903.7362162407884,81.35413494533486,985.0903511861236,-822.3820812954536,619.8526384555647,1442.2347197510185,985.0903511861236,822.3820812954536,1604.9429896416882,2427.325070937142,0.1963364524400398,0.3198780828330576,0.4837854647269026,0.0,3,-32,empty
993.9869214431344,-861.0,392.0,305.0,1608.7535547746274,1510.0,-452.0,322.0,2424.927833977745,853.0,-2135.0,771.0,0.0,0.0,0.0,0.0,1256.917077548877,2424.927833977745,0.0,2424.927833977745,885.5804368695092,905.0806003231262,88.90632112000844,993.9869214431344,-816.1742792031177,614.7666333314929,1430.9409125346106,993.9869214431344,816.1742792031177,1608.7535547746274,2424.927833977745,0.1977033607064826,0.3199800495017279,0.4823165897917893,0.0,3,-32,empty
997.0742199054192,-858.0,392.0,323.0,1592.721570143382,1492.0,-447.0,333.0,2425.051133481519,848.0,-2140.0,763.0,0.0,0.0,0.0,0.0,1253.71173088258,2425.051133481519,0.0,2425.051133481519,883.8296758128262,914.7018916217784,82.37232828364085,997.0742199054192,-832.3295633381372,595.6473502379629,1427.9769135761,997.0742199054192,832.3295633381372,1592.721570143382,2425.051133481519,0.1988244576772654,0.3176012337824557,0.4835743085402788,0.0,3,-32,empty
998.4317703278476,-871.0,385.0,300.0,1612.0775415593382,1512.0,-455.0,325.0,2427.7868522586573,857.0,-2142.0,756.0,0.0,0.0,0.0,0.0,1259.5740410364608,2427.7868522586573,0.0,2427.7868522586573,886.5243849703627,907.0705405135836,91.36122981426432,998.4317703278476,-815.7093106993191,613.6457712314905,1429.3550819308095,998.4317703278476,815.7093106993191,1612.0775415593382,2427.7868522586573,0.1981685351157031,0.3199648232335779,0.481866641650719,0.0,3,-32,empty
994.9160768627672,-868.0,385.0,297.0,1600.7154650343075,1495.0,-463.0,336.0,2415.8549211407544,865.0,-2127.0,751.0,0.0,0.0,0.0,0.0,1252.8716157594574,2415.8549211407544,0.0,2415.8549211407544,881.7247101132455,905.0277664846068,89.88831037816044,994.9160768627672,-815.1394561064467,605.7993881715404,1420.938844277987,994.9160768627672,815.1394561064467,1600.7154650343075,2415.8549211407544,0.1985271404404185,0.319409316345633,0.4820635432139484,0.0,3,-32,empty
1001.447452440716,-871.0,380.0,316.0,1602.3785445393355,1497.0,-468.0,328.0,2413.8113016555376,860.0,-2126.0,753.0,0.0,0.0,0.0,0.0,1254.4093246588973,2413.8113016555376,0.0,2413.8113016555376,880.7422984101588,906.4401047784588,95.00734766225696,1001.447452440716,-811.4327571162019,600.9310920986198,1412.3638492148216,1001.447452440716,811.4327571162019,1602.3785445393355,2413.8113016555376,0.199585460813007,0.3193492174045859,0.4810653217824071,0.0,3,-32,empty
0.0,0.0,0.0,0.0,1279.4022041563005,1145.0,-231.0,522.0,1819.146503171199,226.0,-1777.0,317.0,0.0,0.0,0.0,0.0,774.6371768318747,1819.146503171199,0.0,1819.146503171199,797.7958662903329,269.8721495074491,-269.8721495074491,0.0,-539.7442990148982,1279.4022041563005,1819.146503171199,0.0,539.7442990148982,1279.4022041563005,1819.146503171199,0.0,0.4129036929872198,0.5870963070127803,0.0,3,-51,empty
826.3546454156351,23.0,742.0,363.0,1279.1708251832513,1145.0,-218.0,527.0,1807.0708342508328,218.0,-1766.0,315.0,0.0,0.0,0.0,0.0,978.1490762124296,1807.0708342508328,0.0,1807.0708342508328,662.8617010393423,677.1273272416082,149.2273181740269,826.3546454156351,-527.9000090675813,452.8161797676162,980.7161888351976,826.3546454156351,527.9000090675813,1279.1708251832513,1807.0708342508328,0.2112036563525239,0.3269365724232017,0.4618597712242744,0.0,3,-51,empty
886.9300987112795,66.0,780.0,417.0,1234.2418725679338,1083.0,-192.0,560.0,1753.151162906382,187.0,-1721.0,277.0,0.0,0.0,0.0,0.0,968.5807835463988,1753.151162906382,0.0,1753.151162906382,638.5417102622537,702.919694524864,184.0104041864156,886.9300987112795,-518.9092903384483,347.3117738566543,866.2210641951026,886.9300987112795,518.9092903384483,1234.2418725679338,1753.151162906382,0.2289251742802081,0.3185696778044762,0.4525051479153156,0.0,3,-55,empty
824.3791603382512,-51.0,770.0,290.0,1356.8456065448272,1215.0,-322.0,511.0,1817.581910121247,278.0,-1752.0,396.0,0.0,0.0,0.0,0.0,999.7016692510812,1817.581910121247,0.0,1817.581910121247,675.7627708719989,642.5577319573354,181.8214283809158,824.3791603382512,-460.73630357641946,532.466446206576,993.2027497829956,824.3791603382512,460.73630357641946,1356.8456065448272,1817.581910121247,0.2061562928458017,0.339312629026942,0.4545310781272562,0.0,3,-58,empty
847.3021893043828,-36.0,777.0,336.0,1328.1012762587045,1187.0,-272.0,530.0,1783.563287354839,265.0,-1733.0,328.0,0.0,0.0,0.0,0.0,989.7416882294816,1783.563287354839,0.0,1783.563287354839,660.4009316927526,651.3821002002586,195.92008910412403,847.3021893043828,-455.4620110961346,480.79908695432175,936.2610980504564,847.3021893043828,455.4620110961346,1328.1012762587045,1783.563287354839,0.2140210418993504,0.3354666404510312,0.4505123176496184,0.0,3,-54,empty
825.201793502656,-195.0,777.0,198.0,1486.3559466022934,1337.0,-407.0,506.0,1869.4777345558305,405.0,-1771.0,441.0,0.0,0.0,0.0,0.0,1045.258868665195,1869.4777345558305,0.0,1869.4777345558305,709.734913525294,604.1617907280965,221.04000277455955,825.201793502656,-383.121787953537,661.1541530996375,1044.2759410531744,825.201793502656,383.121787953537,1486.3559466022934,1869.4777345558305,0.1973678048186393,0.3554994822718852,0.4471327129094753,0.0,3,-49,empty
898.0656991556909,243.0,737.0,452.0,1089.5641330366927,911.0,-170.0,573.0,1733.415703171054,1.0,-1715.0,252.0,0.0,0.0,0.0,0.0,930.2613838408596,1733.415703171054,0.0,1733.415703171054,619.8501897511115,770.9586346450261,127.10706451066484,898.0656991556909,-643.8515701343613,191.4984338810018,835.3500040153631,898.0656991556909,643.8515701343613,1089.5641330366927,1733.415703171054,0.2413476778558088,0.2928112872260979,0.4658410349180932,0.0,3,-59,empty
997.1589642579562,451.0,755.0,470.0,918.8449270687628,700.0,-150.0,576.0,1745.3578429651611,-216.0,-1717.0,227.0,0.0,0.0,0.0,0.0,915.34043357297,1745.3578429651611,0.0,1745.3578429651611,619.1695169066766,911.8359400771772,85.32302418077893,997.1589642579562,-826.5129158963983,78.31403718919341,748.1988787072049,997.1589642579562,826.5129158963983,918.8449270687628,1745.3578429651611,0.2723464756073357,0.2509571557661102,0.476696368626554,0.0,3,-51,empty
867.7205771445091,101.0,767.0,393.0,1202.5942790484246,1050.0,-233.0,538.0,1757.70020196847,153.0,-1726.0,295.0,0.0,0.0,0.0,0.0,957.0037645403507,1757.70020196847,0.0,1757.70020196847,637.427874081136,711.4132500322771,156.30732711223197,867.7205771445091,-555.1059229200453,334.8737019039155,889.9796248239608,867.7205771445091,555.1059229200453,1202.5942790484246,1757.70020196847,0.2266763750823058,0.3141560993822294,0.4591675255354647,0.0,3,-56,empty
901.617990060092,241.0,745.0,447.0,1067.5490621044075,901.0,-196.0,538.0,1757.3425960807983,-3.0,-1738.0,260.0,0.0,0.0,0.0,0.0,931.6274120613244,1757.3425960807983,0.0,1757.3425960807983,626.3206966849485,795.7057620182412,105.91222804185054,901.617990060092,-689.7935339763908,165.93107204431567,855.7246060207065,901.617990060092,689.7935339763908,1067.5490621044075,1757.3425960807983,0.2419470429882388,0.2864742514774072,0.471578705534354,0.0,3,-54,empty
800.1356135056106,8.0,732.0,323.0,1298.735153909372,1157.0,-300.0,508.0,1823.1023010242732,231.0,-1775.0,346.0,0.0,0.0,0.0,0.0,980.493267109814,1823.1023010242732,0.0,1823.1023010242732,671.7819238058754,662.2513803102561,137.88423319535468,800.1356135056106,-524.3671471149014,498.59954040376135,1022.9666875186628,800.1356135056106,524.3671471149014,1298.735153909372,1823.1023010242732,0.2040135410272012,0.331143312625092,0.4648431463477067,0.0,3,-54,empty
801.1079827339133,-157.0,762.0,191.0,1452.8034966918271,1307.0,-442.0,455.0,1881.20918560377,380.0,-1782.0,468.0,0.0,0.0,0.0,0.0,1033.7801662573777,1881.20918560377,0.0,1881.20918560377,710.0271599402861,614.756835822928,186.3511469109851,801.1079827339133,-428.4056889119429,651.6955139579138,1080.1012028698567,801.1079827339133,428.4056889119429,1452.8034966918271,1881.20918560377,0.1937326737545629,0.3513327939806224,0.4549345322648148,0.0,3,-57,empty
814.779724833651,-221.0,775.0,120.0,1537.8471965705826,1383.0,-506.0,443.0,1943.5233469140524,465.0,-1803.0,557.0,0.0,0.0,0.0,0.0,1074.0375670795715,1943.5233469140524,0.0,1943.5233469140524,740.2526963826575,610.2279375885603,204.55178724509065,814.779724833651,-405.67615034346977,723.0674717369316,1128.743622080401,814.779724833651,405.67615034346977,1537.8471965705826,1943.5233469140524,0.1896534511006743,0.3579593590827929,0.4523871898165327,0.0,3,-51,empty
821.2660957326802,-223.0,782.0,115.0,1531.1335670019123,1375.0,-516.0,433.0,1949.4765964227424,455.0,-1815.0,547.0,0.0,0.0,0.0,0.0,1075.4690647893335,1949.4765964227424,0.0,1949.4765964227424,740.4005947331187,619.804562576755,201.4615331559252,821.2660957326802,-418.3430294208299,709.8674712692323,1128.2105006900622,821.2660957326802,418.3430294208299,1531.1335670019123,1949.4765964227424,0.1909088142608621,0.3559222708330146,0.4531689149061233,0.0,3,-51,empty
819.6450451262424,-223.0,780.0,117.0,1541.9860570057049,1381.0,-516.0,452.0,1947.741769331859,475.0,-1808.0,547.0,0.0,0.0,0.0,0.0,1077.3432178659514,1947.741769331859,0.0,1947.741769331859,741.7147975591677,612.7003787261982,206.94466640004407,819.6450451262424,-405.7557123261543,722.3410118794623,1128.0967242056165,819.6450451262424,405.7557123261543,1541.9860570057049,1947.741769331859,0.1902005395155852,0.357821451751499,0.4519780087329159,0.0,3,-51,empty
821.4554157104328,-233.0,780.0,110.0,1526.6610625806895,1365.0,-525.0,438.0,1953.4362032070565,452.0,-1820.0,547.0,0.0,0.0,0.0,0.0,1075.3881703745446,1953.4362032070565,0.0,1953.4362032070565,740.8706250206506,624.1152781683999,197.34013754203292,821.4554157104328,-426.7751406263669,705.2056468702567,1131.9807874966236,821.4554157104328,426.7751406263669,1526.6610625806895,1953.4362032070565,0.1909671870912272,0.3549093026681175,0.4541235102406553,0.0,3,-50,empty
812.7059738921574,-221.0,775.0,105.0,1545.0663416177313,1383.0,-525.0,446.0,1956.1441664662648,460.0,-1820.0,550.0,0.0,0.0,0.0,0.0,1078.4791204940384,1956.1441664662648,0.0,1956.1441664662648,745.2771542576661,611.8918993703458,200.8140745218118,812.7059738921574,-411.077824848534,732.3603677255738,1143.4381925741077,812.7059738921574,411.077824848534,1545.0663416177313,1956.1441664662648,0.1883916801096405,0.3581586124982083,0.4534497073921512,0.0,3,-52,empty
826.9431661244924,-221.0,787.0,125.0,1539.9522719876743,1372.0,-525.0,462.0,1960.4318401821572,460.0,-1827.0,542.0,0.0,0.0,0.0,0.0,1081.831819573581,1960.4318401821572,0.0,1960.4318401821572,744.503300300351,623.7113671594878,203.2317989650046,826.9431661244924,-420.4795681944832,713.0091058631818,1133.4886740576649,826.9431661244924,420.4795681944832,1539.9522719876743,1960.4318401821572,0.1910979024564196,0.3558668371842372,0.4530352603593433,0.0,3,-46,empty
824.5271372125966,-226.0,785.0,112.0,1532.352766173638,1372.0,-525.0,436.0,1945.0740345806887,460.0,-1812.0,537.0,0.0,0.0,0.0,0.0,1075.488484491731,1945.0740345806887,0.0,1945.0740345806887,739.0130375884311,618.6242028098238,205.9029344027728,824.5271372125966,-412.7212684070512,707.8256289610414,1120.5468973680927,824.5271372125966,412.7212684070512,1532.352766173638,1945.0740345806887,0.1916634043743998,0.356199249984954,0.4521373456406459,0.0,3,-48,empty
838.4348513748698,-213.0,802.0,120.0,1532.6180215565782,1370.0,-513.0,457.0,1954.334925236716,460.0,-1815.0,560.0,0.0,0.0,0.0,0.0,1081.346949542041,1954.334925236716,0.0,1954.334925236716,740.619858440295,630.0758775275037,208.3589738473662,838.4348513748698,-421.7169036801377,694.1831701817084,1115.900073861846,838.4348513748698,421.7169036801377,1532.6180215565782,1954.334925236716,0.193840388538099,0.354330777509858,0.4518288339520429,0.0,3,-49,empty
817.8538989330551,-226.0,780.0,97.0,1548.013242837412,1386.0,-518.0,455.0,1963.467086558876,455.0,-1827.0,557.0,0.0,0.0,0.0,0.0,1082.3335570823358,1963.467086558876,0.0,1963.467086558876,747.4371687396193,616.6538713272595,201.20002760579573,817.8538989330551,-415.4538437214637,730.1593439043569,1145.6131876258205,817.8538989330551,415.4538437214637,1548.013242837412,1963.467086558876,0.1889098544486039,0.3575638103216573,0.4535263352297387,0.0,3,-51,empty
824.400994662185,-228.0,782.0,127.0,1533.6042514286405,1377.0,-518.0,433.0,1955.2386043652064,462.0,-1817.0,555.0,0.0,0.0,0.0,0.0,1078.310962614008,1955.2386043652064,0.0,1955.2386043652064,742.2127174243592,623.0176737993755,201.3833208628096,824.400994662185,-421.6343529365661,709.2032567664553,1130.8376097030214,824.400994662185,421.6343529365661,1533.6042514286405,1955.2386043652064,0.1911324801576016,0.3555570481521685,0.4533104716902296,0.0,3,-52,empty
821.572273144609,-216.0,785.0,110.0,1529.1164115266045,1372.0,-518.0,433.0,1955.0695639797575,457.0,-1822.0,542.0,0.0,0.0,0.0,0.0,1076.4395621627427,1955.0695639797575,0.0,1955.0695639797575,741.7186926395226,623.7627127988811,197.80956034572773,821.572273144609,-425.9531524531533,707.5441383819955,1133.4972908351488,821.572273144609,425.9531524531533,1529.1164115266045,1955.0695639797575,0.1908078033414937,0.3551328995318511,0.4540592971266552,0.0,3,-51,empty
830.7935965087839,-223.0,792.0,115.0,1531.6778381892193,1377.0,-508.0,438.0,1945.436968909556,460.0,-1810.0,545.0,0.0,0.0,0.0,0.0,1076.9771009018898,1945.436968909556,0.0,1945.436968909556,738.4885402854677,622.2763636145602,208.51723289422364,830.7935965087839,-413.7591307203365,700.8842416804354,1114.643372400772,830.7935965087839,413.7591307203365,1531.6778381892193,1945.436968909556,0.1928531246887828,0.3555502333583858,0.4515966419528313,0.0,3,-50,empty
818.899871779206,-228.0,777.0,122.0,1528.2846593485128,1367.0,-522.0,441.0,1940.1963818129336,457.0,-1803.0,552.0,0.0,0.0,0.0,0.0,1071.8452282351632,1940.1963818129336,0.0,1940.1963818129336,737.428679066329,615.4057971218135,203.4940746573925,818.899871779206,-411.911722464421,709.3847875693068,1121.2965100337278,818.899871779206,411.911722464421,1528.2846593485128,1940.1963818129336,0.1910023598107438,0.356461133354322,0.4525365068349341,0.0,3,-52,empty
806.0725773774965,-228.0,765.0,112.0,1537.7941994948478,1381.0,-513.0,441.0,1967.087949228504,457.0,-1831.0,555.0,0.0,0.0,0.0,0.0,1077.738681525212,1967.087949228504,0.0,1967.087949228504,747.9833449645104,617.6831635555761,188.3894138219204,806.0725773774965,-429.2937497336559,731.7216221173513,1161.015371851007,806.0725773774965,429.2937497336559,1537.7941994948478,1967.087949228504,0.1869823806075015,0.3567177799813603,0.456299839411138,0.0,3,-52,empty
828.5445069517992,-231.0,785.0,130.0,1547.650154266138,1391.0,-506.0,452.0,1950.6586067274816,450.0,-1812.0,565.0,0.0,0.0,0.0,0.0,1081.7133169863546,1950.6586067274816,0.0,1950.6586067274816,742.6912547313171,615.7764797065714,212.7680272452278,828.5445069517992,-403.0084524613437,719.1056473143386,1122.1140997756825,828.5445069517992,403.0084524613437,1547.650154266138,1950.6586067274816,0.1914889310182753,0.3576849175199857,0.450826151461739,0.0,3,-52,empty
822.2755012767923,-223.0,782.0,122.0,1533.1947038781473,1381.0,-506.0,433.0,1951.039210267185,452.0,-1815.0,555.0,0.0,0.0,0.0,0.0,1076.627353855531,1951.039210267185,0.0,1951.039210267185,741.092295824236,620.0600038329148,202.21549744387733,822.2755012767923,-417.8445063890374,710.919202601355,1128.7637089903924,822.2755012767923,417.8445063890374,1533.1947038781473,1951.039210267185,0.1909378157475113,0.3560179616437373,0.4530442226087514,0.0,3,-49,empty
828.3942298205608,-228.0,787.0,122.0,1544.1288806314064,1381.0,-518.0,457.0,1946.551052502862,480.0,-1806.0,545.0,0.0,0.0,0.0,0.0,1079.768540738707,1946.551052502862,0.0,1946.551052502862,740.950672063264,615.4082008460082,212.98602897455248,828.3942298205608,-402.4221718714557,715.7346508108457,1118.1568226823017,828.3942298205608,402.4221718714557,1544.1288806314064,1946.551052502862,0.1917990288117274,0.3575138611593124,0.4506871100289601,0.0,3,-50,empty
819.7682599369166,-226.0,780.0,112.0,1524.149598956743,1370.0,-506.0,436.0,1957.5528089939237,452.0,-1822.0,555.0,0.0,0.0,0.0,0.0,1075.3676669718957,1957.5528089939237,0.0,1957.5528089939237,741.8562063037703,626.5857349870485,193.1825249498679,819.7682599369166,-433.4032100371805,704.3813390198263,1137.7845490570069,819.7682599369166,433.4032100371805,1524.149598956743,1957.5528089939237,0.1905786004904918,0.3543322078969889,0.4550891916125192,0.0,3,-49,empty
811.6261454635379,-233.0,772.0,92.0,1535.0941339214348,1383.0,-508.0,431.0,1959.371838115471,477.0,-1820.0,547.0,0.0,0.0,0.0,0.0,1076.523029375111,1959.371838115471,0.0,1959.371838115471,744.7787706594718,617.9519248287871,193.6742206347509,811.6261454635379,-424.2777041940362,723.4679884578969,1147.745692651933,811.6261454635379,424.2777041940362,1535.0941339214348,1959.371838115471,0.1884832287179825,0.356493565867446,0.4550232054145713,0.0,3,-48,empty
808.7193579975689,-233.0,767.0,107.0,1532.1050877795558,1377.0,-511.0,436.0,1951.2465246605825,457.0,-1817.0,545.0,0.0,0.0,0.0,0.0,1073.0177426094267,1951.2465246605825,0.0,1951.2465246605825,742.170414423379,613.9303974392977,194.78896055827124,808.7193579975689,-419.1414368810265,723.3857297819869,1142.5271666630133,808.7193579975689,419.1414368810265,1532.1050877795558,1951.2465246605825,0.1884217114692992,0.3569617320711058,0.454616556459595,0.0,3,-49,empty
819.4974069513582,-226.0,780.0,110.0,1536.7559988495243,1383.0,-513.0,431.0,1940.2301409884344,467.0,-1798.0,560.0,0.0,0.0,0.0,0.0,1074.1208866973293,1940.2301409884344,0.0,1940.2301409884344,738.7058418345852,611.4857745451341,208.01163240622415,819.4974069513582,-403.4741421389099,717.2585918981663,1120.7327340370762,819.4974069513582,403.4741421389099,1536.7559988495243,1940.2301409884344,0.1907367729974791,0.3576776175479396,0.4515856094545812,0.0,3,-52,empty
807.8304277507749,-226.0,767.0,115.0,1539.2819754677828,1388.0,-501.0,438.0,1949.0454073725425,465.0,-1812.0,547.0,0.0,0.0,0.0,0.0,1074.039452647775,1949.0454073725425,0.0,1949.0454073725425,742.7169744634007,608.7969298277673,199.03349792300756,807.8304277507749,-409.7634319047597,731.4515477170079,1141.2149796217675,807.8304277507749,409.7634319047597,1539.2819754677828,1949.0454073725425,0.1880355572039908,0.3582926985766372,0.4536717442193719,0.0,3,-55,empty
820.0512179126374,-228.0,780.0,110.0,1540.3048399586362,1383.0,-501.0,457.0,1949.414783980054,457.0,-1812.0,555.0,0.0,0.0,0.0,0.0,1077.442710462832,1949.414783980054,0.0,1949.414783980054,741.907983290722,614.5805809670277,205.47063694560984,820.0512179126374,-409.1099440214177,720.2536220459988,1129.3635660674163,820.0512179126374,409.1099440214177,1540.3048399586362,1949.414783980054,0.1902772207629424,0.357398315706497,0.4523244635305605,0.0,3,-46,empty
825.03999903035,-221.0,785.0,125.0,1545.6548773901632,1388.0,-516.0,443.0,1945.668265660927,455.0,-1810.0,550.0,0.0,0.0,0.0,0.0,1079.09078552036,1945.668265660927,0.0,1945.668265660927,741.2181369914341,612.526693650557,212.513305379793,825.03999903035,-400.0133882707639,720.6148783598131,1120.628266630577,825.03999903035,400.0133882707639,1545.6548773901632,1945.668265660927,0.1911423974009051,0.35809194604623,0.4507656565528649,0.0,3,-50,empty
817.3310222914581,-226.0,777.0,115.0,1526.1667667722293,1370.0,-506.0,443.0,1953.3532706604813,460.0,-1817.0,550.0,0.0,0.0,0.0,0.0,1074.2127649310423,1953.3532706604813,0.0,1953.3532706604813,741.1261266877626,622.2587630898553,195.07225920160292,817.3310222914581,-427.1865038882522,708.8357444807712,1136.0222483690234,817.3310222914581,427.1865038882522,1526.1667667722293,1953.3532706604813,0.1902162795337676,0.3551826082773741,0.4546011121888582,0.0,3,-49,empty
817.0679286326199,-216.0,780.0,112.0,1542.6127187340314,1383.0,-522.0,441.0,1952.1201295002315,472.0,-1815.0,542.0,0.0,0.0,0.0,0.0,1077.9501942167203,1952.1201295002315,0.0,1952.1201295002315,743.3237039057304,613.28766969941,203.7802589332099,817.0679286326199,-409.5074107661999,725.5447901014115,1135.0522008676114,817.0679286326199,409.5074107661999,1542.6127187340314,1952.1201295002315,0.1894957515236435,0.3577653046982733,0.4527389437780833,0.0,3,-50,empty
806.7304382505968,-226.0,767.0,107.0,1538.5493167266366,1381.0,-522.0,433.0,1948.4850525472348,465.0,-1812.0,545.0,0.0,0.0,0.0,0.0,1073.441201881117,1948.4850525472348,0.0,1948.4850525472348,742.5358483629077,608.3330870355975,198.3973512149992,806.7304382505968,-409.9357358205982,731.8188784760398,1141.754614296638,806.7304382505968,409.9357358205982,1538.5493167266366,1948.4850525472348,0.1878841702826545,0.3583217492561437,0.4537940804612017,0.0,3,-50,empty
823.904120635405,-233.0,780.0,127.0,1530.741650312031,1375.0,-508.0,441.0,1952.312218883035,467.0,-1815.0,547.0,0.0,0.0,0.0,0.0,1076.7394974576175,1952.312218883035,0.0,1952.312218883035,740.951958371605,622.7373446032044,201.16677603220057,823.904120635405,-421.57056857100406,706.837529676626,1128.40809824763,823.904120635405,421.57056857100406,1530.741650312031,1952.312218883035,0.1912960661749652,0.3554113260278825,0.4532926077971522,0.0,3,-49,empty
833.0576210563108,-236.0,792.0,105.0,1535.0224754054907,1375.0,-513.0,450.0,1951.115834593118,460.0,-1817.0,542.0,0.0,0.0,0.0,0.0,1079.7989827637298,1951.115834593118,0.0,1951.115834593118,740.4844068732401,624.5754901219691,208.4821309343417,833.0576210563108,-416.09335918762736,701.9648543491799,1118.0582135368072,833.0576210563108,416.09335918762736,1535.0224754054907,1951.115834593118,0.1928733112259728,0.35539542542368,0.4517312633503472,0.0,3,-48,empty
826.3510150051249,-216.0,790.0,110.0,1537.7031573096283,1381.0,-511.0,443.0,1945.436968909556,460.0,-1810.0,545.0,0.0,0.0,0.0,0.0,1077.3727853060773,1945.436968909556,0.0,1945.436968909556,739.7944859768996,617.0424133025261,209.3086017025988,826.3510150051249,-407.7338115999273,711.3521423045037,1119.0859539044309,826.3510150051249,407.7338115999273,1537.7031573096283,1945.436968909556,0.1917514128525071,0.3568178021298295,0.4514307850176633,0.0,3,-48,empty
828.3942298205608,-228.0,787.0,122.0,1545.7519205875178,1388.0,-518.0,441.0,1956.4608352839573,455.0,-1817.0,565.0,0.0,0.0,0.0,0.0,1082.651746423009,1956.4608352839573,0.0,1956.4608352839573,744.1078187784406,619.5515722585001,208.8426575620606,828.3942298205608,-410.7089146964395,717.357690766957,1128.0666054633966,828.3942298205608,410.7089146964395,1545.7519205875178,1956.4608352839573,0.1912882495588969,0.3569365508563933,0.4517751995847096,0.0,3,-48,empty
830.1144499404886,-211.0,795.0,112.0,1535.427627731115,1375.0,-508.0,457.0,1958.979326077741,460.0,-1820.0,560.0,0.0,0.0,0.0,0.0,1081.130350937336,1958.979326077741,0.0,1958.979326077741,743.1111385803016,626.8330741435573,203.28137579693131,830.1144499404886,-423.5516983466259,705.3131777906265,1128.8648761372524,830.1144499404886,423.5516983466259,1535.427627731115,1958.979326077741,0.1919552182631776,0.3550514575786131,0.4529933241582093,0.0,3,-47,empty
825.03999903035,-221.0,785.0,125.0,1534.8605799876418,1375.0,-516.0,446.0,1950.5624829776664,462.0,-1815.0,545.0,0.0,0.0,0.0,0.0,1077.6157654989147,1950.5624829776664,0.0,1950.5624829776664,740.9721735316302,620.3709510101874,204.66904802016256,825.03999903035,-415.7019029900248,709.8205809572918,1125.5224839473167,825.03999903035,415.7019029900248,1534.8605799876418,1950.5624829776664,0.1914040294892059,0.3560778872043116,0.4525180833064823,0.0,3,-48,empty
825.1721032608895,-216.0,787.0,122.0,1540.1646015929596,1383.0,-513.0,443.0,1953.3082194062465,465.0,-1812.0,562.0,0.0,0.0,0.0,0.0,1079.661231065024,1953.3082194062465,0.0,1953.3082194062465,742.5893051580781,619.157860537088,206.0142427238013,825.1721032608895,-413.1436178132867,714.9924983320701,1128.136116145357,825.1721032608895,413.1436178132867,1540.1646015929596,1953.3082194062465,0.1910719954366853,0.3566314500506968,0.4522965545126177,0.0,3,-48,empty
836.5763563477036,-236.0,792.0,130.0,1533.3434057640186,1377.0,-513.0,438.0,1955.016368217924,467.0,-1820.0,540.0,0.0,0.0,0.0,0.0,1081.2340325824116,1955.016368217924,0.0,1955.016368217924,741.0841495981255,629.1246594008043,207.45169694689932,836.5763563477036,-421.672962453905,696.767049416315,1118.44001187022,836.5763563477036,421.672962453905,1533.3434057640186,1955.016368217924,0.1934309157726081,0.354535502850801,0.4520335813765907,0.0,3,-47,empty
819.0286930260746,-218.0,780.0,122.0,1542.859034390375,1386.0,-513.0,443.0,1945.800092506936,455.0,-1808.0,557.0,0.0,0.0,0.0,0.0,1076.9219549808463,1945.800092506936,0.0,1945.800092506936,741.336025618769,610.9848755713177,208.0438174547569,819.0286930260746,-402.94105811656095,723.8303413643004,1126.7713994808614,819.0286930260746,402.94105811656095,1542.859034390375,1945.800092506936,0.1901318589610891,0.3581640775486408,0.4517040634902701,0.0,3,-47,empty
815.0024539840356,-231.0,772.0,122.0,1546.4656478564275,1386.0,-516.0,452.0,1948.3423723770927,462.0,-1815.0,537.0,0.0,0.0,0.0,0.0,1077.4526185543891,1948.3423723770927,0.0,1948.3423723770927,743.0017528716135,608.4395892523507,206.56286473168493,815.0024539840356,-401.8767245206657,731.4631938723919,1133.3399183930576,815.0024539840356,401.8767245206657,1546.4656478564275,1948.3423723770927,0.1891040125452381,0.3588245137710347,0.452071473683727,0.0,3,-48,empty
821.4408073622834,-221.0,782.0,120.0,1548.57967182835,1393.0,-513.0,441.0,1947.0875686522163,455.0,-1810.0,555.0,0.0,0.0,0.0,0.0,1079.2770119607126,1947.0875686522163,0.0,1947.0875686522163,742.4046278500398,609.9743520930749,211.4664552692085,821.4408073622834,-398.5078968238665,727.1388644660666,1125.6467612899332,821.4408073622834,398.5078968238665,1548.57967182835,1947.0875686522163,0.1902757119485894,0.3587076474961371,0.4510166405552733,0.0,3,-49,empty
806.5742371288585,-223.0,767.0,112.0,1542.429576998574,1388.0,-508.0,441.0,1965.8252719913844,447.0,-1836.0,542.0,0.0,0.0,0.0,0.0,1078.7072715297045,1965.8252719913844,0.0,1965.8252719913844,748.2784390512271,614.9849660608344,191.5892710680241,806.5742371288585,-423.3956949928104,735.8553398697155,1159.251034862526,806.5742371288585,423.3956949928104,1542.429576998574,1965.8252719913844,0.1869307499858287,0.3574717668332924,0.4555974831808788,0.0,3,-49,empty
812.0825081234049,-233.0,767.0,130.0,1544.6559487471636,1388.0,-513.0,443.0,1951.305716693312,465.0,-1812.0,555.0,0.0,0.0,0.0,0.0,1077.01104339097,1951.305716693312,0.0,1951.305716693312,743.8452207374152,609.3661380347767,202.7163700886282,812.0825081234049,-406.6497679461484,732.5734406237588,1139.223208569907,812.0825081234049,406.6497679461484,1544.6559487471636,1951.305716693312,0.1885037560911544,0.3585515576246584,0.4529446862841871,0.0,3,-48,empty
862.7821277703891,68.0,755.0,412.0,1242.0974196897762,1098.0,-211.0,541.0,1785.7667820854997,163.0,-1755.0,287.0,0.0,0.0,0.0,0.0,972.6615823864162,1785.7667820854997,0.0,1785.7667820854997,650.3613965708242,703.2257450830563,159.55638268733287,862.7821277703891,-543.6693623957233,379.3152919193871,922.9846543151104,862.7821277703891,543.6693623957233,1242.0974196897762,1785.7667820854997,0.2217580460136919,0.3192522050275445,0.4589897489587635,0.0,3,-46,empty
860.5236777683691,76.0,750.0,415.0,1241.687964023168,1093.0,-206.0,552.0,1775.24026542888,163.0,-1747.0,270.0,0.0,0.0,0.0,0.0,969.3629768051044,1775.24026542888,0.0,1775.24026542888,647.1301408523226,697.0379895870404,163.48568818132867,860.5236777683691,-533.5523014057119,381.16428625479887,914.7165876605108,860.5236777683691,533.5523014057119,1241.687964023168,1775.24026542888,0.2219302001311584,0.3202329761230442,0.4578368237457973,0.0,3,-46,empty
862.4030380280441,71.0,757.0,407.0,1250.2199806434066,1103.0,-196.0,555.0,1773.0059221559302,146.0,-1747.0,265.0,0.0,0.0,0.0,0.0,971.4072352068451,1773.0059221559302,0.0,1773.0059221559302,647.2655818037855,692.5944897702838,169.8085482577602,862.4030380280441,-522.7859415125236,387.81694261536256,910.602884127886,862.4030380280441,522.7859415125236,1250.2199806434066,1773.0059221559302,0.2219468331024963,0.3217548560818555,0.4562983108156482,0.0,3,-46,empty
863.0237540183932,71.0,755.0,412.0,1243.4452139117348,1098.0,-206.0,546.0,1773.7387067998488,168.0,-1745.0,270.0,0.0,0.0,0.0,0.0,970.0519186824944,1773.7387067998488,0.0,1773.7387067998488,646.7441728074646,696.6586234532538,166.36513056513968,863.0237540183932,-530.2934928881141,380.42145989334153,910.7149527814556,863.0237540183932,530.2934928881141,1243.4452139117348,1773.7387067998488,0.2224168978477294,0.3204584182464579,0.4571246839058125,0.0,3,-45,empty
849.8594001362814,81.0,740.0,410.0,1240.8597825701338,1096.0,-201.0,546.0,1773.040326670547,172.0,-1742.0,282.0,0.0,0.0,0.0,0.0,965.9398773442406,1773.040326670547,0.0,1773.040326670547,646.8204181658101,691.0199721183473,158.8394280179341,849.8594001362814,-532.1805441004133,391.0003824338525,923.1809265342656,849.8594001362814,532.1805441004133,1240.8597825701338,1773.040326670547,0.2199565987670186,0.3211534723004084,0.4588899289325729,0.0,3,-51,empty
839.8011669436999,71.0,735.0,400.0,1248.729354183684,1093.0,-226.0,560.0,1760.92276945924,158.0,-1731.0,282.0,0.0,0.0,0.0,0.0,962.363322646656,1760.92276945924,0.0,1760.92276945924,644.3732111319405,675.9972911096281,163.80387583407173,839.8011669436999,-512.1934152755562,408.928187239984,921.1216025155402,839.8011669436999,512.1934152755562,1248.729354183684,1760.92276945924,0.2181611526492172,0.3243913511659699,0.4574474961848129,0.0,3,-51,empty
865.9157002849643,81.0,760.0,407.0,1235.8446504314368,1088.0,-208.0,548.0,1774.8391476412728,146.0,-1747.0,277.0,0.0,0.0,0.0,0.0,969.1498745894183,1774.8391476412728,0.0,1774.8391476412728,646.1753017435086,702.4550987474,163.46060153756423,865.9157002849643,-538.994497209836,369.9289501464725,908.9234473563084,865.9157002849643,538.994497209836,1235.8446504314368,1774.8391476412728,0.2233699149607305,0.3187960610723403,0.4578340239669292,0.0,3,-49,empty
846.6888448538814,63.0,737.0,412.0,1244.2560025975365,1096.0,-221.0,546.0,1770.809137089596,151.0,-1742.0,280.0,0.0,0.0,0.0,0.0,965.4384961352534,1770.809137089596,0.0,1770.809137089596,646.6324382368242,686.6209896729706,160.06785518091067,846.6888448538814,-526.5531344920598,397.5671577436549,924.1202922357148,846.6888448538814,526.5531344920598,1244.2560025975365,1770.809137089596,0.2192498145255397,0.3221997070705221,0.4585504784039381,0.0,3,-50,empty
856.0216118767096,68.0,750.0,407.0,1238.516854951922,1096.0,-208.0,538.0,1768.2290575601342,153.0,-1740.0,275.0,0.0,0.0,0.0,0.0,965.6918810971914,1768.2290575601342,0.0,1768.2290575601342,644.8038002237331,692.866907242461,163.15470463424867,856.0216118767096,-529.7122026082122,382.49524307521233,912.2074456834246,856.0216118767096,529.7122026082122,1238.516854951922,1768.2290575601342,0.2216083692513088,0.3206294055058106,0.4577622252428805,0.0,3,-50,empty
862.4969565163694,76.0,755.0,410.0,1250.989208586549,1111.0,-203.0,538.0,1770.7549237542726,148.0,-1745.0,262.0,0.0,0.0,0.0,0.0,971.0602722142978,1770.7549237542726,0.0,1770.7549237542726,646.6482411072452,691.1313358420464,171.36562067432305,862.4969565163694,-519.7657151677236,388.4922520701796,908.2579672379032,862.4969565163694,519.7657151677236,1250.989208586549,1770.7549237542726,0.222050314793959,0.3220678582941954,0.4558818269118455,0.0,3,-50,empty
862.2377862283698,73.0,755.0,410.0,1241.0838005549826,1093.0,-218.0,546.0,1754.816229694722,148.0,-1726.0,280.0,0.0,0.0,0.0,0.0,964.5344541195186,1754.816229694722,0.0,1754.816229694722,640.6668688299419,687.9851076840546,174.25267854431513,862.2377862283698,-513.7324291397395,378.8460143266128,892.5784434663523,862.2377862283698,513.7324291397395,1241.0838005549826,1754.816229694722,0.2234854811421612,0.321679488807871,0.4548350300499678,0.0,3,-47,empty
848.3100848156881,71.0,742.0,405.0,1239.420025657162,1093.0,-203.0,548.0,1767.1553412193282,163.0,-1738.0,275.0,0.0,0.0,0.0,0.0,963.7213629230446,1767.1553412193282,0.0,1767.1553412193282,644.9020349213898,688.0227001889272,160.28738462676085,848.3100848156881,-527.7353155621663,391.10994084147376,918.84525640364,848.3100848156881,527.7353155621663,1239.420025657162,1767.1553412193282,0.2200610356510867,0.3215192879760133,0.4584196763728998,0.0,3,-46,empty
861.524230651698,68.0,760.0,400.0,1253.4548256718308,1108.0,-213.0,546.0,1767.3644219571695,153.0,-1738.0,282.0,0.0,0.0,0.0,0.0,970.5858695701744,1767.3644219571695,0.0,1767.3644219571695,645.9106515538415,687.7169134685182,173.80731718317963,861.524230651698,-513.9095962853387,391.9305950201328,905.8401913054716,861.524230651698,513.9095962853387,1253.4548256718308,1767.3644219571695,0.2219082972620509,0.3228603632533114,0.4552313394846377,0.0,3,-53,empty
847.326973487803,73.0,745.0,397.0,1242.1618252063618,1091.0,-206.0,557.0,1776.38227867765,175.0,-1747.0,270.0,0.0,0.0,0.0,0.0,966.4677693429536,1776.38227867765,0.0,1776.38227867765,648.1171196791945,690.7737134795457,156.55326000825744,847.326973487803,-534.2204534712882,394.8348517185588,929.055305189847,847.326973487803,534.2204534712882,1242.1618252063618,1776.38227867765,0.2191813840992991,0.3213148603110781,0.4595037555896227,0.0,3,-53,empty
846.2487813876012,63.0,742.0,402.0,1244.7063910818488,1098.0,-221.0,543.0,1781.4693373729451,158.0,-1755.0,262.0,0.0,0.0,0.0,0.0,968.1061274605988,1781.4693373729451,0.0,1781.4693373729451,650.0280962952625,691.5058638393489,154.74291754825254,846.2487813876012,-536.7629462910963,398.4576096942476,935.220555985344,846.2487813876012,536.7629462910963,1244.7063910818488,1781.4693373729451,0.2185320279935018,0.3214281874102969,0.4600397845962011,0.0,3,-53,empty
857.1405952351108,76.0,745.0,417.0,1244.6240396199971,1098.0,-213.0,546.0,1773.4108379053062,156.0,-1745.0,275.0,0.0,0.0,0.0,0.0,968.7938681901036,1773.4108379053062,0.0,1773.4108379053062,647.0159897230178,692.9636967602099,164.1768984749009,857.1405952351108,-528.786798285309,387.4834443848863,916.2702426701952,857.1405952351108,528.786798285309,1244.6240396199971,1773.4108379053062,0.2211875568629519,0.3211787565153561,0.4576336866216919,0.0,3,-57,empty
934.7646762688456,266.0,745.0,498.0,1081.7550554538675,877.0,-147.0,616.0,1725.587436208319,-42.0,-1712.0,212.0,0.0,0.0,0.0,0.0,935.526791982758,1725.587436208319,0.0,1725.587436208319,616.6014689266067,789.2985285116488,145.46614775719706,934.7646762688456,-643.8323807544516,146.99037918502177,790.8227599394734,934.7646762688456,643.8323807544516,1081.7550554538675,1725.587436208319,0.2497963404895392,0.2890764499542532,0.4611272095562074,0.0,3,-49,empty
879.5578434645444,98.0,757.0,437.0,1210.3466445609704,1047.0,-201.0,573.0,1736.4368689935145,125.0,-1712.0,262.0,0.0,0.0,0.0,0.0,956.5853392547572,1736.4368689935145,0.0,1736.4368689935145,631.1798386536605,702.8240339485443,176.73380951600006,879.5578434645444,-526.0902244325441,330.788801096426,856.8790255289701,879.5578434645444,526.0902244325441,1210.3466445609704,1736.4368689935145,0.2298691521212779,0.316319567866237,0.453811280012485,0.0,3,-50,empty
870.3085659695646,98.0,752.0,427.0,1204.030315232968,1042.0,-206.0,567.0,1754.784317231038,122.0,-1728.0,280.0,0.0,0.0,0.0,0.0,957.2807996083924,1754.784317231038,0.0,1754.784317231038,636.5626211937962,710.5312839838173,159.7772819857472,870.3085659695646,-550.75400199807,333.7217492634033,884.4757512614733,870.3085659695646,550.75400199807,1204.030315232968,1754.784317231038,0.2272866452365892,0.314440213291,0.4582731414724109,0.0,3,-49,empty
864.2424428364994,91.0,747.0,425.0,1211.2757737195936,1047.0,-198.0,576.0,1744.7994154056792,122.0,-1721.0,260.0,0.0,0.0,0.0,0.0,955.0794079904432,1744.7994154056792,0.0,1744.7994154056792,634.3741596507733,698.8830422612924,165.35940057520702,864.2424428364994,-533.5236416860855,347.0333308830942,880.5569725691797,864.2424428364994,533.5236416860855,1211.2757737195936,1744.7994154056792,0.2262226668290673,0.3170615352989879,0.4567157978719446,0.0,3,-48,empty
870.4027803264418,101.0,750.0,430.0,1206.0033167450244,1050.0,-190.0,562.0,1744.4268399677871,120.0,-1720.0,265.0,0.0,0.0,0.0,0.0,955.2082342598134,1744.4268399677871,0.0,1744.4268399677871,633.5177418212132,704.4131517746022,165.9896285518396,870.4027803264418,-538.4235232227627,335.6005364185827,874.0240596413454,870.4027803264418,538.4235232227627,1206.0033167450244,1744.4268399677871,0.2278044590457579,0.3156388506427478,0.4565566903114941,0.0,3,-48,empty
894.4294270650983,202.0,740.0,460.0,1101.3723257827028,936.0,-170.0,555.0,1740.065516007946,28.0,-1720.0,262.0,0.0,0.0,0.0,0.0,933.9668172139368,1740.065516007946,0.0,1740.065516007946,622.8316259979648,766.5613086451708,127.86811841992744,894.4294270650983,-638.6931902252434,206.9428987176045,845.6360889428479,894.4294270650983,638.6931902252434,1101.3723257827028,1740.065516007946,0.2394168107955964,0.2948103469746773,0.4657728422297262,0.0,3,-50,empty
905.3192806960426,213.0,747.0,465.0,1109.841880629849,943.0,-170.0,560.0,1729.0185077089257,31.0,-1712.0,240.0,0.0,0.0,0.0,0.0,936.0449172587043,1729.0185077089257,0.0,1729.0185077089257,619.7048998306738,762.2479538875597,143.07132680848292,905.3192806960426,-619.1766270790768,204.5225999338063,823.6992270128831,905.3192806960426,619.1766270790768,1109.841880629849,1729.0185077089257,0.2417937601080499,0.2964179015789449,0.4617883383130051,0.0,3,-58,empty
903.3233086774636,218.0,745.0,462.0,1109.109101937226,943.0,-175.0,557.0,1734.8022942110724,21.0,-1717.0,247.0,0.0,0.0,0.0,0.0,936.8086762064404,1734.8022942110724,0.0,1734.8022942110724,621.5329872052944,764.5082504756549,138.8150582018086,903.3233086774636,-625.6931922738463,205.7857932597626,831.4789855336089,903.3233086774636,625.6931922738463,1109.109101937226,1734.8022942110724,0.2410639791295021,0.2959806869073063,0.4629553339631916,0.0,3,-61,empty
892.5077030479905,211.0,732.0,465.0,1109.247041916272,931.0,-172.0,578.0,1737.806088146776,23.0,-1721.0,240.0,0.0,0.0,0.0,0.0,934.8902082777596,1737.806088146776,0.0,1737.806088146776,622.6737094709935,760.5333746392472,131.9743284087433,892.5077030479905,-628.5590462305038,216.7393388682816,845.2983850987854,892.5077030479905,628.5590462305038,1109.247041916272,1737.806088146776,0.2386664485159585,0.2966249491369981,0.4647086023470434,0.0,3,-59,empty
897.4597484010077,197.0,745.0,460.0,1099.375731949728,933.0,-167.0,557.0,1742.118537872782,26.0,-1726.0,235.0,0.0,0.0,0.0,0.0,934.7385045558794,1742.118537872782,0.0,1742.118537872782,623.3164750755736,770.1012771620309,127.35847123897668,897.4597484010077,-642.7428059230542,201.9159835487202,844.6587894717744,897.4597484010077,642.7428059230542,1099.375731949728,1742.118537872782,0.2400296296843511,0.2940329639229081,0.4659374063927407,0.0,3,-56,empty
888.2848642186807,211.0,735.0,452.0,1118.5410139999335,946.0,-167.0,573.0,1749.2232561911587,18.0,-1733.0,237.0,0.0,0.0,0.0,0.0,939.0122836024432,1749.2232561911587,0.0,1749.2232561911587,627.0944356663713,759.483553204953,128.80131101372783,888.2848642186807,-630.682242191225,230.25614978125304,860.938391972478,888.2848642186807,630.682242191225,1118.5410139999335,1749.2232561911587,0.2364944739622705,0.2977972262803483,0.4657082997573811,0.0,3,-59,empty
885.4366154615473,205.0,727.0,462.0,1116.3377625073874,941.0,-180.0,573.0,1737.0440408924585,16.0,-1721.0,235.0,0.0,0.0,0.0,0.0,934.7046047153484,1737.0440408924585,0.0,1737.0440408924585,623.0648456813502,753.071446923309,132.3651685382382,885.4366154615473,-620.7062783850708,230.90114704584016,851.607425430911,885.4366154615473,620.7062783850708,1116.3377625073874,1737.0440408924585,0.2368225776878448,0.2985803634848233,0.4645970588273317,0.0,3,-51,empty
911.7241907506896,216.0,747.0,476.0,1103.96784373459,936.0,-180.0,557.0,1747.8827191776911,13.0,-1731.0,242.0,0.0,0.0,0.0,0.0,940.8936884157428,1747.8827191776911,0.0,1747.8827191776911,625.2911858481768,777.8195330968955,133.90465765379415,911.7241907506896,-643.9148754431014,192.24365298390023,836.1585284270017,911.7241907506896,643.9148754431014,1103.96784373459,1747.8827191776911,0.2422495235051028,0.2933295911447307,0.4644208853501664,0.0,3,-52,empty
903.7306014515608,202.0,745.0,470.0,1111.771109536491,941.0,-177.0,565.0,1734.8700239499212,26.0,-1717.0,247.0,0.0,0.0,0.0,0.0,937.5929337344932,1734.8700239499212,0.0,1734.8700239499212,621.734662545966,763.4147579324955,140.3158435190653,903.7306014515608,-623.0989144134303,208.04050808493,831.1394224983603,903.7306014515608,623.0989144134303,1111.771109536491,1734.8700239499212,0.2409709397691233,0.2964429096932916,0.462586150537585,0.0,3,-53,empty
896.5048800759537,211.0,740.0,460.0,1103.3213493810406,938.0,-165.0,557.0,1735.999423963038,18.0,-1721.0,227.0,0.0,0.0,0.0,0.0,933.956413355008,1735.999423963038,0.0,1735.999423963038,621.6177828481497,764.5914773289757,131.91340274697814,896.5048800759537,-632.6780745819974,206.8164693050869,839.4945438870843,896.5048800759537,632.6780745819974,1103.3213493810406,1735.999423963038,0.2399750318260252,0.295335342635967,0.4646896255380077,0.0,3,-52,empty
889.0005624295184,207.0,737.0,452.0,1110.735342014469,938.0,-180.0,567.0,1727.722199892101,16.0,-1712.0,232.0,0.0,0.0,0.0,0.0,931.864526084022,1727.722199892101,0.0,1727.722199892101,619.5952348317415,752.9937101535749,136.00685227594352,889.0005624295184,-616.9868578776313,221.73477958495096,838.7216374625823,889.0005624295184,616.9868578776313,1110.735342014469,1727.722199892101,0.2385004841222384,0.2979873444378542,0.4635121714399072,0.0,3,-53,empty
918.2771912663408,207.0,760.0,472.0,1110.735342014469,938.0,-180.0,567.0,1752.19547996221,18.0,-1736.0,237.0,0.0,0.0,0.0,0.0,945.302003310755,1752.19547996221,0.0,1752.19547996221,627.0509329685055,779.8686646070408,138.40852665930004,918.2771912663408,-641.4601379477408,192.45815074812845,833.9182886958693,918.2771912663408,641.4601379477408,1110.735342014469,1752.19547996221,0.2428528629078949,0.2937514514208985,0.4633956856712066,0.0,3,-55,empty
910.6332961186956,207.0,752.0,470.0,1106.8251894495354,933.0,-162.0,573.0,1739.0635411048097,1.0,-1721.0,250.0,0.0,0.0,0.0,0.0,939.1305066682602,1739.0635411048097,0.0,1739.0635411048097,622.6541105983457,771.4358238869848,139.19747223171066,910.6332961186956,-632.2383516552743,196.19189333083975,828.4302449861141,910.6332961186956,632.2383516552743,1106.8251894495354,1739.0635411048097,0.2424139375871561,0.2946409422307564,0.4629451201820875,0.0,3,-54,empty
906.0298008343876,216.0,747.0,465.0,1107.3003205996104,933.0,-172.0,571.0,1738.00489067206,16.0,-1721.0,242.0,0.0,0.0,0.0,0.0,937.8337530265144,1738.00489067206,0.0,1738.00489067206,622.401881170199,768.3671854534185,137.66261538096887,906.0298008343876,-630.7045700724498,201.27051976522284,831.9750898376726,906.0298008343876,630.7045700724498,1107.3003205996104,1738.00489067206,0.2415219642901816,0.295175002239524,0.4633030334702944,0.0,3,-52,empty
885.5557577024724,205.0,722.0,470.0,1108.0243679630878,933.0,-170.0,573.0,1747.275307442991,21.0,-1731.0,237.0,0.0,0.0,0.0,0.0,935.213858277138,1747.275307442991,0.0,1747.275307442991,625.7791457746011,762.4033485911881,123.15240911128444,885.5557577024724,-639.2509394799035,222.46861026061535,861.7195497405189,885.5557577024724,639.2509394799035,1108.0243679630878,1747.275307442991,0.2367254692241873,0.2961954525578522,0.4670790782179604,0.0,3,-51,empty
889.3784346384839,213.0,740.0,445.0,1104.475893806651,933.0,-167.0,567.0,1742.6545842478365,13.0,-1726.0,240.0,0.0,0.0,0.0,0.0,934.1272281732428,1742.6545842478365,0.0,1742.6545842478365,623.9654009521477,763.7785625398349,125.59987209864904,889.3784346384839,-638.1786904411858,215.0974591681668,853.2761496093526,889.3784346384839,638.1786904411858,1104.475893806651,1742.6545842478365,0.238023902904996,0.2955903276597926,0.4663857694352114,0.0,3,-52,empty
894.7340386952985,210.0,740.0,457.0,1104.145370863819,943.0,-172.0,548.0,1743.8962125080725,33.0,-1726.0,247.0,0.0,0.0,0.0,0.0,935.6939055167976,1743.8962125080725,0.0,1743.8962125080725,624.2530858383661,767.2424401697759,127.49159852552248,894.7340386952985,-639.7508416442536,209.4113321685204,849.162173812774,894.7340386952985,639.7508416442536,1104.145370863819,1743.8962125080725,0.2390562857735842,0.2950070969667113,0.4659366172597044,0.0,3,-55,empty
896.2527545285426,216.0,737.0,462.0,1100.76791377656,931.0,-177.0,560.0,1736.7262305844292,23.0,-1717.0,260.0,0.0,0.0,0.0,0.0,933.4367247223828,1736.7262305844292,0.0,1736.7262305844292,621.6833043757491,766.1055356682059,130.14721886033658,896.2527545285426,-635.9583168078693,204.5151592480173,840.4734760558866,896.2527545285426,635.9583168078693,1100.76791377656,1736.7262305844292,0.2400411111945216,0.2948158896640647,0.4651429991414136,0.0,3,-56,empty
902.7945502715444,202.0,747.0,465.0,1103.8813342021867,928.0,-177.0,571.0,1735.9593889259045,21.0,-1717.0,255.0,0.0,0.0,0.0,0.0,935.6588183499088,1735.9593889259045,0.0,1735.9593889259045,621.5539603639029,767.436302497631,135.35824777391326,902.7945502715444,-632.0780547237177,201.08678393064235,833.1648386543601,902.7945502715444,632.0780547237177,1103.8813342021867,1735.9593889259045,0.2412189498367784,0.2949476113924059,0.4638334387708155,0.0,3,-63,empty
894.6088530749067,216.0,735.0,462.0,1109.4219215429268,933.0,-162.0,578.0,1735.462186277765,23.0,-1720.0,230.0,0.0,0.0,0.0,0.0,934.8732402238998,1735.462186277765,0.0,1735.462186277765,621.8961124764062,760.3245589048726,134.2842941700343,894.6088530749067,-626.0402647348383,214.8130684680201,840.8533332028584,894.6088530749067,626.0402647348383,1109.4219215429268,1735.462186277765,0.2392326613340248,0.2966770985115648,0.4640902401544102,0.0,3,-54,empty
911.299072752738,221.0,755.0,460.0,1091.183302658174,916.0,-180.0,565.0,1741.3184659906412,31.0,-1723.0,250.0,0.0,0.0,0.0,0.0,935.9502103503884,1741.3184659906412,0.0,1741.3184659906412,622.3595855653417,780.7171180426026,130.5819547101354,911.299072752738,-650.1351633324673,179.88422990543597,830.0193932379033,911.299072752738,650.1351633324673,1091.183302658174,1741.3184659906412,0.2434154783756013,0.2914640358512425,0.4651204857731562,0.0,3,-56,empty
884.1521362299591,211.0,730.0,452.0,1117.4193483200477,951.0,-175.0,560.0,1740.1060312521188,26.0,-1723.0,242.0,0.0,0.0,0.0,0.0,935.4193789505314,1740.1060312521188,0.0,1740.1060312521188,624.1558983810072,753.419409581015,130.73272664894398,884.1521362299591,-622.6866829320711,233.2672120900886,855.9538950221597,884.1521362299591,622.6866829320711,1117.4193483200477,1740.1060312521188,0.23629832675209,0.2986412761658055,0.4650603970821045,0.0,3,-53,empty
892.8572114285688,213.0,735.0,460.0,1119.1112545229807,943.0,-160.0,581.0,1739.0451402996991,18.0,-1723.0,235.0,0.0,0.0,0.0,0.0,937.7534015628122,1739.0451402996991,0.0,1739.0451402996991,623.7700360368195,756.3955486026437,136.46166282592526,892.8572114285688,-619.9338857767184,226.25404309441197,846.1879288711303,892.8572114285688,619.9338857767184,1119.1112545229807,1739.0451402996991,0.2380309178139419,0.2983490256228148,0.4636200565632433,0.0,3,-55,empty
852.4605562722536,110.0,742.0,405.0,1185.3733589042736,1037.0,-221.0,530.0,1774.502465481522,125.0,-1747.0,285.0,0.0,0.0,0.0,0.0,953.0840951645124,1774.502465481522,0.0,1774.502465481522,641.7127141832573,720.794831424751,131.6657248475026,852.4605562722536,-589.1291065772484,332.91280263202,922.0419092092684,852.4605562722536,589.1291065772484,1185.3733589042736,1774.502465481522,0.2236058078707918,0.3109309464186541,0.4654632457105541,0.0,3,-57,empty
843.384846911539,107.0,732.0,405.0,1191.651794778995,1037.0,-228.0,541.0,1782.8387476157232,115.0,-1755.0,292.0,0.0,0.0,0.0,0.0,954.4688473265644,1782.8387476157232,0.0,1782.8387476157232,645.3299307200153,717.2858998741336,126.09894703740542,843.384846911539,-591.1869528367281,348.2669478674561,939.4539007041842,843.384846911539,591.1869528367281,1191.651794778995,1782.8387476157232,0.2209042362340667,0.3121243291797245,0.4669714345862087,0.0,3,-56,empty
903.9076280240143,180.0,757.0,460.0,1144.8785961838923,977.0,-167.0,573.0,1734.4719657578787,52.0,-1717.0,240.0,0.0,0.0,0.0,0.0,945.8145474914464,1734.4719657578787,0.0,1734.4719657578787,624.0850036281521,746.7504987990004,157.15712922501405,903.9076280240143,-589.5933695739864,240.97096815987788,830.5643377338642,903.9076280240143,589.5933695739864,1144.8785961838923,1734.4719657578787,0.2389230611913878,0.3026170931765686,0.4584598456320436,0.0,3,-50,empty
888.2077459693762,172.0,745.0,452.0,1140.4073833503537,977.0,-180.0,560.0,1735.4290535772411,60.0,-1717.0,245.0,0.0,0.0,0.0,0.0,941.0110457242428,1735.4290535772411,0.0,1735.4290535772411,624.3294097069007,741.614708098132,146.59303787124418,888.2077459693762,-595.0216702268879,252.1996373809773,847.2213076078651,888.2077459693762,595.0216702268879,1140.4073833503537,1735.4290535772411,0.2359716578262301,0.3029739630932405,0.4610543790805293,0.0,3,-52,empty
3374.269254223794,2012.0,1555.0,-2218.0,3624.5754234116857,483.0,-3427.0,-1077.0,5632.931208527227,-185.0,1565.0,-5408.0,0.0,0.0,0.0,0.0,3157.943971540677,5632.931208527227,0.0,5632.931208527227,2022.5425514954927,2691.312519669668,682.9567345541263,3374.269254223794,-2008.355785115541,250.3061691878916,2258.6619543034326,3374.269254223794,2008.355785115541,3624.5754234116857,5632.931208527227,0.2671254845425248,0.286941080658514,0.4459334347989611,0.0,3,-26,scissors
2764.6498874179347,797.0,1352.0,-2276.0,4755.858807828508,-1078.0,-4355.0,-1578.0,2677.568113045866,1041.0,-741.0,-2353.0,0.0,0.0,0.0,0.0,2549.5192020730774,4755.858807828508,0.0,4755.858807828508,1690.462980446676,343.1795963176464,2421.4702911002883,2764.6498874179347,2078.2906947826423,1991.2089204105737,87.0817743720686,2764.6498874179347,2078.2906947826423,4755.858807828508,2677.568113045866,0.2710952211273726,0.4663485966257286,0.2625561822468986,0.0,2,-26,scissors
9087.067348710474,-400.0,452.0,-9067.0,2479.826203587663,468.0,-2433.0,105.0,3065.810496426679,-932.0,-1773.0,-2321.0,0.0,0.0,0.0,0.0,3658.176012181204,9087.067348710474,0.0,9087.067348710474,3338.956351002814,4836.525820774745,4250.541527935729,9087.067348710474,-585.9842928390162,6607.241145122811,6021.256852283796,9087.067348710474,585.9842928390162,2479.826203587663,3065.810496426679,0.6210108069193389,0.1694714931245924,0.2095176999560687,0.0,1,-26,scissors
5159.001647605862,1523.0,-635.0,-4888.0,3385.6717206486514,738.0,-3015.0,1352.0,4185.5399890575645,-1495.0,-2118.0,-3286.0,0.0,0.0,0.0,0.0,3182.55333932802,5159.001647605862,0.0,5159.001647605862,1941.7925332877533,2979.434958007388,2179.566689598474,5159.001647605862,-799.8682684089131,1773.3299269572103,973.4616585482972,5159.001647605862,799.8682684089131,3385.6717206486514,4185.5399890575645,0.4052564951429188,0.265955614852595,0.3287878900044862,0.0,1,-27,scissors
3387.586751656701,3280.0,412.0,-740.0,3674.589773022289,1931.0,-2932.0,1085.0,4963.938154328678,-4512.0,-1967.0,-643.0,0.0,0.0,0.0,0.0,3006.528669751917,4963.938154328678,0.0,4963.938154328678,1834.5420022337369,2338.467566481545,1049.119185175156,3387.586751656701,-1289.348381306389,287.0030213655882,1576.3514026719772,3387.586751656701,1289.348381306389,3674.589773022289,4963.938154328678,0.2816858845999485,0.305550867516382,0.4127632478836694,0.0,3,-27,scissors
2619.494798620528,950.0,457.0,2398.0,2937.530936007313,2440.0,-1572.0,452.0,6940.472102097954,-2442.0,-2450.0,6017.0,0.0,0.0,0.0,0.0,3124.374459181449,6940.472102097954,0.0,6940.472102097954,2480.631520160668,3311.2179823555844,-691.7231837350564,2619.494798620528,-4002.941166090641,318.03613738678496,4320.977303477426,2619.494798620528,4002.941166090641,2937.530936007313,6940.472102097954,0.209601540471785,0.2350495254638038,0.5553489340644111,0.0,3,-27,scissors
15273.23390772236,4407.0,-325.0,14620.0,2359.306889745376,1783.0,-1526.0,242.0,3510.408808101985,-1591.0,-2140.0,2283.0,0.0,0.0,0.0,0.0,5285.73740139243,15273.23390772236,0.0,15273.23390772236,5903.492472555648,8212.167913039484,7061.065994682876,15273.23390772236,-1151.101918356609,12913.927017976985,11762.825099620371,15273.23390772236,1151.101918356609,2359.306889745376,3510.408808101985,0.7223795256882657,0.1115883513776081,0.1660321229341261,0.0,1,-27,scissors
18651.139831120243,-311.0,-10390.0,-15486.0,2117.8557552392467,710.0,-1962.0,363.0,2906.213515900028,-1140.0,-1806.0,-1971.0,0.0,0.0,0.0,0.0,5918.802275564879,18651.139831120243,0.0,18651.139831120243,7427.441105304573,9719.748795890511,8931.39103522973,18651.139831120243,-788.357760660781,16533.284075880998,15744.926315220217,18651.139831120243,788.357760660781,2117.8557552392467,2906.213515900028,0.7877919789667334,0.0894545744492335,0.1227534465840331,0.0,1,-27,scissors
4717.716608699594,1835.0,955.0,-4240.0,4263.091483888189,877.0,-4148.0,-446.0,5261.543214685213,-1292.0,-802.0,-5037.0,0.0,0.0,0.0,0.0,3560.587826818249,5261.543214685213,0.0,5261.543214685213,2085.874715200724,2858.0841697483093,1859.6324389512856,4717.716608699594,-998.4517307970236,454.6251248114049,543.8266059856187,4717.716608699594,998.4517307970236,4263.091483888189,5261.543214685213,0.3312456284019933,0.2993249774502612,0.3694293941477454,0.0,3,-27,scissors
3031.903692401854,2996.0,370.0,282.0,4411.837825668573,3292.0,-2907.0,420.0,18449.97441732644,-11676.0,-7552.0,12126.0,0.0,0.0,0.0,0.0,6473.428983849216,18449.97441732644,0.0,18449.97441732644,7096.428287600807,8535.02014202986,-5503.116449628005,3031.903692401854,-14038.136591657863,1379.9341332667182,15418.070724924582,3031.903692401854,14038.136591657863,4411.837825668573,18449.97441732644,0.1170903280149615,0.1703825683681639,0.7125271036168745,0.0,3,-27,scissors
11339.916886820643,1991.0,-647.0,11145.0,2347.7156982905744,1815.0,-1470.0,238.0,4095.850339062696,-1685.0,-2293.0,2946.0,0.0,0.0,0.0,0.0,4445.870731043478,11339.916886820643,0.0,11339.916886820643,4237.287097052892,6544.025763796382,4795.891123024261,11339.916886820643,-1748.1346407721212,8992.201188530069,7244.066547757948,11339.916886820643,1748.1346407721212,2347.7156982905744,4095.850339062696,0.6376656887276996,0.1320166419762022,0.2303176692960981,0.0,1,-27,scissors
40198.1958052846,3376.0,-27787.0,28851.0,2026.3647253147687,1573.0,-1256.0,233.0,3178.092195012599,-1150.0,-2247.0,1931.0,0.0,0.0,0.0,0.0,11350.663181402992,40198.1958052846,0.0,40198.1958052846,16693.94464595898,20674.96163749121,19523.234167793384,40198.1958052846,-1151.7274696978295,38171.83107996982,37020.103610272,40198.1958052846,1151.7274696978295,2026.3647253147687,3178.092195012599,0.8853710827915678,0.0446309764665288,0.0699979407419032,0.0,1,-27,scissors
2596.0880185386627,2310.0,857.0,-818.0,6314.557625043895,2437.0,-5738.0,1005.0,24271.542946421843,-23838.0,4567.0,8.0,0.0,0.0,0.0,0.0,8295.5471475011,24271.542946421843,0.0,24271.542946421843,9492.848599002637,10276.536669958306,-7680.448651419642,2596.0880185386627,-17956.98532137795,3718.4696065052326,21675.45492788318,2596.0880185386627,17956.98532137795,6314.557625043895,24271.542946421843,0.0782373956888634,0.1902996123331676,0.731462991977969,0.0,3,-27,scissors
1857.948599934885,1368.0,982.0,-785.0,5891.726826661264,1300.0,-5642.0,1091.0,171.665372163404,86.0,13.0,148.0,0.0,0.0,0.0,0.0,1980.335199689888,5891.726826661264,0.0,5891.726826661264,2372.075936151541,-1931.0564272814872,3789.0050272163726,1857.948599934885,5720.06145449786,4033.7782267263774,1686.283227771481,1857.948599934885,5720.06145449786,5891.726826661264,171.665372163404,0.2345497621091913,0.7437789859494345,0.0216712519413741,0.0,2,-27,scissors
6061.397198666327,4170.0,900.0,-4306.0,2445.1801569618547,591.0,-2360.0,245.0,4762.270361917727,-1575.0,-1565.0,-4213.0,0.0,0.0,0.0,0.0,3317.211929386477,6061.397198666327,0.0,6061.397198666327,2312.092183615533,4189.2437018111,1872.1534968552276,6061.397198666327,-2317.0902049558727,3616.2170417044726,1299.1268367486,6061.397198666327,2317.0902049558727,2445.1801569618547,4762.270361917727,0.4568141354618991,0.1842797663378485,0.3589060982002524,0.0,1,-28,scissors
6494.88721996002,5946.0,262.0,2600.0,2597.004043123537,1266.0,-2265.0,107.0,4064.805038375149,-2836.0,-1120.0,-2688.0,0.0,0.0,0.0,0.0,3289.174075364677,6494.88721996002,0.0,6494.88721996002,2354.5681986192126,3981.344107605816,2513.543112354205,6494.88721996002,-1467.8009952516118,3897.8831768364826,2430.082181584871,6494.88721996002,1467.8009952516118,2597.004043123537,4064.805038375149,0.4936563914787574,0.1973902857996048,0.3089533227216377,0.0,1,-26,scissors
2473.6721690636373,2191.0,962.0,-627.0,3636.157862359664,1386.0,-3338.0,398.0,4695.205852782176,-1417.0,-1938.0,-4035.0,0.0,0.0,0.0,0.0,2701.2589710513694,4695.205852782176,0.0,4695.205852782176,1746.3143964688882,1766.3600797430745,707.3120893205628,2473.6721690636373,-1059.0479904225117,1162.4856932960265,2221.533683718538,2473.6721690636373,1059.0479904225117,3636.157862359664,4695.205852782176,0.2289369693514472,0.3365243670939497,0.4345386635546029,0.0,3,-26,scissors
2889.5181259165,797.0,1325.0,-2441.0,2526.946180669466,291.0,-2510.0,26.0,4260.627301231592,-3890.0,-1357.0,-1086.0,0.0,0.0,0.0,0.0,2419.272901954389,4260.627301231592,0.0,4260.627301231592,1539.171165227957,2311.5996232393136,577.9185026771866,2889.5181259165,-1733.6811205621266,362.5719452470339,1371.109175315093,2889.5181259165,1733.6811205621266,2526.946180669466,4260.627301231592,0.298593652206643,0.2611266156277877,0.4402797321655692,0.0,3,-28,scissors
3786.132195262072,3598.0,957.0,-688.0,2694.9235610681058,1896.0,-1911.0,-126.0,4921.648199536411,-1451.0,-3112.0,3526.0,0.0,0.0,0.0,0.0,2850.6759889666478,4921.648199536411,0.0,4921.648199536411,1824.459962818868,3006.4284168651884,779.7037783968835,3786.132195262072,-2226.7246384683053,1091.2086341939666,1135.516004274339,3786.132195262072,2226.7246384683053,2694.9235610681058,4921.648199536411,0.3320381034109143,0.2363407461509681,0.4316211504381175,0.0,3,-27,scissors
0.0,0.0,0.0,0.0,1803.913800601348,1540.0,-856.0,387.0,3815.3655132896506,197.0,-2482.0,2891.0,0.0,0.0,0.0,0.0,1404.8198284727496,3815.3655132896506,0.0,3815.3655132896506,1574.566924436619,1005.7258563441512,-1005.7258563441512,0.0,-2011.451712688303,1803.913800601348,3815.3655132896506,0.0,2011.451712688303,1803.913800601348,3815.3655132896506,0.0,0.3210222699096,0.6789777300904001,0.0,3,-26,scissors
0.0,0.0,0.0,0.0,1607.8224404454616,-431.0,-1546.0,96.0,6514.525078622386,-6038.0,-2307.0,-812.0,0.0,0.0,0.0,0.0,2030.5868797669616,6514.525078622386,0.0,6514.525078622386,2670.7207685788258,2453.3513190884623,-2453.3513190884623,0.0,-4906.702638176925,1607.8224404454616,6514.525078622386,0.0,4906.702638176925,1607.8224404454616,6514.525078622386,0.0,0.1979504615717281,0.8020495384282719,0.0,3,-28,scissors
0.0,0.0,0.0,0.0,5606.800602839377,-641.0,-5286.0,-1756.0,11463.796709642054,10355.0,-3897.0,3001.0,0.0,0.0,0.0,0.0,4267.6493281203575,11463.796709642054,0.0,11463.796709642054,4743.5093772642485,2928.498053401339,-2928.498053401339,0.0,-5856.996106802678,5606.800602839377,11463.796709642054,0.0,5856.996106802678,5606.800602839377,11463.796709642054,0.0,0.328447827583624,0.671552172416376,0.0,3,-28,scissors
2134.97377033068,1348.0,1240.0,-1097.0,2906.4435311906545,1738.0,-2293.0,-411.0,6051.8021282920345,-4310.0,415.0,-4228.0,0.0,0.0,0.0,0.0,2773.3048574533423,6051.8021282920345,0.0,6051.8021282920345,2171.690394053834,2640.16618371603,-505.19241338534994,2134.97377033068,-3145.35859710138,771.4697608599745,3916.8283579613535,2134.97377033068,3145.35859710138,2906.4435311906545,6051.8021282920345,0.1924575443439685,0.2620018065611771,0.5455406490948542,0.0,3,-26,scissors
979.0694561674366,-742.0,627.0,-122.0,831.2719170042977,-10.0,-753.0,352.0,2651.301944328484,-503.0,-1472.0,-2147.0,0.0,0.0,0.0,0.0,1115.4108293750546,2651.301944328484,0.0,2651.301944328484,962.0845501892506,1399.5497417458112,-420.4802855783748,979.0694561674366,-1820.030027324186,147.79753916313882,1672.2324881610473,979.0694561674366,1820.030027324186,831.2719170042977,2651.301944328484,0.219441444888067,0.1863151887878937,0.5942433663240392,0.0,3,-27,scissors
1776.234500284239,400.0,1200.0,-1247.0,3823.563913418998,-1860.0,-3320.0,-371.0,2471.756055924613,13.0,-503.0,-2420.0,0.0,0.0,0.0,0.0,2017.8886174069623,3823.563913418998,0.0,3823.563913418998,1378.1083149518463,212.21332139492688,1564.0211788893116,1776.234500284239,1351.8078574943847,2047.3294131347589,695.5215556403741,1776.234500284239,1351.8078574943847,3823.563913418998,2471.756055924613,0.2200610188493388,0.4737084941700565,0.3062304869806047,0.0,2,-26,scissors
2969.533465041268,1916.0,-57.0,2268.0,3141.3770865656998,2500.0,-1885.0,255.0,10383.91034244807,-9701.0,-2148.0,3017.0,0.0,0.0,0.0,0.0,4123.70522351376,10383.91034244807,0.0,10383.91034244807,3824.009476918871,5106.03336046182,-2136.499895420552,2969.533465041268,-7242.533255882372,171.84362152443146,7414.376877406803,2969.533465041268,7242.533255882372,3141.3770865656998,10383.91034244807,0.1800282333536297,0.1904462683615979,0.6295254982847722,0.0,3,-27,scissors
2287.2791696686263,555.0,1350.0,-1761.0,4465.981303140442,-1781.0,-4072.0,-438.0,0.0,0.0,0.0,0.0,0.0,0.0,0.0,0.0,1688.315118202267,4465.981303140442,0.0,4465.981303140442,1855.734574676472,-1089.3510667359078,3376.630236404534,2287.2791696686263,4465.981303140442,2178.702133471816,2287.2791696686263,2287.2791696686263,4465.981303140442,4465.981303140442,0.0,0.3386925735913775,0.6613074264086225,0.0,0.0,2,-28,scissors
2709.7396553912704,370.0,-475.0,2642.0,2283.8285837601734,2058.0,-965.0,222.0,9422.415719973302,65.0,-5253.0,7822.0,0.0,0.0,0.0,0.0,3603.9959897811855,9422.415719973302,0.0,9422.415719973302,3513.734894046665,4924.163395802199,-2214.423740410929,2709.7396553912704,-7138.587136213128,425.911071631097,6712.676064582031,2709.7396553912704,7138.587136213128,2283.8285837601734,9422.415719973302,0.1879677213206187,0.1584233577281834,0.6536089209511978,0.0,3,-27,scissors
2492.5252255493824,2333.0,857.0,-188.0,3167.529163243805,1946.0,-2490.0,-215.0,5815.176523545953,-3578.0,-2945.0,3513.0,0.0,0.0,0.0,0.0,2868.807728084785,5815.176523545953,0.0,5815.176523545953,2070.143103575454,2570.086292925765,-77.56106737638311,2492.5252255493824,-2647.647360302148,675.0039376944228,3322.651297996571,2492.5252255493824,2647.647360302148,3167.529163243805,5815.176523545953,0.2172091563638347,0.2760318452361433,0.506758998400022,0.0,3,-28,scissors
3345.3874215104,2833.0,332.0,1748.0,4351.02114451309,2450.0,-3577.0,366.0,345.9393010341554,267.0,36.0,-217.0,0.0,0.0,0.0,0.0,2010.5869667644115,4351.02114451309,0.0,4351.02114451309,1875.6889531788272,-329.8472109842673,3675.234632494667,3345.3874215104,4005.0818434789344,1005.6337230026902,2999.448120476244,3345.3874215104,4005.0818434789344,4351.02114451309,345.9393010341554,0.4159714895215463,0.5410137955279649,0.0430147149504887,0.0,2,-27,scissors
3330.4049303350484,2867.0,952.0,-1402.0,3288.9784128206134,913.0,-3157.0,131.0,4567.657714846856,-1562.0,-1327.0,-4082.0,0.0,0.0,0.0,0.0,2796.760264500629,4567.657714846856,0.0,4567.657714846856,1694.4764008124662,2304.5421161806453,1025.8628141544027,3330.4049303350484,-1278.6793020262426,41.42651751443509,1237.2527845118077,3330.4049303350484,1278.6793020262426,3288.9784128206134,4567.657714846856,0.2977020387310264,0.2939989578806347,0.4082990033883389,0.0,3,-29,scissors
6329.116447024813,651.0,2525.0,-5767.0,2096.3911848698467,158.0,-2086.0,-136.0,5757.500933564839,-4468.0,153.0,-3628.0,0.0,0.0,0.0,0.0,3545.7521413648747,6329.116447024813,0.0,6329.116447024813,2613.0420494141317,4995.113097859903,1334.00334916491,6329.116447024813,-3661.109748694993,4232.725262154967,571.615513459974,6329.116447024813,3661.109748694993,2096.3911848698467,5757.500933564839,0.4462463953126551,0.1478100485658085,0.4059435561215364,0.0,1,-27,scissors
8957.449748672889,4580.0,-2875.0,7141.0,2136.9663076426823,1530.0,-1490.0,75.0,2884.2600437547235,-1946.0,-2022.0,666.0,0.0,0.0,0.0,0.0,3494.6690250175734,8957.449748672889,0.0,8957.449748672889,3326.809305563323,4852.371742392465,4105.078006280424,8957.449748672889,-747.2937361120412,6820.483441030206,6073.189704918165,8957.449748672889,747.2937361120412,2136.9663076426823,2884.2600437547235,0.6407938551940441,0.1528732973240532,0.2063328474819027,0.0,1,-27,scissors
1916.2698139875813,16.0,1147.0,-1535.0,1906.2940486714008,-1497.0,-1158.0,228.0,3846.767604106076,-2358.0,-1441.0,-2676.0,0.0,0.0,0.0,0.0,1917.3328666912644,3846.767604106076,0.0,3846.767604106076,1360.0557629396883,1928.3716847111289,-12.10187072354688,1916.2698139875813,-1940.4735554346755,9.975765316180969,1930.4977901184943,1916.2698139875813,1940.4735554346755,1906.2940486714008,3846.767604106076,0.2498613891304229,0.2485606544628172,0.5015779564067598,0.0,3,-27,scissors
27933.93429146707,3256.0,14307.0,-23770.0,2046.6098797767984,700.0,-1916.0,-166.0,4415.706738450823,-3036.0,-403.0,-3181.0,0.0,0.0,0.0,0.0,8599.062727423672,27933.93429146707,0.0,27933.93429146707,11271.825981615972,15151.515575070547,12782.418716396523,27933.93429146707,-2369.0968586740246,25887.32441169027,23518.227553016248,27933.93429146707,2369.0968586740246,2046.6098797767984,4415.706738450823,0.8121214827978187,0.0595009579721362,0.1283775592300451,0.0,1,-27,scissors
20225.372406954582,7360.0,-11220.0,15133.0,2072.533232544173,1596.0,-1317.0,117.0,3429.286223108243,-276.0,-2422.0,2412.0,0.0,0.0,0.0,0.0,6431.797965651751,20225.372406954582,0.0,20225.372406954582,8056.813680298061,10791.062698759328,9434.309708195258,20225.372406954582,-1356.75299056407,18152.83917441041,16796.086183846342,20225.372406954582,1356.75299056407,2072.533232544173,3429.286223108243,0.7861476882112036,0.0805580820329047,0.1332942297558916,0.0,1,-27,scissors
3419.458582875365,2378.0,1737.0,-1738.0,1380.943880105198,1126.0,-623.0,501.0,2053.026059259843,28.0,-2006.0,436.0,0.0,0.0,0.0,0.0,1713.3571305601015,3419.458582875365,0.0,3419.458582875365,1232.096624927954,2045.770381015005,1373.6882018603603,3419.458582875365,-672.0821791546448,2038.514702770167,1366.4325236155223,3419.458582875365,672.0821791546448,1380.943880105198,2053.026059259843,0.4989413067895444,0.2014967947245422,0.2995618984859132,0.0,1,-26,scissors
2402.019775105942,385.0,-1807.0,1535.0,1318.9783925447755,1068.0,-618.0,466.0,2050.321438214018,177.0,-1955.0,592.0,0.0,0.0,0.0,0.0,1442.829901466184,2402.019775105942,0.0,2402.019775105942,920.079956001152,1566.6814103875922,835.3383647183496,2402.019775105942,-731.3430456692427,1083.0413825611663,351.69833689192365,2402.019775105942,731.3430456692427,1318.9783925447755,2050.321438214018,0.4161994031079205,0.2285401749721931,0.3552604219198864,0.0,1,-28,scissors
0.0,0.0,0.0,0.0,2266.721641490194,2053.0,267.0,923.0,1372.558559770766,-612.0,-1142.0,-453.0,0.0,0.0,0.0,0.0,909.82005031524,2266.721641490194,0.0,2266.721641490194,963.1788390763028,-447.081540859714,447.081540859714,0.0,894.163081719428,2266.721641490194,1372.558559770766,0.0,894.163081719428,2266.721641490194,1372.558559770766,0.0,0.622848892125648,0.3771511078743521,0.0,2,-28,scissors
0.0,0.0,0.0,0.0,2697.827644605933,-1032.0,1335.0,2105.0,2786.0131011895837,-187.0,-2630.0,900.0,0.0,0.0,0.0,0.0,1370.960186448879,2786.0131011895837,0.0,2786.0131011895837,1371.3146674531174,44.09272829182487,-44.09272829182487,0.0,-88.18545658364974,2697.827644605933,2786.0131011895837,0.0,88.18545658364974,2697.827644605933,2786.0131011895837,0.0,0.4919595169999,0.5080404830001001,0.0,3,-28,scissors
4407.574162733964,2366.0,1855.0,-3223.0,3427.5254922465565,325.0,-3265.0,-991.0,4332.712083672304,-265.0,288.0,-4315.0,0.0,0.0,0.0,0.0,3041.952934663206,4407.574162733964,0.0,4407.574162733964,1798.1326684352043,2656.3803770798554,1751.193785654108,4407.574162733964,-905.1865914257478,980.0486704874074,74.86207906165964,4407.574162733964,905.1865914257478,3427.5254922465565,4332.712083672304,0.3622322778657614,0.281687912819897,0.3560798093143415,0.0,1,-26,scissors
4366.515544458762,1847.0,2032.0,-3395.0,3078.249827418171,377.0,-3002.0,-567.0,3294.361546642991,-407.0,200.0,-3263.0,0.0,0.0,0.0,0.0,2684.781729629981,4366.515544458762,0.0,4366.515544458762,1625.014327396853,2291.313631841791,2075.2019126169707,4366.515544458762,-216.1117192248198,1288.2657170405903,1072.1539978157707,4366.515544458762,216.1117192248198,3078.249827418171,3294.361546642991,0.4065987465823301,0.2866387417500061,0.3067625116676638,0.0,1,-28,scissors
5958.960312000743,1380.0,1942.0,-5462.0,2550.89964522323,138.0,-2546.0,77.0,2595.4716334415984,-390.0,-258.0,-2553.0,0.0,0.0,0.0,0.0,2776.332897666393,5958.960312000743,0.0,5958.960312000743,2116.6407681359938,3001.7661501095563,2957.194161891187,5958.960312000743,-44.57198821836846,3408.060666777513,3363.488678559145,5958.960312000743,44.57198821836846,2550.89964522323,2595.4716334415984,0.5365855367172884,0.229700448329463,0.2337140149532487,0.0,1,-29,scissors
4814.493639002963,1032.0,2135.0,-4190.0,2320.726179453319,65.0,-2316.0,133.0,2669.742122378115,-325.0,-673.0,-2563.0,0.0,0.0,0.0,0.0,2451.2404852085992,4814.493639002963,0.0,4814.493639002963,1707.214275852422,2581.75479096388,2232.738848039084,4814.493639002963,-349.0159429247956,2493.767459549644,2144.7515166248486,4814.493639002963,349.0159429247956,2320.726179453319,2669.742122378115,0.491026244472424,0.2366889533541449,0.2722848021734311,0.0,1,-29,scissors
4856.869876782783,1316.0,1360.0,-4473.0,1978.5492159660823,96.0,-1840.0,721.0,3279.152024533172,-561.0,-1281.0,-2966.0,0.0,0.0,0.0,0.0,2528.6427793205094,4856.869876782783,0.0,4856.869876782783,1780.4874879061215,3078.736342674936,1778.1335341078468,4856.869876782783,-1300.6028085670891,2878.3206608167,1577.717852249611,4856.869876782783,1300.6028085670891,1978.5492159660823,3279.152024533172,0.4801854493349896,0.1956137529732208,0.3242007976917895,0.0,1,-31,scissors
5141.967036067034,1460.0,800.0,-4865.0,2085.7638888426463,365.0,-1855.0,881.0,3375.06503641041,-438.0,-1642.0,-2916.0,0.0,0.0,0.0,0.0,2650.6989903300228,5141.967036067034,0.0,5141.967036067034,1875.931731877096,3215.634091817399,1926.3329442496356,5141.967036067034,-1289.3011475677636,3056.203147224388,1766.9019996566244,5141.967036067034,1289.3011475677636,2085.7638888426463,3375.06503641041,0.4849633110761889,0.1967182898220141,0.318318399101797,0.0,1,-27,scissors
4734.863461600556,1478.0,972.0,-4392.0,2214.804280292053,347.0,-2007.0,870.0,3349.9591042279903,-480.0,-1605.0,-2901.0,0.0,0.0,0.0,0.0,2574.9067115301496,4734.863461600556,0.0,4734.863461600556,1733.9216899609362,2935.0091427682464,1799.854318832309,4734.863461600556,-1135.1548239359372,2520.0591813085025,1384.9043573725653,4734.863461600556,1135.1548239359372,2214.804280292053,3349.9591042279903,0.4597121364046275,0.2150373322627964,0.3252505313325762,0.0,1,-26,scissors
5149.260335232624,1447.0,727.0,-4888.0,2088.9494967566834,458.0,-1811.0,935.0,3244.20591208388,-578.0,-1768.0,-2658.0,0.0,0.0,0.0,0.0,2620.6039360182967,5149.260335232624,0.0,5149.260335232624,1866.3603645934536,3152.2583752799105,1997.0019599527136,5149.260335232624,-1155.2564153271965,3060.3108384759407,1905.0544231487445,5149.260335232624,1155.2564153271965,2088.9494967566834,3244.20591208388,0.4912284020164,0.1992813057369706,0.3094902922466294,0.0,1,-27,scissors
3546.64827689468,552.0,1757.0,-3031.0,2725.4550078840048,-385.0,-2698.0,26.0,2049.7163218357805,86.0,-846.0,-1865.0,0.0,0.0,0.0,0.0,2080.454901653616,3546.64827689468,0.0,3546.64827689468,1312.9152303882545,1435.454795423228,2111.1934814714523,3546.64827689468,675.7386860482243,821.1932690106751,1496.9319550588991,3546.64827689468,675.7386860482243,2725.4550078840048,2049.7163218357805,0.4261866327979139,0.3275071002161259,0.2463062669859602,0.0,1,-28,scissors
3304.887592642146,607.0,1572.0,-2843.0,2647.2672702241457,-370.0,-2620.0,82.0,2074.6693712493084,-125.0,-842.0,-1892.0,0.0,0.0,0.0,0.0,2006.7060585289,3304.887592642146,0.0,3304.887592642146,1237.6471810105686,1366.1448468336546,1938.7427458084917,3304.887592642146,572.5978989748373,657.6203224180003,1230.2182213928377,3304.887592642146,572.5978989748373,2647.2672702241457,2074.6693712493084,0.4117304049832954,0.3298025711056102,0.2584670239110943,0.0,1,-28,scissors
3865.115392844048,602.0,1237.0,-3612.0,2444.440631310157,-75.0,-2303.0,816.0,2713.5502575039955,211.0,-1335.0,-2353.0,0.0,0.0,0.0,0.0,2255.7765704145504,3865.115392844048,0.0,3865.115392844048,1407.448956221422,2067.112509518943,1798.002883325105,3865.115392844048,-269.10962619383827,1420.674761533891,1151.5651353400526,3865.115392844048,269.10962619383827,2444.440631310157,2713.5502575039955,0.4283575159367118,0.270908992425271,0.300733491638017,0.0,1,-27,scissors
3292.157043641752,607.0,1307.0,-2960.0,2650.0190565352545,-220.0,-2500.0,851.0,2728.583148815517,431.0,-1418.0,-2291.0,0.0,0.0,0.0,0.0,2167.6898122481307,3292.157043641752,0.0,3292.157043641752,1275.788825737106,1685.360567961007,1606.7964756807448,3292.157043641752,-78.56409228026223,642.1379871064973,563.5738948262351,3292.157043641752,78.56409228026223,2650.0190565352545,2728.583148815517,0.379684979031597,0.3056271060510839,0.3146879149173191,0.0,1,-26,scissors
3177.23307297403,625.0,1197.0,-2876.0,2631.465181225091,-251.0,-2438.0,958.0,2951.521133246381,192.0,-967.0,-2782.0,0.0,0.0,0.0,0.0,2190.054846861376,3177.23307297403,0.0,3177.23307297403,1279.2121668194832,1748.64451249766,1428.58856047637,3177.23307297403,-320.05595202129007,545.7678917489393,225.7119397276492,3177.23307297403,320.05595202129007,2631.465181225091,2951.521133246381,0.3626887561203553,0.3003880456460157,0.336923198233629,0.0,1,-27,scissors
6221.28804991378,-2875.0,-112.0,-5516.0,1819.2459976594696,266.0,-1750.0,420.0,2970.311936480746,-720.0,-1847.0,-2212.0,0.0,0.0,0.0,0.0,2752.711496013499,6221.28804991378,0.0,6221.28804991378,2265.3449891164755,3686.176994367528,2535.111055546252,6221.28804991378,-1151.0659388212764,4402.04205225431,3250.976113433034,6221.28804991378,1151.0659388212764,1819.2459976594696,2970.311936480746,0.5650145373864555,0.1652230900599388,0.2697623725536056,0.0,1,-26,scissors
2290.427252719457,488.0,792.0,-2093.0,2581.5255179835044,-1972.0,-1617.0,401.0,5342.992139241831,-1555.0,-512.0,-5086.0,0.0,0.0,0.0,0.0,2553.736227486198,5342.992139241831,0.0,5342.992139241831,1895.4960512817115,2525.946936988892,-235.51968426943492,2290.427252719457,-2761.4666212583265,291.0982652640473,3052.564886522374,2290.427252719457,2761.4666212583265,2581.5255179835044,5342.992139241831,0.2242231625243132,0.2527204542699248,0.523056383205762,0.0,3,-26,scissors
2743.44928876041,491.0,1037.0,-2492.0,2442.376301883065,-2115.0,-1141.0,436.0,5787.797767717873,-1337.0,-1195.0,-5503.0,0.0,0.0,0.0,0.0,2743.405839590337,5787.797767717873,0.0,5787.797767717873,2054.5812588704384,3044.435377297609,-300.98608853719907,2743.44928876041,-3345.421465834808,301.07298687734465,3044.348478957463,2743.44928876041,3345.421465834808,2442.376301883065,5787.797767717873,0.2500039594187493,0.2225678996010099,0.5274281409802408,0.0,3,-27,scissors
3258.435514169338,2963.0,532.0,1247.0,1380.4890437812246,-283.0,-1310.0,331.0,3219.9270178064594,-585.0,-2132.0,-2341.0,0.0,0.0,0.0,0.0,1964.7128939392555,3258.435514169338,0.0,3258.435514169338,1364.7980599300524,2548.9367440972865,709.4987700720515,3258.435514169338,-1839.4379740252348,1877.9464703881133,38.50849636287876,3258.435514169338,1839.4379740252348,1380.4890437812246,3219.9270178064594,0.4146198058022824,0.175660404128226,0.4097197900694915,0.0,1,-26,scissors
2024.7812227497568,785.0,1017.0,-1565.0,5670.26163417527,-1283.0,-5473.0,-743.0,2718.485056056038,306.0,-1626.0,-2157.0,0.0,0.0,0.0,0.0,2603.3819782452665,5670.26163417527,0.0,5670.26163417527,2032.9397495616452,-463.4976776847375,2488.2789004344945,2024.7812227497568,2951.776578119232,3645.480411425513,693.7038333062812,2024.7812227497568,2951.776578119232,5670.26163417527,2718.485056056038,0.1944375853860006,0.5445091885821864,0.2610532260318128,0.0,2,-27,scissors
6270.325669373163,-162.0,-1012.0,-6186.0,506.9250437688002,-342.0,-140.0,347.0,3761.471121782008,-120.0,-2323.0,-2956.0,0.0,0.0,0.0,0.0,2634.680458730993,6270.325669373163,0.0,6270.325669373163,2547.374016586697,4762.435873693185,1507.8897956799776,6270.325669373163,-3254.546078013208,5763.400625604362,2508.854547591154,6270.325669373163,3254.546078013208,506.9250437688002,3761.471121782008,0.5949797107837221,0.0481011883328124,0.3569191008834653,0.0,1,-26,scissors
3267.5099081716644,1786.0,1357.0,-2376.0,4145.945248070698,1391.0,-3866.0,-555.0,6279.5822313271765,-5856.0,-1476.0,-1721.0,0.0,0.0,0.0,0.0,3423.2593468923847,6279.5822313271765,0.0,6279.5822313271765,2259.635909591172,2700.573445714071,566.9364624575928,3267.5099081716644,-2133.6369832564787,878.4353398990334,3012.072323155512,3267.5099081716644,2133.6369832564787,4145.945248070698,6279.5822313271765,0.2386256471583062,0.3027776183415933,0.4585967345001004,0.0,3,-26,scissors
2338.192891957377,565.0,-385.0,2236.0,2912.0166551721504,2536.0,-1431.0,28.0,8974.295404097193,-3952.0,-4643.0,6585.0,0.0,0.0,0.0,0.0,3556.12623780668,8974.295404097193,0.0,8974.295404097193,3312.885061511025,4200.235820441209,-1862.0429284838328,2338.192891957377,-6062.278748925042,573.8237632147739,6636.102512139816,2338.192891957377,6062.278748925042,2912.0166551721504,8974.295404097193,0.1643778043576645,0.2047183128802678,0.6309038827620677,0.0,3,-26,scissors
7142.321961379226,2677.0,-297.0,-6615.0,3085.0951362964483,230.0,-3076.0,-56.0,3599.610256680576,413.0,-1720.0,-3135.0,0.0,0.0,0.0,0.0,3456.7568385890627,7142.321961379226,0.0,7142.321961379226,2534.31931864707,3828.4185408816775,3313.903420497549,7142.321961379226,-514.5151203841274,4057.226825082778,3542.7117046986505,7142.321961379226,514.5151203841274,3085.0951362964483,3599.610256680576,0.5165479013194412,0.2231206359279009,0.2603314627526579,0.0,1,-26,scissors
2547.1327016863493,46.0,885.0,-2388.0,3950.932168488849,-3915.0,516.0,128.0,7792.946875219925,252.0,-1026.0,-7721.0,0.0,0.0,0.0,0.0,3572.752936348781,7792.946875219925,0.0,7792.946875219925,2818.222703373735,3194.573704208713,-647.4410025223638,2547.1327016863493,-3842.014706731076,1403.7994668025,5245.814173533576,2547.1327016863493,3842.014706731076,3950.932168488849,7792.946875219925,0.1782331962960628,0.2764627332814225,0.5453040704225145,0.0,3,-27,scissors
2944.036344884349,107.0,490.0,-2901.0,4006.2961697807614,-3930.0,-778.0,-15.0,9270.74214936431,-3810.0,-1268.0,-8356.0,0.0,0.0,0.0,0.0,4055.268666007356,9270.74214936431,0.0,9270.74214936431,3349.7613044064683,4104.24116223395,-1160.2048173495996,2944.036344884349,-5264.445979583549,1062.2598248964118,6326.705804479961,2944.036344884349,5264.445979583549,4006.2961697807614,9270.74214936431,0.1814945313958028,0.2469809339244833,0.5715245346797139,0.0,3,-26,scissors
2207.1622051856543,557.0,880.0,-1946.0,4969.253465058911,-1040.0,-4702.0,-1226.0,7762.970629855558,-1473.0,172.0,-7620.0,0.0,0.0,0.0,0.0,3734.846575025031,7762.970629855558,0.0,7762.970629855558,2916.866565515776,2500.439684991151,-293.27747980549657,2207.1622051856543,-2793.717164796647,2762.091259873257,5555.808424669904,2207.1622051856543,2793.717164796647,4969.253465058911,7762.970629855558,0.14774115621944,0.3326276839782641,0.519631159802296,0.0,3,-26,scissors
2462.046303382615,2312.0,282.0,798.0,3540.8412842148123,2398.0,-2593.0,252.0,4351.923712566662,-3856.0,-2002.0,-250.0,0.0,0.0,0.0,0.0,2588.702825041022,4351.923712566662,0.0,4351.923712566662,1638.058281510347,1636.5643658672325,825.4819375153825,2462.046303382615,-811.08242835185,1078.794980832197,1889.8774091840476,2462.046303382615,811.08242835185,3540.8412842148123,4351.923712566662,0.2377683409202831,0.341951309548123,0.420280349531594,0.0,3,-26,scissors
25041.04416752624,-3735.0,-6502.0,-23892.0,2204.938547896517,987.0,-1967.0,136.0,2738.10993205167,-2011.0,-1775.0,-550.0,0.0,0.0,0.0,0.0,7496.023161868607,25041.04416752624,0.0,25041.04416752624,10181.495961140943,12787.107775840695,12253.936391685544,25041.04416752624,-533.1713841551532,22836.105619629725,22302.93423547457,25041.04416752624,533.1713841551532,2204.938547896517,2738.10993205167,0.8351443034123448,0.0735369441997185,0.0913187523879366,0.0,1,-26,scissors
16409.50236905434,11068.0,-7070.0,9838.0,2219.0998174935708,1548.0,-1590.0,0.0,3575.412283919157,-2440.0,-2318.0,1207.0,0.0,0.0,0.0,0.0,5551.003617616767,16409.50236905434,0.0,16409.50236905434,6397.757035649725,8882.907417739962,7526.594951314376,16409.50236905434,-1356.312466425586,14190.402551560768,12834.090085135182,16409.50236905434,1356.312466425586,2219.0998174935708,3575.412283919157,0.73903313253917,0.0999413786387652,0.1610254888220646,0.0,1,-26,scissors
3695.118536664284,3171.0,-62.0,1896.0,3737.1685806235714,2277.0,-2910.0,-560.0,4474.794632159112,-3147.0,-947.0,-3037.0,0.0,0.0,0.0,0.0,2976.7704373617416,4474.794632159112,0.0,4474.794632159112,1746.3868452462598,2216.3722940999123,1478.7462425643716,3695.118536664284,-737.6260515355402,42.05004395928745,779.6760954948277,3695.118536664284,737.6260515355402,3737.1685806235714,4474.794632159112,0.3103294841186344,0.3138609996355443,0.3758095162458212,0.0,3,-26,scissors
1811.8082128084088,1706.0,582.0,-183.0,2137.2851938849903,-890.0,-1908.0,-368.0,2065.299978211398,-250.0,-900.0,-1842.0,0.0,0.0,0.0,0.0,1503.5983462261993,2137.2851938849903,0.0,2137.2851938849903,876.4800415444946,869.911498567408,941.8967142410004,1811.8082128084088,71.98521567359239,325.4769810765817,253.49176540298936,1811.8082128084088,71.98521567359239,2137.2851938849903,2065.299978211398,0.3012453786870291,0.3553617226384372,0.3433928986745335,0.0,2,-26,scissors
1989.8587889596588,1513.0,887.0,-940.0,8720.756217209606,2617.0,-7980.0,-2350.0,17211.710519294706,-545.0,6723.0,-15835.0,0.0,0.0,0.0,0.0,6980.5813813659925,17211.710519294706,0.0,17211.710519294706,6733.127807945313,5240.40654552238,-3250.5477565627207,1989.8587889596588,-8490.9543020851,6730.897428249948,15221.851730335047,1989.8587889596588,8490.9543020851,8720.756217209606,17211.710519294706,0.0712640781708884,0.3123219879825786,0.616413933846533,0.0,3,-26,scissors
11173.873679257342,5032.0,2325.0,-9702.0,986.6579954573924,-670.0,-665.0,287.0,2506.684264122628,143.0,-1476.0,-2021.0,0.0,0.0,0.0,0.0,3666.803984709341,11173.873679257342,0.0,11173.873679257342,4425.229009635513,6346.949973961288,4826.9237052960525,11173.873679257342,-1520.026268665235,10187.21568379995,8667.189415134715,11173.873679257342,1520.026268665235,986.6579954573924,2506.684264122628,0.7618264928976747,0.06726961678152,0.1709038903208052,0.0,1,-26,scissors
2225.451190208404,632.0,1072.0,-1845.0,6806.310160432009,-4097.0,-5257.0,-1380.0,3065.852083842272,-366.0,-1682.0,-2537.0,0.0,0.0,0.0,0.0,3024.403358620671,6806.310160432009,0.0,6806.310160432009,2454.0719884233235,-757.503443190667,2982.95463339907,2225.451190208404,3740.458076589737,4580.858970223606,840.4008936338682,2225.451190208404,3740.458076589737,6806.310160432009,3065.852083842272,0.1839578692327068,0.5626159405153004,0.2534261902519927,0.0,2,-26,scissors
8066.837980274551,-1375.0,-2915.0,-7395.0,436.3943171032364,-170.0,-142.0,376.0,3703.366171471571,226.0,-2721.0,-2502.0,0.0,0.0,0.0,0.0,3051.64961721234,8066.837980274551,0.0,8066.837980274551,3229.8983906259004,5666.904917321443,2399.9330629531087,8066.837980274551,-3266.9718543683343,7630.443663171315,4363.47180880298,8066.837980274551,3266.9718543683343,436.3943171032364,3703.366171471571,0.6608587970564221,0.0357506899417469,0.3033905130018309,0.0,1,-27,scissors
2502.5127372303223,1212.0,1245.0,-1801.0,5245.353753561336,318.0,-4936.0,-1746.0,6426.792123602568,1982.0,2218.0,-5697.0,0.0,0.0,0.0,0.0,3543.6646535985565,6426.792123602568,0.0,6426.792123602568,2492.4749894103697,1841.975553635777,660.5371835945452,2502.5127372303223,-1181.4383700412318,2742.8410163310136,3924.279386372245,2502.5127372303223,1181.4383700412318,5245.353753561336,6426.792123602568,0.1765483603738467,0.3700515050312909,0.4534001345948624,0.0,3,-26,scissors
3104.1388499872232,503.0,1715.0,-2538.0,3199.0676766833176,-492.0,-3101.0,-613.0,1906.502819300302,78.0,-363.0,-1870.0,0.0,0.0,0.0,0.0,2052.4273364927108,3199.0676766833176,0.0,3199.0676766833176,1289.828778721206,905.786996302104,2198.35185368512,3104.1388499872232,1292.5648573830156,94.92882669609436,1197.6360306869212,3104.1388499872232,1292.5648573830156,3199.0676766833176,1906.502819300302,0.3781058158302122,0.3896688106569028,0.232225373512885,0.0,2,-27,scissors
3105.968930945704,433.0,1685.0,-2573.0,3353.406327900036,-510.0,-3253.0,-635.0,1761.0814859057489,120.0,-412.0,-1708.0,0.0,0.0,0.0,0.0,2055.114186187872,3353.406327900036,0.0,3353.406327900036,1332.2732196247737,756.8220444757085,2349.146886469995,3105.968930945704,1592.3248419942868,247.4373969543317,1344.887445039955,3105.968930945704,1592.3248419942868,3353.406327900036,1761.0814859057489,0.3778341067153928,0.4079343073048933,0.2142315859797141,0.0,2,-27,scissors
0.0,0.0,0.0,0.0,3400.404828840237,-542.0,-3290.0,-667.0,1776.8213190976744,83.0,-426.0,-1723.0,0.0,0.0,0.0,0.0,1294.3065369844778,3400.404828840237,0.0,3400.404828840237,1415.8857080708349,-811.7917548712812,811.7917548712812,0.0,1623.5835097425625,3400.404828840237,1776.8213190976744,0.0,1623.5835097425625,3400.404828840237,1776.8213190976744,0.0,0.6568005205248022,0.3431994794751978,0.0,2,-27,scissors
3242.8666330886936,402.0,1772.0,-2686.0,3079.009093848214,-458.0,-3007.0,-478.0,2210.44362063365,37.0,-1486.0,-1636.0,0.0,0.0,0.0,0.0,2133.0798368926394,3242.8666330886936,0.0,3242.8666330886936,1292.5192104731252,1187.150579937065,2055.7160531516283,3242.8666330886936,868.565473214564,163.85753924047958,1032.4230124550436,3242.8666330886936,868.565473214564,3079.009093848214,2210.44362063365,0.3800685957695721,0.3608642584064687,0.2590671458239592,0.0,1,-28,scissors
3154.749593866366,293.0,1240.0,-2886.0,2282.610785920368,-408.0,-2158.0,622.0,2303.917099203007,-457.0,-1071.0,-1988.0,0.0,0.0,0.0,0.0,1935.3193697474355,3154.749593866366,0.0,3154.749593866366,1171.4250667799413,1588.0279535745028,1566.7216402918637,3154.749593866366,-21.306313282639167,872.138807945998,850.8324946633588,3154.749593866366,21.306313282639167,2282.610785920368,2303.917099203007,0.4075231255343233,0.2948622875378774,0.2976145869277993,0.0,1,-26,scissors
2736.11202256048,478.0,1335.0,-2340.0,4180.013995191882,-1302.0,-3972.0,23.0,2118.241723694442,1140.0,-1602.0,788.0,0.0,0.0,0.0,0.0,2258.591935361701,4180.013995191882,0.0,4180.013995191882,1503.3981407195786,337.1698755315201,2398.94214702896,2736.11202256048,2061.77227149744,1443.9019726314018,617.870298866038,2736.11202256048,2061.77227149744,4180.013995191882,2118.241723694442,0.3028559497316087,0.462679195137841,0.2344648551305503,0.0,2,-27,scissors
2201.6060047156484,438.0,1360.0,-1675.0,5700.360164059812,-2068.0,-5211.0,-1031.0,1884.1512678126455,400.0,-1651.0,815.0,0.0,0.0,0.0,0.0,2446.5293591470263,5700.360164059812,0.0,5700.360164059812,2058.468932199765,-807.3014457657587,3008.907450481407,2201.6060047156484,3816.208896247166,3498.754159344164,317.45473690300264,2201.6060047156484,3816.208896247166,5700.360164059812,1884.1512678126455,0.2249723671294129,0.5824945593588975,0.1925330735116896,0.0,2,-27,scissors
2013.120463360303,421.0,1177.0,-1578.0,5026.363894506644,-2223.0,-4291.0,1382.0,2699.720170684362,-846.0,-2202.0,1313.0,0.0,0.0,0.0,0.0,2434.801132137827,5026.363894506644,0.0,5026.363894506644,1795.3029540833363,-156.7616302309898,2169.8820935912927,2013.120463360303,2326.643723822282,3013.243431146341,686.5997073240594,2013.120463360303,2326.643723822282,5026.363894506644,2699.720170684362,0.2067027607294485,0.5160959377915753,0.2772013014789762,0.0,2,-28,scissors
1989.2342747901769,428.0,1155.0,-1562.0,4990.142583133272,-2211.0,-4271.0,1331.0,2563.889623209237,-747.0,-2161.0,1160.0,0.0,0.0,0.0,0.0,2385.8166202831712,4990.142583133272,0.0,4990.142583133272,1779.299175063201,-218.5093425669293,2207.743617357106,1989.2342747901769,2426.252959924035,3000.908308343095,574.6553484190599,1989.2342747901769,2426.252959924035,4990.142583133272,2563.889623209237,0.20844375232767,0.5228967034504306,0.2686595442218993,0.0,2,-30,scissors
2205.1789043068597,370.0,1117.0,-1865.0,4576.51778102085,-1931.0,-4085.0,727.0,1585.6156533031578,-1166.0,-1061.0,-170.0,0.0,0.0,0.0,0.0,2091.8280846577168,4576.51778102085,0.0,4576.51778102085,1644.576469562066,-392.8616117054162,2598.0405160122755,2205.1789043068597,2990.902127717692,2371.3388767139904,619.5632510037015,2205.1789043068597,2990.902127717692,4576.51778102085,1585.6156533031578,0.2635468612932991,0.5469519477469034,0.1895011909597975,0.0,2,-26,scissors
5253.001047020645,-1660.0,2252.0,-4446.0,2673.9614806500117,-143.0,-2586.0,-665.0,1704.1839689423205,-361.0,-931.0,-1381.0,0.0,0.0,0.0,0.0,2407.786624153244,5253.001047020645,0.0,5253.001047020645,1901.222454777116,2141.611767656477,3111.389279364168,5253.001047020645,969.7775117076908,2579.039566370634,3548.817078078325,5253.001047020645,969.7775117076908,2673.9614806500117,1704.1839689423205,0.5454180401957326,0.2776368817139656,0.1769450780903018,0.0,1,-27,scissors
2571.592502711112,-780.0,1172.0,-2152.0,2974.747216151315,-332.0,-2956.0,-31.0,2397.1637407569806,-143.0,-1036.0,-2157.0,0.0,0.0,0.0,0.0,1985.875864904852,2974.747216151315,0.0,2974.747216151315,1165.5246883650327,997.004513658389,1574.5879890527235,2571.592502711112,577.5834753943345,403.1547134402031,174.42876195413146,2571.592502711112,577.5834753943345,2974.747216151315,2397.1637407569806,0.3237353034191695,0.374488062008579,0.3017766345722513,0.0,2,-28,scissors
2860.368857332914,-211.0,1617.0,-2350.0,3391.188582193565,-680.0,-3272.0,-576.0,1871.3126409021024,-1.0,-681.0,-1743.0,0.0,0.0,0.0,0.0,2030.7175201071452,3391.188582193565,0.0,3391.188582193565,1293.0996108304596,670.2464580207256,2190.1223993121885,2860.368857332914,1519.8759412914626,530.8197248606507,989.056216430812,2860.368857332914,1519.8759412914626,3391.188582193565,1871.3126409021024,0.3521377085944965,0.4174864978284421,0.2303757935770612,0.0,2,-27,scissors
2838.209470775545,-213.0,1592.0,-2340.0,3379.619801101893,-643.0,-3285.0,-466.0,1891.911467273244,8.0,-676.0,-1767.0,0.0,0.0,0.0,0.0,2027.4351847876703,3379.619801101893,0.0,3379.619801101893,1285.9450110657856,675.2505684734479,2162.958902302097,2838.209470775545,1487.708333828649,541.4103303263482,946.2980035023008,2838.209470775545,1487.708333828649,3379.619801101893,1891.911467273244,0.3499753644495403,0.4167358624408793,0.2332887731095803,0.0,2,-26,scissors
2884.634292245726,-311.0,1625.0,-2363.0,3006.221548721917,-598.0,-2930.0,-308.0,1911.3788216886785,-110.0,-713.0,-1770.0,0.0,0.0,0.0,0.0,1950.5586656640803,3006.221548721917,0.0,3006.221548721917,1203.4466717735202,894.895782606244,1989.738509639482,2884.634292245726,1094.8427270332386,121.58725647619076,973.2554705570478,2884.634292245726,1094.8427270332386,3006.221548721917,1911.3788216886785,0.3697189865427136,0.3853026317076227,0.2449783817496636,0.0,2,-26,scissors
2921.8319595760468,-327.0,1637.0,-2398.0,3061.4690917923704,-596.0,-2976.0,-401.0,1840.2206389452328,-102.0,-702.0,-1698.0,0.0,0.0,0.0,0.0,1955.8804225784124,3061.4690917923704,0.0,3061.4690917923704,1224.156249248637,850.2917533644543,2071.540206211592,2921.8319595760468,1221.2484528471375,139.6371322163236,1081.611320630814,2921.8319595760468,1221.2484528471375,3061.4690917923704,1840.2206389452328,0.3734676115480813,0.391315984409271,0.2352164040426476,0.0,2,-26,scissors
2914.5169411070506,-298.0,1647.0,-2386.0,3098.0601995442244,-586.0,-3010.0,-441.0,1854.8237112998097,-81.0,-687.0,-1721.0,0.0,0.0,0.0,0.0,1966.850212987771,3098.0601995442244,0.0,3098.0601995442244,1230.7272198460382,835.6402264313181,2078.8767146757327,2914.5169411070506,1243.2364882444149,183.5432584371738,1059.6932298072409,2914.5169411070506,1243.2364882444149,3098.0601995442244,1854.8237112998097,0.3704548676179709,0.39378446043917,0.235760671942859,0.0,2,-27,scissors
2823.371920240052,-202.0,1625.0,-2300.0,3189.3439764315167,-675.0,-3081.0,-473.0,1896.4087112223465,-71.0,-690.0,-1765.0,0.0,0.0,0.0,0.0,1977.2811519734787,3189.3439764315167,0.0,3189.3439764315167,1235.0249981479858,765.2183275154409,2058.153592724612,2823.371920240052,1292.9352652091704,365.9720561914646,926.9632090177058,2823.371920240052,1292.9352652091704,3189.3439764315167,1896.4087112223465,0.3569765378866467,0.4032486696755676,0.2397747924377856,0.0,2,-27,scissors
2737.8418508014665,-115.0,1587.0,-2228.0,3494.746628870253,-722.0,-3371.0,-573.0,1874.961866278885,33.0,-667.0,-1752.0,0.0,0.0,0.0,0.0,2026.8875864876516,3494.746628870253,0.0,3494.746628870253,1303.017732704457,559.0285441050491,2178.8133066964174,2737.8418508014665,1619.7847625913685,756.904778068787,862.8799845225815,2737.8418508014665,1619.7847625913685,3494.746628870253,1874.961866278885,0.3376903915458148,0.4310484030007582,0.2312612054534268,0.0,2,-26,scissors
2710.576875869784,-43.0,1587.0,-2197.0,3585.5160019166,-855.0,-3430.0,-600.0,1868.3837935499228,57.0,-660.0,-1747.0,0.0,0.0,0.0,0.0,2041.119167834077,3585.5160019166,0.0,3585.5160019166,1325.645142072465,496.7223337515532,2213.8545421182307,2710.576875869784,1717.132208366677,874.939126046816,842.1930823198613,2710.576875869784,1717.132208366677,3585.5160019166,1868.3837935499228,0.3319964016047748,0.439160542218776,0.2288430561764491,0.0,2,-26,scissors
2626.0552164796536,1.0,1562.0,-2111.0,3453.305952272402,-852.0,-3307.0,-513.0,1912.5681687197448,42.0,-667.0,-1792.0,0.0,0.0,0.0,0.0,1997.98233436795,3453.305952272402,0.0,3453.305952272402,1275.8988367239767,542.6587164634982,2083.396500016155,2626.0552164796536,1540.7377835526568,827.2507357927484,713.4870477599084,2626.0552164796536,1540.7377835526568,3453.305952272402,1912.5681687197448,0.328588392813592,0.43209915984628,0.2393124473401281,0.0,2,-26,scissors
2664.797553286178,61.0,1580.0,-2145.0,3498.26385511442,-867.0,-3320.0,-681.0,1832.1340016494428,-13.0,-655.0,-1711.0,0.0,0.0,0.0,0.0,1998.7988525125104,3498.26385511442,0.0,3498.26385511442,1295.6584801538845,499.3338499106005,2165.463703375577,2664.797553286178,1666.1298534649768,833.4663018282417,832.6635516367351,2664.797553286178,1666.1298534649768,3498.26385511442,1832.1340016494428,0.3332998653086703,0.4375457603846764,0.2291543743066532,0.0,2,-26,scissors
2761.006700462713,3.0,1610.0,-2243.0,3173.918240912957,-812.0,-2998.0,-653.0,1799.8249914922285,-185.0,-668.0,-1661.0,0.0,0.0,0.0,0.0,1933.687483216975,3173.918240912957,0.0,3173.918240912957,1222.6708335647834,693.4567255209922,2067.5499749417213,2761.006700462713,1374.0932494207286,412.9115404502436,961.181708970485,2761.006700462713,1374.0932494207286,3173.918240912957,1799.8249914922285,0.3569613399820651,0.4103452947361322,0.2326933652818026,0.0,2,-28,scissors
2585.312553638341,446.0,1570.0,-2005.0,5432.684511362683,-1830.0,-5005.0,-1056.0,1866.4088512434785,672.0,-407.0,-1693.0,0.0,0.0,0.0,0.0,2471.101479061125,5432.684511362683,0.0,5432.684511362683,1952.9473828503203,-490.4815532404323,3075.7941068787727,2585.312553638341,3566.275660119205,2847.3719577243423,718.9037023948626,2585.312553638341,3566.275660119205,5432.684511362683,1866.4088512434785,0.2615546726373828,0.5496217534363246,0.1888235739262926,0.0,2,-28,scissors
2406.357620969917,453.0,1522.0,-1808.0,4829.473780858531,-2127.0,-4258.0,-818.0,1636.9557110685678,122.0,-506.0,-1552.0,0.0,0.0,0.0,0.0,2218.196778224254,4829.473780858531,0.0,4829.473780858531,1740.1444058110635,-393.0802244100232,2799.437845379941,2406.357620969917,3192.518069789964,2423.116159888614,769.4019099013494,2406.357620969917,3192.518069789964,4829.473780858531,1636.9557110685678,0.271206509335963,0.5443017756887982,0.1844917149752387,0.0,2,-26,scissors
804.4059920214419,-78.0,797.0,76.0,1665.1288238451702,1411.0,-817.0,338.0,1918.68757227434,308.0,-1787.0,627.0,0.0,0.0,0.0,0.0,1097.055597035238,1918.68757227434,0.0,1918.68757227434,756.1350851624712,528.9823702253057,275.4236217961361,804.4059920214419,-253.55874842916955,860.7228318237284,1114.281580252898,804.4059920214419,253.55874842916955,1665.1288238451702,1918.68757227434,0.1833102155887374,0.3794540651233024,0.4372357192879602,0.0,3,-27,nail cutter
869.7838812026813,-86.0,862.0,-78.0,1706.288662565628,1406.0,-896.0,363.0,1859.1554534250224,353.0,-1715.0,625.0,0.0,0.0,0.0,0.0,1108.8069992983328,1859.1554534250224,0.0,1859.1554534250224,742.730124814543,511.3253360310376,358.45854517164366,869.7838812026813,-152.8667908593941,836.5047813629468,989.3715722223408,869.7838812026813,152.8667908593941,1706.288662565628,1859.1554534250224,0.1961080426424733,0.3847127281044828,0.4191792292530439,0.0,3,-28,nail cutter
984.2855276798496,-120.0,907.0,-363.0,1878.186625444873,1446.0,-1163.0,290.0,1980.372439719357,361.0,-1773.0,805.0,0.0,0.0,0.0,0.0,1210.71114821102,1980.372439719357,0.0,1980.372439719357,799.2171266918355,543.2356709771672,441.0498567026824,984.2855276798496,-102.18581427448451,893.9010977650235,996.086912039508,984.2855276798496,102.18581427448451,1878.186625444873,1980.372439719357,0.2032453259256464,0.3878271518809695,0.4089275221933841,0.0,3,-28,nail cutter
851.5650298127559,-103.0,845.0,23.0,1592.7931441339142,1355.0,-726.0,417.0,1746.631901689649,273.0,-1675.0,413.0,0.0,0.0,0.0,0.0,1047.7475189090796,1746.631901689649,0.0,1746.631901689649,693.1407769132237,502.70189368424553,348.8631361285104,851.5650298127559,-153.8387575557349,741.2281143211583,895.0668718768932,851.5650298127559,153.8387575557349,1592.7931441339142,1746.631901689649,0.2031894646477927,0.3800517575532746,0.4167587777989328,0.0,3,-29,nail cutter
824.3233588829082,-31.0,802.0,188.0,1479.726326048165,1278.0,-591.0,455.0,1720.1293556009095,221.0,-1670.0,348.0,0.0,0.0,0.0,0.0,1006.0447601329956,1720.1293556009095,0.0,1720.1293556009095,666.9782159928038,532.3631942178263,291.9601646650817,824.3233588829082,-240.40302955274456,655.4029671652568,895.8059967180013,824.3233588829082,240.40302955274456,1479.726326048165,1720.1293556009095,0.2048426152465461,0.3677088695965551,0.4274485151568988,0.0,3,-28,nail cutter
833.7007856539419,-48.0,832.0,23.0,0.0,0.0,0.0,0.0,1767.973416089733,272.0,-1685.0,461.0,0.0,0.0,0.0,0.0,650.4185504359187,1767.973416089733,0.0,1767.973416089733,729.4878061001695,1300.8371008718375,-467.1363152178956,833.7007856539419,-1767.973416089733,833.7007856539419,934.2726304357913,833.7007856539419,1767.973416089733,0.0,1767.973416089733,0.3204478043773448,0.0,0.6795521956226551,0.0,3,-26,nail cutter
901.9107494647128,-137.0,885.0,-107.0,1766.1463699252108,1418.0,-993.0,350.0,1882.5942207496548,358.0,-1726.0,661.0,0.0,0.0,0.0,0.0,1137.662835034895,1882.5942207496548,0.0,1882.5942207496548,758.249644761121,509.1793001445785,392.7314493201344,901.9107494647128,-116.447850824444,864.235620460498,980.683471284942,901.9107494647128,116.447850824444,1766.1463699252108,1882.5942207496548,0.1981937709684102,0.3881084789657911,0.4136977500657985,0.0,3,-26,nail cutter
931.8245543019352,-132.0,907.0,-168.0,1810.658996056408,1451.0,-1026.0,347.0,1886.5253775128497,380.0,-1717.0,683.0,0.0,0.0,0.0,0.0,1157.2522319677985,1886.5253775128497,0.0,1886.5253775128497,766.294670218676,503.8454678791883,427.9790864227467,931.8245543019352,-75.86638145644156,878.834441754473,954.7008232109146,931.8245543019352,75.86638145644156,1810.658996056408,1886.5253775128497,0.2013010924847073,0.3911547858882832,0.4075441216270093,0.0,3,-28,nail cutter
968.3021222738284,-150.0,922.0,-255.0,1848.2461957217715,1467.0,-1070.0,345.0,1920.4390123094247,371.0,-1747.0,706.0,0.0,0.0,0.0,0.0,1184.246832576256,1920.4390123094247,0.0,1920.4390123094247,779.7350123811966,520.247469430741,448.0546528430872,968.3021222738284,-72.19281658765385,879.944073447943,952.1368900355968,968.3021222738284,72.19281658765385,1848.2461957217715,1920.4390123094247,0.204413069901852,0.3901733458093836,0.4054135842887644,0.0,3,-28,nail cutter
868.5355490709635,-145.0,855.0,-48.0,1731.0228190292582,1446.0,-868.0,390.0,1804.0094234787132,320.0,-1705.0,495.0,0.0,0.0,0.0,0.0,1100.8919478947337,1804.0094234787132,0.0,1804.0094234787132,734.4031039289927,470.7610767602093,397.77447231075416,868.5355490709635,-72.98660444945517,862.4872699582947,935.47387440775,868.5355490709635,72.98660444945517,1731.0228190292582,1804.0094234787132,0.1972345130536852,0.3930955309327907,0.4096699560135241,0.0,3,-29,nail cutter
916.511320170133,-120.0,892.0,-173.0,1755.023931460765,1421.0,-962.0,368.0,1859.9951612840289,353.0,-1717.0,622.0,0.0,0.0,0.0,0.0,1132.8826032287316,1859.9951612840289,0.0,1859.9951612840289,749.3317071242161,510.7412749966983,405.7700451734347,916.511320170133,-104.97122982326368,838.512611290632,943.4838411138956,916.511320170133,104.97122982326368,1755.023931460765,1859.9951612840289,0.2022520509976194,0.3872916590075003,0.4104562899948803,0.0,3,-28,nail cutter
926.222435487286,-112.0,900.0,-188.0,1817.5120357235603,1446.0,-1045.0,347.0,1919.5700039331723,376.0,-1738.0,723.0,0.0,0.0,0.0,0.0,1165.8261187860048,1919.5700039331723,0.0,1919.5700039331723,776.1096641302441,514.1402018484492,412.082233638837,926.222435487286,-102.05796820961224,891.2896002362742,993.3475684458864,926.222435487286,102.05796820961224,1817.5120357235603,1919.5700039331723,0.1986193353713368,0.3897476661477115,0.4116329984809515,0.0,3,-27,nail cutter
949.868411939254,-125.0,905.0,-260.0,1805.9714837172817,1443.0,-1028.0,350.0,1877.4445397933864,353.0,-1733.0,630.0,0.0,0.0,0.0,0.0,1158.3211088624803,1877.4445397933864,0.0,1877.4445397933864,761.8644622001958,510.6707340076792,439.19767793157473,949.868411939254,-71.47305607610451,856.1030717780278,927.5761278541324,949.868411939254,71.47305607610451,1805.9714837172817,1877.4445397933864,0.2050097344923775,0.3897821316342108,0.4052081338734116,0.0,3,-27,nail cutter
844.1196597639461,-88.0,835.0,87.0,1615.3689980930053,1372.0,-723.0,452.0,1742.1021784040108,296.0,-1670.0,398.0,0.0,0.0,0.0,0.0,1050.3977090652406,1742.1021784040108,0.0,1742.1021784040108,697.0533715509124,485.4264200374757,358.6932397264702,844.1196597639461,-126.73318031100553,771.2493383290592,897.9825186400648,844.1196597639461,126.73318031100553,1615.3689980930053,1742.1021784040108,0.200904774562755,0.3844660418029991,0.4146291836342458,0.0,3,-27,nail cutter
874.2247994652176,-112.0,867.0,-6.0,1685.3928325467627,1398.0,-863.0,376.0,1860.5722238064288,346.0,-1733.0,582.0,0.0,0.0,0.0,0.0,1105.0474639546023,1860.5722238064288,0.0,1860.5722238064288,738.5843570016237,524.7020953624419,349.5227041027757,874.2247994652176,-175.1793912596661,811.1680330815451,986.3474243412112,874.2247994652176,175.1793912596661,1685.3928325467627,1860.5722238064288,0.1977799207684378,0.3812942175613196,0.4209258616702425,0.0,3,-27,nail cutter
810.7811048612319,-385.0,710.0,71.0,1581.792337824406,1411.0,-585.0,411.0,2096.351592648524,493.0,-1915.0,696.0,0.0,0.0,0.0,0.0,1122.2312588335403,2096.351592648524,0.0,2096.351592648524,793.1757382175072,662.6701798426747,148.11092501855728,810.7811048612319,-514.5592548241173,771.0112329631742,1285.5704877872913,810.7811048612319,514.5592548241173,1581.792337824406,2096.351592648524,0.1806180986492852,0.3523766437116844,0.4670052576390303,0.0,3,-26,nail cutter
844.8603434887922,-306.0,787.0,-28.0,1587.50716533816,1413.0,-601.0,403.0,2096.1006655215774,486.0,-1911.0,711.0,0.0,0.0,0.0,0.0,1132.1170435871322,2096.1006655215774,0.0,2096.1006655215774,790.7038001802766,676.7269218361049,168.13342165268728,844.8603434887922,-508.5935001834175,742.6468218493677,1251.2403220327851,844.8603434887922,508.5935001834175,1587.50716533816,2096.1006655215774,0.1865664747904151,0.3505616257458938,0.4628718994636911,0.0,3,-26,nail cutter
763.2201517255686,-306.0,687.0,130.0,1570.622169714919,1398.0,-593.0,401.0,2104.315803295693,480.0,-1927.0,696.0,0.0,0.0,0.0,0.0,1109.5395311840452,2104.315803295693,0.0,2104.315803295693,798.9355598168659,648.4568926531715,114.76325907239698,763.2201517255686,-533.6936335807745,807.4020179893504,1341.095651570125,763.2201517255686,533.6936335807745,1570.622169714919,2104.315803295693,0.1719677691229032,0.3538905387261933,0.4741416921509035,0.0,3,-27,nail cutter
766.1651258051361,-322.0,690.0,85.0,1606.258073909669,1441.0,-572.0,420.0,1987.7882180956803,513.0,-1822.0,607.0,0.0,0.0,0.0,0.0,1090.0528544526214,1987.7882180956803,0.0,1987.7882180956803,769.0115568050277,573.8476349955737,192.3174908095625,766.1651258051361,-381.5301441860113,840.092948104533,1221.6230922905445,766.1651258051361,381.5301441860113,1606.258073909669,1987.7882180956803,0.1757174256907643,0.368389951768959,0.4558926225402767,0.0,3,-26,nail cutter
788.8941627366753,-405.0,677.0,0.0,1611.1890019485609,1451.0,-535.0,452.0,2070.222693335188,477.0,-1897.0,678.0,0.0,0.0,0.0,0.0,1117.576464505106,2070.222693335188,0.0,2070.222693335188,791.8644745057499,623.9639270616512,164.93023567502405,788.8941627366753,-459.0336913866272,822.2948392118856,1281.3285305985128,788.8941627366753,459.0336913866272,1611.1890019485609,2070.222693335188,0.1764743146872772,0.3604203052589426,0.4631053800537801,0.0,3,-26,nail cutter
800.8701517724331,-423.0,680.0,-8.0,1758.1154683353425,1416.0,-955.0,417.0,2104.902373033011,513.0,-1911.0,718.0,0.0,0.0,0.0,0.0,1165.9719982851966,2104.902373033011,0.0,2104.902373033011,825.3808510105051,573.8285282350508,227.0416235373823,800.8701517724331,-346.78690469766866,957.2453165629092,1304.032221260578,800.8701517724331,346.78690469766866,1758.1154683353425,2104.902373033011,0.1717172781486773,0.3769634843120193,0.4513192375393032,0.0,3,-31,nail cutter
1032.2039527147724,-486.0,895.0,168.0,1598.3669791383954,1416.0,-611.0,420.0,1947.9663754798232,382.0,-1780.0,693.0,0.0,0.0,0.0,0.0,1144.6343268332478,1947.9663754798232,0.0,1947.9663754798232,737.2319905124829,690.9016745281001,341.3022781866724,1032.2039527147724,-349.5993963414278,566.163026423623,915.7624227650508,1032.2039527147724,349.5993963414278,1598.3669791383954,1947.9663754798232,0.2254440410612344,0.3490999137603288,0.4254560451784367,0.0,3,-27,nail cutter
747.4255815798654,-185.0,722.0,56.0,1619.207831008731,1381.0,-657.0,532.0,1998.1163629778923,380.0,-1855.0,638.0,0.0,0.0,0.0,0.0,1091.1874438916225,1998.1163629778923,0.0,1998.1163629778923,776.2389852959383,563.1670567745132,184.2585248053523,747.4255815798654,-378.908531969161,871.782249428866,1250.690781398027,747.4255815798654,378.908531969161,1619.207831008731,1998.1163629778923,0.1712413357035705,0.3709738047465914,0.457784859549838,0.0,3,-26,nail cutter
905.6892403026548,-195.0,862.0,198.0,1623.280936868292,1396.0,-652.0,511.0,2025.20566856801,400.0,-1887.0,617.0,0.0,0.0,0.0,0.0,1138.5439614347392,2025.20566856801,0.0,2025.20566856801,770.0069141770683,653.8069860011865,251.8822543014685,905.6892403026548,-401.924731699718,717.5916965656372,1119.5164282653552,905.6892403026548,401.924731699718,1623.280936868292,2025.20566856801,0.1988700636472016,0.3564379136539247,0.4446920226988736,0.0,3,-26,nail cutter
743.7405461584033,-195.0,710.0,-105.0,1610.5660495614577,1357.0,-665.0,557.0,1977.9357926889336,351.0,-1873.0,530.0,0.0,0.0,0.0,0.0,1083.0605971021987,1977.9357926889336,0.0,1977.9357926889336,769.2889528679252,555.5551446429396,188.1854015154637,743.7405461584033,-367.3697431274759,866.8255034030544,1234.1952465305303,743.7405461584033,367.3697431274759,1610.5660495614577,1977.9357926889336,0.1716756541943107,0.371762682039822,0.4565616637658672,0.0,3,-26,nail cutter
884.6298661022021,-276.0,787.0,295.0,1627.2252456252022,1401.0,-655.0,506.0,2010.0878090272572,368.0,-1873.0,630.0,0.0,0.0,0.0,0.0,1130.4857301886657,2010.0878090272572,0.0,2010.0878090272572,767.9344137618784,633.7462147521287,250.88365135007336,884.6298661022021,-382.8625634020552,742.5953795230001,1125.4579429250552,884.6298661022021,382.8625634020552,1627.2252456252022,2010.0878090272572,0.195630480438388,0.3598509035035843,0.4445186160580276,0.0,3,-26,nail cutter
784.1613354406095,-210.0,755.0,28.0,1620.6788701035132,1370.0,-672.0,546.0,1953.9982088016357,340.0,-1810.0,653.0,0.0,0.0,0.0,0.0,1089.7096035864397,1953.9982088016357,0.0,1953.9982088016357,759.893071327463,558.7403370693659,225.4209983712437,784.1613354406095,-333.31933869812224,836.5175346629037,1169.836873361026,784.1613354406095,333.31933869812224,1620.6788701035132,1953.9982088016357,0.1799014464174186,0.3718143954980192,0.4482841580845619,0.0,3,-26,nail cutter
541.7333292312741,41.0,515.0,-163.0,1724.5234124244298,1475.0,-766.0,460.0,2146.8772671021507,556.0,-1911.0,805.0,0.0,0.0,0.0,0.0,1103.2835021894637,2146.8772671021507,0.0,2146.8772671021507,867.1216833850666,482.0435919544975,59.68973727677667,541.7333292312741,-422.3538546777209,1182.7900831931556,1605.1439378708765,541.7333292312741,422.3538546777209,1724.5234124244298,2146.8772671021507,0.1227547879027025,0.3907706879061721,0.4864745241911253,0.0,3,-27,nail cutter
602.4765555604632,73.0,540.0,-257.0,1705.0612892210063,1451.0,-773.0,452.0,2110.1831674051427,506.0,-1906.0,751.0,0.0,0.0,0.0,0.0,1104.430253046653,2110.1831674051427,0.0,2110.1831674051427,843.2111634432422,503.7992168722998,98.67733868816345,602.4765555604632,-405.1218781841365,1102.584733660543,1507.7066118446796,602.4765555604632,405.1218781841365,1705.0612892210063,2110.1831674051427,0.1363772302276415,0.3859594765077894,0.4776632932645691,0.0,3,-27,nail cutter
414.8312910087666,41.0,410.0,48.0,1527.158799863328,1342.0,-535.0,495.0,2024.1168444534023,455.0,-1882.0,590.0,0.0,0.0,0.0,0.0,991.5267338313744,2024.1168444534023,0.0,2024.1168444534023,816.8302982245988,455.8946677994208,-41.06337679065405,414.8312910087666,-496.9580445900747,1112.3275088545613,1609.285553444636,414.8312910087666,496.9580445900747,1527.158799863328,2024.1168444534023,0.1045940761994914,0.3850523510249212,0.5103535727755873,0.0,3,-26,nail cutter
446.2532913043892,21.0,445.0,-26.0,1613.773837933928,1403.0,-636.0,481.0,2061.272665127057,475.0,-1892.0,666.0,0.0,0.0,0.0,0.0,1030.3249485913434,2061.272665127057,0.0,2061.272665127057,837.5522373620914,446.876059248759,-0.622767944369798,446.2532913043892,-447.4988271931288,1167.5205466295388,1615.0193738226676,446.2532913043892,447.4988271931288,1613.773837933928,2061.272665127057,0.108279745121795,0.3915691452828241,0.5001511095953809,0.0,3,-27,nail cutter
547.3106978673082,-8.0,507.0,-206.0,1727.664898063279,1475.0,-776.0,455.0,2131.10605085716,547.0,-1898.0,800.0,0.0,0.0,0.0,0.0,1101.520411696937,2131.10605085716,0.0,2131.10605085716,862.0613566417479,475.37592533059455,71.93477253671358,547.3106978673082,-403.441152793881,1180.3542001959709,1583.7953529898518,547.3106978673082,403.441152793881,1727.664898063279,2131.10605085716,0.1242171030276583,0.392109142898619,0.4836737540737227,0.0,3,-27,nail cutter
433.4985582444306,36.0,432.0,1.0,1541.968547020334,1347.0,-557.0,503.0,2021.210033618476,441.0,-1880.0,597.0,0.0,0.0,0.0,0.0,999.16928472081,2021.210033618476,0.0,2021.210033618476,815.0952339883388,456.3700224212862,-22.871464176855625,433.4985582444306,-479.2414865981418,1108.4699887759034,1587.7114753740452,433.4985582444306,479.2414865981418,1541.968547020334,2021.210033618476,0.1084647428802717,0.3858126372077165,0.5057226199120118,0.0,3,-27,nail cutter
789.0621014850478,-213.0,755.0,85.0,1625.4427089257867,1360.0,-692.0,560.0,1709.5809428044056,267.0,-1443.0,877.0,0.0,0.0,0.0,0.0,1031.02143830381,1709.5809428044056,0.0,1709.5809428044056,695.5805444072906,436.6001676818333,352.4619338032145,789.0621014850478,-84.13823387861885,836.3806074407389,920.5188413193578,789.0621014850478,84.13823387861885,1625.4427089257867,1709.5809428044056,0.1913301877561288,0.394134071450515,0.4145357407933561,0.0,3,-28,nail cutter
813.322199377344,-192.0,790.0,-23.0,1538.6776790478243,1317.0,-588.0,536.0,1859.499663888112,327.0,-1771.0,463.0,0.0,0.0,0.0,0.0,1052.87488557832,1859.499663888112,0.0,1859.499663888112,716.3412073296074,567.0720921088156,246.2501072685284,813.322199377344,-320.8219848402871,725.3554796704806,1046.1774645107675,813.322199377344,320.8219848402871,1538.6776790478243,1859.499663888112,0.1931193844866488,0.3653515009531887,0.4415291145601623,0.0,3,-27,nail cutter
765.6879259855153,-303.0,687.0,150.0,1598.5374565520822,1388.0,-613.0,503.0,1833.6477306178524,380.0,-1710.0,542.0,0.0,0.0,0.0,0.0,1049.4682782888624,1833.6477306178524,0.0,1833.6477306178524,724.280562258446,500.3991000256427,265.2888259598725,765.6879259855153,-235.11027406577023,832.8495305665668,1067.9598046323372,765.6879259855153,235.11027406577023,1598.5374565520822,1833.6477306178524,0.182399016203223,0.380796992539514,0.436803991257263,0.0,3,-27,nail cutter
798.4196891359832,-385.0,657.0,240.0,1583.642952183351,1396.0,-575.0,478.0,2007.957170857984,368.0,-1868.0,638.0,0.0,0.0,0.0,0.0,1097.5049530443296,2007.957170857984,0.0,2007.957170857984,767.9880389974597,611.3669539053083,187.0527352306749,798.4196891359832,-424.31421867463314,785.2232630473679,1209.537481722001,798.4196891359832,424.31421867463314,1583.642952183351,2007.957170857984,0.18187154575505,0.3607370854661158,0.4573913687788342,0.0,3,-26,nail cutter
760.4222511210465,-303.0,692.0,87.0,1602.5417311259012,1386.0,-638.0,490.0,1863.241530237022,377.0,-1736.0,562.0,0.0,0.0,0.0,0.0,1056.5513781209925,1863.241530237022,0.0,1863.241530237022,733.6292901667923,510.5610251160838,249.8612260049628,760.4222511210465,-260.6997991111209,842.1194800048546,1102.8192791159754,760.4222511210465,260.6997991111209,1602.5417311259012,1863.241530237022,0.1799302586859069,0.3791916238791711,0.4408781174349219,0.0,3,-27,nail cutter
762.4683599992854,-233.0,725.0,38.0,1556.0658726416436,1340.0,-621.0,490.0,1937.8599020569056,356.0,-1847.0,466.0,0.0,0.0,0.0,0.0,1064.0985336744586,1937.8599020569056,0.0,1937.8599020569056,746.4544933429411,572.1311947072738,190.3371652920117,762.4683599992854,-381.794029415262,793.5975126423582,1175.3915420576202,762.4683599992854,381.794029415262,1556.0658726416436,1937.8599020569056,0.1791348112675223,0.365583125856861,0.4552820628756167,0.0,3,-27,nail cutter
815.3600431711135,-122.0,802.0,82.0,1547.8168496304722,1342.0,-598.0,487.0,1976.099187793973,368.0,-1862.0,550.0,0.0,0.0,0.0,0.0,1084.8190201488896,1976.099187793973,0.0,1976.099187793973,751.3633897943143,621.8211906673072,193.5388525038064,815.3600431711135,-428.2823381635008,732.4568064593587,1160.7391446228594,815.3600431711135,428.2823381635008,1547.8168496304722,1976.099187793973,0.1879023201167708,0.3566993251597941,0.455398354723435,0.0,3,-27,nail cutter
895.9419624060478,-236.0,670.0,546.0,1564.2950488958277,1375.0,-565.0,487.0,1992.03463825306,397.0,-1852.0,617.0,0.0,0.0,0.0,0.0,1113.067912388734,1992.03463825306,0.0,1992.03463825306,752.0392758430811,661.8407758816402,234.1011865244077,895.9419624060478,-427.7395893572325,668.3530864897799,1096.0926758470123,895.9419624060478,427.7395893572325,1564.2950488958277,1992.03463825306,0.2012325466474196,0.351347620276539,0.4474198330760413,0.0,3,-26,nail cutter
804.9826085077864,-317.0,692.0,262.0,1576.1782894076418,1375.0,-593.0,492.0,2004.120006386843,371.0,-1866.0,630.0,0.0,0.0,0.0,0.0,1096.3202260755677,2004.120006386843,0.0,2004.120006386843,765.0424575784117,616.4621627434938,188.5204457642925,804.9826085077864,-427.9417169792012,771.1956808998555,1199.1373978790566,804.9826085077864,427.9417169792012,1576.1782894076418,2004.120006386843,0.1835646623499173,0.3594247036401475,0.4570106340099352,0.0,3,-25,nail cutter
813.3861321660212,-243.0,742.0,228.0,1574.303973189422,1375.0,-588.0,492.0,1927.2687928776309,373.0,-1806.0,560.0,0.0,0.0,0.0,0.0,1078.7397245582683,1927.2687928776309,0.0,1927.2687928776309,741.5654769876704,583.175475927115,230.21065623890604,813.3861321660212,-352.964819688209,760.9178410234007,1113.8826607116098,813.3861321660212,352.964819688209,1574.303973189422,1927.2687928776309,0.1885037960614395,0.3648479650255953,0.4466482389129652,0.0,3,-28,nail cutter
783.9419621375041,-316.0,695.0,178.0,1590.877116561804,1393.0,-596.0,485.0,1954.7877122593131,335.0,-1831.0,597.0,0.0,0.0,0.0,0.0,1082.4016977396554,1954.7877122593131,0.0,1954.7877122593131,755.0291813766615,573.9262789175066,210.0156832199974,783.9419621375041,-363.9105956975093,806.9351544243,1170.8457501218093,783.9419621375041,363.9105956975093,1590.877116561804,1954.7877122593131,0.181065394616108,0.3674414775688133,0.4514931278150786,0.0,3,-26,nail cutter
891.622117267175,-155.0,807.0,346.0,1548.8269754882242,1340.0,-601.0,492.0,1958.2027474191736,387.0,-1833.0,570.0,0.0,0.0,0.0,0.0,1099.6629600436431,1958.2027474191736,0.0,1958.2027474191736,740.1652682395012,650.4989445990622,241.12317266811283,891.622117267175,-409.37577193094944,657.2048582210492,1066.5806301519988,891.622117267175,409.37577193094944,1548.8269754882242,1958.2027474191736,0.2027034986319327,0.3521140185140806,0.4451824828539867,0.0,3,-28,nail cutter
916.4982269486396,-132.0,832.0,361.0,1562.9555335965256,1350.0,-611.0,497.0,1888.8930620868928,312.0,-1763.0,602.0,0.0,0.0,0.0,0.0,1092.0867056580146,1888.8930620868928,0.0,1888.8930620868928,721.1280242266452,621.2178777195036,295.28034922913594,916.4982269486396,-325.93752849036764,646.4573066478861,972.3948351382536,916.4982269486396,325.93752849036764,1562.9555335965256,1888.8930620868928,0.2098043640217244,0.3577910813992554,0.4324045545790201,0.0,3,-28,nail cutter
890.0247187578557,-8.0,832.0,316.0,1552.2863782176278,1337.0,-618.0,490.0,1878.3599229114743,306.0,-1750.0,610.0,0.0,0.0,0.0,0.0,1080.1677549717394,1878.3599229114743,0.0,1878.3599229114743,718.1440462186623,608.0491317258511,281.97558703200457,890.0247187578557,-326.07354469384654,662.2616594597721,988.3352041536186,890.0247187578557,326.07354469384654,1552.2863782176278,1878.3599229114743,0.2059922439503717,0.3592697456188739,0.4347380104307544,0.0,3,-28,nail cutter
879.3463481473043,-61.0,860.0,173.0,1648.8326173387036,1398.0,-726.0,487.0,1904.2274023865957,325.0,-1756.0,661.0,0.0,0.0,0.0,0.0,1108.1015919681508,1904.2274023865957,0.0,1904.2274023865957,742.7018997401648,567.3705665975979,311.9757815497062,879.3463481473043,-255.39478504789167,769.4862691913993,1024.881054239291,879.3463481473043,255.39478504789167,1648.8326173387036,1904.2274023865957,0.1983902817487736,0.3719949121294319,0.4296148061217943,0.0,3,-28,nail cutter
852.7631558645108,-46.0,817.0,240.0,1600.5977008605255,1360.0,-728.0,427.0,1981.3611483018435,288.0,-1828.0,708.0,0.0,0.0,0.0,0.0,1108.68050125672,1981.3611483018435,0.0,1981.3611483018435,757.9940937323643,616.7633016529144,235.9998542115964,852.7631558645108,-380.763447441318,747.8345449960146,1128.5979924373328,852.7631558645108,380.763447441318,1600.5977008605255,1981.3611483018435,0.1922923590019578,0.3609240216289102,0.446783619369132,0.0,3,-28,nail cutter
881.3109553386931,-46.0,832.0,287.0,1566.2391260596194,1350.0,-643.0,466.0,1889.128105767314,296.0,-1758.0,625.0,0.0,0.0,0.0,0.0,1084.169546791407,1889.128105767314,0.0,1889.128105767314,724.0380817402604,602.0999675231939,279.21098781549927,881.3109553386931,-322.8889797076947,684.9281707209262,1007.817150428621,881.3109553386931,322.8889797076947,1566.2391260596194,1889.128105767314,0.2032225858831138,0.3611610219764276,0.4356163921404584,0.0,3,-27,nail cutter
790.6282312186936,-417.0,670.0,-48.0,1640.578251714925,1448.0,-613.0,468.0,2061.98981568775,483.0,-1897.0,648.0,0.0,0.0,0.0,0.0,1123.299074655342,2061.98981568775,0.0,2061.98981568775,793.9125826427316,606.0198975957592,184.6083336229344,790.6282312186936,-421.4115639728248,849.9500204962314,1271.3615844690562,790.6282312186936,421.4115639728248,1640.578251714925,2061.98981568775,0.1759612041568892,0.3651249895799784,0.4589138062631323,0.0,3,-27,nail cutter
814.9656434476241,-461.0,672.0,8.0,1634.671220765815,1426.0,-657.0,455.0,2163.5359946162207,530.0,-1948.0,778.0,0.0,0.0,0.0,0.0,1153.2932147074148,2163.5359946162207,0.0,2163.5359946162207,821.1068815384732,671.915208649015,143.0504347986091,814.9656434476241,-528.8647738504058,819.7055773181909,1348.5703511685963,814.9656434476241,528.8647738504058,1634.671220765815,2163.5359946162207,0.1766605476072225,0.3543485732681873,0.4689908791245901,0.0,3,-27,nail cutter
774.2318774114121,-377.0,675.0,-41.0,1626.8610881080167,1418.0,-657.0,452.0,2128.535881774136,511.0,-1930.0,738.0,0.0,0.0,0.0,0.0,1132.4072118233912,2128.535881774136,0.0,2128.535881774136,813.5405070495094,637.9533355387657,136.2785418726462,774.2318774114121,-501.6747936661195,852.6292106966046,1354.304004362724,774.2318774114121,501.6747936661195,1626.8610881080167,2128.535881774136,0.1709261185657656,0.3591599097749609,0.4699139716592735,0.0,3,-27,nail cutter
857.1096779292601,-532.0,422.0,523.0,1644.446107356517,1423.0,-695.0,443.0,2093.066171911438,385.0,-1925.0,726.0,0.0,0.0,0.0,0.0,1148.6554892993036,2093.066171911438,0.0,2093.066171911438,797.2026510885281,652.8648712420907,204.2448066871696,857.1096779292601,-448.6200645549211,787.3364294272566,1235.9564939821776,857.1096779292601,448.6200645549211,1644.446107356517,2093.066171911438,0.1865462895345821,0.3579067271858102,0.4555469832796077,0.0,3,-26,nail cutter
891.6776323313263,-308.0,825.0,140.0,1661.295277787787,1443.0,-697.0,438.0,2148.529729838524,426.0,-1948.0,800.0,0.0,0.0,0.0,0.0,1175.375659989409,2148.529729838524,0.0,2148.529729838524,813.1942006092153,689.4560421910315,202.2215901402947,891.6776323313263,-487.234452050737,769.6176454564607,1256.8520975071976,891.6776323313263,487.234452050737,1661.295277787787,2148.529729838524,0.1896580094953133,0.3533541093157306,0.456987881188956,0.0,3,-27,nail cutter
866.8615806459529,-521.0,682.0,122.0,1649.042449423301,1436.0,-677.0,446.0,2119.366414757014,416.0,-1933.0,763.0,0.0,0.0,0.0,0.0,1158.817611206567,2119.366414757014,0.0,2119.366414757014,804.8401977768665,668.592772989833,198.2688076561201,866.8615806459529,-470.323965333713,782.180868777348,1252.504834111061,866.8615806459529,470.323965333713,1649.042449423301,2119.366414757014,0.1870142402615395,0.3557597057284772,0.4572260540099831,0.0,3,-27,nail cutter
919.9114087780408,-283.0,862.0,152.0,1666.2685857928186,1431.0,-721.0,457.0,2068.2187988701776,348.0,-1932.0,651.0,0.0,0.0,0.0,0.0,1163.5996983602593,2068.2187988701776,0.0,2068.2187988701776,788.0926290582304,660.9308109276999,258.9805978503409,919.9114087780408,-401.95021307735897,746.3571770147777,1148.3073900921368,919.9114087780408,401.95021307735897,1666.2685857928186,2068.2187988701776,0.1976434443207524,0.3579986717384248,0.4443578839408227,0.0,3,-26,nail cutter
843.3350461115676,-303.0,787.0,-6.0,1667.2414342260092,1433.0,-731.0,438.0,2081.0002402690875,377.0,-1897.0,768.0,0.0,0.0,0.0,0.0,1147.8941801516662,2081.0002402690875,0.0,2081.0002402690875,798.5652454082474,628.5469260773228,214.78812003424468,843.3350461115676,-413.7588060430783,823.9063881144416,1237.66519415752,843.3350461115676,413.7588060430783,1667.2414342260092,2081.0002402690875,0.1836700326331782,0.3631086957000087,0.453221271666813,0.0,3,-26,nail cutter
813.2650244538984,-428.0,690.0,46.0,1653.6973725564178,1453.0,-655.0,441.0,2069.164082425558,488.0,-1836.0,820.0,0.0,0.0,0.0,0.0,1134.0316198589685,2069.164082425558,0.0,2069.164082425558,795.8398300914852,614.3658671615193,198.8991572923792,813.2650244538984,-415.46670986914,840.4323481025194,1255.8990579716594,813.2650244538984,415.46670986914,1653.6973725564178,2069.164082425558,0.1792862320177277,0.3645615659204627,0.4561522020618096,0.0,3,-27,nail cutter
843.3522395772718,-423.0,717.0,135.0,1663.2708739108011,1451.0,-685.0,438.0,2224.1697327317447,491.0,-1985.0,875.0,0.0,0.0,0.0,0.0,1182.6982115549545,2224.1697327317447,0.0,2224.1697327317447,841.0623879265512,702.1255491991078,141.226690378164,843.3522395772718,-560.8988588209436,819.9186343335293,1380.817493154473,843.3522395772718,560.8988588209436,1663.2708739108011,2224.1697327317447,0.1782686892010416,0.3515839581181096,0.4701473526808487,0.0,3,-26,nail cutter
819.627354350744,-483.0,662.0,16.0,1640.181392407559,1433.0,-665.0,441.0,2185.8465179421905,465.0,-1936.0,902.0,0.0,0.0,0.0,0.0,1161.4138161751234,2185.8465179421905,0.0,2185.8465179421905,828.3086366793094,682.6462399426877,136.98111440805633,819.627354350744,-545.6651255346312,820.5540380568153,1366.2191635914464,819.627354350744,545.6651255346312,1640.181392407559,2185.8465179421905,0.1764287937115337,0.3530570606196933,0.470514145668773,0.0,3,-27,nail cutter
890.6143946736994,-311.0,827.0,112.0,1665.4672017184848,1436.0,-721.0,438.0,2033.4996926481203,371.0,-1878.0,686.0,0.0,0.0,0.0,0.0,1147.3953222600762,2033.4996926481203,0.0,2033.4996926481203,780.3896299001519,629.3234428016674,261.2909518720319,890.6143946736994,-368.0324909296355,774.8528070447854,1142.885297974421,890.6143946736994,368.0324909296355,1665.4672017184848,2033.4996926481203,0.194051339018756,0.3628799877007383,0.4430686732805055,0.0,3,-26,nail cutter
798.9799747177648,-337.0,720.0,80.0,1659.16545287081,1443.0,-690.0,441.0,2074.653465039403,395.0,-1901.0,731.0,0.0,0.0,0.0,0.0,1133.1997231569944,2074.653465039403,0.0,2074.653465039403,799.8155333806111,607.2339934431789,191.74598127458603,798.9799747177648,-415.4880121685928,860.1854781530452,1275.673490321638,798.9799747177648,415.4880121685928,1659.16545287081,2074.653465039403,0.1762663629346548,0.3660355317261553,0.4576981053391897,0.0,3,-26,nail cutter
754.7781130901982,-288.0,695.0,61.0,1662.9341538377278,1441.0,-705.0,438.0,2079.5946720454926,363.0,-1903.0,756.0,0.0,0.0,0.0,0.0,1124.3267347433548,2079.5946720454926,0.0,2079.5946720454926,806.739049223072,585.7193156489815,169.0587974412167,754.7781130901982,-416.6605182077649,908.1560407475296,1324.8165589552946,754.7781130901982,416.6605182077649,1662.9341538377278,2079.5946720454926,0.1678289081292922,0.3697622102300446,0.462408881640663,0.0,3,-26,nail cutter
771.5853808879482,-172.0,752.0,-16.0,1632.713079509073,1406.0,-700.0,446.0,2057.750713764911,392.0,-1915.0,643.0,0.0,0.0,0.0,0.0,1115.512293540483,2057.750713764911,0.0,2057.750713764911,793.404577097997,598.3115075718931,173.2738733160552,771.5853808879482,-425.03763425583793,861.1276986211248,1286.1653328769626,771.5853808879482,425.03763425583793,1632.713079509073,2057.750713764911,0.1729217565229698,0.3659110457507971,0.4611671977262331,0.0,3,-27,nail cutter
928.9585566643972,-540.0,470.0,592.0,1633.2865639562458,1426.0,-657.0,450.0,2100.0978548629587,421.0,-1927.0,721.0,0.0,0.0,0.0,0.0,1165.5857438709004,2100.0978548629587,0.0,2100.0978548629587,791.6185152489296,697.8849237855551,231.0736328788421,928.9585566643972,-466.8112909067129,704.3280072918486,1171.1392981985614,928.9585566643972,466.8112909067129,1633.2865639562458,2100.0978548629587,0.1992471513891663,0.3503145462581146,0.4504383023527191,0.0,3,-27,nail cutter
772.3587249458635,-248.0,725.0,97.0,1661.1541168717608,1438.0,-710.0,433.0,2076.592882584355,361.0,-1906.0,741.0,0.0,0.0,0.0,0.0,1127.5264311004948,2076.592882584355,0.0,2076.592882584355,803.5772502813785,593.8987453292286,178.45997961663488,772.3587249458635,-415.438765712594,888.7953919258973,1304.2341576384913,772.3587249458635,415.438765712594,1661.1541168717608,2076.592882584355,0.1712506917004201,0.3683182209862769,0.4604310873133028,0.0,3,-26,nail cutter
788.450378907893,-446.0,607.0,233.0,1648.9320786496935,1436.0,-680.0,441.0,2151.280548882456,402.0,-1952.0,810.0,0.0,0.0,0.0,0.0,1147.1657516100106,2151.280548882456,0.0,2151.280548882456,822.2958642319925,645.3994245703275,143.0509543375656,788.450378907893,-502.3484702327619,860.4816997418008,1362.8301699745623,788.450378907893,502.3484702327619,1648.9320786496935,2151.280548882456,0.1718257317657295,0.3593491342326664,0.4688251340016039,0.0,3,-27,nail cutter
771.4201190013131,-200.0,745.0,8.0,1634.4213043153836,1408.0,-705.0,438.0,2066.4946164943185,392.0,-1920.0,656.0,0.0,0.0,0.0,0.0,1118.0840099527538,2066.4946164943185,0.0,2066.4946164943185,796.2999728042005,601.746715590124,169.67340341118916,771.4201190013131,-432.0733121789349,863.0011853140705,1295.0744974930053,771.4201190013131,432.0733121789349,1634.4213043153836,2066.4946164943185,0.1724870654026057,0.3654513636199055,0.4620615709774888,0.0,3,-26,nail cutter
849.4056745748759,-516.0,547.0,395.0,1653.518370021936,1443.0,-675.0,443.0,2164.3310744892983,436.0,-1952.0,827.0,0.0,0.0,0.0,0.0,1166.8137797715276,2164.3310744892983,0.0,2164.3310744892983,820.689407349261,680.1091895211191,169.29648505375667,849.4056745748759,-510.8127044673624,804.11269544706,1314.9253999144223,849.4056745748759,510.8127044673624,1653.518370021936,2164.3310744892983,0.1819925529893032,0.3542806912911393,0.4637267557195573,0.0,3,-27,nail cutter
774.6450800205214,-145.0,745.0,155.0,1636.1295792204237,1418.0,-690.0,436.0,2076.5228147073176,413.0,-1917.0,683.0,0.0,0.0,0.0,0.0,1121.8243684870656,2076.5228147073176,0.0,2076.5228147073176,799.2156068725113,607.5191577537076,167.12592226681363,774.6450800205214,-440.3932354868941,861.4844991999021,1301.8777346867962,774.6450800205214,440.3932354868941,1636.1295792204237,2076.5228147073176,0.1726306500778809,0.3646135761489495,0.4627557737731696,0.0,3,-26,nail cutter
782.6857606983789,-322.0,697.0,152.0,1661.6612169753496,1438.0,-705.0,443.0,1991.347784793003,368.0,-1831.0,691.0,0.0,0.0,0.0,0.0,1108.923690616683,1991.347784793003,0.0,1991.347784793003,777.8711322507576,556.1861642580162,226.49959644036267,782.6857606983789,-329.68656781765344,878.9754562769707,1208.662024094624,782.6857606983789,329.68656781765344,1661.6612169753496,1991.347784793003,0.1764516727618831,0.3746112629380485,0.4489370643000682,0.0,3,-27,nail cutter
802.3583987221671,-223.0,755.0,155.0,1662.5675926108988,1403.0,-781.0,431.0,1983.0973248935616,281.0,-1785.0,817.0,0.0,0.0,0.0,0.0,1112.005829056657,1983.0973248935616,0.0,1983.0973248935616,773.6855214775686,561.444065502415,240.91433321975228,802.3583987221671,-320.52973228266274,860.2091938887318,1180.7389261713945,802.3583987221671,320.52973228266274,1662.5675926108988,1983.0973248935616,0.1803853850754605,0.3737767260674563,0.4458378888570831,0.0,3,-27,nail cutter
794.2883607355707,-182.0,667.0,391.0,1547.610416093146,1340.0,-613.0,473.0,1915.4599969720068,223.0,-1803.0,607.0,0.0,0.0,0.0,0.0,1064.339693450181,1915.4599969720068,0.0,1915.4599969720068,735.4765577136876,581.0689708072157,213.21938992835487,794.2883607355707,-367.8495808788609,753.3220553575752,1121.171636236436,794.2883607355707,367.8495808788609,1547.610416093146,1915.4599969720068,0.186568340357765,0.3635142111153411,0.4499174485268938,0.0,3,-28,nail cutter
795.2094063829979,-187.0,685.0,358.0,1591.5068331615796,1375.0,-638.0,485.0,1907.0694795942804,291.0,-1768.0,653.0,0.0,0.0,0.0,0.0,1073.4464297847144,1907.0694795942804,0.0,1907.0694795942804,740.4419372121287,555.3860264078493,239.82337997514853,795.2094063829979,-315.56264643270083,796.2974267785817,1111.8600732112825,795.2094063829979,315.56264643270083,1591.5068331615796,1907.0694795942804,0.1852000678185872,0.3706535298367812,0.4441464023446316,0.0,3,-27,nail cutter
736.7231501724376,-211.0,672.0,216.0,1672.6870597933134,1416.0,-795.0,401.0,2013.935699072838,272.0,-1852.0,743.0,0.0,0.0,0.0,0.0,1105.8364772596474,2013.935699072838,0.0,2013.935699072838,791.372659094294,538.9858947259811,197.73725544645663,736.7231501724376,-341.24863927952447,935.9639096208758,1277.2125489004002,736.7231501724376,341.24863927952447,1672.6870597933134,2013.935699072838,0.166553366008982,0.3781497296820882,0.4552969043089296,0.0,3,-27,nail cutter
759.7400871350675,-170.0,652.0,351.0,1603.5092765556426,1377.0,-692.0,443.0,1944.1628018249912,272.0,-1808.0,661.0,0.0,0.0,0.0,0.0,1076.8530413789254,1944.1628018249912,0.0,1944.1628018249912,756.598656668751,550.196806202208,209.5432809328595,759.7400871350675,-340.6535252693486,843.7691894205751,1184.422714689924,759.7400871350675,340.6535252693486,1603.5092765556426,1944.1628018249912,0.176379705015786,0.372267434584743,0.4513528603994709,0.0,3,-28,nail cutter
797.699818227383,-248.0,735.0,186.0,1738.4631143627985,1467.0,-822.0,441.0,2001.0132433344863,337.0,-1806.0,793.0,0.0,0.0,0.0,0.0,1134.2940439811669,2001.0132433344863,0.0,2001.0132433344863,793.1174388379383,530.1249735995356,267.5748446278475,797.699818227383,-262.5501289716881,940.7632961354152,1203.3134251071033,797.699818227383,262.5501289716881,1738.4631143627985,2001.0132433344863,0.1758141600187727,0.3831597114494905,0.4410261285317368,0.0,3,-25,nail cutter
759.0052700739304,-226.0,697.0,198.0,1665.8766460935817,1413.0,-776.0,420.0,2007.6050408384613,291.0,-1841.0,746.0,0.0,0.0,0.0,0.0,1108.1217392514932,2007.6050408384613,0.0,2007.6050408384613,785.8079988128433,550.366832409405,208.63843766452533,759.0052700739304,-341.7283947448798,906.871376019651,1248.5997707645308,759.0052700739304,341.7283947448798,1665.8766460935817,2007.6050408384613,0.1712368874259741,0.3758334005835038,0.4529297119905222,0.0,3,-26,nail cutter
780.951342914525,-202.0,685.0,316.0,0.0,0.0,0.0,0.0,1928.8755791911517,281.0,-1792.0,656.0,0.0,0.0,0.0,0.0,677.456730526419,1928.8755791911517,0.0,1928.8755791911517,789.7239253463547,1354.913461052838,-573.9621181383133,780.951342914525,-1928.8755791911517,780.951342914525,1147.9242362766263,780.951342914525,1928.8755791911517,0.0,1928.8755791911517,0.2881923330762708,0.0,0.7118076669237292,0.0,3,-27,nail cutter
788.0444149919471,-258.0,727.0,161.0,1723.7241658687738,1448.0,-840.0,411.0,2034.356409285256,330.0,-1845.0,791.0,0.0,0.0,0.0,0.0,1136.5312475364942,2034.356409285256,0.0,2034.356409285256,800.6297355039594,549.3383292042146,238.7060857877324,788.0444149919471,-310.6322434164822,935.6797508768268,1246.311994293309,788.0444149919471,310.6322434164822,1723.7241658687738,2034.356409285256,0.1733442034040165,0.3791633907129827,0.4474924058830006,0.0,3,-26,nail cutter
769.0786695780868,-233.0,717.0,152.0,1750.9143325702717,1465.0,-876.0,390.0,2064.086722984284,327.0,-1850.0,855.0,0.0,0.0,0.0,0.0,1146.0199312831603,2064.086722984284,0.0,2064.086722984284,816.1173733610502,541.1255299960494,227.95313958203724,769.0786695780868,-313.17239041401217,981.8356629921848,1295.0080534061972,769.0786695780868,313.17239041401217,1750.9143325702717,2064.086722984284,0.1677716609860735,0.3819554714484395,0.4502728675654869,0.0,3,-27,nail cutter
804.4544735409207,-241.0,735.0,221.0,1694.4597959231726,1436.0,-797.0,417.0,1986.4503517581304,315.0,-1822.0,726.0,0.0,0.0,0.0,0.0,1121.341155305556,1986.4503517581304,0.0,1986.4503517581304,780.1765911753574,548.2225146879392,256.2319588529814,804.4544735409207,-291.99055583495783,890.0053223822518,1181.9958782172098,804.4544735409207,291.99055583495783,1694.4597959231726,1986.4503517581304,0.1793509650775534,0.3777752622174664,0.4428737727049801,0.0,3,-26,nail cutter
811.8589779019507,-243.0,705.0,321.0,1668.8870542969646,1428.0,-736.0,452.0,1980.0739885165908,298.0,-1825.0,708.0,0.0,0.0,0.0,0.0,1115.2050051788765,1980.0739885165908,0.0,1980.0739885165908,773.0238006840293,561.5229560607885,250.33602184116216,811.8589779019507,-311.1869342196262,857.028076395014,1168.21501061464,811.8589779019507,311.1869342196262,1668.8870542969646,1980.0739885165908,0.1819976986589407,0.3741211361469093,0.4438811651941499,0.0,3,-28,nail cutter
774.7806141095684,-248.0,715.0,166.0,1746.9026876159987,1462.0,-868.0,401.0,2061.669954187624,335.0,-1863.0,817.0,0.0,0.0,0.0,0.0,1145.8383139782975,2061.669954187624,0.0,2061.669954187624,814.0416501748371,544.7739403405969,230.0066737689715,774.7806141095684,-314.76726657162544,972.1220735064304,1286.8893400780555,774.7806141095684,314.76726657162544,1746.9026876159987,2061.669954187624,0.1690423082946942,0.3811407478492391,0.4498169438560667,0.0,3,-26,nail cutter
781.6725657204556,-248.0,722.0,168.0,1732.1726241919423,1462.0,-837.0,403.0,2019.176812465912,325.0,-1841.0,763.0,0.0,0.0,0.0,0.0,1133.2555005945774,2019.176812465912,0.0,2019.176812465912,798.6608919761463,534.3383769972124,247.33418872324307,781.6725657204556,-287.0041882739695,950.5000584714868,1237.5042467454562,781.6725657204556,287.0041882739695,1732.1726241919423,2019.176812465912,0.172439614303734,0.3821231450637423,0.4454372406325237,0.0,3,-27,nail cutter
802.5540480241814,-197.0,680.0,378.0,1589.3058233077736,1377.0,-690.0,392.0,1951.9285335278032,260.0,-1827.0,636.0,0.0,0.0,0.0,0.0,1085.9471012149395,1951.9285335278032,0.0,1951.9285335278032,752.1446957619723,582.5883791221054,219.965668902076,802.5540480241814,-362.6227102200296,786.7517752835922,1149.3744855036218,802.5540480241814,362.6227102200296,1589.3058233077736,1951.9285335278032,0.1847590106199227,0.3658801201112108,0.4493608692688662,0.0,3,-23,nail cutter
781.510076710467,-258.0,735.0,63.0,1771.1487797472012,1482.0,-888.0,390.0,2036.744952123363,312.0,-1855.0,781.0,0.0,0.0,0.0,0.0,1147.350952145258,2036.744952123363,0.0,2036.744952123363,810.9252694369379,523.5531245433143,257.9569521671526,781.510076710467,-265.5961723761618,989.638703036734,1255.234875412896,781.510076710467,265.5961723761618,1771.1487797472012,2036.744952123363,0.1702857515499594,0.3859213208555756,0.4437929275944648,0.0,3,-25,nail cutter
803.3710226290217,-170.0,712.0,331.0,1602.7513843388188,1386.0,-670.0,446.0,1927.8231246667835,238.0,-1787.0,683.0,0.0,0.0,0.0,0.0,1083.486382908656,1927.8231246667835,0.0,1927.8231246667835,747.487129020639,564.2213814784932,239.14964115052865,803.3710226290217,-325.07174032796456,799.3803617097971,1124.4521020377615,803.3710226290217,325.07174032796456,1602.7513843388188,1927.8231246667835,0.1853671248900112,0.3698134581156844,0.4448194169943042,0.0,3,-27,nail cutter
782.1943492508751,-68.0,550.0,552.0,1562.4938399878574,1355.0,-641.0,441.0,1913.0784092660708,216.0,-1803.0,602.0,0.0,0.0,0.0,0.0,1064.4416496262008,1913.0784092660708,0.0,1913.0784092660708,738.400280702176,566.3894592645443,215.80488998633095,782.1943492508751,-350.5845692782134,780.2994907369823,1130.8840600151957,782.1943492508751,350.5845692782134,1562.4938399878574,1913.0784092660708,0.1837100111418877,0.366974986495633,0.4493150023624792,0.0,3,-27,nail cutter
755.2873625316394,-205.0,725.0,53.0,1642.2658128329897,1408.0,-723.0,438.0,2361.979889838184,320.0,-2018.0,1185.0,0.0,0.0,0.0,0.0,1189.883266300703,2361.979889838184,0.0,2361.979889838184,892.0700995872297,737.5007197684168,17.786642763222517,755.2873625316394,-719.7140770051944,886.9784503013503,1606.692527306545,755.2873625316394,719.7140770051944,1642.2658128329897,2361.979889838184,0.1586893823794572,0.3450476738652533,0.4962629437552894,0.0,3,-27,nail cutter
769.0793197063616,-347.0,685.0,43.0,1530.936314808686,1370.0,-621.0,285.0,2051.962231621236,436.0,-1887.0,678.0,0.0,0.0,0.0,0.0,1087.9944665340709,2051.962231621236,0.0,2051.962231621236,776.348852508486,645.0526182594556,124.02670144690616,769.0793197063616,-521.0259168125494,761.8569951023243,1282.8829119148736,769.0793197063616,521.0259168125494,1530.936314808686,2051.962231621236,0.1767194924612876,0.3517794349831705,0.4715010725555417,0.0,3,-27,nail cutter
754.2804518214693,-335.0,675.0,33.0,1558.2663443712054,1367.0,-577.0,476.0,2141.4151862728536,455.0,-1997.0,625.0,0.0,0.0,0.0,0.0,1113.490495616382,2141.4151862728536,0.0,2141.4151862728536,809.8375862924515,668.7146468615588,85.56580495991057,754.2804518214693,-583.1488419016482,803.985892549736,1387.1347344513842,754.2804518214693,583.1488419016482,1558.2663443712054,2141.4151862728536,0.1693504468136324,0.3498607196257687,0.4807888335605988,0.0,3,-27,nail cutter
856.5535593294794,-360.0,772.0,90.0,1568.161343739859,1367.0,-596.0,485.0,1887.7536915604217,278.0,-1521.0,1083.0,0.0,0.0,0.0,0.0,1078.11714865744,1887.7536915604217,0.0,1887.7536915604217,725.7895106508163,588.0729535750212,268.4806057544582,856.5535593294794,-319.59234782056274,711.6077844103795,1031.2001322309422,856.5535593294794,319.59234782056274,1568.161343739859,1887.7536915604217,0.198622561656711,0.3636342640715488,0.4377431742717402,0.0,3,-26,nail cutter
847.2862562322134,-238.0,805.0,115.0,1653.8860299307205,1381.0,-707.0,573.0,1872.9209807143493,272.0,-1768.0,555.0,0.0,0.0,0.0,0.0,1093.523316719321,1872.9209807143493,0.0,1872.9209807143493,737.8843105739381,533.1606035079211,314.1256527242924,847.2862562322134,-219.0349507836288,806.5997736985071,1025.634724482136,847.2862562322134,219.0349507836288,1653.8860299307205,1872.9209807143493,0.1937055761129439,0.3781094569827152,0.4281849669043407,0.0,3,-26,nail cutter
838.4032442685321,-286.0,770.0,168.0,1602.0955027712923,1386.0,-633.0,495.0,1933.4813161755665,265.0,-1803.0,646.0,0.0,0.0,0.0,0.0,1093.4950158038478,1933.4813161755665,0.0,1933.4813161755665,745.8308457097647,584.8945288364031,253.5087154321292,838.4032442685321,-331.3858134042739,763.6922585027602,1095.078071907034,838.4032442685321,331.3858134042739,1602.0955027712923,1933.4813161755665,0.1916797132477569,0.3662786477342933,0.4420416390179496,0.0,3,-26,nail cutter
863.4245769029279,-197.0,817.0,198.0,1598.712607068575,1367.0,-648.0,517.0,1921.1428890116424,255.0,-1782.0,671.0,0.0,0.0,0.0,0.0,1095.8200182457863,1921.1428890116424,0.0,1921.1428890116424,739.7445421304603,592.9274294229976,270.4971474799303,863.4245769029279,-322.4302819430675,735.288030165647,1057.7183121087146,863.4245769029279,322.4302819430675,1598.712607068575,1921.1428890116424,0.1969813843803286,0.3647297413009097,0.4382888743187617,0.0,3,-26,nail cutter
830.3691949970206,-320.0,752.0,147.0,1603.319681161558,1403.0,-596.0,497.0,2253.970053039747,373.0,-1806.0,1296.0,0.0,0.0,0.0,0.0,1171.9147322995814,2253.970053039747,0.0,2253.970053039747,843.651504010513,740.5097834376049,89.85941155941578,830.3691949970206,-650.6503718781892,772.9504861645374,1423.6008580427265,830.3691949970206,650.6503718781892,1603.319681161558,2253.970053039747,0.1771394223724013,0.3420299354918628,0.4808306421357359,0.0,3,-27,nail cutter
881.1696771904943,-266.0,802.0,250.0,1597.909259000648,1388.0,-613.0,501.0,2096.4260063260044,247.0,-1787.0,1068.0,0.0,0.0,0.0,0.0,1143.8762356292868,2096.4260063260044,0.0,2096.4260063260044,789.1395045000426,689.8432122579254,191.32646493256905,881.1696771904943,-498.5167473253564,716.7395818101537,1215.25632913551,881.1696771904943,498.5167473253564,1597.909259000648,2096.4260063260044,0.192584138419864,0.3492312387540732,0.4581846228260626,0.0,3,-27,nail cutter
765.8172105665947,-370.0,670.0,26.0,1557.788496555293,1360.0,-588.0,481.0,2064.27008891763,441.0,-1901.0,673.0,0.0,0.0,0.0,0.0,1096.9689490098797,2064.27008891763,0.0,2064.27008891763,784.3832767902186,636.1494014644659,129.6678091021288,765.8172105665947,-506.48159236233687,791.9712859886984,1298.4528783510352,765.8172105665947,506.48159236233687,1557.788496555293,2064.27008891763,0.1745302843936053,0.3550211010898138,0.4704486145165807,0.0,3,-28,nail cutter
0.0,0.0,0.0,0.0,0.0,0.0,0.0,0.0,0.0,0.0,0.0,0.0,0.0,0.0,0.0,0.0,0.0,0.0,0.0,0.0,0.0,0.0,0.0,0.0,0.0,0.0,0.0,0.0,0.0,0.0,0.0,0.0,0.0,0.0,0.0,1,-27,key
823.0722933011414,8.0,670.0,478.0,1679.4513985227438,1332.0,-922.0,443.0,1866.0769008805607,-257.0,-1763.0,555.0,0.0,0.0,0.0,0.0,1092.1501481761115,1866.0769008805607,0.0,1866.0769008805607,743.1487427419207,504.84889782947937,318.223395471662,823.0722933011414,-186.62550235781737,856.3791052216025,1043.0046075794198,823.0722933011414,186.62550235781737,1679.4513985227438,1866.0769008805607,0.1884063960151611,0.3844369296033664,0.4271566743814726,0.0,3,-27,key
698.5034001348884,23.0,627.0,307.0,1601.097748421376,1296.0,-863.0,373.0,1873.9060808909287,-368.0,-1792.0,406.0,0.0,0.0,0.0,0.0,1043.3768073617982,1873.9060808909287,0.0,1873.9060808909287,743.0350515685656,485.6558663022205,212.84753383266784,698.5034001348884,-272.8083324695526,902.5943482864876,1175.4026807560404,698.5034001348884,272.8083324695526,1601.097748421376,1873.9060808909287,0.1673660453266806,0.3836336348298242,0.4490003198434951,0.0,3,-27,key
0.0,0.0,0.0,0.0,0.0,0.0,0.0,0.0,1988.188371357201,88.0,-1882.0,635.0,0.0,0.0,0.0,0.0,497.04709283930026,1988.188371357201,0.0,1988.188371357201,860.9108185520728,994.0941856786004,-994.0941856786004,0.0,-1988.188371357201,0.0,1988.188371357201,0.0,1988.188371357201,0.0,1988.188371357201,0.0,0.0,1.0,0.0,3,-28,key
903.3255227214606,13.0,-452.0,782.0,1596.767046253147,1350.0,-741.0,422.0,1986.584254442786,136.0,-1850.0,711.0,0.0,0.0,0.0,0.0,1121.6692058543483,1986.584254442786,0.0,1986.584254442786,754.9191629824185,646.5713654555497,256.75415726591086,903.3255227214606,-389.8172081896389,693.4415235316865,1083.2587317213254,903.3255227214606,389.8172081896389,1596.767046253147,1986.584254442786,0.2013350990663551,0.3558908094113469,0.4427740915222978,0.0,3,-26,key
727.9945054737707,-76.0,-390.0,610.0,1717.280990403143,1423.0,-886.0,373.0,2046.88910300485,163.0,-1885.0,781.0,0.0,0.0,0.0,0.0,1123.041149720441,2046.88910300485,0.0,2046.88910300485,809.9227284343798,528.8013090377389,199.19319643603183,727.9945054737707,-329.60811260170703,989.2864849293724,1318.8945975310794,727.9945054737707,329.60811260170703,1717.280990403143,2046.88910300485,0.1620587334789537,0.3822836302192993,0.455657636301747,0.0,3,-25,key
0.0,0.0,0.0,0.0,0.0,0.0,0.0,0.0,1924.38691535772,11.0,-1838.0,570.0,0.0,0.0,0.0,0.0,481.09672883942994,1924.38691535772,0.0,1924.38691535772,833.2839777050798,962.19345767886,-962.19345767886,0.0,-1924.38691535772,0.0,1924.38691535772,0.0,1924.38691535772,0.0,1924.38691535772,0.0,0.0,1.0,0.0,3,-26,key
537.5667400425737,167.0,-55.0,508.0,1710.64607677918,1357.0,-981.0,350.0,2016.658126703681,18.0,-1831.0,845.0,0.0,0.0,0.0,0.0,1066.2177358813587,2016.658126703681,0.0,2016.658126703681,826.8792171121664,421.7893949835373,115.77734505903628,537.5667400425737,-306.01204992450107,1173.0793367366064,1479.0913866611074,537.5667400425737,306.01204992450107,1710.64607677918,2016.658126703681,0.1260452536925324,0.4011014868752682,0.4728532594321993,0.0,3,-23,key
685.0853961368612,243.0,-57.0,638.0,1605.967932432027,1310.0,-853.0,368.0,1943.93544131486,-57.0,-1790.0,756.0,0.0,0.0,0.0,0.0,1058.747192470937,1943.93544131486,0.0,1943.93544131486,765.4373798260107,511.5264525098472,173.55894362701395,685.0853961368612,-337.96750888283304,920.882536295166,1258.850045177999,685.0853961368612,337.96750888283304,1605.967932432027,1943.93544131486,0.1617679369089961,0.3792142127630981,0.4590178503279057,0.0,3,-25,key
733.5918483734671,256.0,-45.0,686.0,1567.7518936362349,1286.0,-805.0,395.0,1935.194563861732,-40.0,-1763.0,797.0,0.0,0.0,0.0,0.0,1059.1345764678586,1935.194563861732,0.0,1935.194563861732,750.652515435904,550.5172592994822,183.07458907398492,733.5918483734671,-367.4426702254973,834.1600452627678,1201.602715488265,733.5918483734671,367.4426702254973,1567.7518936362349,1935.194563861732,0.1731583182799927,0.3700549317501701,0.4567867499698371,0.0,3,-25,key
356.9439731946738,135.0,40.0,328.0,1816.4275377784825,1388.0,-1136.0,287.0,2094.447898611947,18.0,-1852.0,978.0,0.0,0.0,0.0,0.0,1066.9548523962758,2094.447898611947,0.0,2094.447898611947,902.7678787750712,317.4821670140691,39.461806180604526,356.9439731946738,-278.02036083346457,1459.4835645838086,1737.5039254172732,356.9439731946738,278.02036083346457,1816.4275377784825,2094.447898611947,0.0836361473948529,0.4256102153008079,0.4907536373043392,0.0,3,-25,key
554.1994225908215,197.0,-2.0,518.0,1702.0514093293425,1347.0,-983.0,341.0,2030.17117504904,-21.0,-1827.0,885.0,0.0,0.0,0.0,0.0,1071.605501742301,2030.17117504904,0.0,2030.17117504904,826.4922253933375,441.1595941552596,113.03982843556184,554.1994225908215,-328.11976571969785,1147.8519867385207,1475.9717524582186,554.1994225908215,328.11976571969785,1702.0514093293425,2030.17117504904,0.1292918480004442,0.3970797570939148,0.4736283949056409,0.0,3,-26,key
0.0,0.0,0.0,0.0,1771.356824583912,1386.0,-1055.0,322.0,2029.0436170767744,3.0,-1820.0,897.0,0.0,0.0,0.0,0.0,950.1001104151716,2029.0436170767744,0.0,2029.0436170767744,954.4582391016794,128.8433962464312,-128.8433962464312,0.0,-257.6867924928624,1771.356824583912,2029.0436170767744,0.0,257.6867924928624,1771.356824583912,2029.0436170767744,0.0,0.4660974157265044,0.5339025842734956,0.0,3,-25,key
606.6086052802086,207.0,-15.0,570.0,1667.1874519681342,1345.0,-917.0,360.0,2006.0982029801037,-21.0,-1817.0,850.0,0.0,0.0,0.0,0.0,1069.9735650571115,2006.0982029801037,0.0,2006.0982029801037,805.0689846708635,472.7596781460889,133.84892713411955,606.6086052802086,-338.9107510119693,1060.5788466879255,1399.4895976998948,606.6086052802086,338.9107510119693,1667.1874519681342,2006.0982029801037,0.1417344841710715,0.3895394022840053,0.4687261135449231,0.0,3,-25,key
396.2991294464322,130.0,32.0,373.0,1802.1154236063796,1396.0,-1100.0,298.0,2083.503539713816,47.0,-1847.0,963.0,0.0,0.0,0.0,0.0,1070.4795231916569,2083.503539713816,0.0,2083.503539713816,889.0942528367638,338.84362277693435,57.455506669497936,396.2991294464322,-281.3881161074364,1405.8162941599471,1687.2044102673835,396.2991294464322,281.3881161074364,1802.1154236063796,2083.503539713816,0.0925517772317722,0.4208663931826867,0.4865818295855409,0.0,3,-24,key
627.9410800385654,221.0,-30.0,587.0,1618.7924511808176,1312.0,-876.0,363.0,1959.878057431125,-73.0,-1793.0,788.0,0.0,0.0,0.0,0.0,1051.652897162627,1959.878057431125,0.0,1959.878057431125,779.7476732183643,484.5133431444364,143.42773689412888,627.9410800385654,-341.08560625030736,990.8513711422522,1331.9369773925596,627.9410800385654,341.08560625030736,1618.7924511808176,1959.878057431125,0.1492747944052544,0.3848209935874138,0.4659042120073318,0.0,3,-26,key
604.647004457973,223.0,-5.0,562.0,1649.1613019956535,1330.0,-903.0,368.0,1966.1263947162704,-47.0,-1790.0,812.0,0.0,0.0,0.0,0.0,1054.9836752924743,1966.1263947162704,0.0,1966.1263947162704,790.4147296618296,460.8060485892949,143.8409558686781,604.647004457973,-316.9650927206169,1044.5142975376807,1361.4793902582976,604.647004457973,316.9650927206169,1649.1613019956535,1966.1263947162704,0.1432834977968607,0.3908025642051889,0.4659139379979503,0.0,3,-26,key
462.6218758338175,145.0,45.0,437.0,1741.1668501324048,1381.0,-1001.0,350.0,0.0,0.0,0.0,0.0,0.0,0.0,0.0,0.0,550.9471814915555,1741.1668501324048,0.0,1741.1668501324048,712.6552134142505,-639.2724871492936,1101.894362983111,462.6218758338175,1741.1668501324048,1278.5449742985872,462.6218758338175,462.6218758338175,1741.1668501324048,1741.1668501324048,0.0,0.209921155500506,0.7900788444994941,0.0,0.0,2,-25,key
593.7246836708072,197.0,-10.0,560.0,1659.4725065514042,1325.0,-932.0,360.0,1983.5478315382263,-33.0,-1798.0,837.0,0.0,0.0,0.0,0.0,1059.186255440109,1983.5478315382263,0.0,1983.5478315382263,798.9552404776874,458.9000043288146,134.82467934199246,593.7246836708072,-324.0753249868221,1065.7478228805971,1389.8231478674193,593.7246836708072,324.0753249868221,1659.4725065514042,1983.5478315382263,0.1401369873856852,0.3916857158096963,0.4681772968046185,0.0,3,-26,key
506.16696849952586,170.0,27.0,476.0,1716.4967229796855,1357.0,-996.0,336.0,2025.88894068752,-1.0,-1815.0,900.0,0.0,0.0,0.0,0.0,1062.1381580416828,2025.88894068752,0.0,2025.88894068752,835.7993378986498,407.7795931036799,98.387375395846,506.16696849952586,-309.3922177078339,1210.32975448016,1519.7219721879935,506.16696849952586,309.3922177078339,1716.4967229796855,2025.88894068752,0.1191386837642598,0.404019173490687,0.4768421427450531,0.0,3,-25,key
426.88171663822754,140.0,32.0,402.0,1768.884959515457,1383.0,-1052.0,331.0,2068.154733089379,8.0,-1836.0,952.0,0.0,0.0,0.0,0.0,1065.980352310766,2068.154733089379,0.0,2068.154733089379,872.2370024754829,363.0757451060749,63.80597153215285,426.88171663822754,-299.26977357392207,1342.0032428772297,1641.2730164511515,426.88171663822754,299.26977357392207,1768.884959515457,2068.154733089379,0.1001148181842329,0.4148493346244558,0.4850358471913112,0.0,3,-25,key
598.2248741067192,218.0,-10.0,557.0,1634.5084888124625,1325.0,-888.0,357.0,1968.3447360663224,-76.0,-1803.0,786.0,0.0,0.0,0.0,0.0,1050.269524746376,1968.3447360663224,0.0,1968.3447360663224,789.2413606679654,466.0305606802897,132.19431342642963,598.2248741067192,-333.83624725385994,1036.2836147057433,1370.1198619596032,598.2248741067192,333.83624725385994,1634.5084888124625,1968.3447360663224,0.1423979416738721,0.3890688176463968,0.4685332406797311,0.0,3,-27,key
0.0,0.0,0.0,0.0,0.0,0.0,0.0,0.0,0.0,0.0,0.0,0.0,0.0,0.0,0.0,0.0,0.0,0.0,0.0,0.0,0.0,0.0,0.0,0.0,0.0,0.0,0.0,0.0,0.0,0.0,0.0,0.0,0.0,0.0,0.0,1,-28,key
653.5663700038428,-243.0,600.0,90.0,1720.830613395752,1448.0,-827.0,425.0,2302.964611104565,71.0,-1901.0,1298.0,0.0,0.0,0.0,0.0,1169.34039862604,2302.964611104565,0.0,2302.964611104565,897.5835794738526,617.850183856328,35.71618614751492,653.5663700038428,-582.133997708813,1067.264243391909,1649.398241100722,653.5663700038428,582.133997708813,1720.830613395752,2302.964611104565,0.13972970804134,0.3679062605332258,0.4923640314254341,0.0,3,-28,key
759.4260991037903,-190.0,462.0,572.0,1638.67293869155,1428.0,-672.0,441.0,0.0,0.0,0.0,0.0,0.0,0.0,0.0,0.0,599.5247594488351,1638.67293869155,0.0,1638.67293869155,675.3253384908761,-439.6234197938798,1199.0495188976702,759.4260991037903,1638.67293869155,879.2468395877596,759.4260991037903,759.4260991037903,1638.67293869155,1638.67293869155,0.0,0.3166783719666383,0.6833216280333616,0.0,0.0,2,-28,key
0.0,0.0,0.0,0.0,0.0,0.0,0.0,0.0,0.0,0.0,0.0,0.0,0.0,0.0,0.0,0.0,0.0,0.0,0.0,0.0,0.0,0.0,0.0,0.0,0.0,0.0,0.0,0.0,0.0,0.0,0.0,0.0,0.0,0.0,0.0,1,-28,key
699.3353987894507,-271.0,627.0,150.0,0.0,0.0,0.0,0.0,0.0,0.0,0.0,0.0,0.0,0.0,0.0,0.0,174.83384969736267,699.3353987894507,0.0,699.3353987894507,302.82111055869274,349.66769939472533,349.66769939472533,699.3353987894507,0.0,699.3353987894507,699.3353987894507,699.3353987894507,0.0,0.0,0.0,1.0,0.0,0.0,0.0,1,-28,key
675.7107369281622,-226.0,625.0,122.0,1703.5407244911992,1401.0,-863.0,441.0,2869.5727905038407,112.0,-2248.0,1780.0,0.0,0.0,0.0,0.0,1312.2060629808009,2869.5727905038407,0.0,2869.5727905038407,1084.6134095964455,920.8714014704018,-245.1606645422396,675.7107369281622,-1166.0320660126415,1027.8299875630369,2193.8620535756786,675.7107369281622,1166.0320660126415,1703.5407244911992,2869.5727905038407,0.1287356376393394,0.3245566326338724,0.546707729726788,0.0,3,-27,key
760.265085348525,-367.0,665.0,33.0,1568.5799310204118,1377.0,-545.0,517.0,2070.93746887732,443.0,-1913.0,658.0,0.0,0.0,0.0,0.0,1099.945621311564,2070.93746887732,0.0,2070.93746887732,788.6232498205446,631.3113116027167,128.95377374580835,760.265085348525,-502.35753785690827,808.3148456718868,1310.672383528795,760.265085348525,502.35753785690827,1568.5799310204118,2070.93746887732,0.1727960616002981,0.356513063152625,0.470690875247077,0.0,3,-27,key
759.3839608524794,-372.0,662.0,6.0,1564.5075902660235,1372.0,-582.0,476.0,2055.9995136186194,457.0,-1878.0,701.0,0.0,0.0,0.0,0.0,1094.9727661842803,2055.9995136186194,0.0,2055.9995136186194,783.5209897091108,625.4379421025377,133.9460187499417,759.3839608524794,-491.4919233525959,805.1236294135441,1296.61555276614,759.3839608524794,491.4919233525959,1564.5075902660235,2055.9995136186194,0.1733796456643282,0.3572023977632704,0.4694179565724014,0.0,3,-27,key
806.5141040304255,-421.0,682.0,90.0,1623.9424250877862,1433.0,-596.0,478.0,1444.1779668725042,720.0,-865.0,905.0,0.0,0.0,0.0,0.0,968.6586239976788,1623.9424250877862,0.0,1623.9424250877862,636.4168996459185,313.3748229075717,493.1392811228537,806.5141040304255,179.76445821528205,817.4283210573607,637.6638628420786,806.5141040304255,179.76445821528205,1623.9424250877862,1444.1779668725042,0.2081523056858569,0.4191214492020249,0.3727262451121182,0.0,2,-27,key
677.0361881022313,-288.0,605.0,97.0,1558.935534266892,1360.0,-606.0,462.0,2091.991395775805,438.0,-1930.0,678.0,0.0,0.0,0.0,0.0,1081.990779536232,2091.991395775805,0.0,2091.991395775805,803.4721233487675,605.0460248055721,71.99016329665915,677.0361881022313,-533.0558615089128,881.8993461646608,1414.9552076735736,677.0361881022313,533.0558615089128,1558.935534266892,2091.991395775805,0.1564329846674908,0.3602007437935586,0.4833662715389507,0.0,3,-28,key
836.0346882755524,-448.0,585.0,-395.0,1577.5011885890926,1383.0,-611.0,450.0,2102.1251152107952,445.0,-1933.0,696.0,0.0,0.0,0.0,0.0,1128.91524801886,2102.1251152107952,0.0,2102.1251152107952,791.9273090319057,680.3293074486276,155.70538082692497,836.0346882755524,-524.6239266217026,741.4665003135402,1266.0904269352427,836.0346882755524,524.6239266217026,1577.5011885890926,2102.1251152107952,0.1851411542502226,0.3493400393336565,0.4655188064161209,0.0,3,-28,key
803.3498615173839,-501.0,607.0,161.0,1612.3318516980305,1423.0,-613.0,446.0,2480.138907400148,535.0,-2092.0,1220.0,0.0,0.0,0.0,0.0,1223.9551551538907,2480.138907400148,0.0,2480.138907400148,922.4707465129806,835.5784586097508,-32.228597092366726,803.3498615173839,-867.8070557021176,808.9819901806466,1676.7890458827642,803.3498615173839,867.8070557021176,1612.3318516980305,2480.138907400148,0.1640889084323471,0.3293282120894593,0.5065828794781935,0.0,3,-27,key
907.9350197013,-511.0,635.0,400.0,1656.0307968150837,1453.0,-670.0,427.0,2421.656664351906,218.0,-2156.0,1081.0,0.0,0.0,0.0,0.0,1246.4056202170725,2421.656664351906,0.0,2421.656664351906,896.8134030506542,836.7804436190612,71.15457608223892,907.9350197013,-765.6258675368224,748.0957771137835,1513.721644650606,907.9350197013,765.6258675368224,1656.0307968150837,2421.656664351906,0.1821106638509812,0.3321612904245953,0.4857280457244234,0.0,3,-27,key
936.6424077522862,-167.0,767.0,511.0,0.0,0.0,0.0,0.0,2083.1423379116463,187.0,-1952.0,703.0,0.0,0.0,0.0,0.0,754.9461864159831,2083.1423379116463,0.0,2083.1423379116463,856.8847679915682,1509.8923728319662,-573.2499650796801,936.6424077522862,-2083.1423379116463,936.6424077522862,1146.4999301593602,936.6424077522862,2083.1423379116463,0.0,2083.1423379116463,0.310168600294176,0.0,0.6898313997058241,0.0,3,-26,key
1347.8772199276907,-8.0,1150.0,703.0,1622.83856251939,1362.0,-756.0,455.0,2065.804927867101,185.0,-1938.0,691.0,0.0,0.0,0.0,0.0,1259.1301775785455,2065.804927867101,0.0,2065.804927867101,770.7614390400057,895.4217926377012,452.45542728998953,1347.8772199276907,-442.9663653477114,274.9613425916993,717.9277079394108,1347.8772199276907,442.9663653477114,1622.83856251939,2065.804927867101,0.2676207043420673,0.3222142141093581,0.4101650815485746,0.0,3,-26,key
0.0,0.0,0.0,0.0,0.0,0.0,0.0,0.0,2103.859548544056,185.0,-1920.0,840.0,0.0,0.0,0.0,0.0,525.964887136014,2103.859548544056,0.0,2103.859548544056,910.9979075168064,1051.929774272028,-1051.929774272028,0.0,-2103.859548544056,0.0,2103.859548544056,0.0,2103.859548544056,0.0,2103.859548544056,0.0,0.0,1.0,0.0,3,-26,key
1112.1124043908512,-392.0,787.0,681.0,1691.2456947469225,1458.0,-718.0,468.0,2138.286463502961,205.0,-1938.0,880.0,0.0,0.0,0.0,0.0,1235.4111406601835,2138.286463502961,0.0,2138.286463502961,800.6891179057599,779.576586573445,332.53581781740627,1112.1124043908512,-447.0407687560387,579.133290356071,1026.1740591121095,1112.1124043908512,447.0407687560387,1691.2456947469225,2138.286463502961,0.2250490480028689,0.342243492689233,0.4327074593078979,0.0,3,-26,key
1240.7654895265262,-243.0,835.0,885.0,1698.5408443720155,1458.0,-771.0,406.0,2098.069588931692,168.0,-1946.0,766.0,0.0,0.0,0.0,0.0,1259.3439807075586,2098.069588931692,0.0,2098.069588931692,787.8208795504473,820.1471170431012,420.618372483425,1240.7654895265262,-399.5287445596764,457.7753548454896,857.304099405166,1240.7654895265262,399.5287445596764,1698.5408443720155,2098.069588931692,0.2463118712072229,0.3371876291133928,0.4165004996793843,0.0,3,-26,key
1300.4945213264068,-211.0,947.0,866.0,1699.0023543244429,1462.0,-766.0,403.0,2111.529066813905,163.0,-1955.0,781.0,0.0,0.0,0.0,0.0,1277.756485616189,2111.529066813905,0.0,2111.529066813905,791.486489755679,856.5106169079345,443.9839044184723,1300.4945213264068,-412.52671248946217,398.50783299803606,811.0345454874982,1300.4945213264068,412.52671248946217,1699.0023543244429,2111.529066813905,0.254448820249825,0.3324190433486846,0.4131321364014904,0.0,3,-26,key
1311.723675169431,-213.0,895.0,935.0,1694.897637027086,1443.0,-795.0,398.0,2086.9357920166112,143.0,-1936.0,766.0,0.0,0.0,0.0,0.0,1273.3892760532822,2086.9357920166112,0.0,2086.9357920166112,784.6204506845958,851.8809150794782,459.8427600899531,1311.723675169431,-392.0381549895251,383.1739618576548,775.2121168471799,1311.723675169431,392.0381549895251,1694.897637027086,2086.9357920166112,0.2575260566107015,0.3327532414675697,0.4097207019217287,0.0,3,-25,key
0.0,0.0,0.0,0.0,1709.0046810936476,1448.0,-832.0,363.0,2065.60911113405,172.0,-1946.0,671.0,0.0,0.0,0.0,0.0,943.6534480569244,2065.60911113405,0.0,2065.60911113405,952.038691425027,178.3022150202013,-178.3022150202013,0.0,-356.6044300404026,1709.0046810936476,2065.60911113405,0.0,356.6044300404026,1709.0046810936476,2065.60911113405,0.0,0.4527627924776455,0.5472372075223545,0.0,3,-26,key
680.6305899678621,-345.0,432.0,397.0,1807.395916781932,1530.0,-876.0,398.0,1880.08643418328,47.0,-1696.0,810.0,0.0,0.0,0.0,0.0,1092.0282352332683,1880.08643418328,0.0,1880.08643418328,789.7088599308694,376.66055368460513,303.97003628325706,680.6305899678621,-72.69051740134796,1126.7653268140698,1199.4558442154178,680.6305899678621,72.69051740134796,1807.395916781932,1880.08643418328,0.1558179926140995,0.4137704178490984,0.4304115895368022,0.0,3,-26,key
732.0696688157487,-311.0,422.0,511.0,1763.505032598433,1505.0,-830.0,395.0,0.0,0.0,0.0,0.0,0.0,0.0,0.0,0.0,623.8936753535454,1763.505032598433,0.0,1763.505032598433,722.651839998934,-515.7176818913422,1247.7873507070908,732.0696688157487,1763.505032598433,1031.4353637826844,732.0696688157487,732.0696688157487,1763.505032598433,1763.505032598433,0.0,0.2933471269767652,0.7066528730232349,0.0,0.0,2,-26,key
733.0293309274875,-298.0,412.0,528.0,1766.003680630366,1510.0,-830.0,387.0,1887.542582301125,76.0,-1696.0,825.0,0.0,0.0,0.0,0.0,1096.6438984647448,1887.542582301125,0.0,1887.542582301125,775.9520990113028,427.2841162991233,305.74521462836424,733.0293309274875,-121.53890167075906,1032.9743497028785,1154.5132513736376,733.0293309274875,121.53890167075906,1766.003680630366,1887.542582301125,0.1671074201830005,0.4025927840164653,0.430299795800534,0.0,3,-26,key
653.2082363228437,-365.0,440.0,316.0,1925.442546533134,1593.0,-1028.0,336.0,2036.6975720513835,127.0,-1782.0,978.0,0.0,0.0,0.0,0.0,1153.8370887268402,2036.6975720513835,0.0,2036.6975720513835,859.7655044710561,382.23163092054654,270.9766054022973,653.2082363228437,-111.25502551824934,1272.2343102102902,1383.4893357285396,653.2082363228437,111.25502551824934,1925.442546533134,2036.6975720513835,0.1415295631213421,0.4171824959834004,0.4412879408952574,0.0,3,-25,key
742.6291133533616,-317.0,415.0,528.0,1728.9881433948583,1500.0,-758.0,406.0,1843.713914901116,13.0,-1686.0,746.0,0.0,0.0,0.0,0.0,1078.832792912334,1843.713914901116,0.0,1843.713914901116,755.7542953480138,428.6774424298096,313.9516709235519,742.6291133533616,-114.72577150625762,986.3590300414968,1101.0848015477543,742.6291133533616,114.72577150625762,1728.9881433948583,1843.713914901116,0.1720908740984358,0.4006617510039287,0.4272473748976353,0.0,3,-27,key
759.2858486762412,-335.0,427.0,531.0,1797.1933674482557,1548.0,-832.0,376.0,1934.3169337003696,62.0,-1733.0,857.0,0.0,0.0,0.0,0.0,1122.6990374562165,1934.3169337003696,0.0,1934.3169337003696,791.5472956778292,448.20470746417766,311.0811412120636,759.2858486762412,-137.1235662521142,1037.907518772014,1175.0310850241283,759.2858486762412,137.1235662521142,1797.1933674482557,1934.3169337003696,0.169075999743576,0.4001948223631444,0.4307291778932796,0.0,3,-26,key
705.5763601482124,-365.0,577.0,178.0,1924.3435244259276,1616.0,-991.0,331.0,2067.67308828064,102.0,-1808.0,998.0,0.0,0.0,0.0,0.0,1174.398243213695,2067.67308828064,0.0,2067.67308828064,860.1399690379391,424.45296200146265,281.1233981467499,705.5763601482124,-143.32956385471266,1218.767164277715,1362.0967281324276,705.5763601482124,143.32956385471266,1924.3435244259276,2067.67308828064,0.1501995520313088,0.4096445851196176,0.4401558628490735,0.0,3,-25,key
709.1191719309245,-355.0,565.0,240.0,1869.8858253914864,1578.0,-942.0,345.0,2075.144814223817,33.0,-1831.0,976.0,0.0,0.0,0.0,0.0,1163.5374528865568,2075.144814223817,0.0,2075.144814223817,850.0399083162291,457.1890803816275,251.930091549297,709.1191719309245,-205.2589888323305,1160.766653460562,1366.0256422928924,709.1191719309245,205.2589888323305,1869.8858253914864,2075.144814223817,0.1523627731474627,0.4017674336035742,0.4458697932489631,0.0,3,-26,key
708.3537251966703,-298.0,535.0,356.0,1794.201772376786,1548.0,-830.0,366.0,1957.3895882015925,57.0,-1750.0,875.0,0.0,0.0,0.0,0.0,1114.9862714437622,1957.3895882015925,0.0,1957.3895882015925,803.0444349423866,435.7707705107383,272.5829546859319,708.3537251966703,-163.18781582480642,1085.8480471801158,1249.0358630049222,708.3537251966703,163.18781582480642,1794.201772376786,1957.3895882015925,0.1588256607589088,0.4022923461769462,0.438881993064145,0.0,3,-27,key
703.6888516951224,-320.0,567.0,267.0,1768.2166156893786,1505.0,-853.0,366.0,1971.545586589364,28.0,-1768.0,872.0,0.0,0.0,0.0,0.0,1110.8627634934664,1971.545586589364,0.0,1971.545586589364,801.9812470897677,453.5089112975541,250.17994039756852,703.6888516951224,-203.3289708999855,1064.5277639942562,1267.8567348942418,703.6888516951224,203.3289708999855,1768.2166156893786,1971.545586589364,0.1583653883316211,0.3979376827180368,0.4436969289503419,0.0,3,-27,key
680.0544095879388,-268.0,575.0,245.0,1751.071100783746,1500.0,-835.0,345.0,2021.5652351581437,-1.0,-1850.0,815.0,0.0,0.0,0.0,0.0,1113.172686382457,2021.5652351581437,0.0,2021.5652351581437,815.2969215519361,475.2742719811682,204.78013760677072,680.0544095879388,-270.4941343743974,1071.0166911958072,1341.5108255702046,680.0544095879388,270.4941343743974,1751.071100783746,2021.5652351581437,0.1527288663086838,0.3932613336198324,0.4540098000714838,0.0,3,-26,key
1140.4678864395964,-43.0,897.0,703.0,1631.7248542569914,1386.0,-761.0,403.0,2056.49653537272,83.0,-1960.0,617.0,0.0,0.0,0.0,0.0,1207.172319017327,2056.49653537272,0.0,2056.49653537272,768.6532002134182,782.6197837776624,357.84810266193404,1140.4678864395964,-424.7716811157284,491.256967817395,916.0286489331232,1140.4678864395964,424.7716811157284,1631.7248542569914,2056.49653537272,0.2361858096961604,0.3379229353902975,0.4258912549135419,0.0,3,-27,key
1043.7609879661147,-3.0,802.0,668.0,1696.327209001848,1467.0,-746.0,411.0,0.0,0.0,0.0,0.0,0.0,0.0,0.0,0.0,685.0220492419908,1696.327209001848,0.0,1696.327209001848,722.8316138993255,-326.2831105178667,1370.0440984839815,1043.7609879661147,1696.327209001848,652.5662210357334,1043.7609879661147,1043.7609879661147,1696.327209001848,1696.327209001848,0.0,0.3809224057536124,0.6190775942463875,0.0,0.0,2,-28,key
1011.1350058226648,-835.0,295.0,488.0,1660.557436525458,1467.0,-641.0,441.0,3082.4863341140704,221.0,-2600.0,1641.0,0.0,0.0,0.0,0.0,1438.5446941155485,3082.4863341140704,0.0,3082.4863341140704,1118.4725803666372,1216.531951705639,-205.396945882974,1011.1350058226648,-1421.9288975886125,649.4224307027932,2071.351328291405,1011.1350058226648,1421.9288975886125,1660.557436525458,3082.4863341140704,0.1757218614685334,0.288582871863152,0.5356952666683146,0.0,3,-28,key
1140.1350797164343,-812.0,300.0,742.0,1681.0261746921135,1482.0,-670.0,425.0,2783.879666939647,175.0,-2425.0,1356.0,0.0,0.0,0.0,0.0,1401.2602303370486,2783.879666939647,0.0,2783.879666939647,1002.6991158247628,1121.494285981984,18.640793734450423,1140.1350797164343,-1102.8534922475335,540.8910949756792,1643.7445872232126,1140.1350797164343,1102.8534922475335,1681.0261746921135,2783.879666939647,0.2034124452818793,0.299913274190293,0.4966742805278277,0.0,3,-27,key
763.3328238717369,-377.0,662.0,48.0,1559.4976755352989,1372.0,-575.0,468.0,2082.3001704845533,467.0,-1922.0,651.0,0.0,0.0,0.0,0.0,1101.2826674728972,2082.3001704845533,0.0,2082.3001704845533,790.4729510386677,643.0676594104956,120.26516446124128,763.3328238717369,-522.8024949492544,796.164851663562,1318.9673466128163,763.3328238717369,522.8024949492544,1559.4976755352989,2082.3001704845533,0.1732826744707036,0.3540184826285025,0.4726988429007939,0.0,3,-26,key
680.0647028040788,-172.0,650.0,102.0,1612.019230654523,1362.0,-741.0,441.0,2207.861861620876,-105.0,-2002.0,925.0,0.0,0.0,0.0,0.0,1124.9864487698694,2207.861861620876,0.0,2207.861861620876,847.5508775785428,637.953666885216,42.11103591886285,680.0647028040788,-595.842630966353,931.9545278504442,1527.797158816797,680.0647028040788,595.842630966353,1612.019230654523,2207.861861620876,0.1511273099217559,0.3582308107838111,0.4906418792944329,0.0,3,-27,key
679.6300464223165,-152.0,652.0,117.0,1624.617185677906,1388.0,-726.0,431.0,2225.847029784392,65.0,-1987.0,1001.0,0.0,0.0,0.0,0.0,1132.5235654711537,2225.847029784392,0.0,2225.847029784392,855.1658457004147,640.4299452644011,39.20010115791524,679.6300464223165,-601.2298441064859,944.9871392555896,1546.2169833620756,679.6300464223165,601.2298441064859,1624.617185677906,2225.847029784392,0.150025586032635,0.3586276778713277,0.4913467360960371,0.0,3,-27,key
0.0,0.0,0.0,0.0,0.0,0.0,0.0,0.0,2354.578093841867,163.0,-2062.0,1125.0,0.0,0.0,0.0,0.0,588.6445234604668,2354.578093841867,0.0,2354.578093841867,1019.5622222306984,1177.2890469209335,-1177.2890469209335,0.0,-2354.578093841867,0.0,2354.578093841867,0.0,2354.578093841867,0.0,2354.578093841867,0.0,0.0,1.0,0.0,3,-26,key
703.6405332270165,-145.0,657.0,206.0,1650.6586564156746,1396.0,-753.0,457.0,2885.32476508278,315.0,-2385.0,1593.0,0.0,0.0,0.0,0.0,1309.905988681368,2885.32476508278,0.0,2885.32476508278,1081.8350386342129,969.153320947061,-265.51278772004457,703.6405332270165,-1234.6661086671056,947.018123188658,2181.684231855764,703.6405332270165,1234.6661086671056,1650.6586564156746,2885.32476508278,0.1342921819021807,0.3150338021733394,0.5506740159244798,0.0,3,-27,key
683.6848689271981,-150.0,642.0,181.0,1639.3538361195854,1396.0,-731.0,452.0,2567.183086575634,301.0,-1962.0,1628.0,0.0,0.0,0.0,0.0,1222.5554479056043,2567.183086575634,0.0,2567.183086575634,970.4081238305496,805.7570596916233,-122.0721907644254,683.6848689271981,-927.8292504560488,955.6689671923872,1883.498217648436,683.6848689271981,927.8292504560488,1639.3538361195854,2567.183086575634,0.1398065155446402,0.3352309784656414,0.5249625059897182,0.0,3,-28,key
645.6214060887387,-127.0,627.0,87.0,1615.546347215084,1342.0,-751.0,495.0,2210.3857129469507,42.0,-1960.0,1021.0,0.0,0.0,0.0,0.0,1117.8883665626934,2210.3857129469507,0.0,2210.3857129469507,853.5110426372896,620.2303859103027,25.391020178436065,645.6214060887387,-594.8393657318668,969.9249411263452,1564.764306858212,645.6214060887387,594.8393657318668,1615.546347215084,2210.3857129469507,0.1443841409840208,0.3612942033251942,0.4943216556907849,0.0,3,-28,key
630.8803373065291,-91.0,620.0,73.0,1577.7211413934974,1350.0,-680.0,452.0,2086.8545708793413,257.0,-1948.0,703.0,0.0,0.0,0.0,0.0,1073.864012394842,2086.8545708793413,0.0,2086.8545708793413,810.7774558306679,570.0068833961864,60.87345391034273,630.8803373065291,-509.1334294858439,946.8408040869684,1455.9742335728122,630.8803373065291,509.1334294858439,1577.7211413934974,2086.8545708793413,0.146871561488403,0.3673000312849191,0.4858284072266776,0.0,3,-28,key
659.8855961452713,-263.0,582.0,166.0,1579.051930748321,1360.0,-667.0,446.0,2171.51306696506,312.0,-1965.0,870.0,0.0,0.0,0.0,0.0,1102.612648464663,2171.51306696506,0.0,2171.51306696506,833.8621573412129,626.1733661810051,33.71222996426627,659.8855961452713,-592.4611362167389,919.1663346030496,1511.6274708197884,659.8855961452713,592.4611362167389,1579.051930748321,2171.51306696506,0.1496186346728679,0.3580250809173733,0.4923562844097587,0.0,3,-27,key
1409.5729849851691,-160.0,420.0,1336.0,1601.9032430206264,1401.0,-638.0,443.0,2247.0233643645097,436.0,-1973.0,983.0,0.0,0.0,0.0,0.0,1314.6248980925764,2247.0233643645097,0.0,2247.0233643645097,819.9313247553622,1027.346553164526,382.22643182064303,1409.5729849851691,-645.1201213438833,192.3302580354573,837.4503793793406,1409.5729849851691,645.1201213438833,1601.9032430206264,2247.0233643645097,0.2680561175720837,0.3046312384134953,0.4273126440144209,0.0,3,-27,key
736.6308437745463,-266.0,635.0,262.0,0.0,0.0,0.0,0.0,2171.997467770163,472.0,-1758.0,1185.0,0.0,0.0,0.0,0.0,727.1570778861774,2171.997467770163,0.0,2171.997467770163,886.7311227649766,1454.3141557723548,-717.6833119978083,736.6308437745463,-2171.997467770163,736.6308437745463,1435.3666239956167,736.6308437745463,2171.997467770163,0.0,2171.997467770163,0.25325712496532,0.0,0.7467428750346798,0.0,3,-27,key
674.7399499066288,-200.0,625.0,157.0,1622.36309129615,1411.0,-665.0,446.0,2122.439634006112,465.0,-1922.0,771.0,0.0,0.0,0.0,0.0,1104.8856688022229,2122.439634006112,0.0,2122.439634006112,822.9514924194892,587.4082463082954,87.33170359833343,674.7399499066288,-500.0765427099621,947.6231413895212,1447.6996840994834,674.7399499066288,500.0765427099621,1622.36309129615,2122.439634006112,0.1526718937892679,0.3670884547391475,0.4802396514715845,0.0,3,-27,key
756.8315532534303,-365.0,660.0,63.0,1516.6390473675667,1332.0,-483.0,541.0,2038.702773824571,441.0,-1882.0,648.0,0.0,0.0,0.0,0.0,1078.0433436113922,2038.702773824571,0.0,2038.702773824571,771.4575810082952,639.4476398552173,117.38391339821304,756.8315532534303,-522.0637264570043,759.8074941141364,1281.8712205711408,756.8315532534303,522.0637264570043,1516.6390473675667,2038.702773824571,0.1755104648014619,0.3517110551155811,0.4727784800829568,0.0,3,-26,key
852.4042468218938,-382.0,670.0,363.0,1617.2346768481066,1426.0,-626.0,436.0,2366.058748214,503.0,-1981.0,1192.0,0.0,0.0,0.0,0.0,1208.924417971,2366.058748214,0.0,2366.058748214,879.5285678324944,800.6141590938937,51.79008772800034,852.4042468218938,-748.8240713658934,764.8304300262128,1513.654501392106,852.4042468218938,748.8240713658934,1617.2346768481066,2366.058748214,0.1762732711306567,0.3344366804093498,0.4892900484599934,0.0,3,-28,key
643.3296200238258,-142.0,610.0,147.0,1604.2079042318674,1347.0,-743.0,455.0,2216.757541996869,102.0,-1927.0,1091.0,0.0,0.0,0.0,0.0,1116.0737665631405,2216.757541996869,0.0,2216.757541996869,854.2375826370346,627.9396288944135,15.38999112941201,643.3296200238258,-612.5496377650015,960.8782842080416,1573.427921973043,643.3296200238258,612.5496377650015,1604.2079042318674,2216.757541996869,0.1441055330072195,0.3593418177841185,0.496552649208662,0.0,3,-27,key
638.9084441451686,-170.0,602.0,130.0,1607.811556122172,1375.0,-712.0,433.0,2174.3284020588976,426.0,-1932.0,902.0,0.0,0.0,0.0,0.0,1105.2621005815597,2174.3284020588976,0.0,2174.3284020588976,841.8059093508659,602.7126450409472,36.19579910422135,638.9084441451686,-566.5168459367258,968.9031119770032,1535.419957913729,638.9084441451686,566.5168459367258,1607.811556122172,2174.3284020588976,0.1445151434689093,0.3636720093985364,0.4918128471325543,0.0,3,-28,key
762.1745206971957,-322.0,595.0,351.0,1615.0383896366054,1416.0,-638.0,443.0,2107.260543929013,467.0,-1863.0,867.0,0.0,0.0,0.0,0.0,1121.1183635657037,2107.260543929013,0.0,2107.260543929013,806.5637698754879,627.1983374948019,134.97618320239394,762.1745206971957,-492.2221542924078,852.8638689394097,1345.0860232318175,762.1745206971957,492.2221542924078,1615.0383896366054,2107.260543929013,0.169958531022788,0.3601400267184981,0.469901442258714,0.0,3,-27,key
706.4672674653795,-426.0,532.0,186.0,1566.465448070911,1357.0,-643.0,446.0,2136.480049052647,221.0,-1941.0,865.0,0.0,0.0,0.0,0.0,1102.3531911472342,2136.480049052647,0.0,2136.480049052647,814.9734302218134,638.2409342235576,68.22633324182175,706.4672674653795,-570.0146009817358,859.9981806055315,1430.0127815872677,706.4672674653795,570.0146009817358,1566.465448070911,2136.480049052647,0.1602179939104066,0.3552548903225537,0.4845271157670398,0.0,3,-27,key
701.9914529394215,-86.0,580.0,386.0,1629.8469253276517,1421.0,-662.0,446.0,2483.017116332467,641.0,-1898.0,1467.0,0.0,0.0,0.0,0.0,1203.713873649885,2483.017116332467,0.0,2483.017116332467,937.931053107204,777.5808219721184,-75.58936903269705,701.9914529394215,-853.1701910048155,927.8554723882302,1781.0256633930458,701.9914529394215,853.1701910048155,1629.8469253276517,2483.017116332467,0.1457969930202043,0.3385038091290025,0.5156991978507932,0.0,3,-27,key
0.0,0.0,0.0,0.0,0.0,0.0,0.0,0.0,0.0,0.0,0.0,0.0,0.0,0.0,0.0,0.0,0.0,0.0,0.0,0.0,0.0,0.0,0.0,0.0,0.0,0.0,0.0,0.0,0.0,0.0,0.0,0.0,0.0,0.0,0.0,1,-27,key
1115.5088524973703,-98.0,450.0,1016.0,1594.948588513122,1393.0,-636.0,446.0,2144.9589739666358,457.0,-1920.0,840.0,0.0,0.0,0.0,0.0,1213.854103744282,2144.9589739666358,0.0,2144.9589739666358,789.826382708989,832.7596189754419,282.74923352192855,1115.5088524973703,-550.0103854535134,479.4397360157516,1029.450121469265,1115.5088524973703,550.0103854535134,1594.948588513122,2144.9589739666358,0.2297452488434249,0.3284885274913408,0.4417662236652341,0.0,3,-27,key
1046.8280661121005,-241.0,742.0,698.0,1619.3968012812672,1411.0,-655.0,450.0,2097.724004725121,501.0,-1866.0,817.0,0.0,0.0,0.0,0.0,1190.9872180296222,2097.724004725121,0.0,2097.724004725121,781.8150014485916,762.5776347779771,284.2504313341233,1046.8280661121005,-478.32720344385393,572.5687351691668,1050.8959386130207,1046.8280661121005,478.32720344385393,1619.3968012812672,2097.724004725121,0.2197395677856183,0.3399274099600348,0.4403330222543468,0.0,3,-27,key
968.1415185808324,-268.0,705.0,607.0,1622.0909345656305,1413.0,-641.0,473.0,2112.8996663353423,496.0,-1880.0,827.0,0.0,0.0,0.0,0.0,1175.7830298704512,2112.8996663353423,0.0,2112.8996663353423,791.0371462002664,729.4751251752722,238.66639340556023,968.1415185808324,-490.808731769712,653.949415984798,1144.75814775451,968.1415185808324,490.808731769712,1622.0909345656305,2112.8996663353423,0.2058503767245864,0.3448958892407968,0.4492537340346168,0.0,3,-27,key
922.8997778740658,-276.0,652.0,592.0,1612.5188370992755,1408.0,-643.0,452.0,2137.3322156370546,508.0,-1885.0,870.0,0.0,0.0,0.0,0.0,1168.1877076525989,2137.3322156370546,0.0,2137.3322156370546,800.2343279873503,723.8565782059225,199.04319966814344,922.8997778740658,-524.813378537779,689.6190592252098,1214.432437762989,922.8997778740658,524.813378537779,1612.5188370992755,2137.3322156370546,0.1975067388203767,0.3450898401292744,0.457403421050349,0.0,3,-27,key
920.0461944924288,-256.0,665.0,582.0,1618.4943620538195,1418.0,-636.0,452.0,2121.529872521243,508.0,-1860.0,885.0,0.0,0.0,0.0,0.0,1165.0176072668728,2121.529872521243,0.0,2121.529872521243,796.5290168965414,711.540852479926,208.50534201250275,920.0461944924288,-503.03551046742336,698.4481675613907,1201.4836780288142,920.0461944924288,503.03551046742336,1618.4943620538195,2121.529872521243,0.1974318217925594,0.3473111376082121,0.4552570405992284,0.0,3,-27,key
899.6321470467805,-268.0,645.0,567.0,1619.391861162702,1421.0,-633.0,450.0,2125.8346596101965,527.0,-1862.0,880.0,0.0,0.0,0.0,0.0,1161.2146669549195,2125.8346596101965,0.0,2125.8346596101965,799.5722276622512,703.0374727471375,196.59467429964295,899.6321470467805,-506.4427984474944,719.7597141159216,1226.202512563416,899.6321470467805,506.4427984474944,1619.391861162702,2125.8346596101965,0.1936834275022349,0.3486417945032659,0.4576747779944991,0.0,3,-27,key
820.9610222172548,-251.0,620.0,476.0,1608.459511458091,1401.0,-646.0,455.0,2124.8089325866454,483.0,-1868.0,890.0,0.0,0.0,0.0,0.0,1138.557366565498,2124.8089325866454,0.0,2124.8089325866454,804.7795493422026,668.6552216729046,152.30580054435018,820.9610222172548,-516.3494211285547,787.4984892408359,1303.8479103693903,820.9610222172548,516.3494211285547,1608.459511458091,2124.8089325866454,0.1802634294778038,0.353179286062254,0.4665572844599419,0.0,3,-27,key
666.8380613012428,-207.0,620.0,132.0,1646.666025640901,1398.0,-753.0,436.0,2408.168391122182,185.0,-2105.0,1155.0,0.0,0.0,0.0,0.0,1180.418119516081,2408.168391122182,0.0,2408.168391122182,919.4984029992212,714.170213391262,-47.33215209001924,666.8380613012428,-761.5023654812812,979.827964339658,1741.3303298209394,666.8380613012428,761.5023654812812,1646.666025640901,2408.168391122182,0.1412292073199064,0.3487463464039251,0.5100244462761685,0.0,3,-27,key
664.1400454723386,-216.0,595.0,201.0,1682.8740297479192,1451.0,-758.0,390.0,2696.631602573848,382.0,-2307.0,1343.0,0.0,0.0,0.0,0.0,1260.9114194485264,2696.631602573848,0.0,2696.631602573848,1022.9098896307056,838.9488091491336,-174.80876367679502,664.1400454723386,-1013.7575728259288,1018.7339842755806,2032.4915571015092,664.1400454723386,1013.7575728259288,1682.8740297479192,2696.631602573848,0.1316785690153412,0.3336622231726521,0.5346592078120066,0.0,3,-25,key
0.0,0.0,0.0,0.0,1885.660892101228,1553.0,-1018.0,328.0,2843.9277416980904,481.0,-2342.0,1540.0,0.0,0.0,0.0,0.0,1182.3971584498297,2843.9277416980904,0.0,2843.9277416980904,1229.9786419648792,479.1334247984311,-479.1334247984311,0.0,-958.266849596862,1885.660892101228,2843.9277416980904,0.0,958.266849596862,1885.660892101228,2843.9277416980904,0.0,0.3986944823542636,0.6013055176457364,0.0,3,-30,key
675.7225762100893,-276.0,605.0,120.0,1763.9895124404793,1505.0,-853.0,345.0,2685.055865340608,452.0,-2270.0,1361.0,0.0,0.0,0.0,0.0,1281.1919884977942,2685.055865340608,0.0,2685.055865340608,1026.1546367916817,798.3944645551089,-122.67188834501962,675.7225762100893,-921.0663529001284,1088.26693623039,2009.3332891305183,675.7225762100893,921.0663529001284,1763.9895124404793,2685.055865340608,0.1318542775549155,0.3442086604266017,0.5239370620184827,0.0,3,-35,key
691.1504901249799,-306.0,617.0,58.0,1806.181884528798,1540.0,-863.0,382.0,2708.5126914969405,460.0,-2275.0,1396.0,0.0,0.0,0.0,0.0,1301.4612665376796,2708.5126914969405,0.0,2708.5126914969405,1036.920595659156,796.7406485465613,-105.59015842158124,691.1504901249799,-902.3308069681424,1115.031394403818,2017.3622013719605,691.1504901249799,902.3308069681424,1806.181884528798,2708.5126914969405,0.1327643219001957,0.3469526775341235,0.5202830005656808,0.0,3,-27,key
689.4345509183595,-236.0,610.0,218.0,1677.1627827971856,1451.0,-715.0,443.0,2664.3006587095238,387.0,-2280.0,1323.0,0.0,0.0,0.0,0.0,1257.7244981062672,2664.3006587095238,0.0,2664.3006587095238,1007.3739806364558,838.2862134153486,-148.8516624969891,689.4345509183595,-987.1378759123376,987.728231878826,1974.866107791164,689.4345509183595,987.1378759123376,1677.1627827971856,2664.3006587095238,0.1370400576510254,0.333372448680625,0.5295874936683495,0.0,3,-27,key
655.5211667063086,-238.0,590.0,158.0,0.0,0.0,0.0,0.0,2686.257433679803,423.0,-2277.0,1361.0,0.0,0.0,0.0,0.0,835.4446500965279,2686.257433679803,0.0,2686.257433679803,1101.5688751163457,1670.8893001930558,-1015.3681334867472,655.5211667063086,-2686.257433679803,655.5211667063086,2030.7362669734944,655.5211667063086,2686.257433679803,0.0,2686.257433679803,0.1961593645463434,0.0,0.8038406354536566,0.0,3,-27,key
0.0,0.0,0.0,0.0,1749.9379989016754,1507.0,-797.0,395.0,2616.587472262297,445.0,-2232.0,1291.0,0.0,0.0,0.0,0.0,1091.6313677909932,2616.587472262297,0.0,2616.587472262297,1133.8184188196826,433.3247366803111,-433.3247366803111,0.0,-866.6494733606221,1749.9379989016754,2616.587472262297,0.0,866.6494733606221,1749.9379989016754,2616.587472262297,0.0,0.4007621186359871,0.599237881364013,0.0,3,-27,key
684.7057762280087,-218.0,587.0,277.0,1681.6328374529323,1458.0,-733.0,406.0,2650.59502753627,477.0,-2242.0,1331.0,0.0,0.0,0.0,0.0,1254.2334103043029,2650.59502753627,0.0,2650.59502753627,1003.7379152330744,826.8339831556733,-142.12820692766445,684.7057762280087,-968.962190083338,996.9270612249236,1965.8892513082612,684.7057762280087,968.962190083338,1681.6328374529323,2650.59502753627,0.1364789381710628,0.3351913654263391,0.5283296964025981,0.0,3,-28,key
712.346825640432,-303.0,627.0,150.0,1757.534067948613,1510.0,-805.0,401.0,0.0,0.0,0.0,0.0,0.0,0.0,0.0,0.0,617.4702233972613,1757.534067948613,0.0,1757.534067948613,719.5981678810309,-522.5936211540904,1234.9404467945226,712.346825640432,1757.534067948613,1045.1872423081809,712.346825640432,712.346825640432,1757.534067948613,1757.534067948613,0.0,0.2884134321980616,0.7115865678019383,0.0,0.0,2,-27,key
0.0,0.0,0.0,0.0,1803.7278065162716,1537.0,-868.0,371.0,2761.226901216197,481.0,-2302.0,1447.0,0.0,0.0,0.0,0.0,1141.238676933117,2761.226901216197,0.0,2761.226901216197,1190.389130608957,478.7495473499628,-478.7495473499628,0.0,-957.4990946999256,1803.7278065162716,2761.226901216197,0.0,957.4990946999256,1803.7278065162716,2761.226901216197,0.0,0.3951250170042169,0.6048749829957832,0.0,3,-28,key
0.0,0.0,0.0,0.0,0.0,0.0,0.0,0.0,0.0,0.0,0.0,0.0,0.0,0.0,0.0,0.0,0.0,0.0,0.0,0.0,0.0,0.0,0.0,0.0,0.0,0.0,0.0,0.0,0.0,0.0,0.0,0.0,0.0,0.0,0.0,1,-26,key
638.2828526601667,-243.0,590.0,-16.0,1763.1386786069893,1443.0,-947.0,360.0,2165.233936552815,127.0,-1955.0,922.0,0.0,0.0,0.0,0.0,1141.6638669549927,2165.233936552815,0.0,2165.233936552815,864.6842573386963,520.1890553029962,118.0937973571704,638.2828526601667,-402.0952579458258,1124.8558259468227,1526.9510838926485,638.2828526601667,402.0952579458258,1763.1386786069893,2165.233936552815,0.1397703104948423,0.3860897085473969,0.4741399809577608,0.0,3,-27,key
631.4285391079501,-243.0,577.0,82.0,0.0,0.0,0.0,0.0,2104.65864215554,120.0,-1938.0,812.0,0.0,0.0,0.0,0.0,684.0217953158725,2104.65864215554,0.0,2104.65864215554,859.7596661467965,1368.043590631745,-736.6150515237948,631.4285391079501,-2104.65864215554,631.4285391079501,1473.2301030475896,631.4285391079501,2104.65864215554,0.0,2104.65864215554,0.2307779311390086,0.0,0.7692220688609913,0.0,3,-28,key
0.0,0.0,0.0,0.0,1650.731353067482,1383.0,-800.0,415.0,2115.926511011193,98.0,-1946.0,825.0,0.0,0.0,0.0,0.0,941.6644660196688,2115.926511011193,0.0,2115.926511011193,955.9198624549508,232.5975789718553,-232.5975789718553,0.0,-465.1951579437107,1650.731353067482,2115.926511011193,0.0,465.1951579437107,1650.731353067482,2115.926511011193,0.0,0.4382482860495351,0.5617517139504649,0.0,3,-28,key
2763.51171519138,-288.0,1567.0,-2258.0,1617.5815280844424,-731.0,1105.0,928.0,2531.8977072543826,1365.0,-695.0,-2016.0,0.0,0.0,0.0,0.0,1728.247737632551,2763.51171519138,0.0,2763.51171519138,1085.8996304299806,1838.91394718066,924.5977680107196,2763.51171519138,-914.31617916994,1145.9301871069372,231.61400793699704,2763.51171519138,914.31617916994,1617.5815280844424,2531.8977072543826,0.3997563044660759,0.233991558742078,0.3662521367918461,0.0,1,-28,knife
3022.403348330596,-661.0,1480.0,-2551.0,1322.2987559549467,-327.0,853.0,956.0,2379.4997373397628,1087.0,-867.0,-1931.0,0.0,0.0,0.0,0.0,1681.0504604063265,3022.403348330596,0.0,3022.403348330596,1144.7371312085922,2039.8021648577064,982.6011834728902,3022.403348330596,-1057.200981384816,1700.1045923756494,642.9036109908334,3022.403348330596,1057.200981384816,1322.2987559549467,2379.4997373397628,0.44948135399815,0.1966476895100659,0.353870956491784,0.0,1,-28,knife
3121.2068178831087,-742.0,1522.0,-2622.0,1214.692142067281,-308.0,753.0,902.0,2398.106127759987,1243.0,-842.0,-1870.0,0.0,0.0,0.0,0.0,1683.5012719275942,3121.2068178831087,0.0,3121.2068178831087,1186.5512915243794,2152.310401787908,968.8964160952012,3121.2068178831087,-1183.413985692706,1906.514675815828,723.1006901231217,3121.2068178831087,1183.413985692706,1214.692142067281,2398.106127759987,0.4634993257696435,0.1803818271958401,0.3561188470345164,0.0,1,-27,knife
0.0,0.0,0.0,0.0,1066.5575465018285,-266.0,575.0,858.0,2359.6467956031047,1340.0,-867.0,-1738.0,0.0,0.0,0.0,0.0,856.5510855262332,2359.6467956031047,0.0,2359.6467956031047,970.9221070115932,646.5446245506381,-646.5446245506381,0.0,-1293.0892491012762,1066.5575465018285,2359.6467956031047,0.0,1293.0892491012762,1066.5575465018285,2359.6467956031047,0.0,0.3112942019817111,0.688705798018289,0.0,3,-27,knife
2908.1229341277854,-577.0,1465.0,-2445.0,1512.8711114962834,-527.0,1041.0,963.0,2620.4373680742688,1308.0,-662.0,-2172.0,0.0,0.0,0.0,0.0,1760.3578534245844,2908.1229341277854,0.0,2908.1229341277854,1142.0607373893863,2007.844595352885,900.2783387749002,2908.1229341277854,-1107.566256577985,1395.251822631502,287.6855660535166,2908.1229341277854,1107.566256577985,1512.8711114962834,2620.4373680742688,0.4130016701533652,0.2148527795858605,0.3721455502607741,0.0,1,-28,knife
2664.115988465968,-560.0,1445.0,-2167.0,2002.8065308461523,-655.0,1447.0,1220.0,2773.926639260671,1680.0,-445.0,-2162.0,0.0,0.0,0.0,0.0,1860.212289643198,2773.926639260671,0.0,2773.926639260671,1113.7614140651542,1717.6180484402432,946.4979400257246,2664.115988465968,-771.1201084145187,661.3094576198155,109.81065079470318,2664.115988465968,771.1201084145187,2002.8065308461523,2773.926639260671,0.3580392414482118,0.2691637054002994,0.3727970531514887,0.0,3,-26,knife
2700.282392639703,-615.0,1470.0,-2180.0,1457.722195756105,-281.0,947.0,1072.0,2483.007047915893,1482.0,-630.0,-1890.0,0.0,0.0,0.0,0.0,1660.252909077925,2700.282392639703,0.0,2700.282392639703,1067.2445960970174,1862.7836223997456,837.4987702399574,2700.282392639703,-1025.2848521597884,1242.560196883598,217.27534472380967,2700.282392639703,1025.2848521597884,1457.722195756105,2483.007047915893,0.4066070864678369,0.2195030329092598,0.3738898806229033,0.0,1,-27,knife
2328.3970881273667,-340.0,1197.0,-1968.0,3070.127358921776,-1997.0,1957.0,1268.0,3504.07106092328,1297.0,-353.0,-3236.0,0.0,0.0,0.0,0.0,2225.6488769931057,3504.07106092328,0.0,3504.07106092328,1351.9964224580358,1381.170395064435,947.226693062932,2328.3970881273667,-433.9437020015034,741.7302707944095,1175.673972795913,2328.3970881273667,433.9437020015034,3070.127358921776,3504.07106092328,0.2615413770110355,0.3448575593682119,0.3936010636207526,0.0,3,-26,knife
4058.954545200032,1486.0,1430.0,-3496.0,2864.6587929455054,-733.0,-2745.0,366.0,3394.4575413458924,-337.0,-1087.0,-3198.0,0.0,0.0,0.0,0.0,2579.517719872857,4058.954545200032,0.0,4058.954545200032,1548.231033425546,2294.376646800209,1764.5778983998223,4058.954545200032,-529.798748400387,1194.2957522545266,664.4970038541396,4058.954545200032,529.798748400387,2864.6587929455054,3394.4575413458924,0.3933830841642847,0.2776351147809427,0.3289818010547726,0.0,1,-26,knife
7463.736463729142,-868.0,2817.0,-6857.0,1170.5438906764666,88.0,-1077.0,450.0,5153.865927631413,205.0,-2055.0,-4722.0,0.0,0.0,0.0,0.0,3447.0365705092554,7463.736463729142,0.0,7463.736463729142,3004.647422173156,5723.529250342044,1740.2072133870977,7463.736463729142,-3983.322036954946,6293.192573052676,2309.870536097729,7463.736463729142,3983.322036954946,1170.5438906764666,5153.865927631413,0.5413154394403822,0.0848949428540247,0.3737896177055931,0.0,1,-26,knife
3674.536977634053,426.0,1735.0,-3211.0,1858.1692603204908,-628.0,-1747.0,80.0,3232.639788160753,-578.0,-170.0,-3176.0,0.0,0.0,0.0,0.0,2191.3365065288244,3674.536977634053,0.0,3674.536977634053,1431.533466305992,2524.5037527371574,1150.0332248968955,3674.536977634053,-1374.4705278402623,1816.3677173135625,441.89718947329993,3674.536977634053,1374.4705278402623,1858.1692603204908,3232.639788160753,0.4192118561761521,0.2119904057163628,0.3687977381074849,0.0,1,-26,knife
2218.5080572312554,1237.0,1200.0,-1397.0,6886.877231372721,-1231.0,-6486.0,-1961.0,11125.297029742622,-713.0,5316.0,-9747.0,0.0,0.0,0.0,0.0,5057.670579586649,11125.297029742622,0.0,11125.297029742622,4295.43255195372,3228.463927800577,-1009.9558705693224,2218.5080572312554,-4238.4197983699005,4668.369174141466,8906.788972511367,2218.5080572312554,4238.4197983699005,6886.877231372721,11125.297029742622,0.1096605651910888,0.3404174472715248,0.5499219875373864,0.0,3,-26,knife
3395.3194253265774,288.0,1665.0,-2945.0,1559.862173398663,-1296.0,-773.0,395.0,3077.612873640868,716.0,-207.0,-2986.0,0.0,0.0,0.0,0.0,2008.198618091527,3395.3194253265774,0.0,3395.3194253265774,1351.0753347964285,2456.535062784392,938.7843625421864,3395.3194253265774,-1517.7507002422049,1835.4572519279145,317.70655168570966,3395.3194253265774,1517.7507002422049,1559.862173398663,3077.612873640868,0.4226822231051638,0.1941867402141058,0.3831310366807304,0.0,1,-26,knife
2914.370257877334,-752.0,1487.0,-2391.0,1314.2849767078676,-286.0,643.0,1110.0,3230.324287126604,1121.0,-125.0,-3027.0,0.0,0.0,0.0,0.0,1864.7448804279516,3230.324287126604,0.0,3230.324287126604,1298.7301609332656,2415.2047841480357,499.1654737292988,2914.370257877334,-1916.039310418736,1600.0852811694665,315.9540292492697,2914.370257877334,1916.039310418736,1314.2849767078676,3230.324287126604,0.3907197022587478,0.1762017140390599,0.4330785837021922,0.0,3,-26,knife
2738.119245029332,2531.0,770.0,-706.0,3130.088337411582,1165.0,-2872.0,-438.0,2567.3007225488795,-1890.0,-1497.0,-882.0,0.0,0.0,0.0,0.0,2108.8770762474483,3130.088337411582,0.0,3130.088337411582,1234.5376572944276,1087.6658150833146,1650.4534299460172,2738.119245029332,562.7876148627024,391.96909238225,170.81852248045243,2738.119245029332,562.7876148627024,3130.088337411582,2567.3007225488795,0.3245944578597205,0.3710610225539182,0.3043445195863613,0.0,2,-27,knife
3719.927418646767,3036.0,990.0,-1908.0,4376.725031344784,623.0,-4332.0,-37.0,14723.388400772425,-7426.0,111.0,-12713.0,0.0,0.0,0.0,0.0,5705.010212690993,14723.388400772425,0.0,14723.388400772425,5467.704771939635,7033.2953940372045,-3313.367975390437,3719.927418646767,-10346.66336942764,656.797612698017,11003.460982125658,3719.927418646767,10346.66336942764,4376.725031344784,14723.388400772425,0.1630114267969082,0.1917930410364826,0.6451955321666093,0.0,3,-27,knife
2897.427997379745,2608.0,905.0,-880.0,3861.173914757013,812.0,-3766.0,258.0,12295.462049065094,-6393.0,-3383.0,-9943.0,0.0,0.0,0.0,0.0,4763.515990300463,12295.462049065094,0.0,12295.462049065094,4574.8716277237545,5665.858065843913,-2768.430068464168,2897.427997379745,-8434.28813430808,963.745917377268,9398.034051685348,2897.427997379745,8434.28813430808,3861.173914757013,12295.462049065094,0.1520635179602381,0.2026430646301591,0.6452934174096027,0.0,3,-27,knife
2936.9150481415018,-91.0,1617.0,-2450.0,2161.937556915093,-2061.0,-182.0,627.0,6203.52109692552,621.0,1017.0,-6088.0,0.0,0.0,0.0,0.0,2825.593425495528,6203.52109692552,0.0,6203.52109692552,2227.510110818006,3489.249294075965,-552.3342459344626,2936.9150481415018,-4041.5835400104265,774.9774912264088,3266.6060487840177,2936.9150481415018,4041.5835400104265,2161.937556915093,6203.52109692552,0.2598494020443202,0.1912817266461425,0.5488688713095373,0.0,3,-26,knife
10094.69192199544,2201.0,4752.0,-8630.0,1753.1209313678278,230.0,-1737.0,-58.0,5934.726615438996,-1386.0,-700.0,-5728.0,0.0,0.0,0.0,0.0,4445.634867200566,10094.69192199544,0.0,10094.69192199544,3909.684786211109,7138.148803033304,2956.543118962136,10094.69192199544,-4181.605684071168,8341.570990627612,4159.965306556444,10094.69192199544,4181.605684071168,1753.1209313678278,5934.726615438996,0.5676743718019349,0.0985866464372823,0.3337389817607826,0.0,1,-27,knife
2126.364267946581,1786.0,877.0,-750.0,2973.0923295451157,-195.0,-2922.0,-513.0,3546.2896102828377,-3.0,-956.0,-3415.0,0.0,0.0,0.0,0.0,2161.4365519436337,3546.2896102828377,0.0,3546.2896102828377,1346.2578809136148,1349.780774342152,776.5834936044296,2126.364267946581,-573.1972807377224,846.7280615985342,1419.9253423362566,2126.364267946581,573.1972807377224,2973.0923295451157,3546.2896102828377,0.2459434057912185,0.3438792046511398,0.4101773895576415,0.0,3,-28,knife
2210.073528188598,-530.0,1247.0,-1746.0,1602.0589876780443,-507.0,1038.0,1110.0,2137.2152441904395,930.0,-1530.0,-1167.0,0.0,0.0,0.0,0.0,1487.3369400142706,2210.073528188598,0.0,2210.073528188598,890.2278230144158,1372.614892350497,837.4586358381018,2210.073528188598,-535.1562565123952,608.0145405105543,72.8582839981591,2210.073528188598,535.1562565123952,1602.0589876780443,2137.2152441904395,0.3714816509847785,0.2692831302338717,0.3592352187813498,0.0,1,-27,knife
7198.924641917013,-716.0,2172.0,-6826.0,1739.4921672718162,-1160.0,-1232.0,403.0,3858.101864907146,107.0,485.0,-3826.0,0.0,0.0,0.0,0.0,3199.129668523994,7198.924641917013,0.0,7198.924641917013,2683.168670428596,4658.767169776172,2540.157472140841,7198.924641917013,-2118.60969763533,5459.432474645197,3340.822777009867,7198.924641917013,2118.60969763533,1739.4921672718162,3858.101864907146,0.5625689943695245,0.1359347969219999,0.3014962087084756,0.0,1,-28,knife
2828.67919708121,1400.0,1495.0,-1951.0,3551.606115548288,-1185.0,-3241.0,-840.0,1956.496358289481,185.0,-633.0,-1842.0,0.0,0.0,0.0,0.0,2084.195417729745,3551.606115548288,0.0,3551.606115548288,1329.2599297031163,616.7847199112014,2211.8944771700085,2828.67919708121,1595.1097572588071,722.9269184670779,872.1828387917294,2828.67919708121,1595.1097572588071,3551.606115548288,1956.496358289481,0.3393011006811456,0.426016448042208,0.2346824512766462,0.0,2,-27,knife
5817.184714275454,157.0,342.0,-5805.0,1606.757604618693,-705.0,-1378.0,431.0,8004.292723282926,511.0,-2245.0,-7666.0,0.0,0.0,0.0,0.0,3857.058760544269,8004.292723282926,0.0,8004.292723282926,3200.874914411482,6107.359916469844,-290.1752021943894,5817.184714275454,-6397.535118664233,4210.427109656761,2187.108009007472,5817.184714275454,6397.535118664233,1606.757604618693,8004.292723282926,0.3770479707090716,0.1041439672280209,0.5188080620629074,0.0,3,-26,knife
3663.815634007803,96.0,1485.0,-3348.0,1146.782019391654,-22.0,-1116.0,263.0,2293.1155662111755,-547.0,-1381.0,-1747.0,0.0,0.0,0.0,0.0,1775.928304902658,3663.815634007803,0.0,3663.815634007803,1358.4317818151824,2405.074590413662,1258.7410435941408,3663.815634007803,-1146.3335468195214,2517.033614616149,1370.7000677966275,3663.815634007803,1146.3335468195214,1146.782019391654,2293.1155662111755,0.5157606340150966,0.1614341660395056,0.3228051999453978,0.0,1,-27,knife
5522.824458553793,2741.0,-2165.0,4278.0,2373.8850014269856,1741.0,-1605.0,168.0,2972.2188681185644,-1495.0,-2188.0,1346.0,0.0,0.0,0.0,0.0,2717.232082024836,5522.824458553793,0.0,5522.824458553793,1964.5358389235296,3060.579162622686,2462.245295931107,5522.824458553793,-598.3338666915788,3148.939457126808,2550.605590435229,5522.824458553793,598.3338666915788,2373.8850014269856,2972.2188681185644,0.5081296234400299,0.2184102176191374,0.2734601589408326,0.0,1,-27,knife
17931.04450387651,17926.0,425.0,-16.0,2415.383613424584,1497.0,-1862.0,355.0,4463.257778797904,-3690.0,-2097.0,-1381.0,0.0,0.0,0.0,0.0,6202.42147402475,17931.04450387651,0.0,17931.04450387651,6953.362072304063,9989.459334624917,7941.585169251594,17931.04450387651,-2047.8741653733205,15515.660890451927,13467.786725078606,17931.04450387651,2047.8741653733205,2415.383613424584,4463.257778797904,0.7227437130389439,0.0973564769638769,0.1798998099971791,0.0,1,-27,knife
2532.651180087775,2383.0,732.0,-447.0,2285.8383582397078,862.0,-2117.0,18.0,0.0,0.0,0.0,0.0,0.0,0.0,0.0,0.0,1204.6223845818706,2532.651180087775,0.0,2532.651180087775,1207.7788127651056,123.40641092403392,2409.244769163741,2532.651180087775,2285.8383582397078,246.81282184806787,2532.651180087775,2532.651180087775,2285.8383582397078,2285.8383582397078,0.0,0.525611015639326,0.474388984360674,0.0,0.0,1,-26,knife
2426.0842936715944,182.0,1275.0,-2056.0,2505.398970224104,-2460.0,-300.0,368.0,2617.6342372455324,-722.0,-1903.0,-1646.0,0.0,0.0,0.0,0.0,1887.279375285308,2617.6342372455324,0.0,2617.6342372455324,1091.7445029047312,1269.1597803465118,1156.924513325083,2426.0842936715944,-112.23526702142864,79.31467655250935,191.549943573938,2426.0842936715944,112.23526702142864,2505.398970224104,2617.6342372455324,0.3213732324745023,0.3318797157211227,0.346747051804375,0.0,3,-28,knife
0.0,0.0,0.0,0.0,688.8817024714766,-215.0,-307.0,578.0,3125.7546288856392,773.0,-1677.0,-2522.0,0.0,0.0,0.0,0.0,953.659082839279,3125.7546288856392,0.0,3125.7546288856392,1285.2079029161566,1218.4364632070813,-1218.4364632070813,0.0,-2436.8729264141625,688.8817024714766,3125.7546288856392,0.0,2436.8729264141625,688.8817024714766,3125.7546288856392,0.0,0.1805890896620271,0.8194109103379728,0.0,3,-27,knife
2400.842560435815,1146.0,1280.0,-1677.0,3676.4159177111615,-808.0,-3383.0,-1191.0,2023.6711689402505,-646.0,-648.0,-1805.0,0.0,0.0,0.0,0.0,2025.2324117718067,3676.4159177111615,0.0,3676.4159177111615,1319.948740788426,374.048905832452,2026.7936546033627,2400.842560435815,1652.744748770911,1275.5733572753466,377.1713914955644,2400.842560435815,1652.744748770911,3676.4159177111615,2023.6711689402505,0.2963663017736566,0.4538264221357674,0.2498072760905759,0.0,2,-27,knife
0.0,0.0,0.0,0.0,5091.687146712768,525.0,-4727.0,-1818.0,4043.674566529804,-1586.0,-528.0,-3682.0,0.0,0.0,0.0,0.0,2283.840428310643,5091.687146712768,0.0,5091.687146712768,2313.7023140442807,-524.0062900914818,524.0062900914818,0.0,1048.0125801829636,5091.687146712768,4043.674566529804,0.0,1048.0125801829636,5091.687146712768,4043.674566529804,0.0,0.5573602126045961,0.4426397873954038,0.0,2,-27,knife
5294.185300874914,3267.0,2610.0,-3247.0,1651.9676146946706,-1273.0,458.0,948.0,3866.9628909520193,1227.0,-1052.0,-3513.0,0.0,0.0,0.0,0.0,2703.278951630401,5294.185300874914,0.0,5294.185300874914,2029.773918364319,3754.590288566131,1539.5950123087823,5294.185300874914,-2214.9952762573485,3642.217686180244,1427.2224099228947,5294.185300874914,2214.9952762573485,1651.9676146946706,3866.9628909520193,0.4896077500327783,0.1527744310015006,0.357617818965721,0.0,1,-26,knife
8327.618447071167,7562.0,1717.0,-3036.0,2373.6269715353337,1271.0,-1990.0,-242.0,3681.579688123021,-2558.0,-1768.0,-1971.0,0.0,0.0,0.0,0.0,3595.70627668238,8327.618447071167,0.0,8327.618447071167,3034.0133687620646,4817.7855818294265,3509.83286524174,8327.618447071167,-1307.952716587687,5953.991475535833,4646.038758948146,8327.618447071167,1307.952716587687,2373.6269715353337,3681.579688123021,0.5789974073434844,0.1650320402230815,0.2559705524334341,0.0,1,-27,knife
2891.440644384733,1160.0,515.0,-2598.0,2389.537402929697,27.0,-2206.0,918.0,3852.0177829288377,-1731.0,-2188.0,-2656.0,0.0,0.0,0.0,0.0,2283.248957560817,3852.0177829288377,0.0,3852.0177829288377,1419.1067429187428,2176.9605121919367,714.4801321927957,2891.440644384733,-1462.480379999141,501.9032414550361,960.5771385441049,2891.440644384733,1462.480379999141,2389.537402929697,3852.0177829288377,0.316592791470454,0.2616378510780562,0.4217693574514897,0.0,3,-27,knife
2919.1409695319617,2880.0,470.0,78.0,3594.1770963601666,1845.0,-3040.0,-522.0,3717.0630879768505,-3207.0,-1803.0,530.0,0.0,0.0,0.0,0.0,2557.5952884672447,3717.0630879768505,0.0,3717.0630879768505,1507.5540091187947,1521.0134805743228,1398.127488957639,2919.1409695319617,-122.8859916166839,675.0361268282049,797.9221184448888,2919.1409695319617,122.8859916166839,3594.1770963601666,3717.0630879768505,0.2853403920760064,0.3513238697857217,0.3633357381382718,0.0,3,-26,knife
7258.415460691128,6403.0,-505.0,3381.0,3168.487967469657,1650.0,-2696.0,-220.0,2877.5373151359827,-2076.0,-1123.0,-1646.0,0.0,0.0,0.0,0.0,3326.110185824192,7258.415460691128,0.0,7258.415460691128,2586.1214263364664,3483.732404178727,3774.6830565124014,7258.415460691128,290.9506523336745,4089.927493221471,4380.878145555145,7258.415460691128,290.9506523336745,3168.487967469657,2877.5373151359827,0.5455633649500199,0.2381526611004712,0.2162839739495088,0.0,1,-26,knife
4584.928898031027,1273.0,1870.0,-3988.0,1334.0442271529082,-5.0,-1320.0,193.0,1817.918865076217,-60.0,-1373.0,-1190.0,0.0,0.0,0.0,0.0,1934.222997565038,4584.928898031027,0.0,4584.928898031027,1668.9219261818453,2534.401767977168,2050.527130053859,4584.928898031027,-483.87463792330846,3250.8846708781184,2767.01003295481,4584.928898031027,483.87463792330846,1334.0442271529082,1817.918865076217,0.592606036610427,0.1724263733851157,0.2349675900044572,0.0,1,-28,knife
3640.1585130320905,2432.0,1697.0,-2111.0,4998.679125529064,1918.0,-4513.0,-970.0,4657.726161980758,-4418.0,-1475.0,8.0,0.0,0.0,0.0,0.0,3324.140950135478,4998.679125529064,0.0,4998.679125529064,1983.19866469106,1649.6027747418923,1990.555738290198,3640.1585130320905,340.9529635483059,1358.5206124969732,1017.5676489486672,3640.1585130320905,340.9529635483059,4998.679125529064,4657.726161980758,0.2737668594410635,0.3759376633326378,0.3502954772262988,0.0,2,-27,knife
6941.003097535687,4468.0,-2790.0,4520.0,2863.1934967794264,2038.0,-2007.0,-128.0,3940.3171192176906,-3393.0,-1873.0,711.0,0.0,0.0,0.0,0.0,3436.128428383201,6941.003097535687,0.0,6941.003097535687,2483.625660935398,4009.063359986976,2931.9397375487115,6941.003097535687,-1077.1236224382642,4077.809600756261,3000.685978317996,6941.003097535687,1077.1236224382642,2863.1934967794264,3940.3171192176906,0.5050017223018664,0.2083153726974229,0.2866829050007107,0.0,1,-27,knife
11716.517955433688,-78.0,4890.0,-10647.0,1535.3364452132307,177.0,-1523.0,80.0,2063.5631805205285,-202.0,-1495.0,-1408.0,0.0,0.0,0.0,0.0,3828.8543952918617,11716.517955433688,0.0,11716.517955433688,4616.596150807886,6122.372345370493,5594.145610063195,11716.517955433688,-528.2267353072978,10181.181510220458,9652.95477491316,11716.517955433688,528.2267353072978,1535.3364452132307,2063.5631805205285,0.7650145935192042,0.1002477690912686,0.1347376373895271,0.0,1,-27,knife
9154.617687265809,5645.0,3790.0,6130.0,3923.107696711881,2475.0,-2757.0,1290.0,10081.298031503682,-5863.0,-7701.0,-2820.0,0.0,0.0,0.0,0.0,5789.755853870343,10081.298031503682,0.0,10081.298031503682,4084.8891542579336,7656.404011028805,1498.2136762370037,9154.617687265809,-6158.190334791801,5231.509990553928,926.6803442378732,9154.617687265809,6158.190334791801,3923.107696711881,10081.298031503682,0.3952937705113298,0.1693986670478236,0.4353075624408464,0.0,3,-26,knife
5317.398141948748,5177.0,1195.0,213.0,3062.873487429737,1980.0,-2255.0,613.0,6676.113989440264,-5431.0,-2076.0,3281.0,0.0,0.0,0.0,0.0,3764.0964047046873,6676.113989440264,0.0,6676.113989440264,2527.485312734625,4465.319321979638,852.0788199691106,5317.398141948748,-3613.240502010527,2254.524654519011,1358.715847491516,5317.398141948748,3613.240502010527,3062.873487429737,6676.113989440264,0.353165645233117,0.2034268758101876,0.4434074789566953,0.0,3,-27,knife
3552.758224253376,1941.0,617.0,-2911.0,4324.210679418847,-763.0,-4230.0,473.0,7091.80047660677,-1975.0,-1903.0,-6540.0,0.0,0.0,0.0,0.0,3742.192345069748,7091.80047660677,0.0,7091.80047660677,2529.748446486604,3160.174010720649,392.5842135327266,3552.758224253376,-2767.589797187923,771.4524551654708,3539.042252353394,3552.758224253376,2767.589797187923,4324.210679418847,7091.80047660677,0.2373447097751437,0.2888821765880029,0.4737731136368533,0.0,3,-27,knife
4968.933587803323,-1701.0,-4630.0,-600.0,2287.709116124688,1618.0,-1592.0,285.0,3129.1944650340924,-1345.0,-2172.0,1807.0,0.0,0.0,0.0,0.0,2596.459292240525,4968.933587803323,0.0,4968.933587803323,1785.3128979923458,2905.209468356364,2063.724119446959,4968.933587803323,-841.4853489094048,2681.224471678635,1839.73912276923,4968.933587803323,841.4853489094048,2287.709116124688,3129.1944650340924,0.478433611750904,0.220271999156839,0.301294389092257,0.0,1,-26,knife
3239.907869060477,3173.0,-125.0,643.0,3477.924237242669,1960.0,-2866.0,-201.0,5094.392505490719,-4595.0,-2153.0,-451.0,0.0,0.0,0.0,0.0,2953.0561529484658,5094.392505490719,0.0,5094.392505490719,1848.2175487569652,2428.188068654264,811.7198004062134,3239.907869060477,-1616.4682682480498,238.01636818219183,1854.4846364302416,3239.907869060477,1616.4682682480498,3477.924237242669,5094.392505490719,0.2742843093100012,0.294434312887189,0.4312813778028099,0.0,3,-26,knife
3380.4900532319275,2080.0,-417.0,2632.0,3737.69300505004,2960.0,-2275.0,182.0,377.0490684247874,377.0,6.0,-1.0,0.0,0.0,0.0,0.0,1873.8080316766889,3737.69300505004,0.0,3737.69300505004,1695.25822824251,9.923058303337484,3370.5669949285902,3380.4900532319275,3360.6439366252525,357.2029518181125,3003.44098480714,3380.4900532319275,3360.6439366252525,3737.69300505004,377.0490684247874,0.4510187271167601,0.4986760839243417,0.0503051889588981,0.0,2,-26,knife
10622.5854197554,5060.0,-4925.0,7936.0,2373.8782614110605,1627.0,-1725.0,112.0,3522.138554912342,-2040.0,-2302.0,1716.0,0.0,0.0,0.0,0.0,4129.6505590197,10622.5854197554,0.0,10622.5854197554,3958.030572189693,5885.422856628341,4737.162563127059,10622.5854197554,-1148.2602935012817,8248.70715834434,7100.4468648430575,10622.5854197554,1148.2602935012817,2373.8782614110605,3522.138554912342,0.6430680555134547,0.1437093906302918,0.2132225538562535,0.0,1,-27,knife
9265.179598906869,73.0,3732.0,-8480.0,1802.0682561989709,-311.0,-1752.0,285.0,4066.3901681958655,296.0,-388.0,-4037.0,0.0,0.0,0.0,0.0,3783.4095058254256,9265.179598906869,0.0,9265.179598906869,3477.419375230691,5764.750755451881,3500.4288434549862,9265.179598906869,-2264.3219119968944,7463.111342707896,5198.789430711002,9265.179598906869,2264.3219119968944,1802.0682561989709,4066.3901681958655,0.6122242110351127,0.1190770027289059,0.2686987862359815,0.0,1,-27,knife
3844.9888166287296,3683.0,957.0,-551.0,3663.078759732037,1413.0,-3336.0,-541.0,3451.19964649975,-2435.0,-765.0,-2323.0,0.0,0.0,0.0,0.0,2739.816805715129,3844.9888166287296,0.0,3844.9888166287296,1587.9609161188273,1816.554851698221,2028.4339649305084,3844.9888166287296,211.8791132322872,181.9100568966924,393.7891701289796,3844.9888166287296,211.8791132322872,3663.078759732037,3451.19964649975,0.3508436046351952,0.3342448619275408,0.3149115334372639,0.0,1,-31,knife
2683.8377372710147,787.0,1480.0,-2096.0,3655.333774089584,-870.0,-3527.0,406.0,3837.43781708577,-2312.0,-1957.0,-2356.0,0.0,0.0,0.0,0.0,2544.152332111592,3837.43781708577,0.0,3837.43781708577,1532.9330256117346,1432.9708901336005,1250.8668471374144,2683.8377372710147,-182.1040429961863,971.4960368185688,1153.6000798147552,2683.8377372710147,182.1040429961863,3655.333774089584,3837.43781708577,0.263726124355483,0.3591897513321986,0.3770841243123184,0.0,3,-28,knife
12410.592169594487,8458.0,4305.0,-7997.0,2527.1236613984684,840.0,-2377.0,-175.0,2002.2709606843923,-1282.0,-1502.0,-331.0,0.0,0.0,0.0,0.0,4234.996697919337,12410.592169594487,0.0,12410.592169594487,4813.456473119116,5942.869734440206,6467.722435154281,12410.592169594487,524.8527007140758,9883.46850819602,10408.321208910094,12410.592169594487,524.8527007140758,2527.1236613984684,2002.2709606843923,0.7326211243382927,0.1491809700017033,0.1181979056600039,0.0,1,-33,knife
3008.6762870072944,2748.0,535.0,1102.0,3564.060745834729,1941.0,-2978.0,258.0,2528.51359498026,-1825.0,-1750.0,16.0,0.0,0.0,0.0,0.0,2275.3126569555707,3564.060745834729,0.0,3564.060745834729,1363.8046279059845,986.5645680764133,2022.1117189308811,3008.6762870072944,1035.5471508544683,555.3844588274342,480.16269202703415,3008.6762870072944,1035.5471508544683,3564.060745834729,2528.51359498026,0.3305783358838455,0.3916012086228555,0.277820455493299,0.0,2,-31,knife
3449.5237352423014,3186.0,1027.0,-833.0,4108.35465849773,1525.0,-3812.0,-147.0,3607.8133266564655,-2613.0,-1672.0,-1842.0,0.0,0.0,0.0,0.0,2791.4229300991246,4108.35465849773,0.0,4108.35465849773,1629.8727788747249,1474.491201700519,1975.0325335417824,3449.5237352423014,500.5413318412639,658.8309232554288,158.289591414165,3449.5237352423014,500.5413318412639,4108.35465849773,3607.8133266564655,0.3089395463911131,0.3679444822028313,0.3231159714060556,0.0,2,-29,knife
7736.987785953911,7702.0,560.0,-476.0,3710.0126684419824,1873.0,-3172.0,441.0,5613.040263529204,-3776.0,-3427.0,-2346.0,0.0,0.0,0.0,0.0,4265.0101794812745,7736.987785953911,0.0,7736.987785953911,2844.7384623056487,4820.007690520566,2916.980095433345,7736.987785953911,-1903.0275950872212,4026.9751175119286,2123.947522424707,7736.987785953911,1903.0275950872212,3710.0126684419824,5613.040263529204,0.4535152004546277,0.2174679843843425,0.3290168151610298,0.0,1,-30,knife
5930.332031176669,3745.0,47.0,-4598.0,3423.9851051077894,1005.0,-2932.0,1455.0,4073.6653028936976,-3152.0,-2251.0,-1262.0,0.0,0.0,0.0,0.0,3356.995609794539,5930.332031176669,0.0,5930.332031176669,2145.319492714358,3290.006114481289,2640.3259166953803,5930.332031176669,-649.6801977859081,2506.34692606888,1856.666728282972,5930.332031176669,649.6801977859081,3423.9851051077894,4073.6653028936976,0.4416398411330979,0.2549887982514632,0.3033713606154389,0.0,1,-30,knife
7432.400554329671,7268.0,1075.0,-1123.0,2686.085069390022,1365.0,-2308.0,-158.0,2399.576837694513,-1562.0,-1810.0,205.0,0.0,0.0,0.0,0.0,3129.5156153535518,7432.400554329671,0.0,7432.400554329671,2694.351872576832,3572.946161317081,3859.45439301259,7432.400554329671,286.50823169550904,4746.315484939649,5032.823716635157,7432.400554329671,286.50823169550904,2686.085069390022,2399.576837694513,0.5937341004040659,0.2145767428201957,0.1916891567757383,0.0,1,-32,knife
4779.106297206623,3661.0,1910.0,-2406.0,2956.143095318628,877.0,-2823.0,-18.0,2424.109114705854,-1202.0,-1635.0,-1326.0,0.0,0.0,0.0,0.0,2539.8396268077763,4779.106297206623,0.0,4779.106297206623,1706.7368485202792,2123.5361582969244,2655.5701389096985,4779.106297206623,532.033980612774,1822.9632018879947,2354.9971825007688,4779.106297206623,532.033980612774,2956.143095318628,2424.109114705854,0.4704141795768904,0.2909773381079662,0.2386084823151433,0.0,1,-30,knife
3306.10072441842,1387.0,1162.0,-2767.0,4842.184011373381,-520.0,-4811.0,-175.0,2522.503914764058,-1272.0,-1421.0,-1651.0,0.0,0.0,0.0,0.0,2667.6971626389645,4842.184011373381,0.0,4842.184011373381,1751.687857024766,493.2103139045489,2812.890410513871,3306.10072441842,2319.6800966093224,1536.0832869549608,783.5968096543616,3306.10072441842,2319.6800966093224,4842.184011373381,2522.503914764058,0.3098272145279721,0.453779394376923,0.2363933910951049,0.0,2,-28,knife
0.0,0.0,0.0,0.0,2494.420574001105,1637.0,-1882.0,21.0,5392.106267498815,-2136.0,-2883.0,4025.0,0.0,0.0,0.0,0.0,1971.63171037498,5392.106267498815,0.0,5392.106267498815,2221.914579511065,1448.8428467488552,-1448.8428467488552,0.0,-2897.6856934977104,2494.420574001105,5392.106267498815,0.0,2897.6856934977104,2494.420574001105,5392.106267498815,0.0,0.3162888587248752,0.6837111412751248,0.0,3,-30,knife
4702.681150152538,-2983.0,1445.0,3336.0,1891.512357876628,1537.0,-1023.0,411.0,2375.847006858817,488.0,-2048.0,1101.0,0.0,0.0,0.0,0.0,2242.510128721996,4702.681150152538,0.0,4702.681150152538,1674.982932026251,2593.5078995673634,2109.173250585174,4702.681150152538,-484.3346489821895,2811.16879227591,2326.834143293721,4702.681150152538,484.3346489821895,1891.512357876628,2375.847006858817,0.5242653187961954,0.2108699904685155,0.2648646907352889,0.0,1,-28,knife
7761.7432320323505,-1488.0,-1235.0,-7517.0,1767.938347341332,1381.0,-1062.0,301.0,2198.02320278927,141.0,-2020.0,855.0,0.0,0.0,0.0,0.0,2931.9261955407383,7761.7432320323505,0.0,7761.7432320323505,2907.6109237485703,4095.914043740144,3665.8291882922063,7761.7432320323505,-430.0848554479378,5993.804884691019,5563.720029243081,7761.7432320323505,430.0848554479378,1767.938347341332,2198.02320278927,0.6618296909926857,0.1507488788454367,0.1874214301618774,0.0,1,-26,knife
1434.1443441997044,231.0,855.0,1128.0,1504.4487362485968,1221.0,-771.0,422.0,2116.1006592315025,353.0,-1968.0,693.0,0.0,0.0,0.0,0.0,1263.673434919951,2116.1006592315025,0.0,2116.1006592315025,776.2950147190257,1022.898133591305,411.24621060839945,1434.1443441997044,-611.6519229829057,70.3043920488924,681.9563150317981,1434.1443441997044,611.6519229829057,1504.4487362485968,2116.1006592315025,0.2837252696323699,0.2976340039038444,0.4186407264637856,0.0,3,-26,knife
996.6614269650452,-115.0,915.0,378.0,2117.788233039366,1873.0,103.0,983.0,1570.6816991357607,-407.0,-1516.0,56.0,0.0,0.0,0.0,0.0,1171.282839785043,2117.788233039366,0.0,2117.788233039366,783.8667037354536,224.77744653072,771.8839804343253,996.6614269650452,547.1065339036052,1121.1268060743207,574.0202721707155,996.6614269650452,547.1065339036052,2117.788233039366,1570.6816991357607,0.2127285983178826,0.4520232349318863,0.3352481667502309,0.0,2,-26,knife
884.143653486242,-221.0,815.0,262.0,2272.7184163463808,1820.0,-57.0,1360.0,1691.4567685873617,513.0,-1481.0,636.0,0.0,0.0,0.0,0.0,1212.079709604996,2272.7184163463808,0.0,2272.7184163463808,856.071858878604,151.4410028636114,732.7026506226305,884.143653486242,581.2616477590191,1388.574762860139,807.3131151011197,884.143653486242,581.2616477590191,2272.7184163463808,1691.4567685873617,0.1823608724904682,0.4687642236596461,0.3488749038498858,0.0,2,-28,knife
2879.2903639612314,2722.0,930.0,-127.0,5091.540729484544,-357.0,-5073.0,247.0,8318.643459122406,-273.0,-1180.0,-8230.0,0.0,0.0,0.0,0.0,4072.368638142045,8318.643459122406,0.0,8318.643459122406,3044.551843059517,3053.1965467995465,-173.90618283831554,2879.2903639612314,-3227.1027296378625,2212.250365523312,5439.353095161175,2879.2903639612314,3227.1027296378625,5091.540729484544,8318.643459122406,0.1767577188981387,0.3125662962947946,0.5106759848070666,0.0,3,-26,knife
3692.9214722222296,2687.0,1040.0,-2310.0,3274.799993892757,893.0,-2925.0,1171.0,2771.814928886848,-1762.0,-1733.0,-1255.0,0.0,0.0,0.0,0.0,2434.884098750458,3692.9214722222296,0.0,3692.9214722222296,1443.11292893251,1594.9682036081604,2097.953268614069,3692.9214722222296,502.9850650059093,418.1214783294727,921.106543335382,3692.9214722222296,502.9850650059093,3274.799993892757,2771.814928886848,0.3791680961444298,0.3362377695485926,0.2845941343069775,0.0,1,-28,knife
10951.2341313662,6793.0,5442.0,-6646.0,2085.000959232393,552.0,-1995.0,-250.0,2414.0376964745187,-1243.0,-1873.0,-880.0,0.0,0.0,0.0,0.0,3862.568196768278,10951.2341313662,0.0,10951.2341313662,4196.02799386685,5640.135434304163,5311.098697062037,10951.2341313662,-329.0367372421256,8866.233172133807,8537.19643489168,10951.2341313662,329.0367372421256,2085.000959232393,2414.0376964745187,0.7088052283794527,0.1349491357186175,0.1562456359019297,0.0,1,-29,knife
3561.2736485701294,2983.0,-130.0,1941.0,3002.365900419201,1751.0,-2438.0,-66.0,2767.391912975103,-1993.0,-1920.0,-3.0,0.0,0.0,0.0,0.0,2332.7578654911085,3561.2736485701294,0.0,3561.2736485701294,1377.3427282232146,1663.149830563016,1898.1238180071136,3561.2736485701294,234.97398744409796,558.9077481509285,793.8817355950264,3561.2736485701294,234.97398744409796,3002.365900419201,2767.391912975103,0.3816591620215569,0.3217614164797941,0.2965794214986488,0.0,1,-29,knife
2584.4825400841846,1475.0,1657.0,-1326.0,4667.62862704393,-202.0,-4503.0,-1212.0,3114.9436592015595,-1407.0,-2013.0,-1916.0,0.0,0.0,0.0,0.0,2591.7637065824183,4667.62862704393,0.0,4667.62862704393,1680.790331731523,515.8987861209075,2068.5837539632776,2584.4825400841846,1552.68496784237,2083.146086959745,530.4611191173749,2584.4825400841846,1552.68496784237,4667.62862704393,3114.9436592015595,0.2492976629698396,0.4502367070722288,0.3004656299579315,0.0,2,-29,knife
6294.646693818487,6146.0,915.0,-1006.0,3097.461702749527,1558.0,-2676.0,-77.0,11803.129796795423,-7638.0,-7202.0,-5395.0,0.0,0.0,0.0,0.0,5298.80954834086,11803.129796795423,0.0,11803.129796795423,4365.237349836975,7500.157393932193,-1205.5107001137058,6294.646693818487,-8705.668094045897,3197.18499106896,5508.483102976938,6294.646693818487,8705.668094045897,3097.461702749527,11803.129796795423,0.2969840035008165,0.1461395090015733,0.5568764874976102,0.0,3,-28,knife
2952.470490961764,2512.0,1337.0,-787.0,3484.7164877504742,1187.0,-3262.0,-306.0,4773.865624418015,-3880.0,-1792.0,-2127.0,0.0,0.0,0.0,0.0,2802.763150782563,4773.865624418015,0.0,4773.865624418015,1748.442083860772,2120.8098138146524,831.6606771471115,2952.470490961764,-1289.1491366675405,532.2459967887103,1821.3951334562507,2952.470490961764,1289.1491366675405,3484.7164877504742,4773.865624418015,0.263353548991234,0.3108286626696856,0.4258177883390804,0.0,3,-28,knife
2604.1140528018354,1343.0,-20.0,2231.0,3359.1361984891296,2460.0,-2286.0,-80.0,3186.4199346602136,-2122.0,-2162.0,988.0,0.0,0.0,0.0,0.0,2287.4175464877944,3359.1361984891296,0.0,3359.1361984891296,1349.9409127883182,1215.69889448646,1388.4151583153755,2604.1140528018354,172.716263828916,755.0221456872941,582.3058818583781,2604.1140528018354,172.716263828916,3359.1361984891296,3186.4199346602136,0.2846128876645533,0.3671319435805348,0.3482551687549119,0.0,2,-28,knife
3107.3979468359053,1776.0,1795.0,-1811.0,5035.174674229286,578.0,-4972.0,-546.0,7289.7672116467475,-5332.0,-3131.0,-3861.0,0.0,0.0,0.0,0.0,3858.084958177985,7289.7672116467475,0.0,7289.7672116467475,2674.431426580382,2680.995242126683,426.40270470922223,3107.3979468359053,-2254.592537417461,1927.776727393381,4182.369264810843,3107.3979468359053,2254.592537417461,5035.174674229286,7289.7672116467475,0.2013562415369542,0.3262742221083172,0.4723695363547285,0.0,3,-28,knife
12303.975089376603,6287.0,-6947.0,7975.0,2282.2414420915243,1451.0,-1760.0,-75.0,3436.5310998156265,-2751.0,-1911.0,-768.0,0.0,0.0,0.0,0.0,4505.686907820938,12303.975089376603,0.0,12303.975089376603,4669.082269428435,6729.132373550353,5574.842715826251,12303.975089376603,-1154.2896577241022,10021.733647285078,8867.443989560976,12303.975089376603,1154.2896577241022,2282.2414420915243,3436.5310998156265,0.6826914153766129,0.126631160175046,0.1906774244483411,0.0,1,-31,knife
2909.517829469344,646.0,1237.0,-2553.0,2342.9871958677027,-985.0,-2120.0,158.0,2672.039670364196,-356.0,-1486.0,-2192.0,0.0,0.0,0.0,0.0,1981.136173925311,2909.517829469344,0.0,2909.517829469344,1161.3652355588151,1619.2851519829185,1290.2326774864252,2909.517829469344,-329.05247449649323,566.5306336016411,237.47815910514785,2909.517829469344,329.05247449649323,2342.9871958677027,2672.039670364196,0.3671526808407862,0.2956620583058459,0.3371852608533678,0.0,1,-29,knife
8081.577692505344,-397.0,3825.0,-7108.0,1328.7595719316569,96.0,-1305.0,231.0,1830.616835932632,-353.0,-1593.0,-830.0,0.0,0.0,0.0,0.0,2810.238525092408,8081.577692505344,0.0,8081.577692505344,3116.042992656944,4291.71747825316,3789.860214252185,8081.577692505344,-501.85726400097496,6752.818120573687,6250.960856572712,8081.577692505344,501.85726400097496,1328.7595719316569,1830.616835932632,0.7189405472476398,0.1182070098380673,0.1628524429142928,0.0,1,-31,knife
2815.7221098680884,2571.0,865.0,755.0,6278.412378937847,2683.0,-5622.0,-783.0,14946.192659001825,-5011.0,4975.0,-13173.0,0.0,0.0,0.0,0.0,6010.08178695194,14946.192659001825,0.0,14946.192659001825,5618.075641547431,5741.751194966033,-2926.029085097944,2815.7221098680884,-8667.780280063977,3462.690269069759,12130.470549133734,2815.7221098680884,8667.780280063977,6278.412378937847,14946.192659001825,0.1171249497794315,0.2611616863754026,0.6217133638451658,0.0,3,-28,knife
3803.8155843836594,1242.0,2215.0,-2832.0,2496.364156127868,-232.0,-2453.0,-401.0,2706.1043956211297,-1786.0,-1158.0,-1671.0,0.0,0.0,0.0,0.0,2251.5710340331643,3803.8155843836594,0.0,3803.8155843836594,1391.5422662293904,2006.7779119384609,1797.0376724451985,3803.8155843836594,-209.7402394932624,1307.451428255792,1097.7111887625297,3803.8155843836594,209.7402394932624,2496.364156127868,2706.1043956211297,0.4223512746086907,0.2771802575173714,0.3004684678739376,0.0,1,-30,knife
4965.749188189029,466.0,-2095.0,4478.0,2647.201163493247,1980.0,-1757.0,-15.0,3697.982152471805,-3096.0,-2016.0,160.0,0.0,0.0,0.0,0.0,2827.73312603852,4965.749188189029,0.0,4965.749188189029,1827.369179422817,3008.2650885837934,1957.484099605236,4965.749188189029,-1050.7809889785576,2318.5480246957823,1267.7670357172246,4965.749188189029,1050.7809889785576,2647.201163493247,3697.982152471805,0.4390220864959893,0.2340391618923576,0.3269387516116531,0.0,1,-29,knife
5417.978036131191,4815.0,1895.0,-1606.0,2320.885391396999,1022.0,-2083.0,-56.0,2479.7370828376143,-1336.0,-1890.0,-890.0,0.0,0.0,0.0,0.0,2554.650127591451,5417.978036131191,0.0,5417.978036131191,1922.572619069819,2788.4148637859034,2629.563172345288,5417.978036131191,-158.85169144061547,3097.0926447341926,2938.240953293577,5417.978036131191,158.85169144061547,2320.885391396999,2479.7370828376143,0.5302074418737834,0.2271236055311762,0.2426689525950403,0.0,1,-31,knife
4375.700286811244,4053.0,1362.0,-930.0,2865.488789020121,1441.0,-2476.0,63.0,3075.281125360737,-2100.0,-2025.0,973.0,0.0,0.0,0.0,0.0,2579.117550298026,4375.700286811244,0.0,4375.700286811244,1597.477984744927,2292.74631157593,2082.9539752353144,4375.700286811244,-209.79233634061572,1510.2114977911228,1300.419161450507,4375.700286811244,209.79233634061572,2865.488789020121,3075.281125360737,0.4241470388103885,0.2777586454608287,0.2980943157287826,0.0,1,-29,knife
684.6962830335798,-683.0,32.0,-36.0,2558.2198889071283,1716.0,-1893.0,-128.0,4558.456537030928,-4201.0,-1670.0,585.0,0.0,0.0,0.0,0.0,1950.343177242909,4558.456537030928,0.0,4558.456537030928,1773.2364453118018,1342.4664655786898,-657.7701825451102,684.6962830335798,-2000.2366481238,1873.5236058735488,3873.7602539973486,684.6962830335798,2000.2366481238,2558.2198889071283,4558.456537030928,0.0877661289334598,0.3279191988821604,0.5843146721843798,0.0,3,-30,knife
3279.1453154747505,1508.0,2197.0,-1911.0,2485.819583155624,-603.0,-2343.0,-571.0,1967.0749858609863,-322.0,-440.0,-1890.0,0.0,0.0,0.0,0.0,1933.0099711228404,3279.1453154747505,0.0,3279.1453154747505,1209.8932603910464,1380.2003590900567,1898.944956384694,3279.1453154747505,518.7445972946375,793.3257323191265,1312.070329613764,3279.1453154747505,518.7445972946375,2485.819583155624,1967.0749858609863,0.4240983446104486,0.3214959597067766,0.2544056956827748,0.0,1,-29,knife
6330.819694162834,4427.0,2130.0,-3993.0,2209.952714426261,911.0,-2007.0,-161.0,1908.986380255239,-1097.0,-1558.0,-116.0,0.0,0.0,0.0,0.0,2612.4396972110835,6330.819694162834,0.0,6330.819694162834,2308.03126678034,3014.926679995906,3315.893014166928,6330.819694162834,300.966334171022,4120.866979736573,4421.833313907595,6330.819694162834,300.966334171022,2209.952714426261,1908.986380255239,0.6058340505353402,0.2114836102040462,0.1826823392606135,0.0,1,-30,knife
2718.0091979240983,2090.0,325.0,1707.0,4339.870159348088,2772.0,-3325.0,-308.0,5781.671125202471,-4836.0,235.0,-3160.0,0.0,0.0,0.0,0.0,3209.887620618664,5781.671125202471,0.0,5781.671125202471,2146.872949896908,2079.9050818892406,638.1041160348577,2718.0091979240983,-1441.8009658543824,1621.86096142399,3063.6619272783723,2718.0091979240983,1441.8009658543824,4339.870159348088,5781.671125202471,0.211690370440464,0.3380079517014083,0.4503016778581277,0.0,3,-26,knife
3794.7421519781815,2512.0,2040.0,-1982.0,0.0,0.0,0.0,0.0,0.0,0.0,0.0,0.0,0.0,0.0,0.0,0.0,948.6855379945454,3794.7421519781815,0.0,3794.7421519781815,1643.171552212367,1897.3710759890907,1897.3710759890907,3794.7421519781815,0.0,3794.7421519781815,3794.7421519781815,3794.7421519781815,0.0,0.0,0.0,1.0,0.0,0.0,0.0,1,-27,knife
3423.509894830158,1306.0,-760.0,3072.0,3032.180898297461,2275.0,-2000.0,-136.0,4412.774750652927,-3438.0,-2256.0,1601.0,0.0,0.0,0.0,0.0,2717.116385945136,4412.774750652927,0.0,4412.774750652927,1647.4401492098095,2402.051873592812,1021.4580212373462,3423.509894830158,-1380.5938523554655,391.3289965326967,989.2648558227688,3423.509894830158,1380.5938523554655,3032.180898297461,4412.774750652927,0.3149947783373388,0.2789888679393771,0.4060163537232841,0.0,3,-28,knife
2918.082246956038,2538.0,1292.0,-636.0,5292.126415723646,2315.0,-4511.0,-1516.0,6477.310012651857,-5797.0,856.0,-2760.0,0.0,0.0,0.0,0.0,3671.879668832885,6477.310012651857,0.0,6477.310012651857,2477.223737899284,2051.632921942125,866.449325013914,2918.082246956038,-1185.183596928211,2374.0441687676075,3559.2277656958186,2918.082246956038,1185.183596928211,5292.126415723646,6477.310012651857,0.1986776875972325,0.3603145318624888,0.4410077805402786,0.0,3,-28,knife
9646.205523416967,9240.0,-2535.0,1116.0,2529.918971034448,1416.0,-2053.0,-425.0,3436.752245943836,-3116.0,-1411.0,-333.0,0.0,0.0,0.0,0.0,3903.219185098813,9646.205523416967,0.0,9646.205523416967,3546.849199370698,5276.519399163179,4369.686124253789,9646.205523416967,-906.833274909388,7116.286552382519,6209.453277473132,9646.205523416967,906.833274909388,2529.918971034448,3436.752245943836,0.6178365258248216,0.1620405395559666,0.2201229346192117,0.0,1,-30,knife
2609.3284576687543,1177.0,1845.0,-1421.0,3100.4651263963606,-192.0,-3076.0,-338.0,1920.7732817800231,-1108.0,-1355.0,-791.0,0.0,0.0,0.0,0.0,1907.641716461285,3100.4651263963606,0.0,3100.4651263963606,1178.3952357408125,714.8183065262083,1894.510151142546,2609.3284576687543,1179.6918446163374,491.1366687276063,688.5551758887311,2609.3284576687543,1179.6918446163374,3100.4651263963606,1920.7732817800231,0.3419573543544006,0.4063217295525215,0.2517209160930777,0.0,2,-29,knife
8183.198274513455,8147.0,662.0,391.0,2659.921239435484,1741.0,-2000.0,-210.0,4412.067655872924,-2520.0,-2721.0,2390.0,0.0,0.0,0.0,0.0,3813.796792455466,8183.198274513455,0.0,8183.198274513455,2971.787008830949,4967.672345475448,3215.525929038008,8183.198274513455,-1752.1464164374402,5523.277035077972,3771.130618640532,8183.198274513455,1752.1464164374402,2659.921239435484,4412.067655872924,0.536420706178003,0.1743617570748261,0.2892175367471708,0.0,1,-28,knife
4676.5899969956745,4493.0,1177.0,-546.0,3082.874794732994,1207.0,-2728.0,-778.0,2356.649528461965,-2078.0,-1028.0,-423.0,0.0,0.0,0.0,0.0,2529.028580047658,4676.5899969956745,0.0,4676.5899969956745,1684.0773264022428,1975.1823653623223,2701.407631633352,4676.5899969956745,726.2252662710293,1593.7152022626806,2319.94046853371,4676.5899969956745,726.2252662710293,3082.874794732994,2356.649528461965,0.4622911375825126,0.3047489082423595,0.2329599541751278,0.0,1,-27,knife
5221.29457127253,3198.0,2992.0,-2843.0,2571.013224392282,443.0,-2456.0,-618.0,1622.9004898637502,-1241.0,-741.0,-738.0,0.0,0.0,0.0,0.0,2353.8020713821406,5221.29457127253,0.0,5221.29457127253,1893.6931664758004,2136.590918372,3084.703652900531,5221.29457127253,948.112734528532,2650.2813468802483,3598.39408140878,5221.29457127253,948.112734528532,2571.013224392282,1622.9004898637502,0.5545596457274138,0.2730702440586472,0.172370110213939,0.0,1,-27,knife
5844.822751803514,3947.0,3162.0,-2930.0,2433.9213216535986,641.0,-2286.0,-536.0,1640.053047922536,-1173.0,-966.0,-617.0,0.0,0.0,0.0,0.0,2479.699280344912,5844.822751803514,0.0,5844.822751803514,2131.904425403945,2525.477239036226,3319.345512767288,5844.822751803514,793.8682737310626,3410.901430149915,4204.769703880977,5844.822751803514,793.8682737310626,2433.9213216535986,1640.053047922536,0.5892672952454271,0.2453847267837911,0.1653479779707818,0.0,1,-27,knife
5615.448512808215,3747.0,3087.0,-2822.0,2471.636502400788,665.0,-2311.0,-571.0,2102.7772112137795,-1336.0,-1126.0,-1170.0,0.0,0.0,0.0,0.0,2547.4655566056954,5615.448512808215,0.0,5615.448512808215,2006.5890181867417,2623.2946108106034,2992.153901997612,5615.448512808215,368.8592911870082,3143.812010407428,3512.671301594436,5615.448512808215,368.8592911870082,2471.636502400788,2102.7772112137795,0.551081887863714,0.2425583827808506,0.2063597293554354,0.0,1,-27,knife
6589.662358573465,1645.0,3920.0,-5035.0,1847.3600082279577,37.0,-1827.0,-271.0,1607.8137329927245,-348.0,-956.0,-1245.0,0.0,0.0,0.0,0.0,2511.209024948537,6589.662358573465,0.0,6589.662358573465,2459.510669425327,3175.0580416691164,3414.6043169043487,6589.662358573465,239.5462752352332,4742.302350345508,4981.84862558074,6589.662358573465,239.5462752352332,1847.3600082279577,1607.8137329927245,0.6560248761757804,0.1839114137726763,0.1600637100515432,0.0,1,-27,knife
6456.588030841057,1820.0,3620.0,-5027.0,2117.747388146188,-42.0,-2073.0,-431.0,1578.0234472275752,-483.0,-730.0,-1313.0,0.0,0.0,0.0,0.0,2538.089716553705,6456.588030841057,0.0,6456.588030841057,2392.433037876783,2958.4320449612223,3498.1559858798346,6456.588030841057,539.7239409186127,4338.8406426948695,4878.564583613482,6456.588030841057,539.7239409186127,2117.747388146188,1578.0234472275752,0.6359692477309281,0.2085965848974922,0.1554341673715796,0.0,1,-27,knife
6315.629263976789,1817.0,3780.0,-4722.0,2190.299751175624,32.0,-2150.0,-417.0,1972.2598713151367,-857.0,-692.0,-1636.0,0.0,0.0,0.0,0.0,2619.547221616888,6315.629263976789,0.0,6315.629263976789,2298.1669007535647,3048.7946920581508,3266.834571918638,6315.629263976789,218.0398798604872,4125.329512801165,4343.3693926616525,6315.629263976789,218.0398798604872,2190.299751175624,1972.2598713151367,0.6027405434667574,0.2090341923502036,0.1882252641830389,0.0,1,-27,knife
4535.807425365411,2341.0,2722.0,-2772.0,2900.292571448612,143.0,-2792.0,-772.0,1900.655150204792,-1140.0,-401.0,-1467.0,0.0,0.0,0.0,0.0,2334.188786754704,4535.807425365411,0.0,4535.807425365411,1643.4709330525457,1768.085002060796,2767.7224233046154,4535.807425365411,999.63742124382,1635.5148539167994,2635.1522751606194,4535.807425365411,999.63742124382,2900.292571448612,1900.655150204792,0.4858012611387452,0.3106317479445375,0.2035669909167172,0.0,1,-27,knife
999.9189967192342,-395.0,897.0,-198.0,0.0,0.0,0.0,0.0,0.0,0.0,0.0,0.0,0.0,0.0,0.0,0.0,249.97974917980852,999.9189967192342,0.0,999.9189967192342,432.9776264427528,499.9594983596171,499.9594983596171,999.9189967192342,0.0,999.9189967192342,999.9189967192342,999.9189967192342,0.0,0.0,0.0,1.0,0.0,0.0,0.0,1,-28,battery
1108.3361403473225,-296.0,1067.0,48.0,1546.4886032557756,1307.0,-773.0,293.0,2498.2061564250457,517.0,-2196.0,1073.0,0.0,0.0,0.0,0.0,1288.2577250070358,2498.2061564250457,0.0,2498.2061564250457,897.5853909014428,1030.0268467582962,78.30929358902608,1108.3361403473225,-951.71755316927,438.1524629084531,1389.8700160777232,1108.3361403473225,951.71755316927,1546.4886032557756,2498.2061564250457,0.2150843186950944,0.300112425727416,0.4848032555774897,0.0,3,-26,battery
1186.402124070924,-105.0,1155.0,-250.0,1493.8142454803408,1291.0,-680.0,320.0,2327.1076468440388,511.0,-2097.0,870.0,0.0,0.0,0.0,0.0,1251.8310040988258,2327.1076468440388,0.0,2327.1076468440388,834.5863569319387,1009.847762717311,176.55436135361288,1186.402124070924,-833.293401363698,307.41212140941684,1140.7055227731148,1186.402124070924,833.293401363698,1493.8142454803408,2327.1076468440388,0.2369333640456119,0.2983258603975293,0.4647407755568589,0.0,3,-26,battery
0.0,0.0,0.0,0.0,1601.3622326007317,1365.0,-756.0,360.0,2404.8844047063885,568.0,-2102.0,1021.0,0.0,0.0,0.0,0.0,1001.56165932678,2404.8844047063885,0.0,2404.8844047063885,1041.0724002520608,401.7610860528284,-401.7610860528284,0.0,-803.5221721056569,1601.3622326007317,2404.8844047063885,0.0,803.5221721056569,1601.3622326007317,2404.8844047063885,0.0,0.3997163374038099,0.6002836625961901,0.0,3,-28,battery
1141.4657244087534,-332.0,1092.0,16.0,1508.5121809252985,1312.0,-636.0,387.0,2293.67412681052,540.0,-2046.0,885.0,0.0,0.0,0.0,0.0,1235.9130080361429,2293.67412681052,0.0,2293.67412681052,826.0705397041181,963.3138351469876,178.15188926176597,1141.4657244087534,-785.1619458852215,367.0464565165448,1152.2084024017663,1141.4657244087534,785.1619458852215,1508.5121809252985,2293.67412681052,0.2308952403985403,0.3051412541005441,0.4639635055009155,0.0,3,-26,battery
0.0,0.0,0.0,0.0,0.0,0.0,0.0,0.0,2345.509965870962,568.0,-2067.0,952.0,0.0,0.0,0.0,0.0,586.3774914677405,2345.509965870962,0.0,2345.509965870962,1015.6356076369124,1172.754982935481,-1172.754982935481,0.0,-2345.509965870962,0.0,2345.509965870962,0.0,2345.509965870962,0.0,2345.509965870962,0.0,0.0,1.0,0.0,3,-28,battery
1134.7955763043844,-266.0,1102.0,51.0,1440.7713212026397,1261.0,-570.0,401.0,2192.182930323106,441.0,-2008.0,761.0,0.0,0.0,0.0,0.0,1191.9374569575325,2192.182930323106,0.0,2192.182930323106,788.4144523672877,943.1035927124256,191.6919835919589,1134.7955763043844,-751.4116091204664,305.97574489825524,1057.3873540187217,1134.7955763043844,751.4116091204664,1440.7713212026397,2192.182930323106,0.2380149163197276,0.3021910488659919,0.4597940348142804,0.0,3,-27,battery
1127.7304642510994,-276.0,1092.0,56.0,1546.9980607615512,1347.0,-655.0,387.0,2713.3805483197525,672.0,-2267.0,1331.0,0.0,0.0,0.0,0.0,1347.027268333101,2713.3805483197525,0.0,2713.3805483197525,970.757842289757,1147.0564759046504,-19.32601165355095,1127.7304642510994,-1166.382487558201,419.26759651045177,1585.650084068653,1127.7304642510994,1166.382487558201,1546.9980607615512,2713.3805483197525,0.2092998580582979,0.2871133527007042,0.5035867892409976,0.0,3,-29,battery
1171.70559442208,-365.0,1110.0,-87.0,1616.8824941844105,1377.0,-778.0,336.0,2602.8826327746706,682.0,-2193.0,1225.0,0.0,0.0,0.0,0.0,1347.8676803452904,2602.8826327746706,0.0,2602.8826327746706,934.774286274824,1078.85286650617,92.85272791591,1171.70559442208,-986.00013859026,445.1768997623303,1431.1770383525904,1171.70559442208,986.00013859026,1616.8824941844105,2602.8826327746706,0.2173257826988473,0.2998963692360004,0.4827778480651521,0.0,3,-28,battery
1129.6291426835623,-311.0,1085.0,-46.0,1599.6515245515193,1362.0,-785.0,296.0,2361.4222409387103,571.0,-2065.0,993.0,0.0,0.0,0.0,0.0,1272.675727043448,2361.4222409387103,0.0,2361.4222409387103,856.219594376601,945.6999295353768,183.92921314818568,1129.6291426835623,-761.770716387191,470.02238186795694,1231.793098255148,1129.6291426835623,761.770716387191,1599.6515245515193,2361.4222409387103,0.2219004257486317,0.3142299901223991,0.463869584128969,0.0,3,-27,battery
1212.3052420904564,-392.0,1132.0,-186.0,1710.5078193331944,1403.0,-932.0,298.0,2729.134294973408,718.0,-2223.0,1411.0,0.0,0.0,0.0,0.0,1412.986839099265,2729.134294973408,0.0,2729.134294973408,982.0345933480494,1115.4658588653351,96.83938322512132,1212.3052420904564,-1018.6264756402136,498.202577242738,1516.8290528829516,1212.3052420904564,1018.6264756402136,1710.5078193331944,2729.134294973408,0.2144933711596463,0.3026404372640141,0.4828661915763395,0.0,3,-28,battery
1258.0441168734903,-405.0,1147.0,-321.0,1776.2066321236389,1418.0,-1031.0,285.0,2806.181391143488,735.0,-2270.0,1477.0,0.0,0.0,0.0,0.0,1460.1080350351544,2806.181391143488,0.0,2806.181391143488,1010.5168360921954,1144.0094379466696,114.0346789268208,1258.0441168734903,-1029.974759019849,518.1625152501485,1548.1372742699975,1258.0441168734903,1029.974759019849,1776.2066321236389,2806.181391143488,0.2154025741052786,0.3041224672256655,0.4804749586690557,0.0,3,-27,battery
1184.2060631494842,-362.0,1120.0,-130.0,1604.8517065448757,1365.0,-768.0,350.0,2528.71410009119,643.0,-2161.0,1145.0,0.0,0.0,0.0,0.0,1329.4429674463877,2528.71410009119,0.0,2528.71410009119,908.6547178699636,1054.0342283478994,130.17183480158474,1184.2060631494842,-923.8623935463148,420.6456433953915,1344.5080369417065,1184.2060631494842,923.8623935463148,1604.8517065448757,2528.71410009119,0.2226883913313189,0.3017902508498534,0.4755213578188276,0.0,3,-28,battery
1158.0712413318963,-352.0,1100.0,-85.0,1615.9074849755475,1383.0,-758.0,352.0,2569.561246594445,657.0,-2186.0,1180.0,0.0,0.0,0.0,0.0,1335.8849932254725,2569.561246594445,0.0,2569.561246594445,924.1991316134092,1055.862501475397,102.20873985649928,1158.0712413318963,-953.6537616188978,457.8362436436512,1411.490005262549,1158.0712413318963,953.6537616188978,1615.9074849755475,2569.561246594445,0.2167236040536229,0.3024039294494142,0.4808724664969628,0.0,3,-27,battery
1163.0945791293157,-335.0,1110.0,-92.0,1619.567226144071,1370.0,-797.0,333.0,2548.3512316790243,641.0,-2162.0,1187.0,0.0,0.0,0.0,0.0,1332.7532592381026,2548.3512316790243,0.0,2548.3512316790243,917.1908198353352,1045.9392923321343,117.15528679718112,1163.0945791293157,-928.7840055349534,456.4726470147552,1385.2566525497086,1163.0945791293157,928.7840055349534,1619.567226144071,2548.3512316790243,0.2181751519021277,0.3038010252306439,0.4780238228672284,0.0,3,-26,battery
1181.4080582085091,-365.0,1120.0,-90.0,1650.7825417055997,1393.0,-815.0,347.0,2579.326462470387,675.0,-2170.0,1220.0,0.0,0.0,0.0,0.0,1352.879265596124,2579.326462470387,0.0,2579.326462470387,929.0591707313872,1054.975989486648,126.432068721861,1181.4080582085091,-928.5439207647872,469.3744834970905,1397.918404261878,1181.4080582085091,928.5439207647872,1650.7825417055997,2579.326462470387,0.2183136530087814,0.3050498635918944,0.4766364833993241,0.0,3,-26,battery
1178.947835996148,-370.0,1117.0,-73.0,1635.6130349199348,1386.0,-797.0,345.0,2546.9232418743995,667.0,-2148.0,1195.0,0.0,0.0,0.0,0.0,1340.3710281976205,2546.9232418743995,0.0,2546.9232418743995,917.2769520534426,1045.1290214753062,133.81881452084144,1178.947835996148,-911.3102069544648,456.6651989237869,1367.9754058782516,1178.947835996148,911.3102069544648,1635.6130349199348,2546.9232418743995,0.2198920692842532,0.3050672165600525,0.4750407141556942,0.0,3,-27,battery
0.0,0.0,0.0,0.0,0.0,0.0,0.0,0.0,0.0,0.0,0.0,0.0,0.0,0.0,0.0,0.0,0.0,0.0,0.0,0.0,0.0,0.0,0.0,0.0,0.0,0.0,0.0,0.0,0.0,0.0,0.0,0.0,0.0,0.0,0.0,1,-27,battery
1184.4146233477531,-382.0,1115.0,-117.0,1601.729065728658,1360.0,-756.0,380.0,2501.0113954158624,648.0,-2127.0,1145.0,0.0,0.0,0.0,0.0,1321.7887711230685,2501.0113954158624,0.0,2501.0113954158624,899.2955268058262,1041.8484765174787,142.56614683027442,1184.4146233477531,-899.2823296872043,417.3144423809049,1316.5967720681092,1184.4146233477531,899.2823296872043,1601.729065728658,2501.0113954158624,0.224017378802024,0.302947244809724,0.4730353763882519,0.0,3,-27,battery
1144.9336225301447,-340.0,1092.0,-53.0,1599.4680365671582,1352.0,-763.0,385.0,2550.468192312933,662.0,-2162.0,1180.0,0.0,0.0,0.0,0.0,1323.717462852559,2550.468192312933,0.0,2550.468192312933,917.216892855329,1047.9668891379597,96.966733392185,1144.9336225301447,-951.0001557457748,454.5344140370135,1405.534569782788,1144.9336225301447,951.0001557457748,1599.4680365671582,2550.468192312933,0.2162345165528861,0.302078819962148,0.4816866634849657,0.0,3,-27,battery
1166.3524338723694,-360.0,1107.0,-73.0,1639.666734431116,1377.0,-837.0,303.0,2427.7847927689145,587.0,-2123.0,1021.0,0.0,0.0,0.0,0.0,1308.4509902681,2427.7847927689145,0.0,2427.7847927689145,879.6090074950511,977.2352461050838,189.1171877672855,1166.3524338723694,-788.1180583377984,473.3143005587467,1261.432358896545,1166.3524338723694,788.1180583377984,1639.666734431116,2427.7847927689145,0.222849851188042,0.3132839415894267,0.4638662072225312,0.0,3,-27,battery
1114.7246296731762,-281.0,1077.0,-61.0,1522.914639761533,1302.0,-736.0,287.0,0.0,0.0,0.0,0.0,0.0,0.0,0.0,0.0,659.4098173586773,1522.914639761533,0.0,1522.914639761533,675.0175499725883,-204.0950050441784,1318.8196347173546,1114.7246296731762,1522.914639761533,408.1900100883568,1114.7246296731762,1114.7246296731762,1522.914639761533,1522.914639761533,0.0,0.4226220933964486,0.5773779066035514,0.0,0.0,2,-27,battery
1032.1090058709883,-226.0,997.0,-142.0,1538.1150802199425,1278.0,-817.0,255.0,2458.7785585530064,498.0,-2158.0,1068.0,0.0,0.0,0.0,0.0,1257.2506611609842,2458.7785585530064,0.0,2458.7785585530064,887.9642588585803,976.386242102026,55.72276376896207,1032.1090058709883,-920.663478333064,506.0060743489541,1426.669552682018,1032.1090058709883,920.663478333064,1538.1150802199425,2458.7785585530064,0.2052313507868643,0.30584893047493,0.4889197187382057,0.0,3,-28,battery
1351.1521009864136,-438.0,1242.0,-302.0,1607.7776587575784,1360.0,-807.0,290.0,2366.8014280881275,561.0,-2102.0,932.0,0.0,0.0,0.0,0.0,1331.43279695803,2366.8014280881275,0.0,2366.8014280881275,854.6134840877,1055.0879351584813,296.06416582793213,1351.1521009864136,-759.0237693305492,256.6255577711647,1015.649327101714,1351.1521009864136,759.0237693305492,1607.7776587575784,2366.8014280881275,0.2537026472671841,0.3018886237500914,0.4444087289827244,0.0,3,-28,battery
1309.510213782237,-417.0,1232.0,-152.0,1589.5640911897829,1393.0,-667.0,376.0,2301.6242091184217,576.0,-2057.0,857.0,0.0,0.0,0.0,0.0,1300.1746285226104,2301.6242091184217,0.0,2301.6242091184217,833.244973189813,1010.785165855438,298.7250479267991,1309.510213782237,-712.0601179286389,280.05387740754577,992.1139953361846,1309.510213782237,712.0601179286389,1589.5640911897829,2301.6242091184217,0.2517950637273692,0.3056443450592491,0.4425605912133817,0.0,3,-26,battery
1152.1345407546812,-357.0,1082.0,-171.0,1665.8238202162916,1372.0,-908.0,261.0,2440.713420293337,587.0,-2132.0,1033.0,0.0,0.0,0.0,0.0,1314.6679453160773,2440.713420293337,0.0,2440.713420293337,886.856495470605,963.5120704158631,188.6224703388177,1152.1345407546812,-774.8896000770455,513.6892794616103,1288.578879538656,1152.1345407546812,774.8896000770455,1665.8238202162916,2440.713420293337,0.2190923086052883,0.3167765339817021,0.4641311574130097,0.0,3,-26,battery
1273.8206310152148,-221.0,1247.0,-137.0,1586.1806328410394,1377.0,-712.0,336.0,2288.5831861656243,587.0,-2038.0,860.0,0.0,0.0,0.0,0.0,1287.1461125054695,2288.5831861656243,0.0,2288.5831861656243,829.0386812821565,988.1115921698996,285.7090388453148,1273.8206310152148,-702.4025533245849,312.3600018258246,1014.7625551504096,1273.8206310152148,702.4025533245849,1586.1806328410394,2288.5831861656243,0.2474118164673013,0.3080809197631592,0.4445072637695395,0.0,3,-27,battery
1180.1478720906125,-350.0,1125.0,68.0,1594.0078418878622,1381.0,-710.0,360.0,2856.6009521807555,628.0,-2301.0,1572.0,0.0,0.0,0.0,0.0,1407.6891665398075,2856.6009521807555,0.0,2856.6009521807555,1020.7134565618608,1221.370491191753,-41.22261910114048,1180.1478720906125,-1262.5931102928932,413.85996979725,1676.4530800901432,1180.1478720906125,1262.5931102928932,1594.0078418878622,2856.6009521807555,0.2095895706492317,0.2830894560704119,0.5073209732803564,0.0,3,-27,battery
1150.1352094427857,-311.0,1087.0,-211.0,1638.1932120479562,1381.0,-830.0,296.0,2357.897792526216,576.0,-2091.0,925.0,0.0,0.0,0.0,0.0,1286.5565535042392,2357.897792526216,0.0,2357.897792526216,858.0878362005218,934.9198949605224,215.215314482263,1150.1352094427857,-719.7045804782595,488.0580026051707,1207.7625830834302,1150.1352094427857,719.7045804782595,1638.1932120479562,2357.897792526216,0.2234909935187306,0.3183290325609768,0.4581799739202926,0.0,3,-27,battery
1159.0125107176368,-311.0,1115.0,-58.0,1585.1798005273724,1365.0,-741.0,317.0,2334.864021736598,563.0,-2086.0,885.0,0.0,0.0,0.0,0.0,1269.7640832454017,2334.864021736598,0.0,2334.864021736598,845.3537264955804,954.3483659634312,204.66414475420584,1159.0125107176368,-749.6842212092254,426.1672898097356,1175.851511018961,1159.0125107176368,749.6842212092254,1585.1798005273724,2334.864021736598,0.2281944587208881,0.3121012441294994,0.4597042971496125,0.0,3,-28,battery
1135.1819237461457,-325.0,1087.0,-38.0,1582.5972323999558,1362.0,-741.0,317.0,2337.34571683352,568.0,-2081.0,900.0,0.0,0.0,0.0,0.0,1263.7812182449054,2337.34571683352,0.0,2337.34571683352,846.7386151649298,944.965204089855,190.21671965629093,1135.1819237461457,-754.748484433564,447.4153086538101,1202.1637930873742,1135.1819237461457,754.748484433564,1582.5972323999558,2337.34571683352,0.2245606097316919,0.3130678810446737,0.4623715092236342,0.0,3,-29,battery
1117.5119686159965,-330.0,1067.0,-38.0,1597.3255773323108,1372.0,-748.0,331.0,2346.9884959240853,561.0,-2095.0,897.0,0.0,0.0,0.0,0.0,1265.4565104680985,2346.9884959240853,0.0,2346.9884959240853,851.9266811844223,933.5874436038856,183.92452501211096,1117.5119686159965,-749.6629185917745,479.8136087163143,1229.4765273080889,1117.5119686159965,749.6629185917745,1597.3255773323108,2346.9884959240853,0.2207724958091652,0.3155631118333439,0.4636643923574907,0.0,3,-28,battery
1147.5247274024207,-350.0,1092.0,-43.0,1587.1225535540725,1365.0,-743.0,322.0,2351.452529820664,548.0,-2100.0,905.0,0.0,0.0,0.0,0.0,1271.5249526942894,2351.452529820664,0.0,2351.452529820664,851.1752432230307,955.9273518345062,191.59737556791447,1147.5247274024207,-764.3299762665915,439.5978261516518,1203.9278024182431,1147.5247274024207,764.3299762665915,1587.1225535540725,2351.452529820664,0.2256197813835428,0.3120510042274533,0.4623292143890037,0.0,3,-27,battery
1139.053993452461,-322.0,1092.0,-36.0,1426.3940549511556,1192.0,-670.0,406.0,2329.790333914192,553.0,-2083.0,885.0,0.0,0.0,0.0,0.0,1223.809595579452,2329.790333914192,0.0,2329.790333914192,832.0347491347089,1021.2251362077488,117.82885724471248,1139.053993452461,-903.396278963036,287.34006149869424,1190.7363404617304,1139.053993452461,903.396278963036,1426.3940549511556,2329.790333914192,0.2326861134213324,0.291383982464156,0.4759299041145117,0.0,3,-27,battery
1143.2869281155977,-320.0,1097.0,-36.0,1594.8902783577307,1381.0,-733.0,315.0,2331.199905628001,600.0,-2062.0,907.0,0.0,0.0,0.0,0.0,1267.3442780253324,2331.199905628001,0.0,2331.199905628001,845.6693981435353,939.798277692934,203.4886504226638,1143.2869281155977,-736.3096272702703,451.60335024213305,1187.9129775124034,1143.2869281155977,736.3096272702703,1594.8902783577307,2331.199905628001,0.2255280881326441,0.3146126719494785,0.4598592399178772,0.0,3,-29,battery
1151.1950312609936,-337.0,1100.0,-41.0,1585.7736282332355,1370.0,-733.0,317.0,2314.639928801022,525.0,-2083.0,862.0,0.0,0.0,0.0,0.0,1262.9021470738128,2314.639928801022,0.0,2314.639928801022,839.3149986246843,940.0306659143902,211.16436534660352,1151.1950312609936,-728.8663005677865,434.57859697224194,1163.4448975400285,1151.1950312609936,728.8663005677865,1585.7736282332355,2314.639928801022,0.2278868228089467,0.3139145879012731,0.4581985892897802,0.0,3,-29,battery
1081.6552130877935,-187.0,1065.0,28.0,1581.8865319611264,1360.0,-741.0,322.0,2328.1239228185427,561.0,-2076.0,892.0,0.0,0.0,0.0,0.0,1247.9164169668657,2328.1239228185427,0.0,2328.1239228185427,846.067737397296,913.9463019726048,167.70891111518858,1081.6552130877935,-746.2373908574164,500.2313188733328,1246.4687097307492,1081.6552130877935,746.2373908574164,1581.8865319611264,2328.1239228185427,0.2166922396366938,0.3169055456065709,0.4664022147567352,0.0,3,-28,battery
1149.1653492861678,-330.0,1100.0,-41.0,1597.2933356149708,1375.0,-736.0,345.0,2333.546014116713,558.0,-2072.0,917.0,0.0,0.0,0.0,0.0,1270.001174754463,2333.546014116713,0.0,2333.546014116713,846.4266159108442,942.7090138939552,206.45633539221265,1149.1653492861678,-736.2526785017424,448.127986328803,1184.3806648305454,1149.1653492861678,736.2526785017424,1597.2933356149708,2333.546014116713,0.226213442186056,0.3144275311248797,0.4593590266890642,0.0,3,-29,battery
1149.8334662028235,-327.0,1102.0,-28.0,1597.074826049174,1370.0,-748.0,338.0,2334.664001521418,556.0,-2076.0,912.0,0.0,0.0,0.0,0.0,1270.3930734433538,2334.664001521418,0.0,2334.664001521418,846.7329501957208,943.7113208375338,206.12214536528995,1149.8334662028235,-737.5891754722438,447.2413598463504,1184.8305353185942,1149.8334662028235,737.5891754722438,1597.074826049174,2334.664001521418,0.2262751368531635,0.3142875341960818,0.4594373289507547,0.0,3,-30,battery
1154.7294055318762,-316.0,1110.0,-38.0,1595.266121999712,1365.0,-743.0,360.0,2340.758424101043,558.0,-2081.0,915.0,0.0,0.0,0.0,0.0,1272.6884879081576,2340.758424101043,0.0,2340.758424101043,848.3041982367213,950.1108538166036,204.6185517152724,1154.7294055318762,-745.4923021013312,440.5367164678357,1186.029018569167,1154.7294055318762,745.4923021013312,1595.266121999712,2340.758424101043,0.2268287598463776,0.3133653948229224,0.4598058453307,0.0,3,-29,battery
1146.0636980552172,-313.0,1102.0,-33.0,1599.7840479264694,1372.0,-746.0,347.0,2335.490954810145,547.0,-2078.0,915.0,0.0,0.0,0.0,0.0,1270.334675197958,2335.490954810145,0.0,2335.490954810145,847.3913281298667,940.8853024694462,205.1783955857711,1146.0636980552172,-735.7069068836752,453.7203498712522,1189.4272567549274,1146.0636980552172,735.7069068836752,1599.7840479264694,2335.490954810145,0.2255436540525481,0.3148351531215923,0.4596211928258594,0.0,3,-30,battery
1150.9769763118636,-330.0,1102.0,-38.0,1588.8782206324058,1362.0,-741.0,347.0,2348.937632207377,558.0,-2088.0,920.0,0.0,0.0,0.0,0.0,1272.1982072879118,2348.937632207377,0.0,2348.937632207377,850.4170867129986,955.5181939434174,195.45878236844624,1150.9769763118636,-760.0594115749714,437.9012443205422,1197.9606558955136,1150.9769763118636,760.0594115749714,1588.8782206324058,2348.937632207377,0.2261787844296548,0.3122308716382325,0.4615903439321126,0.0,3,-29,battery
1159.6417550260942,-327.0,1112.0,-36.0,1600.270289669842,1370.0,-746.0,357.0,2334.726536449183,558.0,-2072.0,920.0,0.0,0.0,0.0,0.0,1273.6596452862798,2334.726536449183,0.0,2334.726536449183,846.7210921957876,947.0490009027176,212.5927541233764,1159.6417550260942,-734.4562467793412,440.6285346437478,1175.084781423089,1159.6417550260942,734.4562467793412,1600.270289669842,2334.726536449183,0.227620023786936,0.3141086976399708,0.4582712785730932,0.0,3,-29,battery
1143.138661755432,-325.0,1095.0,-46.0,1609.773275961556,1383.0,-741.0,360.0,2335.5609604546826,563.0,-2076.0,910.0,0.0,0.0,0.0,0.0,1272.1182245429177,2335.5609604546826,0.0,2335.5609604546826,848.5048454698269,934.4631731242793,208.6754886311528,1143.138661755432,-725.7876844931266,466.63461420612407,1192.4222986992506,1143.138661755432,725.7876844931266,1609.773275961556,2335.5609604546826,0.2246525990471858,0.3163568536524898,0.4589905473003243,0.0,3,-29,battery
1152.8412726824106,-327.0,1105.0,-33.0,1588.4567982793867,1365.0,-741.0,333.0,2335.7210878013666,558.0,-2070.0,927.0,0.0,0.0,0.0,0.0,1269.2547896907909,2335.7210878013666,0.0,2335.7210878013666,846.1383036164867,950.0527811021954,202.78849158021532,1152.8412726824106,-747.2642895219799,435.6155255969761,1182.879815118956,1152.8412726824106,747.2642895219799,1588.4567982793867,2335.7210878013666,0.2270704987773297,0.3128719330392202,0.4600575681834501,0.0,3,-29,battery
1152.931047374473,-327.0,1105.0,-36.0,1597.7265097631696,1375.0,-736.0,347.0,2348.436288256507,558.0,-2083.0,930.0,0.0,0.0,0.0,0.0,1274.7734613485377,2348.436288256507,0.0,2348.436288256507,851.0204887318922,951.8204129339052,201.110634440568,1152.931047374473,-750.7097784933374,444.79546238869625,1195.5052408820336,1152.931047374473,750.7097784933374,1597.7265097631696,2348.436288256507,0.2261050850075802,0.3133353804041762,0.4605595345882435,0.0,3,-28,battery
1140.653759911394,-311.0,1097.0,-31.0,1611.621233416835,1377.0,-763.0,345.0,2334.1964356069093,558.0,-2078.0,905.0,0.0,0.0,0.0,0.0,1271.6178572337844,2334.1964356069093,0.0,2334.1964356069093,848.3571035620309,931.6144810507342,209.0392788606598,1140.653759911394,-722.5752021900744,470.9674735054409,1193.5426756955153,1140.653759911394,722.5752021900744,1611.621233416835,2334.1964356069093,0.224252465751133,0.3168446448453227,0.4589028894035443,0.0,3,-28,battery
1144.5317819964637,-347.0,1090.0,-38.0,1631.44016132986,1396.0,-766.0,355.0,2361.9015644179585,573.0,-2091.0,937.0,0.0,0.0,0.0,0.0,1284.4683769360704,2361.9015644179585,0.0,2361.9015644179585,858.879059385672,937.496592542281,207.0351894541825,1144.5317819964637,-730.4614030880985,486.9083793333966,1217.369782421495,1144.5317819964637,730.4614030880985,1631.44016132986,2361.9015644179585,0.2227637134840549,0.3175321772462481,0.4597041092696969,0.0,3,-29,battery
1136.558401491098,-330.0,1087.0,-36.0,1624.089591124825,1383.0,-773.0,357.0,2367.0240809928405,563.0,-2095.0,947.0,0.0,0.0,0.0,0.0,1281.918018402191,2367.0240809928405,0.0,2367.0240809928405,860.0842656948217,939.7464456795568,196.8119558115411,1136.558401491098,-742.9344898680158,487.5311896337266,1230.4656795017424,1136.558401491098,742.9344898680158,1624.089591124825,2367.0240809928405,0.2216519280436763,0.3167303930147428,0.4616176789415809,0.0,3,-28,battery
1147.7434382299905,-335.0,1097.0,-41.0,1617.968170267883,1381.0,-766.0,352.0,2324.981505302784,551.0,-2073.0,897.0,0.0,0.0,0.0,0.0,1272.6732784501644,2324.981505302784,0.0,2324.981505302784,845.8554701123062,927.378386632446,220.3650515975446,1147.7434382299905,-707.0133350349015,470.2247320378922,1177.2380670727937,1147.7434382299905,707.0133350349015,1617.968170267883,2324.981505302784,0.2254591688346928,0.317828659889483,0.4567121712758241,0.0,3,-29,battery
1151.2688652091656,-330.0,1102.0,-46.0,1589.3907637834063,1365.0,-743.0,333.0,2325.196335796184,547.0,-2073.0,900.0,0.0,0.0,0.0,0.0,1266.463991197189,2325.196335796184,0.0,2325.196335796184,842.9704674547539,943.5372186109716,207.73164659819395,1151.2688652091656,-735.8055720127777,438.12189857424073,1173.9274705870184,1151.2688652091656,735.8055720127777,1589.3907637834063,2325.196335796184,0.2272604813897769,0.3137457469834879,0.4589937716267351,0.0,3,-30,battery
1165.34672951873,-330.0,1117.0,-38.0,1594.7297576705591,1375.0,-743.0,317.0,2343.4920524721224,545.0,-2091.0,907.0,0.0,0.0,0.0,0.0,1275.892134915353,2343.4920524721224,0.0,2343.4920524721224,848.7561546528798,957.0545121601464,208.29221735858323,1165.34672951873,-748.7622948015633,429.3830281518292,1178.1453229533925,1165.34672951873,748.7622948015633,1594.7297576705591,2343.4920524721224,0.2283395864016441,0.3124734673939265,0.4591869462044293,0.0,3,-31,battery
1141.3842473067516,-337.0,1090.0,-33.0,1596.0354006098987,1372.0,-743.0,336.0,2342.916771889262,547.0,-2095.0,895.0,0.0,0.0,0.0,0.0,1270.084104951478,2342.916771889262,0.0,2342.916771889262,849.5427395661754,944.1328092930572,197.25143801369427,1141.3842473067516,-746.8813712793631,454.6511533031471,1201.5325245825102,1141.3842473067516,746.8813712793631,1596.0354006098987,2342.916771889262,0.2246670600114228,0.3141593919622499,0.4611735480263274,0.0,3,-31,battery
1145.380286193193,-350.0,1090.0,-36.0,1591.2114881435466,1372.0,-741.0,317.0,2331.7420526293213,525.0,-2086.0,900.0,0.0,0.0,0.0,0.0,1267.083456741515,2331.7420526293213,0.0,2331.7420526293213,845.4095242259654,942.9554253394836,202.42486085370888,1145.380286193193,-740.5305644857747,445.83120195035394,1186.3617664361286,1145.380286193193,740.5305644857747,1591.2114881435466,2331.7420526293213,0.2259875385672504,0.3139515948372439,0.4600608665955057,0.0,3,-28,battery
1145.9362984040606,-345.0,1092.0,-41.0,1590.8246289267715,1365.0,-753.0,317.0,2338.5698621165884,532.0,-2091.0,902.0,0.0,0.0,0.0,0.0,1268.832697361855,2338.5698621165884,0.0,2338.5698621165884,847.5046230584461,946.8407657969389,199.09553260712187,1145.9362984040606,-747.7452331898169,444.8883305227109,1192.6335637125278,1145.9362984040606,747.7452331898169,1590.8246289267715,2338.5698621165884,0.2257855390995756,0.3134425508253372,0.4607719100750873,0.0,3,-29,battery
1164.51663792322,-365.0,1105.0,-43.0,1585.717187899532,1365.0,-743.0,315.0,2323.478642036548,537.0,-2078.0,890.0,0.0,0.0,0.0,0.0,1268.4281169648248,2323.478642036548,0.0,2323.478642036548,841.6518651396599,951.1390460301178,213.3775918931021,1164.51663792322,-737.7614541370156,421.200549976312,1158.9620041133276,1164.51663792322,737.7614541370156,1585.717187899532,2323.478642036548,0.229519635828822,0.312535879387067,0.4579444847841111,0.0,3,-29,battery
1143.7958733969974,-360.0,1085.0,-38.0,1590.5335582753355,1377.0,-728.0,322.0,2333.1903051401528,537.0,-2088.0,892.0,0.0,0.0,0.0,0.0,1266.8799342031216,2333.1903051401528,0.0,2333.1903051401528,845.8581336805213,943.2263101309076,200.5695632660902,1143.7958733969974,-742.6567468648173,446.7376848783381,1189.394431743155,1143.7958733969974,742.6567468648173,1590.5335582753355,2333.1903051401528,0.2257111827484375,0.3138682513106096,0.4604205659409527,0.0,3,-29,battery
1159.0707484877703,-370.0,1097.0,-56.0,1609.669220678584,1383.0,-761.0,315.0,2332.19274503631,547.0,-2083.0,895.0,0.0,0.0,0.0,0.0,1275.233178550666,2332.19274503631,0.0,2332.19274503631,846.8654499526857,940.7971364227482,218.273612065022,1159.0707484877703,-722.523524357726,450.5984721908137,1173.1219965485398,1159.0707484877703,722.523524357726,1609.669220678584,2332.19274503631,0.2272272177322666,0.3155637039078635,0.4572090783598699,0.0,3,-29,battery
1154.7142503667303,-377.0,1090.0,-56.0,1595.082443010392,1372.0,-748.0,320.0,2313.74977039437,547.0,-2073.0,870.0,0.0,0.0,0.0,0.0,1265.886615942873,2313.74977039437,0.0,2313.74977039437,839.823687196724,936.690788875354,218.0234614913761,1154.7142503667303,-718.6673273839781,440.3681926436616,1159.0355200276397,1154.7142503667303,718.6673273839781,1595.082443010392,2313.74977039437,0.2280445649365409,0.3150128974667931,0.456942537596666,0.0,3,-28,battery
1152.726333524137,-357.0,1095.0,-48.0,1596.6709116157906,1370.0,-743.0,347.0,2338.6083468593024,540.0,-2092.0,895.0,0.0,0.0,0.0,0.0,1272.0013979998075,2338.6083468593024,0.0,2338.6083468593024,847.8317601308263,947.3318843838244,205.39444914031264,1152.726333524137,-741.9374352435118,443.9445780916535,1185.8820133351653,1152.726333524137,741.9374352435118,1596.6709116157906,2338.6083468593024,0.2265575995704038,0.3138107619469834,0.4596316384826128,0.0,3,-28,battery
1145.4675901133126,-380.0,1080.0,-36.0,1597.7124271908258,1370.0,-748.0,341.0,2329.1343885658466,547.0,-2083.0,887.0,0.0,0.0,0.0,0.0,1268.0786014674964,2329.1343885658466,0.0,2329.1343885658466,845.2151563360886,938.4447757441668,207.02281436914583,1145.4675901133126,-731.4219613750208,452.2448370775133,1183.666798452534,1145.4675901133126,731.4219613750208,1597.7124271908258,2329.1343885658466,0.2258274031254271,0.3149868677978355,0.4591857290767372,0.0,3,-29,battery
1151.924476691072,-380.0,1087.0,-31.0,1605.64161630172,1375.0,-758.0,336.0,2330.40661688041,547.0,-2081.0,895.0,0.0,0.0,0.0,0.0,1271.9931774683005,2330.40661688041,0.0,2330.40661688041,846.1594746110785,938.3447386348812,213.5797380561905,1151.924476691072,-724.7650005786907,453.717139610648,1178.482140189339,1151.924476691072,724.7650005786907,1605.64161630172,2330.40661688041,0.226401465254671,0.3155759096714444,0.4580226250738847,0.0,3,-28,battery
1151.8380962617966,-355.0,1095.0,-41.0,1594.473267257874,1365.0,-756.0,328.0,2429.894853692233,870.0,-2020.0,1033.0,0.0,0.0,0.0,0.0,1294.051554302976,2429.894853692233,0.0,2429.894853692233,876.8105980233428,993.629841348078,158.20825491371852,1151.8380962617966,-835.4215864343594,442.6351709960775,1278.0567574304368,1151.8380962617966,835.4215864343594,1594.473267257874,2429.894853692233,0.2225255424391146,0.3080389768776864,0.469435480683199,0.0,3,-28,battery
1147.8192366396374,-355.0,1090.0,-58.0,1592.314039377911,1362.0,-746.0,352.0,2327.881869855084,571.0,-2073.0,892.0,0.0,0.0,0.0,0.0,1267.003786468158,2327.881869855084,0.0,2327.881869855084,844.2145195833522,941.693533558405,206.1257030812324,1147.8192366396374,-735.5678304771725,444.4948027382736,1180.062633215446,1147.8192366396374,735.5678304771725,1592.314039377911,2327.881869855084,0.2264829925724306,0.3141888872756594,0.4593281201519099,0.0,3,-28,battery
1153.2189731356314,-352.0,1097.0,-51.0,1597.2570237754474,1367.0,-746.0,355.0,2321.4635469892696,558.0,-2065.0,902.0,0.0,0.0,0.0,0.0,1267.984885975087,2321.4635469892696,0.0,2321.4635469892696,842.4954474290919,938.7127481747268,214.50622496090452,1153.2189731356314,-724.2065232138223,444.038050639816,1168.2445738536385,1153.2189731356314,724.2065232138223,1597.2570237754474,2321.4635469892696,0.2273723815423872,0.3149203593517497,0.4577072591058631,0.0,3,-29,battery
1149.3976683463386,-347.0,1095.0,-41.0,1600.3693323729997,1365.0,-751.0,366.0,2330.775836497367,556.0,-2076.0,902.0,0.0,0.0,0.0,0.0,1270.1357093041763,2330.775836497367,0.0,2330.775836497367,845.847817252239,939.9020862353532,209.49558211098565,1149.3976683463386,-730.4065041243675,450.9716640266609,1181.3781681510284,1149.3976683463386,730.4065041243675,1600.3693323729997,2330.775836497367,0.2262352085542138,0.3149996729974894,0.4587651184482966,0.0,3,-30,battery
1157.853617690941,-350.0,1102.0,-61.0,1599.598387095961,1367.0,-751.0,355.0,2326.4988716954067,553.0,-2072.0,902.0,0.0,0.0,0.0,0.0,1270.9877191205771,2326.4988716954067,0.0,2326.4988716954067,844.1412605984101,942.3770511451934,215.4765665457476,1157.853617690941,-726.9004845994457,441.74476940502,1168.6452540044656,1157.853617690941,726.9004845994457,1599.598387095961,2326.4988716954067,0.227746814597879,0.3146368692300891,0.4576163161720318,0.0,3,-29,battery
1138.592991371368,-355.0,1080.0,-63.0,1594.8780517644602,1360.0,-756.0,350.0,2324.1467251445206,537.0,-2083.0,880.0,0.0,0.0,0.0,0.0,1264.404442070087,2324.1467251445206,0.0,2324.1467251445206,843.6251578002114,933.9308323757142,204.66215899565373,1138.592991371368,-729.2686733800604,456.2850603930922,1185.5537337731523,1138.592991371368,729.2686733800604,1594.8780517644602,2324.1467251445206,0.225124365568358,0.3153417527451344,0.4595338816865077,0.0,3,-29,battery
1151.5737058477846,-347.0,1097.0,-48.0,1595.6976530658933,1365.0,-751.0,345.0,2326.9181334976097,558.0,-2072.0,900.0,0.0,0.0,0.0,0.0,1268.547373102822,2326.9181334976097,0.0,2326.9181334976097,844.1077017738494,941.3970931397506,210.1766127080341,1151.5737058477846,-731.2204804317164,444.1239472181087,1175.344427649825,1151.5737058477846,731.2204804317164,1595.6976530658933,2326.9181334976097,0.2269473198764103,0.3144734061375401,0.4585792739860496,0.0,3,-29,battery
1159.1570212874526,-362.0,1100.0,-51.0,1595.4980413651406,1367.0,-746.0,347.0,2325.6083075187016,551.0,-2078.0,887.0,0.0,0.0,0.0,0.0,1270.0658425428237,2325.6083075187016,0.0,2325.6083075187016,843.4221989051434,944.6336437205068,214.52337756694575,1159.1570212874526,-730.110266153561,436.341020077688,1166.451286231249,1159.1570212874526,730.110266153561,1595.4980413651406,2325.6083075187016,0.2281686867049903,0.3140581353976819,0.4577731778973277,0.0,3,-29,battery
1158.0781493491706,-327.0,1110.0,-46.0,1614.452538788304,1388.0,-748.0,347.0,2318.951918432118,553.0,-2073.0,880.0,0.0,0.0,0.0,0.0,1272.870651642398,2318.951918432118,0.0,2318.951918432118,843.2587409493345,931.2887644964924,226.78938485267827,1158.0781493491706,-704.4993796438141,456.3743894391332,1160.873769082947,1158.0781493491706,704.4993796438141,1614.452538788304,2318.951918432118,0.227454012678918,0.317088884228959,0.455457103092123,0.0,3,-29,battery
1144.5317819964637,-347.0,1090.0,-38.0,1594.8808732943037,1365.0,-746.0,352.0,2324.1940538603917,545.0,-2078.0,887.0,0.0,0.0,0.0,0.0,1265.9016772877894,2324.1940538603917,0.0,2324.1940538603917,843.4227548744229,936.9224812812756,207.60930071518783,1144.5317819964637,-729.3131805660878,450.34909129784,1179.6622718639278,1144.5317819964637,729.3131805660878,1594.8808732943037,2324.1940538603917,0.2260309395530302,0.3149693419933205,0.4589997184536493,0.0,3,-28,battery
1128.4347566430235,-350.0,1072.0,-41.0,1591.8643158259438,1360.0,-756.0,336.0,2315.4584859159104,542.0,-2072.0,880.0,0.0,0.0,0.0,0.0,1258.9393895962194,2315.4584859159104,0.0,2315.4584859159104,840.9862444315594,926.014463366495,202.42029327652835,1128.4347566430235,-723.5941700899666,463.4295591829202,1187.0237292728868,1128.4347566430235,723.5941700899666,1591.8643158259438,2315.4584859159104,0.2240844090605798,0.3161121831958295,0.4598034077435907,0.0,3,-29,battery
1139.1637283551474,-345.0,1085.0,-38.0,1616.161501830804,1377.0,-768.0,355.0,2325.8763939642195,530.0,-2076.0,905.0,0.0,0.0,0.0,0.0,1270.3004060375429,2325.8763939642195,0.0,2325.8763939642195,846.274263120919,924.4393102442812,214.72441811086605,1139.1637283551474,-709.7148921334153,476.9977734756567,1186.712665609072,1139.1637283551474,709.7148921334153,1616.161501830804,2325.8763939642195,0.2241917980465244,0.3180667923408976,0.4577414096125778,0.0,3,-29,battery
1148.2556335590084,-345.0,1095.0,-21.0,1600.4374402018968,1372.0,-746.0,350.0,2320.195465903681,547.0,-2073.0,887.0,0.0,0.0,0.0,0.0,1267.2221349161466,2320.195465903681,0.0,2320.195465903681,842.5838597899698,934.0068296303964,214.24880392861223,1148.2556335590084,-719.7580257017842,452.1818066428884,1171.9398323446726,1148.2556335590084,719.7580257017842,1600.4374402018968,2320.195465903681,0.2265300616838952,0.3157373510343156,0.4577325872817891,0.0,3,-29,battery
1158.1873768954658,-370.0,1097.0,-33.0,1597.025359848741,1372.0,-741.0,345.0,2339.063915330233,566.0,-2092.0,880.0,0.0,0.0,0.0,0.0,1273.56916301861,2339.063915330233,0.0,2339.063915330233,847.8199024604679,950.1129661884792,208.0744107069868,1158.1873768954658,-742.0385554814923,438.8379829532751,1180.876538434767,1158.1873768954658,742.0385554814923,1597.025359848741,2339.063915330233,0.2273507027585242,0.3134940382946058,0.4591552589468699,0.0,3,-29,battery
1142.3357650008163,-355.0,1085.0,-41.0,1597.774076645381,1352.0,-773.0,357.0,2326.15820614162,556.0,-2076.0,890.0,0.0,0.0,0.0,0.0,1266.5670119469544,2326.15820614162,0.0,2326.15820614162,844.401713787794,935.359947248528,206.97581775228852,1142.3357650008163,-728.3841294962392,455.4383116445647,1183.822441140804,1142.3357650008163,728.3841294962392,1597.774076645381,2326.15820614162,0.2254787457405883,0.3153749587614196,0.4591462954979919,0.0,3,-29,battery
1151.1919909380886,-345.0,1097.0,-53.0,1596.4341514763455,1367.0,-748.0,347.0,2343.852597754389,558.0,-2091.0,900.0,0.0,0.0,0.0,0.0,1272.869685042206,2343.852597754389,0.0,2343.852597754389,849.5147231805671,949.3052186080662,201.88677233002227,1151.1919909380886,-747.4184462780438,445.2421605382572,1192.660606816301,1151.1919909380886,747.4184462780438,1596.4341514763455,2343.852597754389,0.2261016984821814,0.3135501949328401,0.4603481065849785,0.0,3,-29,battery
1161.8597161447676,-357.0,1105.0,-38.0,1577.1635932901825,1350.0,-743.0,336.0,2311.2035825517405,566.0,-2041.0,925.0,0.0,0.0,0.0,0.0,1262.5567229966728,2311.2035825517405,0.0,2311.2035825517405,837.082296561039,947.949852703163,213.9098634416048,1161.8597161447676,-734.039989261558,415.3038771454149,1149.343866406973,1161.8597161447676,734.039989261558,1577.1635932901825,2311.2035825517405,0.2300608944893776,0.3122955912718899,0.4576435142387324,0.0,3,-29,battery
1150.8575063838268,-362.0,1090.0,-73.0,1604.036782620648,1357.0,-773.0,366.0,2319.6629065448283,556.0,-2060.0,910.0,0.0,0.0,0.0,0.0,1268.6392988873258,2319.6629065448283,0.0,2319.6629065448283,842.6832615631301,933.2418151540036,217.61569122982317,1150.8575063838268,-715.6261239241803,453.1792762368211,1168.8054001610014,1150.8575063838268,715.6261239241803,1604.036782620648,2319.6629065448283,0.2267897398798065,0.3160939409703542,0.4571163191498392,0.0,3,-26,battery
1039.5835704742549,-258.0,1007.0,11.0,1419.4188951821093,1215.0,-667.0,306.0,2274.9076904349326,400.0,-2097.0,786.0,0.0,0.0,0.0,0.0,1183.4775390228242,2274.9076904349326,0.0,2274.9076904349326,816.733227332205,947.5361828635392,92.04738761071576,1039.5835704742549,-855.4887952528234,379.8353247078544,1235.3241199606778,1039.5835704742549,855.4887952528234,1419.4188951821093,2274.9076904349326,0.2196035700290138,0.2998406916015697,0.4805557383694164,0.0,3,-27,battery
1027.3558293016106,-238.0,980.0,-196.0,1547.1838934011691,1205.0,-947.0,212.0,2471.481134866297,457.0,-2213.0,1001.0,0.0,0.0,0.0,0.0,1261.5052143922692,2471.481134866297,0.0,2471.481134866297,893.2910186837853,975.8265353833692,51.529293918241365,1027.3558293016106,-924.297241465128,519.8280640995586,1444.1253055646864,1027.3558293016106,924.297241465128,1547.1838934011691,2471.481134866297,0.2035972221083009,0.3066146448999273,0.4897881329917717,0.0,3,-27,battery
1035.446763479417,-246.0,995.0,147.0,1516.7148710288295,1310.0,-670.0,368.0,2252.1605182579683,513.0,-2043.0,797.0,0.0,0.0,0.0,0.0,1201.0805381915538,2252.1605182579683,0.0,2252.1605182579683,817.6831848445261,885.4462053542777,150.00055812513915,1035.446763479417,-735.4456472291386,481.2681075494127,1216.7137547785512,1035.446763479417,735.4456472291386,1516.7148710288295,2252.1605182579683,0.2155240074571667,0.3156979950138316,0.4687779975290015,0.0,3,-27,battery
1103.0725270806086,-298.0,1062.0,-11.0,1548.461494516412,1310.0,-768.0,303.0,2342.0614851023875,542.0,-2088.0,912.0,0.0,0.0,0.0,0.0,1248.398876674852,2342.0614851023875,0.0,2342.0614851023875,846.4270463052134,948.3362588332922,154.7362682473165,1103.0725270806086,-793.5999905859755,445.38896743580335,1238.988958021779,1103.0725270806086,793.5999905859755,1548.461494516412,2342.0614851023875,0.2208974526672667,0.3100894921182534,0.4690130552144797,0.0,3,-26,battery
1141.6102662467608,-316.0,1097.0,3.0,0.0,0.0,0.0,0.0,2164.120837661336,525.0,-1913.0,865.0,0.0,0.0,0.0,0.0,826.432775977024,2164.120837661336,0.0,2164.120837661336,902.043300951185,1652.865551954048,-511.25528570728727,1141.6102662467608,-2164.120837661336,1141.6102662467608,1022.5105714145744,1141.6102662467608,2164.120837661336,0.0,2164.120837661336,0.345342748808918,0.0,0.6546572511910821,0.0,3,-28,battery
1115.1923600886082,-330.0,1065.0,23.0,1526.3895308865297,1302.0,-670.0,431.0,2264.64875863786,520.0,-2055.0,797.0,0.0,0.0,0.0,0.0,1226.5576624032494,2264.64875863786,0.0,2264.64875863786,819.2036076579963,926.7257939199692,188.46656616863905,1115.1923600886082,-738.2592277513302,411.19717079792144,1149.4563985492516,1115.1923600886082,738.2592277513302,1526.3895308865297,2264.64875863786,0.2273012501311112,0.3111124690003987,0.4615862808684901,0.0,3,-29,battery
1106.797181058933,-350.0,1050.0,0.0,1549.3976248852323,1330.0,-697.0,382.0,2329.8448446194866,558.0,-2083.0,882.0,0.0,0.0,0.0,0.0,1246.509912640913,2329.8448446194866,0.0,2329.8448446194866,842.4164870703465,943.6222003965936,163.1749806623393,1106.797181058933,-780.4472197342541,442.6004438262999,1223.047663560554,1106.797181058933,780.4472197342541,1549.3976248852323,2329.8448446194866,0.2219792177011295,0.31074715274478,0.4672736295540904,0.0,3,-29,battery
1120.258005996833,-325.0,1072.0,13.0,1554.967523776622,1332.0,-692.0,406.0,2265.263340099777,537.0,-2032.0,845.0,0.0,0.0,0.0,0.0,1235.122217468308,2265.263340099777,0.0,2265.263340099777,821.9203780879078,915.2769111599944,204.9810948368388,1120.258005996833,-710.2958163231553,434.7095177797892,1145.0053341029443,1120.258005996833,710.2958163231553,1554.967523776622,2265.263340099777,0.2267504361416722,0.3147396066933192,0.4585099571650086,0.0,3,-27,battery
1150.0560855888723,-327.0,1102.0,36.0,1582.8095273910883,1350.0,-705.0,431.0,2329.220041129648,571.0,-2060.0,925.0,0.0,0.0,0.0,0.0,1265.5214135274025,2329.220041129648,0.0,2329.220041129648,843.6532474326201,948.233299663716,201.8227859251565,1150.0560855888723,-746.4105137385598,432.7534418022158,1179.1639555407755,1150.0560855888723,746.4105137385598,1582.8095273910883,2329.220041129648,0.2271901670915445,0.3126793253895454,0.46013050751891,0.0,3,-26,battery
1107.532843756789,-330.0,1052.0,-105.0,1590.6394940400544,1330.0,-797.0,355.0,2364.761933049498,545.0,-2107.0,925.0,0.0,0.0,0.0,0.0,1265.7335677115852,2364.761933049498,0.0,2364.761933049498,857.3995775413592,940.8276413831162,166.7052023736726,1107.532843756789,-774.1224390094437,483.1066502832655,1257.2290892927092,1107.532843756789,774.1224390094437,1590.6394940400544,2364.761933049498,0.2187531546941551,0.3141734434909337,0.4670734018149113,0.0,3,-28,battery
1125.6948964972703,-360.0,1065.0,58.0,1544.4785527808406,1335.0,-633.0,450.0,2275.6205747004487,532.0,-2055.0,820.0,0.0,0.0,0.0,0.0,1236.4485059946398,2275.6205747004487,0.0,2275.6205747004487,823.9891334378282,928.4184592084392,197.27643728883092,1125.6948964972703,-731.1420219196082,418.7836562835703,1149.9256782031784,1125.6948964972703,731.1420219196082,1544.4785527808406,2275.6205747004487,0.22760650585924,0.3122812121355614,0.4601122820051985,0.0,3,-29,battery
1111.266394704708,-325.0,1062.0,38.0,1527.2688041075153,1305.0,-670.0,425.0,2240.4108998128,506.0,-2038.0,781.0,0.0,0.0,0.0,0.0,1219.7365246562558,2240.4108998128,0.0,2240.4108998128,811.7689390580789,912.2042452049964,199.0621494997117,1111.266394704708,-713.1420957052846,416.0024094028072,1129.1445051080918,1111.266394704708,713.1420957052846,1527.2688041075153,2240.4108998128,0.227767712993977,0.3130325224412558,0.4591997645647671,0.0,3,-28,battery
1110.4751235394697,-313.0,1065.0,31.0,1529.2854540601634,1315.0,-660.0,417.0,2229.960089328955,493.0,-2027.0,788.0,0.0,0.0,0.0,0.0,1217.430166732147,2229.960089328955,0.0,2229.960089328955,808.7097990815599,905.5748794041305,204.90024413533888,1110.4751235394697,-700.6746352687915,418.8103305206939,1119.4849657894854,1110.4751235394697,700.6746352687915,1529.2854540601634,2229.960089328955,0.2280367190424218,0.3140396664732535,0.4579236144843246,0.0,3,-28,battery
1108.5869384040209,-322.0,1060.0,41.0,1541.4308288080915,1330.0,-655.0,422.0,2236.8781817524173,498.0,-2038.0,776.0,0.0,0.0,0.0,0.0,1221.7239872411324,2236.8781817524173,0.0,2236.8781817524173,812.1206800713977,902.0171456741732,206.56979272984745,1108.5869384040209,-695.4473529443258,432.84389040407086,1128.2912433483966,1108.5869384040209,695.4473529443258,1541.4308288080915,2236.8781817524173,0.2268488934451154,0.3154212499929942,0.4577298565618904,0.0,3,-28,battery
1118.0380136650094,-332.0,1067.0,36.0,1531.5498685971672,1315.0,-672.0,406.0,2239.663814057815,513.0,-2030.0,795.0,0.0,0.0,0.0,0.0,1222.312924079998,2239.663814057815,0.0,2239.663814057815,811.71923448136,913.0759795628286,204.96203410218072,1118.0380136650094,-708.113945460648,413.5118549321578,1121.6258003928058,1118.0380136650094,708.113945460648,1531.5498685971672,2239.663814057815,0.2286726237690987,0.3132483176822178,0.4580790585486833,0.0,3,-28,battery
1112.6724585429442,-330.0,1062.0,36.0,1532.416066217005,1317.0,-667.0,411.0,2241.2498745119874,506.0,-2037.0,786.0,0.0,0.0,0.0,0.0,1221.584599817984,2241.2498745119874,0.0,2241.2498745119874,812.4752706929211,910.7531334189632,201.9193251239808,1112.6724585429442,-708.8338082949824,419.7436076740608,1128.5774159690432,1112.6724585429442,708.8338082949824,1532.416066217005,2241.2498745119874,0.2277108885272318,0.3136123495755706,0.4586767618971975,0.0,3,-28,battery
1092.932751819617,-313.0,1047.0,18.0,1535.7454216112774,1320.0,-665.0,417.0,2235.408016448004,508.0,-2032.0,781.0,0.0,0.0,0.0,0.0,1216.0215474697247,2235.408016448004,0.0,2235.408016448004,811.6697888238397,896.2976733281716,196.63507849144503,1092.932751819617,-699.6625948367268,442.8126697916607,1142.4752646283875,1092.932751819617,699.6625948367268,1535.7454216112774,2235.408016448004,0.2246943637828151,0.3157315396274902,0.4595740965896945,0.0,3,-29,battery
1098.2121835055373,-330.0,1047.0,31.0,1529.818943535476,1320.0,-655.0,411.0,2243.918224891451,506.0,-2043.0,778.0,0.0,0.0,0.0,0.0,1217.987337983116,2243.918224891451,0.0,2243.918224891451,813.5742710489329,906.155732430756,192.0564510747813,1098.2121835055373,-714.0992813559747,431.60676002993887,1145.7060413859135,1098.2121835055373,714.0992813559747,1529.818943535476,2243.918224891451,0.2254153531111587,0.3140055105311535,0.4605791363576877,0.0,3,-27,battery
1747.234672275021,-301.0,1222.0,-1212.0,1487.8313076420995,1293.0,-623.0,392.0,2264.3981540356367,525.0,-2055.0,793.0,0.0,0.0,0.0,0.0,1374.8660334881893,2264.3981540356367,0.0,2264.3981540356367,841.5675195493543,1261.9007593342792,485.3339129407421,1747.234672275021,-776.5668463935372,259.40336463292147,517.1634817606157,1747.234672275021,776.5668463935372,1487.8313076420995,2264.3981540356367,0.3177099858671486,0.2705411420826407,0.4117488720502107,0.0,3,-27,battery
1111.266394704708,-325.0,1062.0,38.0,1511.0201851729182,1310.0,-631.0,411.0,2259.372921852433,522.0,-2051.0,791.0,0.0,0.0,0.0,0.0,1220.414875432515,2259.372921852433,0.0,2259.372921852433,816.2737174643316,929.8095656921116,181.4568290125967,1111.266394704708,-748.3527366795149,399.7537904682101,1148.106527147725,1111.266394704708,748.3527366795149,1511.0201851729182,2259.372921852433,0.2276411114521353,0.3095300245003595,0.462828864047505,0.0,3,-27,battery
