mag_1,x_1,y_1,z_1,mag_2,x_2,y_2,z_2,mag_3,x_3,y_3,z_3,mag_4,x_4,y_4,z_4,avg_mag,max_mag,min_mag,range_mag,std_mag,left_right_diff,top_bottom_diff,diag1_diff,diag2_diff,diff_12,diff_13,diff_14,diff_23,diff_24,diff_34,norm_mag_1,norm_mag_2,norm_mag_3,norm_mag_4,strongest_sensor,rssi,label
1990.5140272050332,-245.55,1430.0,-1362.7,2460.181845413058,1096.6,-2153.75,459.7,2690.816440227761,470.45,-1750.1,1989.05,0.0,0.0,0.0,0.0,1785.3780782114632,2690.816440227761,0.0,2690.816440227761,1061.2297573296476,1110.5743110098683,879.9397161951649,1990.5140272050332,-230.63459481470318,469.66781820802476,700.3024130227279,1990.5140272050332,230.63459481470318,2460.181845413058,2690.816440227761,0.2787244409877415,0.34449031768632343,0.37678524132593505,0.0,3,-34,empty
1990.2856792430578,-243.15,1432.85,-1359.8,2464.7294562486977,1097.3,-2158.0,462.45,2693.1771762177104,476.1,-1748.05,1992.7,0.0,0.0,0.0,0.0,1787.0480779273664,2693.1771762177104,0.0,2693.1771762177104,1062.4462749598708,1109.3666996060351,880.9189796370224,1990.2856792430578,-228.44771996901272,474.44377700563996,702.8914969746527,1990.2856792430578,228.44771996901272,2464.7294562486977,2693.1771762177104,0.2784320276306455,0.3448045811821851,0.37676339118716945,0.0,3,-33,empty
1998.770168128392,-241.0,1433.25,-1372.15,2464.1330366885636,1098.4,-2157.4,459.45,2692.8826250878446,475.5,-1752.65,1988.4,0.0,0.0,0.0,0.0,1788.9464574762,2692.8826250878446,0.0,2692.8826250878446,1062.7009138432861,1113.7598782638368,885.0102898645555,1998.770168128392,-228.74958839928104,465.3628685601716,694.1124569594526,1998.770168128392,228.74958839928104,2464.1330366885636,2692.8826250878446,0.2793222457518664,0.3443553364035416,0.37632241784459197,0.0,3,-33,empty
1994.7248707528565,-241.5,1433.5,-1365.9,2463.563367360377,1096.45,-2157.4,461.05,2691.994354563174,475.25,-1747.2,1992.05,0.0,0.0,0.0,0.0,1787.5706481691018,2691.994354563174,0.0,2691.994354563174,1062.2229157781794,1111.5779289778266,883.1469417750295,1994.7248707528565,-228.43098720279704,468.8384966075205,697.2694838103175,1994.7248707528565,228.43098720279704,2463.563367360377,2691.994354563174,0.27897147349056245,0.34454069967579365,0.37648782683364396,0.0,3,-34,empty
1991.0616546204692,-244.65,1429.2,-1364.5,2464.159794432983,1094.4,-2159.1,461.15,2691.871391337261,474.95,-1746.75,1992.35,0.0,0.0,0.0,0.0,1786.7732100976782,2691.871391337261,0.0,2691.871391337261,1062.1143506243754,1109.3866257623738,881.6750288580954,1991.0616546204692,-227.71159690427794,473.09813981251364,700.8097367167916,1991.0616546204692,227.71159690427794,2464.159794432983,2691.871391337261,0.2785834323248588,0.34477791872342234,0.37663864895171884,0.0,3,-33,empty
1995.2284430610948,-239.8,1429.9,-1370.7,2463.3672498228925,1096.95,-2157.05,460.45,2689.843825392099,475.2,-1746.75,1989.55,0.0,0.0,0.0,0.0,1787.1098795690218,2689.843825392099,0.0,2689.843825392099,1061.7588786875285,1110.8525093151507,884.3759337459444,1995.2284430610948,-226.4765755692065,468.1388067617977,694.6153823310042,1995.2284430610948,226.4765755692065,2463.3672498228925,2689.843825392099,0.27911384547074725,0.34460209721645046,0.3762840573128021,0.0,3,-33,empty
1998.5452346644547,-244.35,1431.65,-1372.9,2463.082741200547,1094.7,-2157.9,460.3,2686.883847508113,474.4,-1745.2,1987.1,0.0,0.0,0.0,0.0,1787.1279558432786,2686.883847508113,0.0,2686.883847508113,1061.249161692684,1111.1731704860106,887.3720641784444,1998.5452346644547,-223.801106307566,464.5375065360922,688.3386128436582,1998.5452346644547,223.801106307566,2463.082741200547,2686.883847508113,0.27957500582567635,0.3445588119679867,0.37586618220633694,0.0,3,-33,empty
1995.9844438271555,-241.5,1432.2,-1369.1,2459.1773045065293,1094.15,-2152.7,465.05,2695.3349416167184,477.25,-1749.75,1993.85,0.0,0.0,0.0,0.0,1787.6241724876008,2695.3349416167184,0.0,2695.3349416167184,1062.3013501653002,1116.0710404686724,879.9134033584833,1995.9844438271555,-236.15763711018917,463.1928606793738,699.350497789563,1995.9844438271555,236.15763711018917,2459.1773045065293,2695.3349416167184,0.2791392724693367,0.3439169908242537,0.3769437367064096,0.0,3,-34,empty
1997.5184260727108,-240.5,1433.55,-1370.1,2465.865487511434,1101.55,-2157.4,461.2,2691.5460399183216,473.45,-1748.65,1990.6,0.0,0.0,0.0,0.0,1788.7324883756164,2691.5460399183216,0.0,2691.5460399183216,1062.6308025507142,1111.5994892397991,885.9189368329114,1997.5184260727108,-225.68055240688773,468.34706143872313,694.0276138456109,1997.5184260727108,225.68055240688773,2465.865487511434,2691.5460399183216,0.2791807102311169,0.3446386622281814,0.37618062754070175,0.0,3,-33,empty
1991.7202018606931,-241.9,1431.3,-1363.75,2462.893581744855,1092.5,-2159.15,458.65,2691.466942951371,474.0,-1748.55,1990.45,0.0,0.0,0.0,0.0,1786.5201816392296,2691.466942951371,0.0,2691.466942951371,1061.858162006929,1110.1467815336043,881.5734203270883,1991.7202018606931,-228.57336120651598,471.17337988416193,699.7467410906779,1991.7202018606931,228.57336120651598,2462.893581744855,2691.466942951371,0.2787150436824595,0.3446495605055265,0.3766353958120142,0.0,3,-33,empty
1995.8200307141924,-242.05,1434.55,-1366.3,2462.9451343868786,1092.75,-2158.1,463.25,2692.5145069247073,472.4,-1749.4,1991.5,0.0,0.0,0.0,0.0,1787.8199180064446,2692.5145069247073,0.0,2692.5145069247073,1062.2888570343896,1112.6947016260106,883.1253290881818,1995.8200307141924,-229.5693725378287,467.12510367268624,696.694476210515,1995.8200307141924,229.5693725378287,2462.9451343868786,2692.5145069247073,0.27908571923447467,0.3444062108242493,0.37650806994127606,0.0,3,-33,empty
1995.8196179765343,-241.05,1430.85,-1370.35,2461.7434091513273,1096.0,-2155.7,460.35,2695.4623239808047,476.8,-1749.1,1994.7,0.0,0.0,0.0,0.0,1788.2563377771667,2695.4623239808047,0.0,2695.4623239808047,1062.7265383906606,1114.7692664030058,881.0503515735284,1995.8196179765343,-233.7189148294774,465.923791174793,699.6427060042704,1995.8196179765343,233.7189148294774,2461.7434091513273,2695.4623239808047,0.2790175513172474,0.3441541569218366,0.3768282917609159,0.0,3,-34,empty
1998.3416837468012,-243.2,1430.65,-1373.85,2464.888495449642,1096.25,-2159.1,460.65,2691.048848033049,476.55,-1750.0,1988.0,0.0,0.0,0.0,0.0,1788.5697568073733,2691.048848033049,0.0,2691.048848033049,1062.410182396147,1112.2510181651044,886.0906655816973,1998.3416837468012,-226.16035258340708,466.54681170284084,692.7071642862479,1998.3416837468012,226.16035258340708,2464.888495449642,2691.048848033049,0.2793211833283308,0.3445334583775906,0.3761453582940785,0.0,3,-34,empty
1993.0747533647602,-242.9,1429.15,-1367.8,2461.3084066203487,1094.55,-2156.1,459.6,2690.5389989739974,477.2,-1746.25,1990.45,0.0,0.0,0.0,0.0,1786.2305397397768,2690.5389989739974,0.0,2690.5389989739974,1061.473973492024,1111.1526728592046,881.9220805055559,1993.0747533647602,-229.23059235364872,468.2336532555885,697.4642456092372,1993.0747533647602,229.23059235364872,2461.3084066203487,2690.5389989739974,0.27894982044914496,0.3444835859455912,0.3765665936052637,0.0,3,-33,empty
1996.5375741518114,-241.8,1433.35,-1368.65,2463.518038801421,1097.05,-2157.15,460.55,2690.7161254023063,475.95,-1746.75,1990.55,0.0,0.0,0.0,0.0,1787.6929345888848,2690.7161254023063,0.0,2690.7161254023063,1062.032552053364,1111.8678303763484,884.6697437754631,1996.5375741518114,-227.1980866008853,466.98046464960953,694.1785512504948,1996.5375741518114,227.1980866008853,2463.518038801421,2690.7161254023063,0.27920588814808883,0.34451079253271694,0.3762833193191941,0.0,3,-34,empty
1996.7560222771333,-242.2,1431.1,-1371.25,2464.4641872017537,1098.8,-2157.5,459.8,2685.3205493013306,474.0,-1743.3,1986.75,0.0,0.0,0.0,0.0,1786.6351896950546,2685.3205493013306,0.0,2685.3205493013306,1061.0494322571956,1108.806192188355,887.9498300887783,1996.7560222771333,-220.85636209957693,467.7081649246204,688.5645270241973,1996.7560222771333,220.85636209957693,2464.4641872017537,2685.3205493013306,0.27940175389385763,0.3448471463867215,0.3757510997194207,0.0,3,-34,empty
1997.072278987418,-241.25,1432.85,-1370.05,2465.482295109823,1097.15,-2159.15,461.45,2693.101366918817,475.15,-1749.9,1991.2,0.0,0.0,0.0,0.0,1788.9139852540145,2693.101366918817,0.0,2693.101366918817,1062.8784762321607,1112.345675398206,884.7266035892121,1997.072278987418,-227.6190718089938,468.41001612240507,696.0290879313989,1997.072278987418,227.6190718089938,2465.482295109823,2693.101366918817,0.27909003667158516,0.3445501454280011,0.3763598179004137,0.0,3,-34,empty
1995.8607948702236,-243.05,1431.0,-1369.9,2461.3905993360745,1095.7,-2155.3,461.05,2692.302422648689,473.15,-1748.7,1991.65,0.0,0.0,0.0,0.0,1787.3884542137466,2692.302422648689,0.0,2692.302422648689,1061.998868287247,1113.386309091419,882.4744857788044,1995.8607948702236,-230.91182331261462,465.52980446585093,696.4416277784655,1995.8607948702236,230.91182331261462,2461.3905993360745,2692.302422648689,0.2791587903240907,0.3442719171556379,0.3765692925202715,0.0,3,-34,empty
2000.3871437799235,-246.2,1431.65,-1375.25,2464.5494933151576,1098.15,-2158.65,456.4,2689.6834799842154,475.95,-1745.9,1989.9,0.0,0.0,0.0,0.0,1788.6550292698241,2689.6834799842154,0.0,2689.6834799842154,1062.1679360594371,1112.7605652244906,887.6265785554328,2000.3871437799235,-225.13398666905778,464.16234953523417,689.296336204292,2000.3871437799235,225.13398666905778,2464.5494933151576,2689.6834799842154,0.2795937605414799,0.34446965079695263,0.3759365886615675,0.0,3,-34,empty
1992.1907168993635,-240.5,1432.0,-1363.95,2462.248560259504,1094.0,-2157.1,461.25,2694.7321661901765,474.65,-1753.85,1990.05,0.0,0.0,0.0,0.0,1787.2928608372608,2694.7321661901765,0.0,2694.7321661901765,1062.4747280407,1112.337161415018,879.8535554843454,1992.1907168993635,-232.48360593067264,470.0578433601404,702.541449290813,1992.1907168993635,232.48360593067264,2462.248560259504,2694.7321661901765,0.2786603640275995,0.3444103389841297,0.3769292969882708,0.0,3,-34,empty
1993.8757113972777,-245.05,1429.9,-1367.8,2463.3337776273843,1095.5,-2158.1,458.8,2690.703288640351,474.05,-1749.75,1988.35,0.0,0.0,0.0,0.0,1786.9781944162532,2690.703288640351,0.0,2690.703288640351,1061.8702334470192,1110.622611205122,883.2531001921554,1993.8757113972777,-227.36951101296654,469.4580662301066,696.8275772430732,1993.8757113972777,227.36951101296654,2463.3337776273843,2690.703288640351,0.2789451653114059,0.3446228086784341,0.37643202601015996,0.0,3,-33,empty
1996.923624603605,-244.1,1435.5,-1366.55,2466.914636240987,1099.65,-2160.1,458.7,2689.11622145641,476.8,-1745.25,1989.5,0.0,0.0,0.0,0.0,1788.2386205752505,2689.11622145641,0.0,2689.11622145641,1062.2533103069745,1109.5626049095142,887.3610196940908,1996.923624603605,-222.20158521542317,469.9910116373819,692.1925968528051,1996.923624603605,222.20158521542317,2466.914636240987,2689.11622145641,0.27917465846381617,0.34488051648378676,0.3759448250523971,0.0,3,-32,empty
1995.7058926605393,-243.8,1431.9,-1368.6,2462.9994792934895,1098.65,-2156.35,457.7,2691.759733891567,476.2,-1750.45,1988.65,0.0,0.0,0.0,0.0,1787.6162764613991,2691.759733891567,0.0,2691.759733891567,1062.1312421872747,1112.2330736293084,883.472819031231,1995.7058926605393,-228.7602545980776,467.2935866329501,696.0538412310277,1995.7058926605393,228.7602545980776,2462.9994792934895,2691.759733891567,0.2791015497759753,0.34445304505855934,0.37644540516546526,0.0,3,-31,empty
1989.8790377809403,-241.6,1427.45,-1365.15,2462.137999787989,1098.1,-2154.6,462.6,2692.1808237003697,477.85,-1746.55,1992.25,0.0,0.0,0.0,0.0,1786.0494653173248,2692.1808237003697,0.0,2692.1808237003697,1061.8014094286646,1109.9609308466604,879.9181069342799,1989.8790377809403,-230.04282391238075,472.2589620070487,702.3017859194294,1989.8790377809403,230.04282391238075,2462.137999787989,2692.1808237003697,0.27853078490009814,0.344634631850824,0.37683458324907787,0.0,3,-28,empty
1994.5268724687567,-238.55,1430.95,-1368.8,2461.393532635527,1094.3,-2156.1,460.65,2694.17262113993,480.8,-1747.1,1993.75,0.0,0.0,0.0,0.0,1787.5232565610534,2694.17262113993,0.0,2694.17262113993,1062.332823202487,1113.6529804865797,880.8738919821767,1994.5268724687567,-232.7790885044028,466.86666016677054,699.6457486711734,1994.5268724687567,232.7790885044028,2461.393532635527,2694.17262113993,0.27895117799837044,0.3442463648516253,0.3768024571500043,0.0,3,-38,empty
1991.6882292417156,-238.95,1429.7,-1365.9,2463.0239513654756,1094.2,-2158.65,457.65,2690.610608672314,475.15,-1749.65,1988.05,0.0,0.0,0.0,0.0,1786.3306973198762,2690.610608672314,0.0,2690.610608672314,1061.6949884795938,1109.637443274277,882.0507859674385,1991.6882292417156,-227.58665730683833,471.33572212376,698.9223794305983,1991.6882292417156,227.58665730683833,2463.0239513654756,2690.610608672314,0.2787401336479785,0.3447043645195256,0.376555501832496,0.0,3,-38,empty
1991.010711924976,-241.05,1433.5,-1360.55,2463.090467786354,1095.55,-2158.2,456.9,2691.219386263409,476.65,-1751.2,1987.15,0.0,0.0,0.0,0.0,1786.3301414936846,2691.219386263409,0.0,2691.219386263409,1061.8025469531292,1109.5698152010157,881.4408967239603,1991.010711924976,-228.12891847705487,472.0797558613781,700.208674338433,1991.010711924976,228.12891847705487,2463.090467786354,2691.219386263409,0.2786454006564742,0.3447137808645466,0.3766408184789793,0.0,3,-33,empty
1998.7968543601423,-242.55,1433.6,-1371.55,2467.1591400839957,1094.8,-2162.65,459.6,2692.2740898727234,473.5,-1747.65,1992.45,0.0,0.0,0.0,0.0,1789.5575210792153,2692.2740898727234,0.0,2692.2740898727234,1063.0543703752007,1111.9559020744352,886.8409522857073,1998.7968543601423,-225.1149497887277,468.36228572385335,693.477235512581,1998.7968543601423,225.1149497887277,2467.1591400839957,2692.2740898727234,0.27923059622508567,0.3446604972211433,0.3761089065537711,0.0,3,-30,empty
1999.4298256002885,-244.85,1437.05,-1368.45,2460.993413237833,1095.3,-2155.7,458.0,2692.53460237747,475.35,-1747.15,1992.8,0.0,0.0,0.0,0.0,1788.2394603038979,2692.53460237747,0.0,2692.53460237747,1062.1616311734406,1115.4855073699628,883.9443182303257,1999.4298256002885,-231.54118913963703,461.5635876375445,693.1047767771815,1999.4298256002885,231.54118913963703,2460.993413237833,2692.53460237747,0.27952490004617453,0.3440525539039953,0.3764225460498302,0.0,3,-27,empty
1996.3751532465035,-242.25,1433.0,-1368.7,2464.7696875164625,1097.55,-2157.5,464.4,2689.870122329329,475.1,-1745.45,1990.75,0.0,0.0,0.0,0.0,1787.7537407730738,2689.870122329329,0.0,2689.870122329329,1062.0441244844217,1110.7377940296853,885.6373592168184,1996.3751532465035,-225.10043481286675,468.39453426995897,693.4949690828257,1996.3751532465035,225.10043481286675,2464.7696875164625,2689.870122329329,0.27917367863864967,0.3446741057371006,0.3761522156242497,0.0,3,-27,empty
1999.0922252362448,-241.95,1434.4,-1371.25,2464.1762822493038,1098.9,-2156.5,462.7,2689.127007971174,476.65,-1749.8,1985.55,0.0,0.0,0.0,0.0,1788.0988788641807,2689.127007971174,0.0,2689.127007971174,1061.926096489139,1112.0214754790577,887.0707497571875,1999.0922252362448,-224.95072572187019,465.084057013059,690.0347827349292,1999.0922252362448,224.95072572187019,2464.1762822493038,2689.127007971174,0.2794996754466522,0.344524610939661,0.3759757136136867,0.0,3,-27,empty
1995.3093964345478,-243.75,1432.55,-1367.35,2462.68244552561,1095.45,-2157.35,458.95,2691.165762267349,475.6,-1745.2,1992.6,0.0,0.0,0.0,0.0,1787.2894010568766,2691.165762267349,0.0,2691.165762267349,1061.93502184444,1111.8963565881431,883.4130398464047,1995.3093964345478,-228.4833167417387,467.3730490910623,695.856365832801,1995.3093964345478,228.4833167417387,2462.68244552561,2691.165762267349,0.27909713380142337,0.3444716960875717,0.3764311701110049,0.0,3,-28,empty
1997.1752514489058,-242.55,1434.35,-1368.4,2462.3064040650993,1097.15,-2155.95,459.45,2692.755362542242,473.0,-1749.95,1991.2,0.0,0.0,0.0,0.0,1788.0592545140616,2692.755362542242,0.0,2692.755362542242,1062.305236783015,1113.8121049630242,883.3631464858815,1997.1752514489058,-230.4489584771427,465.1311526161935,695.5801110933362,1997.1752514489058,230.4489584771427,2462.3064040650993,2692.755362542242,0.2792378449437454,0.3442708061616052,0.3764913488946495,0.0,3,-28,empty
2000.0216061332937,-243.0,1432.55,-1374.35,2465.207775218957,1096.75,-2159.7,458.35,2691.5818908218266,476.75,-1748.15,1990.3,0.0,0.0,0.0,0.0,1789.2028180435195,2691.5818908218266,0.0,2691.5818908218266,1062.657279961479,1113.1978608680815,886.8237452652122,2000.0216061332937,-226.37411560286955,465.1861690856633,691.5602846885329,2000.0216061332937,226.37411560286955,2465.207775218957,2691.5818908218266,0.2794570836189917,0.3444561665058526,0.3760867498751556,0.0,3,-28,empty
1995.3493115241752,-246.1,1428.95,-1370.75,2461.953499763958,1096.75,-2156.25,457.1,2694.460638513764,474.3,-1750.8,1992.45,0.0,0.0,0.0,0.0,1787.9408624504742,2694.460638513764,0.0,2694.460638513764,1062.5231682202768,1113.9282251369907,881.4210863871845,1995.3493115241752,-232.50713874980602,466.60418823978284,699.1113269895889,1995.3493115241752,232.50713874980602,2461.953499763958,2694.460638513764,0.27900102198982074,0.344244257663773,0.37675472034640634,0.0,3,-27,empty
1999.6648681716645,-243.75,1434.75,-1371.4,2461.379403911555,1096.2,-2155.3,459.8,2688.8408794497304,474.3,-1748.75,1986.65,0.0,0.0,0.0,0.0,1787.4712878832374,2688.8408794497304,0.0,2688.8408794497304,1061.4493640739727,1113.56317185492,886.1016963167447,1999.6648681716645,-227.46147553817536,461.7145357398906,689.176011278066,1999.6648681716645,227.46147553817536,2461.379403911555,2688.8408794497304,0.27967790052444863,0.3442543973428483,0.37606770213270313,0.0,3,-28,empty
1990.1748503586311,-238.7,1428.35,-1365.15,2461.422465262719,1098.5,-2153.75,461.8,2688.580327049947,475.5,-1744.95,1989.35,0.0,0.0,0.0,0.0,1785.0444106678242,2688.580327049947,0.0,2688.580327049947,1060.9343135032254,1108.6663560729294,881.5084942857018,1990.1748503586311,-227.15786178722783,471.24761490408787,698.4054766913157,1990.1748503586311,227.15786178722783,2461.422465262719,2688.580327049947,0.27872903868174115,0.3447284631341255,0.37654249818413343,0.0,3,-29,empty
1999.8195687361394,-247.75,1433.85,-1371.85,2463.012359895906,1097.85,-2156.4,459.45,2689.4709335666744,473.15,-1747.7,1988.7,0.0,0.0,0.0,0.0,1788.07571554968,2689.4709335666744,0.0,2689.4709335666744,1061.8501585494535,1113.1390712034543,886.6804975326856,1999.8195687361394,-226.4585736707686,463.19279115976633,689.6513648305349,1999.8195687361394,226.4585736707686,2463.012359895906,2689.4709335666744,0.27960498978665543,0.34436634009353745,0.37602867011980706,0.0,3,-29,empty
1994.7919321322713,-237.25,1432.3,-1368.0,2464.413320650576,1100.95,-2156.1,460.95,2694.9067117434697,474.6,-1750.95,1992.85,0.0,0.0,0.0,0.0,1788.5279911315793,2694.9067117434697,0.0,2694.9067117434697,1062.9817204749277,1112.6426616125825,882.1492705196888,1994.7919321322713,-230.4933910928935,469.6213885183049,700.1147796111984,1994.7919321322713,230.4933910928935,2464.413320650576,2694.9067117434697,0.2788315226297062,0.34447508410133587,0.376693393268958,0.0,3,-29,empty
1997.843393512114,-243.6,1430.75,-1372.95,2461.2000787217603,1096.55,-2154.35,462.45,2691.9647443828085,475.4,-1749.05,1990.35,0.0,0.0,0.0,0.0,1787.7520541541708,2691.9647443828085,0.0,2691.9647443828085,1061.9944219451168,1114.3040295865812,883.5393639255328,1997.843393512114,-230.76466566104818,463.35668520964623,694.1213508706944,1997.843393512114,230.76466566104818,2461.2000787217603,2691.9647443828085,0.27937926135642766,0.3441752553161258,0.3764454833274465,0.0,3,-28,empty
1994.2614290759373,-241.95,1432.35,-1366.35,2464.834969120651,1095.35,-2159.25,461.8,2694.042069549026,473.5,-1750.6,1992.25,0.0,0.0,0.0,0.0,1788.2846169364034,2694.042069549026,0.0,2694.042069549026,1062.838800137923,1111.7342647521562,882.5271643237809,1994.2614290759373,-229.20710042837527,470.5735400447136,699.7806404730889,1994.2614290759373,229.20710042837527,2464.834969120651,2694.042069549026,0.27879530615383846,0.34458091091552284,0.3766237829306388,0.0,3,-28,empty
2002.1898224194429,-239.35,1433.6,-1377.05,2461.8542940231046,1095.8,-2155.35,463.05,2689.911329858291,475.0,-1743.6,1992.45,0.0,0.0,0.0,0.0,1788.4888615752097,2689.911329858291,0.0,2689.911329858291,1061.8785218406153,1115.1234291273145,887.0663932921282,2002.1898224194429,-228.05703583518653,459.6644716036617,687.7215074388482,2002.1898224194429,228.05703583518653,2461.8542940231046,2689.911329858291,0.27987172095889046,0.344124912784588,0.3760033662565215,0.0,3,-28,empty
1995.695703257388,-239.7,1434.2,-1366.9,2463.5777073191744,1095.8,-2157.8,460.8,2689.8139703332645,474.15,-1747.9,1988.75,0.0,0.0,0.0,0.0,1787.2718452274567,2689.8139703332645,0.0,2689.8139703332645,1061.8089588090893,1110.9659831357392,884.7297201216488,1995.695703257388,-226.23626301409013,467.88200406178635,694.1182670758765,1995.695703257388,226.23626301409013,2463.5777073191744,2689.8139703332645,0.2791539111112958,0.3446003071521624,0.3762457817365419,0.0,3,-28,empty
1994.8663326147944,-241.65,1432.05,-1367.6,2462.655108312977,1095.8,-2156.8,460.55,2688.7914594665017,475.45,-1749.1,1986.0,0.0,0.0,0.0,0.0,1786.5782250985683,2688.7914594665017,0.0,2688.7914594665017,1061.4040656619181,1110.5013418841595,884.3649907306349,1994.8663326147944,-226.13635115352463,467.7887756981827,693.9251268517073,1994.8663326147944,226.13635115352463,2462.655108312977,2688.7914594665017,0.2791462339278111,0.34460499318146404,0.3762487728907248,0.0,3,-28,empty
1998.0451402558454,-240.35,1434.5,-1369.9,2465.7606296029626,1097.95,-2159.2,460.8,2691.2754030384926,472.95,-1750.7,1988.55,0.0,0.0,0.0,0.0,1788.770293224325,2691.2754030384926,0.0,2691.2754030384926,1062.5825276552225,1111.7799568456876,886.2651834101578,1998.0451402558454,-225.51477343553006,467.7154893471172,693.2302627826473,1998.0451402558454,225.51477343553006,2465.7606296029626,2691.2754030384926,0.27924842387871596,0.3446167234192962,0.3761348527019879,0.0,3,-29,empty
1995.9118624077566,-243.75,1432.1,-1368.7,2464.071969829615,1097.35,-2158.3,457.4,2694.4312498187815,473.4,-1750.6,1992.8,0.0,0.0,0.0,0.0,1788.6037705140384,2694.4312498187815,0.0,2694.4312498187815,1062.8806145814146,1113.1355711984615,882.7762912092951,1995.9118624077566,-230.35927998916623,468.1601074218586,698.5193874110248,1995.9118624077566,230.35927998916623,2464.071969829615,2694.4312498187815,0.27897624606848204,0.34441277750430016,0.3766109764272178,0.0,3,-28,empty
1996.9530452667134,-241.85,1432.2,-1370.45,2463.8754336410757,1096.55,-2158.1,459.2,2688.936732706815,474.8,-1744.15,1990.7,0.0,0.0,0.0,0.0,1787.441302903651,2688.936732706815,0.0,2688.936732706815,1061.731925287216,1111.0071721662262,885.945873100487,1996.9530452667134,-225.06129906573915,466.9223883743623,691.9836874401014,1996.9530452667134,225.06129906573915,2463.8754336410757,2688.936732706815,0.2793033038375465,0.34460927886674875,0.37608741729570483,0.0,3,-29,empty
1995.9504258623258,-242.65,1433.2,-1367.8,2462.105997921292,1096.6,-2156.15,458.75,2691.603084594755,474.55,-1749.35,1989.8,0.0,0.0,0.0,0.0,1787.414877094593,2691.603084594755,0.0,2691.603084594755,1061.9679186613503,1112.7237562678945,883.2266695944315,1995.9504258623258,-229.49708667346295,466.1555720589661,695.652658732429,1995.9504258623258,229.49708667346295,2462.105997921292,2691.603084594755,0.27916719999370027,0.34436688838623125,0.37646591162006854,0.0,3,-28,empty
1992.7956054247009,-245.45,1427.75,-1368.4,2465.035819719462,1098.9,-2157.6,462.15,2691.899442772705,479.3,-1747.6,1990.6,0.0,0.0,0.0,0.0,1787.4327169792168,2691.899442772705,0.0,2691.899442772705,1062.3435951457957,1109.8296142389718,882.9659911857289,1992.7956054247009,-226.86362305324292,472.240214294761,699.1038373480039,1992.7956054247009,226.86362305324292,2465.035819719462,2691.899442772705,0.2787231634643778,0.3447732320640022,0.37650360447162,0.0,3,-28,empty
1994.3904538730624,-241.25,1432.6,-1366.4,2462.69834987966,1097.25,-2156.4,459.2,2693.873557723153,479.35,-1750.0,1991.15,0.0,0.0,0.0,0.0,1787.7405903689687,2693.873557723153,0.0,2693.873557723153,1062.4694720542375,1112.782830858278,881.6076230147844,1994.3904538730624,-231.17520784349335,468.3078960065975,699.4831038500909,1994.3904538730624,231.17520784349335,2462.69834987966,2693.873557723153,0.27889818923077697,0.3443869825335492,0.3767148282356739,0.0,3,-28,empty
1995.9357667520264,-245.0,1432.35,-1368.25,2464.3666473355784,1098.1,-2157.2,462.35,2688.9859701195915,476.65,-1743.55,1990.85,0.0,0.0,0.0,0.0,1787.3220960517992,2688.9859701195915,0.0,2688.9859701195915,1061.7705737187312,1110.2775447680199,885.6582219840068,1995.9357667520264,-224.6193227840131,468.4308805835519,693.050203367565,1995.9357667520264,224.6193227840131,2464.3666473355784,2688.9859701195915,0.2791796413138202,0.34470097090773016,0.3761193877784495,0.0,3,-28,empty
1994.6595430047705,-240.75,1432.2,-1367.3,2462.4558727010726,1098.15,-2155.75,458.8,2691.3582820761712,475.0,-1747.2,1991.25,0.0,0.0,0.0,0.0,1787.1184244455035,2691.3582820761712,0.0,2691.3582820761712,1061.9081843584318,1111.7809761899348,882.8785668148357,1994.6595430047705,-228.9024093750986,467.7963296963021,696.6987390714007,1994.6595430047705,228.9024093750986,2462.4558727010726,2691.3582820761712,0.2790329274938315,0.3444729569985141,0.37649411550765444,0.0,3,-29,empty
1993.7764593855552,-240.9,1427.4,-1371.0,2465.0586052871035,1098.05,-2158.55,459.85,2691.6357540536574,471.35,-1748.9,1991.0,0.0,0.0,0.0,0.0,1787.617704681579,2691.6357540536574,0.0,2691.6357540536574,1062.338610994142,1110.1768040760546,883.5996553095006,1993.7764593855552,-226.57714876655382,471.28214590154835,697.8592946681022,1993.7764593855552,226.57714876655382,2465.0586052871035,2691.6357540536574,0.2788314937478059,0.3447407405441582,0.37642776570803593,0.0,3,-28,empty
2002.312868285074,-244.4,1433.4,-1376.55,2464.4891975823307,1096.85,-2158.35,460.6,2692.1126545893285,475.05,-1753.8,1986.45,0.0,0.0,0.0,0.0,1789.7286801141834,2692.1126545893285,0.0,2692.1126545893285,1062.7698926398618,1114.9681626460358,887.3447056390382,2002.312868285074,-227.6234570069978,462.17632929725664,689.7997863042544,2002.312868285074,227.6234570069978,2464.4891975823307,2692.1126545893285,0.2796950301088833,0.3442545824075829,0.37605038748353375,0.0,3,-28,empty
1994.7530154131864,-243.75,1432.3,-1366.8,2459.9462971780504,1094.0,-2154.15,462.75,2689.4134202461323,475.4,-1748.65,1987.25,0.0,0.0,0.0,0.0,1786.0281832093424,2689.4134202461323,0.0,2689.4134202461323,1061.100046841454,1112.1100692406344,882.6429461725522,1994.7530154131864,-229.46712306808195,465.19328176486397,694.6604048329459,1994.7530154131864,229.46712306808195,2459.9462971780504,2689.4134202461323,0.2792163407842735,0.34433195403973604,0.37645170517599036,0.0,3,-28,empty
1993.42267532503,-243.1,1428.5,-1368.95,2458.1687782778463,1094.3,-2152.45,460.5,2692.214266175707,476.45,-1748.75,1990.7,0.0,0.0,0.0,0.0,1785.9514299446457,2692.214266175707,0.0,2692.214266175707,1061.3500034760798,1113.7340816114456,879.6885937135844,1993.42267532503,-234.04548789786077,464.7461029528163,698.791590850677,1993.42267532503,234.04548789786077,2458.1687782778463,2692.214266175707,0.27904211753771135,0.3440979324888521,0.3768599499734366,0.0,3,-28,empty
1996.5349915541174,-244.05,1431.1,-1370.6,2463.3575176981517,1095.1,-2158.5,458.0,2690.2791291053795,474.6,-1746.9,1990.15,0.0,0.0,0.0,0.0,1787.5429095894124,2690.2791291053795,0.0,2690.2791291053795,1061.9140043462176,1111.7283014806728,884.806690073445,1996.5349915541174,-226.92161140722783,466.8225261440343,693.7441375512622,1996.5349915541174,226.92161140722783,2463.3575176981517,2690.2791291053795,0.2792289601613968,0.34451725668839606,0.376253783150207,0.0,3,-28,empty
1994.2661714274752,-244.0,1430.05,-1368.4,2460.4101228250543,1098.8,-2152.9,459.65,2692.2786492114815,476.15,-1747.45,1992.0,0.0,0.0,0.0,0.0,1786.7387358660026,2692.2786492114815,0.0,2692.2786492114815,1061.7601681905185,1113.067348906951,881.1988225205239,1994.2661714274752,-231.86852638642722,466.14395139757903,698.0124777840063,1994.2661714274752,231.86852638642722,2460.4101228250543,2692.2786492114815,0.2790371825767923,0.3442599180053784,0.37670289941782936,0.0,3,-29,empty
1994.469581743477,-241.7,1430.15,-1369.0,2464.582238433118,1096.4,-2158.3,462.4,2692.802030413673,474.05,-1751.5,1989.65,0.0,0.0,0.0,0.0,1787.9634626475672,2692.802030413673,0.0,2692.802030413673,1062.5445781765216,1111.344686862016,883.1248948814612,1994.469581743477,-228.21979198055487,470.1126566896412,698.3324486701961,1994.469581743477,228.21979198055487,2464.582238433118,2692.802030413673,0.27887448812714005,0.34460746680802307,0.37651804506483677,0.0,3,-29,empty
1997.7148826847138,-244.95,1430.1,-1373.2,2466.1895861835114,1096.85,-2160.95,457.5,2692.50862347737,476.25,-1747.15,1992.55,0.0,0.0,0.0,0.0,1789.1032730863988,2692.50862347737,0.0,2692.50862347737,1062.8965645732114,1112.0169599892859,885.6979226954277,1997.7148826847138,-226.3190372938584,468.4747034987977,694.7937407926561,1997.7148826847138,226.3190372938584,2466.1895861835114,2692.50862347737,0.2791503029389742,0.3446125250680841,0.37623717199294177,0.0,3,-29,empty
1992.6871530674352,-239.2,1435.9,-1360.8,2466.6586579824943,1097.85,-2160.5,459.75,2693.748412992572,472.5,-1753.6,1989.45,0.0,0.0,0.0,0.0,1788.2735560106253,2693.748412992572,0.0,2693.748412992572,1062.9908622599314,1109.8884540387562,882.7986990286788,1992.6871530674352,-227.08975501007762,473.9715049150591,701.0612599251367,1992.6871530674352,227.08975501007762,2466.6586579824943,2693.748412992572,0.2785769473537408,0.3448379932829245,0.3765850593633347,0.0,3,-29,empty
1993.4015181342668,-242.1,1429.55,-1368.0,2465.1683502349288,1099.5,-2158.15,458.85,2691.968055623989,473.55,-1749.5,1990.4,0.0,0.0,0.0,0.0,1787.634480998296,2691.968055623989,0.0,2691.968055623989,1062.4086395290433,1110.1006117616635,883.3009063726031,1993.4015181342668,-226.79970538906036,471.766832100662,698.5665374897224,1993.4015181342668,226.79970538906036,2465.1683502349288,2691.968055623989,0.2787764416220397,0.3447528530634332,0.3764707053145272,0.0,3,-28,empty
1991.8729182606003,-240.9,1431.3,-1364.15,2459.8135960881264,1095.05,-2154.15,459.55,2694.295165715887,478.0,-1748.0,1993.8,0.0,0.0,0.0,0.0,1786.4954200161533,2694.295165715887,0.0,2694.295165715887,1061.9797016710381,1113.1772439441802,878.6956743164199,1991.8729182606003,-234.48156962776056,467.9406778275261,702.4222474552867,1991.8729182606003,234.48156962776056,2459.8135960881264,2694.295165715887,0.27874027774481924,0.3442233280488742,0.37703639420630664,0.0,3,-28,empty
1993.449860794096,-241.65,1429.55,-1368.15,2467.994655585786,1096.7,-2162.3,461.2,2690.770992206509,471.65,-1750.9,1988.0,0.0,0.0,0.0,0.0,1788.0538771465976,2690.770992206509,0.0,2690.770992206509,1062.6078568413752,1108.1130987074093,885.3367620866863,1993.449860794096,-222.7763366207232,474.54479479169004,697.3211314124133,1993.449860794096,222.7763366207232,2467.994655585786,2690.770992206509,0.2787178124597778,0.34506715473308996,0.37621503280713225,0.0,3,-28,empty
1992.4575183677066,-246.0,1427.95,-1367.6,2463.6026754531667,1092.4,-2159.85,459.4,2691.143536677299,476.45,-1749.15,1988.9,0.0,0.0,0.0,0.0,1786.8009326245428,2691.143536677299,0.0,2691.143536677299,1061.937892332722,1109.9991897959194,882.458328571787,1992.4575183677066,-227.5408612241322,471.14515708546014,698.6860183095923,1992.4575183677066,227.5408612241322,2463.6026754531667,2691.143536677299,0.27877441213346094,0.3446946202107841,0.37653096765575506,0.0,3,-28,empty
1990.8270611733205,-240.75,1428.15,-1365.95,2460.419510977752,1094.0,-2154.4,464.1,2694.4551796235173,476.7,-1751.05,1991.65,0.0,0.0,0.0,0.0,1786.4254379436475,2694.4551796235173,0.0,2694.4551796235173,1062.0595429602088,1112.431364909543,878.3956962637776,1990.8270611733205,-234.03566864576533,469.59244980443145,703.6281184501968,1990.8270611733205,234.03566864576533,2460.419510977752,2694.4551796235173,0.27860483551232895,0.3443216070929244,0.37707355739474663,0.0,3,-29,empty
1990.0290883552432,-242.5,1427.65,-1365.0,2465.7615796138925,1097.75,-2158.95,462.45,2689.8333819216386,472.05,-1748.1,1989.1,0.0,0.0,0.0,0.0,1786.4060124726936,2689.8333819216386,0.0,2689.8333819216386,1061.886740300683,1107.0504453314948,882.9786430237486,1990.0290883552432,-224.0718023077461,475.73249125864936,699.8042935663955,1990.0290883552432,224.0718023077461,2465.7615796138925,2689.8333819216386,0.2784961921395322,0.3450729512773042,0.37643085658316355,0.0,3,-28,empty
1991.8576969753638,-234.65,1432.65,-1363.8,2463.701614441164,1098.95,-2156.2,461.45,2692.6623678991023,474.45,-1746.85,1993.45,0.0,0.0,0.0,0.0,1787.0554198289074,2692.6623678991023,0.0,2692.6623678991023,1062.2482129121831,1110.4092252166508,881.4484717587127,1991.8576969753638,-228.96075345793815,471.84391746580036,700.8046709237385,1991.8576969753638,228.96075345793815,2463.701614441164,2692.6623678991023,0.27865080104315737,0.3446593747323515,0.37668982422449127,0.0,3,-30,empty
1990.0864459867062,-244.2,1429.35,-1363.0,2463.6675024239776,1097.0,-2157.25,461.0,2693.2902094835604,473.2,-1750.15,1991.7,0.0,0.0,0.0,0.0,1786.7610394735611,2693.2902094835604,0.0,2693.2902094835604,1062.291594711339,1109.8545765231447,880.2318694635617,1990.0864459867062,-229.6227070595828,473.5810564372714,703.2037634968542,1990.0864459867062,229.6227070595828,2463.6675024239776,2693.2902094835604,0.27844888068706874,0.3447113866930207,0.3768397326199105,0.0,3,-28,empty
1993.3982166140313,-242.7,1430.4,-1367.0,2465.9448381908305,1098.65,-2159.65,458.0,2692.197055380605,473.75,-1749.4,1990.75,0.0,0.0,0.0,0.0,1787.8850275463667,2692.197055380605,0.0,2692.197055380605,1062.5810431564869,1109.8252169019029,883.5729997121284,1993.3982166140313,-226.25221718977446,472.5466215767992,698.7988387665737,1993.3982166140313,226.25221718977446,2465.9448381908305,2692.197055380605,0.2787369134342078,0.3448131172023699,0.37644996936342234,0.0,3,-28,empty
1992.1764605576486,-237.7,1432.4,-1364.0,2460.234867344986,1092.3,-2156.25,458.5,2692.315505749651,474.95,-1749.2,1990.8,0.0,0.0,0.0,0.0,1786.1817084130716,2692.315505749651,0.0,2692.315505749651,1061.638480501042,1112.1285494811568,880.047911076492,1992.1764605576486,-232.08063840466502,468.0584067873374,700.1390451920024,1992.1764605576486,232.08063840466502,2460.234867344986,2692.315505749651,0.27883171840444954,0.34434274740317083,0.3768255341923795,0.0,3,-28,empty
1996.7655908994425,-244.45,1433.6,-1368.25,2462.7844784917743,1094.45,-2158.25,457.65,2693.703138803532,475.8,-1748.6,1993.0,0.0,0.0,0.0,0.0,1788.313302048687,2693.703138803532,0.0,2693.703138803532,1062.5628154799701,1113.8421256056,882.9234652938421,1996.7655908994425,-230.91866031175778,466.0188875923318,696.9375479040896,1996.7655908994425,230.91866031175778,2462.7844784917743,2693.703138803532,0.2791409073303812,0.3442887322470865,0.37657036042253234,0.0,3,-28,empty
1995.355955086711,-245.45,1427.15,-1372.75,2464.637437839489,1096.8,-2159.5,456.1,2688.8050310500385,470.9,-1748.25,1987.85,0.0,0.0,0.0,0.0,1787.1996059940595,2688.8050310500385,0.0,2688.8050310500385,1061.7468926065562,1109.7617741486304,885.5941809380806,1995.355955086711,-224.1675932105495,469.28148275277795,693.4490759633275,1995.355955086711,224.1675932105495,2464.637437839489,2688.8050310500385,0.2791176693966526,0.34476247498787793,0.37611985561546946,0.0,3,-28,empty
1992.3762665470597,-238.55,1435.15,-1361.25,2460.7438072664127,1093.95,-2155.6,460.35,2689.7699776189042,472.85,-1747.9,1989.0,0.0,0.0,0.0,0.0,1785.722512858094,2689.7699776189042,0.0,2689.7699776189042,1061.1863918849383,1110.7012184497758,881.6750480972839,1992.3762665470597,-229.0261703524916,468.367540719353,697.3937110718446,1992.3762665470597,229.0261703524916,2460.7438072664127,2689.7699776189042,0.27893139222372954,0.34450254582498513,0.3765660619512854,0.0,3,-30,empty
1991.7227655976621,-242.65,1430.7,-1364.25,2462.184344235825,1098.55,-2153.95,464.8,2691.4417079884897,474.95,-1749.05,1989.75,0.0,0.0,0.0,0.0,1786.3372044554942,2691.4417079884897,0.0,2691.4417079884897,1061.740005299381,1110.4900646751635,881.2327009224987,1991.7227655976621,-229.2573637526648,470.4615786381628,699.7189423908276,1991.7227655976621,229.2573637526648,2462.184344235825,2691.4417079884897,0.2787439516780334,0.3445856048475378,0.3766704434744288,0.0,3,-28,empty
1995.0643485862806,-242.95,1435.25,-1364.3,2464.662511379601,1097.95,-2157.7,461.95,2692.9673809758633,477.55,-1748.3,1991.85,0.0,0.0,0.0,0.0,1788.1735602354363,2692.9673809758633,0.0,2692.9673809758633,1062.621479984724,1111.6846090912718,883.3797394950093,1995.0643485862806,-228.3048695962625,469.59816279332017,697.9030323895827,1995.0643485862806,228.3048695962625,2464.662511379601,2692.9673809758633,0.2789248752122815,0.3445782006550718,0.37649692413264674,0.0,3,-28,empty
1995.497397893568,-243.15,1433.2,-1367.05,2464.5711198908425,1097.15,-2158.6,459.15,2691.6292083048884,475.85,-1747.5,1991.15,0.0,0.0,0.0,0.0,1787.9244315223248,2691.6292083048884,0.0,2691.6292083048884,1062.343326526586,1111.2777431538068,884.2196547397612,1995.497397893568,-227.05808841404587,469.07372199727456,696.1318104113204,1995.497397893568,227.05808841404587,2464.5711198908425,2691.6292083048884,0.27902429245772226,0.3446134350589399,0.3763622724833378,0.0,3,-30,empty
1996.8861040379843,-242.5,1429.6,-1372.95,2465.579316306819,1098.6,-2158.95,459.45,2691.816944463349,473.2,-1746.0,1993.35,0.0,0.0,0.0,0.0,1788.570591202038,2691.816944463349,0.0,2691.816944463349,1062.6117471998848,1111.561866097257,885.3242379407268,1996.8861040379843,-226.23762815653026,468.6932122688345,694.9308404253647,1996.8861040379843,226.23762815653026,2465.579316306819,2691.816944463349,0.2791175972953833,0.34462985811616553,0.37625254458845114,0.0,3,-28,empty
1997.2956585092754,-242.45,1433.15,-1369.85,2463.484062765578,1093.95,-2158.45,461.65,2691.519300971108,474.45,-1748.85,1990.15,0.0,0.0,0.0,0.0,1788.0747555614903,2691.519300971108,0.0,2691.519300971108,1062.235201896791,1112.6654483574027,884.6302101518729,1997.2956585092754,-228.03523820552982,466.18840425630265,694.2236424618325,1997.2956585092754,228.03523820552982,2463.484062765578,2691.519300971108,0.2792522589305957,0.3444324762014768,0.37631526486792755,0.0,3,-28,empty
1996.7339000227346,-240.85,1432.35,-1370.15,2463.088221115923,1097.55,-2156.65,459.4,2691.1665342375227,474.9,-1749.55,1988.95,0.0,0.0,0.0,0.0,1787.747163844045,2691.1665342375227,0.0,2691.1665342375227,1062.06961638236,1112.4061065721673,884.3277934505672,1996.7339000227346,-228.07831312159988,466.3543210931882,694.4326342147881,1996.7339000227346,228.07831312159988,2463.088221115923,2691.1665342375227,0.27922487312597977,0.3444402361433129,0.37633489073070736,0.0,3,-32,empty
2000.6531758403305,-244.4,1438.4,-1368.9,2466.5137086584377,1096.75,-2159.5,466.25,2690.649931243379,476.8,-1748.75,1988.5,0.0,0.0,0.0,0.0,1789.4542039355367,2690.649931243379,0.0,2690.649931243379,1062.6987655927876,1112.394699212636,888.2584766276946,2000.6531758403305,-224.13622258494115,465.86053281810723,689.9967554030484,2000.6531758403305,224.13622258494115,2466.5137086584377,2690.649931243379,0.2795060599260245,0.34459022522535754,0.375903714848618,0.0,3,-28,empty
1997.4331252885538,-240.2,1430.8,-1372.9,2463.2679071712846,1097.95,-2155.3,465.7,2692.6054547593862,473.05,-1750.9,1990.15,0.0,0.0,0.0,0.0,1788.326621804806,2692.6054547593862,0.0,2692.6054547593862,1062.438654991059,1113.3853364383276,884.0477888502262,1997.4331252885538,-229.33754758810164,465.8347818827308,695.1723294708324,1997.4331252885538,229.33754758810164,2463.2679071712846,2692.6054547593862,0.2792321465405344,0.3443537490770726,0.37641410438239303,0.0,3,-28,empty
1992.3684711920132,-241.45,1429.75,-1366.4,2466.1366426051904,1098.3,-2158.4,465.7,2693.7881454375733,477.6,-1746.7,1994.35,0.0,0.0,0.0,0.0,1788.0733148086942,2693.7881454375733,0.0,2693.7881454375733,1062.9007386600354,1110.0099870121983,882.3584841798154,1992.3684711920132,-227.6515028323829,473.76817141317724,701.4196742455601,1992.3684711920132,227.6515028323829,2466.1366426051904,2693.7881454375733,0.2785635877862727,0.3448036249661611,0.37663278724756616,0.0,3,-28,empty
1996.7006016175783,-242.6,1429.9,-1372.35,2460.127169985324,1093.95,-2154.5,462.2,2694.530595020216,473.65,-1747.55,1995.55,0.0,0.0,0.0,0.0,1787.8395916557797,2694.530595020216,0.0,2694.530595020216,1062.314982777281,1115.5520133262353,881.1485882913432,1996.7006016175783,-234.40342503489182,463.42656836774586,697.8299934026377,1996.7006016175783,234.40342503489182,2460.127169985324,2694.530595020216,0.27920578151090797,0.34400837489381747,0.37678584359527445,0.0,3,-28,empty
1998.368338169918,-241.85,1431.3,-1373.45,2465.6778469621695,1099.4,-2158.25,461.35,2689.794514921168,471.4,-1748.5,1988.85,0.0,0.0,0.0,0.0,1788.4601750133138,2689.794514921168,0.0,2689.794514921168,1062.2709873268434,1111.242503064458,887.1258351054596,1998.368338169918,-224.11666795899828,467.30950879225156,691.4261767512498,1998.368338169918,224.11666795899828,2465.6778469621695,2689.794514921168,0.2793420236705916,0.3446649080323824,0.375993068297026,0.0,3,-28,empty
1993.9781474479603,-243.15,1431.8,-1366.3,2465.887864948445,1097.3,-2160.25,458.1,2691.0728929183615,475.95,-1748.95,1989.1,0.0,0.0,0.0,0.0,1787.7347263286917,2691.0728929183615,0.0,2691.0728929183615,1062.3609700937236,1109.5815877089385,884.396559739022,1993.9781474479603,-225.18502796991652,471.9097175004847,697.0947454704012,1993.9781474479603,225.18502796991652,2465.887864948445,2691.0728929183615,0.27884144639607855,0.34483413962825665,0.3763244139756648,0.0,3,-28,empty
1993.0518269728966,-244.6,1429.45,-1367.15,2465.9686119251396,1096.95,-2159.7,461.95,2689.9853317443944,471.6,-1745.55,1991.65,0.0,0.0,0.0,0.0,1787.2514426606076,2689.9853317443944,0.0,2689.9853317443944,1062.0978047983983,1108.5342733960758,884.517553576821,1993.0518269728966,-224.01671981925483,472.916784952243,696.9335047714978,1993.0518269728966,224.01671981925483,2465.9686119251396,2689.9853317443944,0.27878727349156907,0.3449386797324603,0.3762740467759707,0.0,3,-28,empty
1994.2858809609017,-243.75,1429.45,-1369.1,2463.1568976620224,1096.35,-2157.7,457.7,2690.505579347495,474.4,-1748.1,1989.45,0.0,0.0,0.0,0.0,1786.9870894926048,2690.505579347495,0.0,2690.505579347495,1061.8200080459724,1110.817281323187,883.4685996377148,1994.2858809609017,-227.34868168547246,468.87101670112065,696.2196983865931,1994.2858809609017,227.34868168547246,2463.1568976620224,2690.505579347495,0.27900115964564093,0.3445963476940128,0.37640249266034626,0.0,3,-28,empty
1998.3988753499639,-241.45,1431.65,-1373.2,2465.1728722343187,1098.2,-2158.7,459.4,2692.2627147067205,475.35,-1751.0,1989.05,0.0,0.0,0.0,0.0,1788.958615572751,2692.2627147067205,0.0,2692.2627147067205,1062.7161153233856,1112.744358911183,885.6545164387812,1998.3988753499639,-227.08984247240187,466.7739968843548,693.8638393567567,1998.3988753499639,227.08984247240187,2465.1728722343187,2692.2627147067205,0.27926846070586137,0.34449830906863543,0.37623323022550315,0.0,3,-30,empty
1995.129416228431,-240.95,1433.25,-1366.85,2462.883162575927,1092.1,-2159.0,460.25,2692.2665660183056,474.5,-1750.1,1990.05,0.0,0.0,0.0,0.0,1787.5697862056659,2692.2665660183056,0.0,2692.2665660183056,1062.192444931534,1112.2564098354048,882.8730063930261,1995.129416228431,-229.3834034423785,467.7537463474962,697.1371497898747,1995.129416228431,229.3834034423785,2462.883162575927,2692.2665660183056,0.2790281855881184,0.34444573599049466,0.3765260784213869,0.0,3,-30,empty
1997.8085074651176,-243.5,1433.4,-1370.15,2465.1368425505307,1095.55,-2159.6,461.3,2691.9355680439307,474.3,-1748.45,1991.1,0.0,0.0,0.0,0.0,1788.720229514895,2691.9355680439307,0.0,2691.9355680439307,1062.611799952919,1112.3036164792588,885.504890985859,1997.8085074651176,-226.79872549340007,467.3283350854131,694.1270605788131,1997.8085074651176,226.79872549340007,2465.1368425505307,2691.9355680439307,0.27922316672279823,0.34453918531729827,0.3762376479599034,0.0,3,-31,empty
1995.5194467857234,-244.0,1432.8,-1367.35,2460.5042399882186,1098.9,-2152.55,461.55,2690.197464871306,473.2,-1749.6,1988.0,0.0,0.0,0.0,0.0,1786.555287911312,2690.197464871306,0.0,2690.197464871306,1061.3932106486877,1112.6063358344054,882.9131109513182,1995.5194467857234,-229.69322488308717,464.9847932024952,694.6780180855824,1995.5194467857234,229.69322488308717,2460.5042399882186,2690.197464871306,0.27924121076581887,0.3443084376729295,0.37645035156125156,0.0,3,-28,empty
1992.7398230827826,-242.95,1430.3,-1366.1,2464.6252747628796,1095.35,-2160.0,457.15,2692.3290600333385,475.85,-1748.35,1991.35,0.0,0.0,0.0,0.0,1787.4235394697503,2692.3290600333385,0.0,2692.3290600333385,1062.3669183946902,1110.2218041766205,882.5180189061621,1992.7398230827826,-227.70378527045887,471.88545168009705,699.5892369505559,1992.7398230827826,227.70378527045887,2464.6252747628796,2692.3290600333385,0.2787167925059805,0.3447175809676907,0.37656562652632874,0.0,3,-28,empty
1994.7565196033324,-240.4,1437.15,-1362.3,2464.879049263878,1099.95,-2156.95,461.85,2692.2403523831226,473.05,-1750.85,1989.7,0.0,0.0,0.0,0.0,1787.9689803125832,2692.2403523831226,0.0,2692.2403523831226,1062.486248941595,1111.0589113612887,883.6976082420438,1994.7565196033324,-227.36130311924444,470.12252966054575,697.4838327797902,1994.7565196033324,227.36130311924444,2464.879049263878,2692.2403523831226,0.2789137481644952,0.34464790446657434,0.3764383473689305,0.0,3,-30,empty
1990.3943811466108,-240.2,1428.5,-1365.05,2463.957370268406,1097.55,-2157.6,459.6,2692.7288969556516,472.65,-1750.8,1990.5,0.0,0.0,0.0,0.0,1786.7701620926673,2692.7288969556516,0.0,2692.7288969556516,1062.2328109837051,1109.5829539169283,880.8114272296827,1990.3943811466108,-228.77152668724557,473.5629891217952,702.3345158090408,1990.3943811466108,228.77152668724557,2463.957370268406,2692.7288969556516,0.2784905444715199,0.34475018423503,0.37675927129345,0.0,3,-28,empty
1996.857303990448,-240.0,1434.05,-1368.7,2462.9133795162184,1097.7,-2156.15,460.45,2692.767415225459,474.55,-1750.8,1990.1,0.0,0.0,0.0,0.0,1788.1345246830315,2692.767415225459,0.0,2692.767415225459,1062.388517274443,1113.3556698498444,883.5016341406038,1996.857303990448,-229.85403570924063,466.05607552577044,695.9101112350111,1996.857303990448,229.85403570924063,2462.9133795162184,2692.767415225459,0.27918163824173337,0.3443411758901081,0.3764771858681584,0.0,3,-28,empty
1992.6126323247074,-243.55,1432.5,-1363.5,2464.3719742563217,1100.55,-2156.15,461.45,2691.8853889978304,472.35,-1750.55,1989.65,0.0,0.0,0.0,0.0,1787.217498894715,2691.8853889978304,0.0,2691.8853889978304,1062.2259321912265,1110.0630235331082,882.5496087915992,1992.6126323247074,-227.51341474150877,471.75934193161424,699.272756673123,1992.6126323247074,227.51341474150877,2464.3719742563217,2691.8853889978304,0.27873113283036577,0.3447218897224856,0.37654697744714866,0.0,3,-28,empty
1992.5109598192928,-246.55,1431.75,-1363.6,2462.6396884237856,1097.15,-2155.85,461.7,2693.8056175232837,472.35,-1752.65,1990.4,0.0,0.0,0.0,0.0,1787.2390664415907,2693.8056175232837,0.0,2693.8056175232837,1062.3545715226116,1111.8384444593953,880.6725153598975,1992.5109598192928,-231.16592909949804,470.12872860449284,701.2946577039909,1992.5109598192928,231.16592909949804,2462.6396884237856,2693.8056175232837,0.2787135472293587,0.34447541667256126,0.3768110360980799,0.0,3,-28,empty
1993.287671787492,-240.3,1434.7,-1362.75,2462.540677836612,1097.1,-2156.7,457.3,2694.3079361869536,475.55,-1752.5,1990.45,0.0,0.0,0.0,0.0,1787.5340714527642,2694.3079361869536,0.0,2694.3079361869536,1062.4835717649962,1112.5274650689169,880.7602067185751,1993.287671787492,-231.76725835034176,469.2530060491199,701.0202643994617,1993.287671787492,231.76725835034176,2462.540677836612,2694.3079361869536,0.278776178818162,0.344404718931491,0.3768191022503471,0.0,3,-28,empty
1998.2113727030983,-243.3,1432.8,-1371.4,2461.469806335231,1095.85,-2155.25,461.35,2690.5058437030016,473.65,-1749.1,1988.75,0.0,0.0,0.0,0.0,1787.5467556853328,2690.5058437030016,0.0,2690.5058437030016,1061.7450703270733,1113.623705035434,884.5876676676637,1998.2113727030983,-229.0360373677704,463.2584336321329,692.2944709999033,1998.2113727030983,229.0360373677704,2461.469806335231,2690.5058437030016,0.2794628121401219,0.3442525067535256,0.3762846811063525,0.0,3,-28,empty
2001.330875317722,-247.75,1433.9,-1374.0,2458.8122727243735,1095.4,-2153.35,457.1,2693.3926788531967,476.65,-1752.1,1989.3,0.0,0.0,0.0,0.0,1788.3839567238233,2693.3926788531967,0.0,2693.3926788531967,1062.0944497585149,1117.9556407232726,883.3752345944497,2001.330875317722,-234.58040612882314,457.48139740665147,692.0618035354746,2001.330875317722,234.58040612882314,2458.8122727243735,2693.3926788531967,0.27976806487685124,0.34371985158443286,0.37651208353871574,0.0,3,-29,empty
1995.4223274785716,-243.35,1430.05,-1370.2,2465.5074944116477,1094.75,-2160.45,461.2,2693.686667468954,472.75,-1752.7,1990.1,0.0,0.0,0.0,0.0,1788.6541223397935,2693.686667468954,0.0,2693.686667468954,1062.9265091067507,1111.8007502679388,883.6215772106327,1995.4223274785716,-228.17917305730634,470.08516693307615,698.2643399903825,1995.4223274785716,228.17917305730634,2465.5074944116477,2693.686667468954,0.2788999704521266,0.344603725172204,0.3764963043756693,0.0,3,-29,empty
1991.5597518025916,-242.05,1430.05,-1364.8,2461.116260967775,1096.5,-2155.4,457.2,2689.2410011934594,475.6,-1747.25,1988.2,0.0,0.0,0.0,0.0,1785.4792534909566,2689.2410011934594,0.0,2689.2410011934594,1061.093303969249,1109.8422460141378,881.7175057884535,1991.5597518025916,-228.1247402256845,469.55650916518334,697.6812493908678,1991.5597518025916,228.1247402256845,2461.116260967775,2689.2410011934594,0.2788550676112181,0.34460163232866153,0.37654330006012027,0.0,3,-29,empty
1999.3987477489327,-244.3,1435.05,-1370.6,2461.5952393722246,1094.1,-2156.25,461.5,2691.921259063868,475.45,-1750.05,1989.4,0.0,0.0,0.0,0.0,1788.2288115462563,2691.921259063868,0.0,2691.921259063868,1062.1249232344865,1114.862383720288,884.5363640286446,1999.3987477489327,-230.32601969164352,462.1964916232919,692.5225113149354,1999.3987477489327,230.32601969164352,2461.5952393722246,2691.921259063868,0.27952221981314584,0.34413873989141774,0.37633904029543647,0.0,3,-29,empty
2000.312808662685,-245.3,1434.05,-1372.8,2462.463771307103,1097.0,-2155.95,460.65,2694.659454365245,473.35,-1752.5,1991.45,0.0,0.0,0.0,0.0,1789.3590085837582,2694.659454365245,0.0,2694.659454365245,1062.8906441987106,1116.2542458604137,884.0585628022716,2000.312808662685,-232.1956830581421,462.15096264441786,694.34664570256,2000.312808662685,232.1956830581421,2462.463771307103,2694.659454365245,0.2794733755309803,0.34404272137318237,0.37648390309583735,0.0,3,-29,empty
1994.7427854237249,-242.1,1433.9,-1365.4,2466.0861957766197,1098.55,-2160.0,457.35,2689.8082022701915,473.85,-1748.2,1988.55,0.0,0.0,0.0,0.0,1787.6592958676338,2689.8082022701915,0.0,2689.8082022701915,1062.1611268531883,1109.232395958648,885.5103894650763,1994.7427854237249,-223.72200649357183,471.3434103528948,695.0654168464666,1994.7427854237249,223.72200649357183,2466.0861957766197,2689.8082022701915,0.2789601449832732,0.3448764260445548,0.3761634289721721,0.0,3,-29,empty
1996.9025946450167,-244.9,1429.55,-1372.6,2463.089879094955,1093.45,-2158.2,461.9,2694.99969063078,474.2,-1749.55,1994.3,0.0,0.0,0.0,0.0,1788.7480410926878,2694.99969063078,0.0,2694.99969063078,1062.894260903723,1114.406203090421,882.4963915545957,1996.9025946450167,-231.90981153582516,466.18728444993826,698.0970959857634,1996.9025946450167,231.90981153582516,2463.089879094955,2694.99969063078,0.27909221264963263,0.3442477395517277,0.37666004779863976,0.0,3,-29,empty
1998.925827163179,-239.4,1429.8,-1376.25,2464.611211732999,1097.75,-2157.4,463.55,2695.650424294664,477.2,-1751.9,1992.4,0.0,0.0,0.0,0.0,1789.7968657977106,2695.650424294664,0.0,2695.650424294664,1063.373501435734,1114.982519862422,883.9433073007572,1998.925827163179,-231.03921256166495,465.6853845698199,696.7245971314849,1998.925827163179,231.03921256166495,2464.611211732999,2695.650424294664,0.279211270474577,0.3442585103972853,0.37653021912813767,0.0,3,-29,empty
1995.5936347362908,-246.7,1432.25,-1367.55,2462.7304491153714,1099.55,-2155.35,458.8,2691.9307025813278,475.55,-1746.45,1992.55,0.0,0.0,0.0,0.0,1787.5636966082475,2691.9307025813278,0.0,2691.9307025813278,1062.1193729723873,1112.3969441011234,883.1966906351672,1995.5936347362908,-229.2002534659564,467.13681437908053,696.3370678450369,1995.5936347362908,229.2002534659564,2462.7304491153714,2691.9307025813278,0.2790940594904062,0.34442555163043925,0.37648038887915447,0.0,3,-29,empty
1994.7143680236527,-241.8,1429.9,-1369.6,2466.2568418556893,1100.2,-2158.6,460.9,2694.6234774083005,476.15,-1750.15,1992.8,0.0,0.0,0.0,0.0,1788.8986718219107,2694.6234774083005,0.0,2694.6234774083005,1063.2109471801934,1111.5405017881321,883.173866235521,1994.7143680236527,-228.36663555261111,471.54247383203665,699.9091093846478,1994.7143680236527,228.36663555261111,2466.2568418556893,2694.6234774083005,0.27876290583749613,0.34466133838423624,0.3765757557782676,0.0,3,-29,empty
1997.410019875739,-247.75,1431.35,-1370.95,2461.7428003347545,1096.7,-2155.45,459.85,2693.805004078803,470.2,-1753.0,1990.6,0.0,0.0,0.0,0.0,1788.2394560723242,2693.805004078803,0.0,2693.805004078803,1062.4509863382677,1114.7361118098936,882.6739080658454,1997.410019875739,-232.06220374404847,464.33278045901557,696.394984203064,1997.410019875739,232.06220374404847,2461.7428003347545,2693.805004078803,0.2792425272092524,0.3441573207625264,0.3766001520282211,0.0,3,-29,empty
2001.5221744962007,-246.75,1431.7,-1376.75,2462.335546285274,1096.1,-2156.9,457.65,2693.138828114882,474.65,-1752.65,1988.95,0.0,0.0,0.0,0.0,1789.2491372240893,2693.138828114882,0.0,2693.138828114882,1062.606959883499,1116.1627281629044,885.3594463332965,2001.5221744962007,-230.80328182960784,460.81337178907347,691.6166536186813,2001.5221744962007,230.80328182960784,2462.335546285274,2693.138828114882,0.2796595137110755,0.34404593176239245,0.37629455452653204,0.0,3,-29,empty
1997.1141260578975,-246.65,1430.6,-1371.5,2465.510304176399,1098.1,-2159.2,459.1,2692.987213114834,477.3,-1748.0,1992.2,0.0,0.0,0.0,0.0,1788.9029108372827,2692.987213114834,0.0,2692.987213114834,1062.8607064064872,1112.2955174981664,884.8186085597313,1997.1141260578975,-227.47690893843492,468.39617811850167,695.8730870569366,1997.1141260578975,227.47690893843492,2465.510304176399,2692.987213114834,0.2790976125589682,0.3445561926866164,0.37634619475441533,0.0,3,-28,empty
1996.7575278435786,-242.05,1431.75,-1370.6,2464.9139564090265,1097.95,-2156.9,467.0,2692.155650682181,475.45,-1747.85,1991.65,0.0,0.0,0.0,0.0,1788.4567837336967,2692.155650682181,0.0,2692.155650682181,1062.5715053430151,1111.9996110583666,884.757916785212,1996.7575278435786,-227.24169427315474,468.15642856544787,695.3981228386026,1996.7575278435786,227.24169427315474,2464.9139564090265,2692.155650682181,0.2791173857266794,0.3445587809037122,0.3763238333696083,0.0,3,-28,empty
1999.0361496231128,-242.25,1438.75,-1366.55,2458.962839796486,1095.65,-2153.85,454.95,2694.36633227555,473.2,-1749.7,1993.55,0.0,0.0,0.0,0.0,1788.0913304237872,2694.36633227555,0.0,2694.36633227555,1062.2112882747435,1117.2198210510883,881.8163285720243,1999.0361496231128,-235.40349247906397,459.92669017337334,695.3301826524373,1999.0361496231128,235.40349247906397,2458.962839796486,2694.36633227555,0.27949301520707703,0.3437971536965199,0.37670983109640305,0.0,3,-28,empty
1999.8891606786613,-243.9,1433.65,-1372.85,2462.436883455087,1095.25,-2158.05,454.8,2692.0157675058294,478.35,-1746.9,1991.6,0.0,0.0,0.0,0.0,1788.5854529098942,2692.0157675058294,0.0,2692.0157675058294,1062.3028361837826,1114.734022364702,885.1551383139592,1999.8891606786613,-229.57888405074254,462.54772277642564,692.1266068271682,1999.8891606786613,229.57888405074254,2462.436883455087,2692.0157675058294,0.27953503108070565,0.3441877601443206,0.37627720877497384,0.0,3,-29,empty
1996.0846212022172,-241.05,1429.35,-1372.3,2466.1800978436268,1096.3,-2161.25,457.35,2689.6764424368967,473.75,-1747.0,1989.45,0.0,0.0,0.0,0.0,1787.985290370685,2689.6764424368967,0.0,2689.6764424368967,1062.2137097439745,1109.7904828977435,886.2941383044736,1996.0846212022172,-223.4963445932699,470.0954766414095,693.5918212346794,1996.0846212022172,223.4963445932699,2466.1800978436268,2689.6764424368967,0.27909690196449954,0.3448266760254412,0.3760764220100593,0.0,3,-29,empty
1991.4496233899565,-245.2,1431.6,-1362.45,2463.2697340120917,1096.9,-2156.9,460.75,2690.387191929816,472.4,-1747.15,1990.6,0.0,0.0,0.0,0.0,1786.276637332966,2690.387191929816,0.0,2690.387191929816,1061.6750594195155,1109.2835406538404,882.1660827361163,1991.4496233899565,-227.1174579177241,471.8201106221352,698.9375685398593,1991.4496233899565,227.1174579177241,2463.2697340120917,2690.387191929816,0.27871517515385075,0.34474919541156895,0.37653562943458035,0.0,3,-28,empty
1999.5579936575982,-241.9,1433.0,-1373.4,2461.770590956842,1098.2,-2155.8,454.75,2694.341703459307,475.95,-1751.25,1991.5,0.0,0.0,0.0,0.0,1788.917572018437,2694.341703459307,0.0,2694.341703459307,1062.6758101126895,1116.0645530800316,883.4934405775668,1999.5579936575982,-232.57111250246498,462.21259729924395,694.7837098017089,1999.5579936575982,232.57111250246498,2461.770590956842,2694.341703459307,0.27943685401355517,0.3440307465060037,0.37653239948044104,0.0,3,-29,empty
1994.1048536874887,-245.35,1433.65,-1364.15,2462.9074140129587,1095.7,-2157.0,461.2,2692.0038879058106,476.85,-1749.0,1990.1,0.0,0.0,0.0,0.0,1787.2540389015644,2692.0038879058106,0.0,2692.0038879058106,1062.0903953666302,1111.6006637901705,882.5041898973184,1994.1048536874887,-229.09647389285192,468.80256032547004,697.899034218322,1994.1048536874887,229.09647389285192,2462.9074140129587,2692.0038879058106,0.2789341652450613,0.344509980171404,0.37655585458353474,0.0,3,-29,empty
1992.2611757749032,-242.25,1428.7,-1367.2,2462.2113490722113,1093.85,-2158.45,455.05,2691.103487419241,475.0,-1751.3,1987.3,0.0,0.0,0.0,0.0,1786.394003066589,2691.103487419241,0.0,2691.103487419241,1061.6983049848616,1110.5766570609667,881.684518713937,1992.2611757749032,-228.8921383470297,469.9501732973081,698.8423116443378,1992.2611757749032,228.8921383470297,2462.2113490722113,2691.103487419241,0.2788104377246726,0.3445784279455554,0.376611134329772,0.0,3,-29,empty
1994.9238036827371,-247.1,1430.1,-1368.75,2465.955365573351,1096.85,-2161.2,455.05,2691.024045786288,477.3,-1748.45,1989.15,0.0,0.0,0.0,0.0,1787.9758037605939,2691.024045786288,0.0,2691.024045786288,1062.4073328020934,1109.9962419478368,884.9275617349001,1994.9238036827371,-225.06868021293667,471.03156189061406,696.1002421035507,1994.9238036827371,225.06868021293667,2465.955365573351,2691.024045786288,0.27893607389525016,0.34479708287813293,0.376266843226617,0.0,3,-29,empty
1994.751915652671,-239.4,1429.35,-1370.65,2464.937440889728,1095.05,-2159.85,460.25,2690.4827731282726,473.2,-1749.3,1988.65,0.0,0.0,0.0,0.0,1787.5430324176677,2690.4827731282726,0.0,2690.4827731282726,1062.1215766121356,1110.1486239456078,884.6032917070631,1994.751915652671,-225.5453322385447,470.18552523705694,695.7308574756016,1994.751915652671,225.5453322385447,2464.937440889728,2690.4827731282726,0.2789795657331325,0.3447381959744877,0.37628223829237983,0.0,3,-29,empty
1996.0321252424772,-239.35,1434.25,-1367.4,2463.141419508835,1095.2,-2158.7,455.65,2694.274761415398,476.3,-1749.8,1992.6,0.0,0.0,0.0,0.0,1788.3620765416777,2694.274761415398,0.0,2694.274761415398,1062.705359007161,1113.58273357452,882.4493916679569,1996.0321252424772,-231.13334190656315,467.1092942663579,698.242636172921,1996.0321252424772,231.13334190656315,2463.141419508835,2694.274761415398,0.2790307610836826,0.34432924012122323,0.37663999879509413,0.0,3,-29,empty
1994.3317282989808,-242.95,1428.5,-1370.3,2462.42986194531,1095.25,-2157.45,457.6,2690.3192603295247,472.85,-1749.2,1988.6,0.0,0.0,0.0,0.0,1786.770212643454,2690.3192603295247,0.0,2690.3192603295247,1061.6668991308275,1111.1105633415978,883.2211649573833,1994.3317282989808,-227.88939838421447,468.0981336463294,695.9875320305439,1994.3317282989808,227.88939838421447,2462.42986194531,2690.3192603295247,0.27904143943451576,0.3445364496957677,0.3764221108697165,0.0,3,-29,empty
1998.2303032933917,-245.15,1433.85,-1370.0,2462.77860657429,1096.8,-2157.05,457.65,2693.6621902161373,476.25,-1752.85,1989.1,0.0,0.0,0.0,0.0,1788.6677750209547,2693.6621902161373,0.0,2693.6621902161373,1062.6251887902843,1114.5569434676197,883.6733598257722,1998.2303032933917,-230.8835836418475,464.54830328089815,695.4318869227457,1998.2303032933917,230.8835836418475,2462.77860657429,2693.6621902161373,0.27929030913384434,0.3442196813974353,0.3764900094687204,0.0,3,-29,empty
1995.4210608290173,-242.6,1435.9,-1364.2,2461.9826080823564,1097.0,-2156.05,457.6,2691.5811774865715,474.1,-1749.95,1989.35,0.0,0.0,0.0,0.0,1787.2462115994863,2691.5811774865715,0.0,2691.5811774865715,1061.9176903123353,1112.509815116616,882.9112457124011,1995.4210608290173,-229.59856940421514,466.5615472533391,696.1601166575542,1995.4210608290173,229.59856940421514,2461.9826080823564,2691.5811774865715,0.27911949790107904,0.34438212711037425,0.3764983749885467,0.0,3,-29,empty
1999.5967005873958,-244.25,1435.0,-1370.95,2461.9949461767787,1093.95,-2156.9,460.95,2692.798211897802,473.9,-1750.0,1991.0,0.0,0.0,0.0,0.0,1788.597464665494,2692.798211897802,0.0,2692.798211897802,1062.3846675720458,1115.1999831542096,884.3967174331863,1999.5967005873958,-230.8032657210233,462.3982455893829,693.2015113104062,1999.5967005873958,230.8032657210233,2461.9949461767787,2692.798211897802,0.27949227538480315,0.3441236771848528,0.3763840474303441,0.0,3,-29,empty
2000.588245366847,-239.85,1436.55,-1371.55,2463.020841872841,1095.95,-2158.75,452.95,2693.457499664697,477.7,-1748.9,1991.95,0.0,0.0,0.0,0.0,1789.2666467260963,2693.457499664697,0.0,2693.457499664697,1062.7367695194096,1115.5124515793516,885.0757937874955,2000.588245366847,-230.43665779185585,462.43259650599407,692.8692542978499,2000.588245366847,230.43665779185585,2463.020841872841,2693.457499664697,0.27952628651344613,0.3441383158820325,0.37633539760452145,0.0,3,-29,empty
1997.2036951698242,-238.8,1435.4,-1368.0,2464.2568687131625,1097.3,-2158.25,458.75,2694.903334537252,475.8,-1752.95,1990.8,0.0,0.0,0.0,0.0,1789.0909746050597,2694.903334537252,0.0,2694.903334537252,1063.0736611174777,1113.925080496957,883.2786146728677,1997.2036951698242,-230.64646582408932,467.0531735433383,697.6996393674276,1997.2036951698242,230.64646582408932,2464.2568687131625,2694.903334537252,0.27908079068068425,0.34434482422800566,0.37657438509131,0.0,3,-29,empty
1996.6853695562554,-242.4,1433.55,-1368.55,2465.0751438850702,1097.05,-2158.8,461.15,2690.864196684775,477.25,-1747.25,1990.0,0.0,0.0,0.0,0.0,1788.1561775315254,2690.864196684775,0.0,2690.864196684775,1062.319160377824,1111.23721117798,885.4481583782756,1996.6853695562554,-225.78905279970468,468.38977432881484,694.1788271285195,1996.6853695562554,225.78905279970468,2465.0751438850702,2690.864196684775,0.27915421967120846,0.34463923996952034,0.3762065403592711,0.0,3,-29,empty
1994.9313001955732,-243.15,1431.6,-1367.9,2461.6806266248273,1096.95,-2155.55,458.45,2691.337263332115,475.05,-1748.35,1990.2,0.0,0.0,0.0,0.0,1786.9872975381288,2691.337263332115,0.0,2691.337263332115,1061.7937957472604,1112.2939684514306,882.6373317441426,1994.9313001955732,-229.65663670728782,466.7493264292541,696.4059631365419,1994.9313001955732,229.65663670728782,2461.6806266248273,2691.337263332115,0.2790914214868681,0.34438977686301975,0.3765188016501122,0.0,3,-29,empty
1992.6497352771262,-239.15,1433.15,-1363.65,2466.8305849814656,1100.25,-2159.9,457.75,2692.371652465536,476.7,-1749.55,1990.15,0.0,0.0,0.0,0.0,1787.9629931810318,2692.371652465536,0.0,2692.371652465536,1062.723453862822,1109.0954013805983,883.5543338965279,1992.6497352771262,-225.54106748407048,474.1808497043394,699.7219171884099,1992.6497352771262,225.54106748407048,2466.8305849814656,2692.371652465536,0.27862010327908526,0.34492192992661375,0.37645796679430105,0.0,3,-29,empty
1998.269685252719,-244.15,1436.65,-1367.3,2463.114754228881,1095.15,-2157.9,459.4,2694.5602734954737,475.05,-1750.75,1992.45,0.0,0.0,0.0,0.0,1788.9861782442683,2694.5602734954737,0.0,2694.5602734954737,1062.8716892461514,1114.8576022596558,883.412082993063,1998.269685252719,-231.44551926659278,464.8450689761619,696.2905882427547,1998.269685252719,231.44551926659278,2463.114754228881,2694.5602734954737,0.27924610451907517,0.34420539188377214,0.37654850359715275,0.0,3,-29,empty
1996.127607393876,-242.45,1432.0,-1369.35,2461.503396808544,1100.3,-2153.65,458.4,2691.5535801837573,475.55,-1747.75,1990.9,0.0,0.0,0.0,0.0,1787.2961460965444,2691.5535801837573,0.0,2691.5535801837573,1061.8704037091536,1113.0888953845445,883.0387120093312,1996.127607393876,-230.05018337521324,465.37578941466813,695.4259727898814,1996.127607393876,230.05018337521324,2461.503396808544,2691.5535801837573,0.2792105286739161,0.34430547536630524,0.3764839959597786,0.0,3,-29,empty
1998.518459384351,-245.8,1431.7,-1372.55,2465.76680618829,1098.7,-2159.95,455.5,2694.9289679878393,475.8,-1751.0,1992.55,0.0,0.0,0.0,0.0,1789.80355839012,2694.9289679878393,0.0,2694.9289679878393,1063.3833982854276,1113.84031059195,884.6781487924009,1998.518459384351,-229.16216179954927,467.24834680393906,696.4105086034883,1998.518459384351,229.16216179954927,2465.76680618829,2694.9289679878393,0.27915332523726294,0.34441863670309447,0.3764280380596426,0.0,3,-29,empty
1991.3912542491491,-244.05,1428.95,-1365.35,2462.6672212257995,1094.85,-2158.6,454.4,2691.4552425221564,472.6,-1748.0,1991.25,0.0,0.0,0.0,0.0,1786.3784294992763,2691.4552425221564,0.0,2691.4552425221564,1061.8037388070825,1110.089637772753,881.3016164763962,1991.3912542491491,-228.78802129635687,471.27596697665035,700.0639882730072,1991.3912542491491,228.78802129635687,2462.6672212257995,2691.4552425221564,0.27869112464699575,0.3446452303384686,0.37666364501453564,0.0,3,-29,empty
1995.183178307195,-248.45,1432.95,-1365.9,2462.2042101539832,1097.8,-2155.15,461.1,2694.7710575297488,473.3,-1751.15,1992.8,0.0,0.0,0.0,0.0,1788.0396114977318,2694.7710575297488,0.0,2694.7710575297488,1062.6210437945604,1113.8750128414802,881.3081654657149,1995.183178307195,-232.56684737576552,467.0210318467882,699.5878792225537,1995.183178307195,232.56684737576552,2462.2042101539832,2694.7710575297488,0.2789623850441366,0.34426029970493005,0.3767773152509333,0.0,3,-29,empty
1992.260307414671,-241.65,1426.5,-1369.6,2465.928151325582,1098.55,-2159.65,458.15,2693.4945786097287,476.25,-1751.4,1990.15,0.0,0.0,0.0,0.0,1787.9207593374954,2693.4945786097287,0.0,2693.4945786097287,1062.7997528133108,1109.9133673494089,882.3469400652621,1992.260307414671,-227.5664272841468,473.66784391091096,701.2342711950578,1992.260307414671,227.5664272841468,2465.928151325582,2693.4945786097287,0.278572232159899,0.34480389279658546,0.37662387504351547,0.0,3,-29,empty
1998.5079002846098,-243.35,1435.45,-1369.05,2463.74267020726,1095.95,-2158.2,459.45,2689.51551631516,472.65,-1748.7,1988.0,0.0,0.0,0.0,0.0,1787.9415217017572,2689.51551631516,0.0,2689.51551631516,1061.910535885582,1112.140373196255,886.3675270883548,1998.5079002846098,-225.77284610790002,465.23476992265,691.00761603055,1998.5079002846098,225.77284610790002,2463.74267020726,2689.51551631516,0.27944257069191447,0.34449430256844715,0.37606312673963843,0.0,3,-29,empty
1995.515367643156,-246.5,1431.65,-1368.1,2463.7433277433747,1096.65,-2158.45,456.6,2692.8981534770305,477.8,-1749.15,1990.95,0.0,0.0,0.0,0.0,1788.03921221589,2692.8981534770305,0.0,2692.8981534770305,1062.4825098341046,1112.3350966884059,883.1802709547499,1995.515367643156,-229.1548257336558,468.22796010021875,697.3827858338746,1995.515367643156,229.1548257336558,2463.7433277433747,2692.8981534770305,0.2790088933746235,0.3444755728665054,0.3765155337588713,0.0,3,-29,empty
1993.6982551278918,-246.0,1430.35,-1366.9,2465.198925036274,1098.3,-2159.8,454.1,2693.1565207020553,474.2,-1751.55,1990.05,0.0,0.0,0.0,0.0,1788.0134252165553,2693.1565207020553,0.0,2693.1565207020553,1062.6808648980004,1110.8279253968367,882.8703297310551,1993.6982551278918,-227.95759566578135,471.5006699083822,699.4582655741635,1993.6982551278918,227.95759566578135,2465.198925036274,2693.1565207020553,0.2787588486488049,0.3446840625284597,0.3765570888227354,0.0,3,-29,empty
1995.6046157743772,-245.1,1431.25,-1368.9,2464.770261606546,1096.95,-2160.5,451.7,2694.5501670037615,471.65,-1750.8,1993.2,0.0,0.0,0.0,0.0,1788.7312610961712,2694.5501670037615,0.0,2694.5501670037615,1063.001967285245,1112.6922605857965,882.9123551885807,1995.6046157743772,-229.77990539721577,469.1656458321686,698.9455512293844,1995.6046157743772,229.77990539721577,2464.770261606546,2694.5501670037615,0.27891342025176963,0.34448582568184166,0.37660075406638865,0.0,3,-29,empty
2003.5477496181618,-246.95,1434.4,-1376.85,2467.104696805549,1098.65,-2161.65,454.8,2695.1396132668156,476.85,-1749.9,1993.55,0.0,0.0,0.0,0.0,1791.4480149226315,2695.1396132668156,0.0,2695.1396132668156,1063.889414403472,1115.7913330397141,887.7564165784477,2003.5477496181618,-228.03491646126668,463.5569471873871,691.5918636486538,2003.5477496181618,228.03491646126668,2467.104696805549,2695.1396132668156,0.27959892401687836,0.34428918342239717,0.37611189256072447,0.0,3,-29,empty
1996.3440954655086,-246.85,1431.55,-1369.35,2464.3220396287497,1098.35,-2157.3,461.05,2694.8717418459823,476.8,-1751.55,1991.75,0.0,0.0,0.0,0.0,1788.8844692350604,2694.8717418459823,0.0,2694.8717418459823,1063.0352758044285,1113.4468988413705,882.8971966241381,1996.3440954655086,-230.5497022172326,467.9779441632411,698.5276463804737,1996.3440954655086,230.5497022172326,2464.3220396287497,2694.8717418459823,0.2789928765381869,0.3443936824889691,0.3766134409728439,0.0,3,-29,empty
1993.546976496917,-245.05,1430.35,-1366.85,2465.706297899245,1096.25,-2160.65,457.75,2691.0677365127767,475.4,-1751.25,1987.2,0.0,0.0,0.0,0.0,1787.5802527272347,2691.0677365127767,0.0,2691.0677365127767,1062.3099850959868,1109.4542075552247,884.0927689416926,1993.546976496917,-225.36143861353185,472.1593214023278,697.5207600158597,1993.546976496917,225.36143861353185,2465.706297899245,2691.0677365127767,0.27880524153467345,0.3448385455894109,0.37635621287591564,0.0,3,-29,empty
1996.1542012079126,-245.85,1430.5,-1370.35,2467.0238816233623,1096.55,-2161.8,458.7,2693.6110117275657,473.1,-1750.5,1991.85,0.0,0.0,0.0,0.0,1789.1972736397101,2693.6110117275657,0.0,2693.6110117275657,1063.187562709529,1111.370665656058,884.7835355518546,1996.1542012079126,-226.58713010420342,470.8696804154497,697.4568105196531,1996.1542012079126,226.58713010420342,2467.0238816233623,2693.6110117275657,0.2789175669191576,0.34471099385882276,0.37637143922201965,0.0,3,-29,empty
1998.354174689762,-248.55,1432.05,-1371.45,2465.8583982053797,1099.2,-2160.2,453.6,2694.8136438351353,476.7,-1750.35,1992.75,0.0,0.0,0.0,0.0,1789.7565541825693,2694.8136438351353,0.0,2694.8136438351353,1063.3653569613484,1113.654710159759,884.6994645300031,1998.354174689762,-228.9552456297556,467.5042235156177,696.4594691453733,1998.354174689762,228.9552456297556,2465.8583982053797,2694.8136438351353,0.279137708703973,0.3444404760584331,0.3764218152375939,0.0,3,-29,empty
1997.83419294495,-244.2,1435.75,-1367.6,2465.963624022058,1097.25,-2158.65,466.1,2690.4193910987187,476.3,-1749.1,1988.0,0.0,0.0,0.0,0.0,1788.5543020164316,2690.4193910987187,0.0,2690.4193910987187,1062.4227727762218,1111.1449800108053,886.6892129341445,1997.83419294495,-224.45576707666078,468.12943107710794,692.5851981537687,1997.83419294495,224.45576707666078,2465.963624022058,2690.4193910987187,0.2792526610308357,0.3446867144656873,0.376060624503477,0.0,3,-29,empty
1999.5003075768705,-242.8,1432.0,-1374.2,2465.6166561329037,1098.55,-2159.05,459.3,2693.6364365853087,478.05,-1746.4,1994.3,0.0,0.0,0.0,0.0,1789.6883500737706,2693.6364365853087,0.0,2693.6364365853087,1063.132948640585,1113.7600440146375,885.7402635622325,1999.5003075768705,-228.01978045240503,466.11634855603324,694.1361290084383,1999.5003075768705,228.01978045240503,2465.6166561329037,2693.6364365853087,0.279308448799822,0.344419833770398,0.3762717174297801,0.0,3,-29,empty
1995.6884401128348,-243.3,1431.1,-1369.5,2466.555967842611,1100.8,-2159.2,458.25,2693.7732221736856,472.9,-1749.95,1992.6,0.0,0.0,0.0,0.0,1789.004407532283,2693.7732221736856,0.0,2693.7732221736856,1063.124849714306,1111.4528472219547,884.2355928908803,1995.6884401128348,-227.2172543310744,470.8675277297764,698.0847820608508,1995.6884401128348,227.2172543310744,2466.555967842611,2693.7732221736856,0.27888254938198387,0.34468276845177387,0.3764346821662422,0.0,3,-29,empty
1993.6983040319815,-246.65,1431.05,-1366.05,2466.5092347283035,1099.8,-2159.55,458.75,2694.94003875782,476.0,-1752.1,1991.55,0.0,0.0,0.0,0.0,1788.7868943795263,2694.94003875782,0.0,2694.94003875782,1063.2695249775807,1111.0645540307492,882.6337500012328,1993.6983040319815,-228.43080402951637,472.810930696322,701.2417347258383,1993.6983040319815,228.43080402951637,2466.5092347283035,2694.94003875782,0.27863832051435233,0.3447181498363808,0.3766435296492668,0.0,3,-29,empty
1997.5602907046386,-244.9,1432.05,-1370.95,2466.8162492370607,1098.75,-2160.35,459.15,2695.6863634332535,480.0,-1752.1,1991.6,0.0,0.0,0.0,0.0,1790.015725843738,2695.6863634332535,0.0,2695.6863634332535,1063.6645732359027,1113.215202450416,884.3450882542227,1997.5602907046386,-228.87011419619284,469.255958532422,698.1260727286149,1997.5602907046386,228.87011419619284,2466.8162492370607,2695.6863634332535,0.27898641641305594,0.3445243823310976,0.37648920125584656,0.0,3,-29,empty
2000.985872638785,-244.8,1435.6,-1372.25,2468.180012174963,1099.65,-2162.6,453.7,2693.233037169268,475.8,-1749.3,1991.75,0.0,0.0,0.0,0.0,1790.5997304957539,2693.233037169268,0.0,2693.233037169268,1063.5285196098566,1113.0194488165448,887.9664238222399,2000.985872638785,-225.0530249943049,467.194139536178,692.2471645304829,2000.985872638785,225.0530249943049,2468.180012174963,2693.233037169268,0.27937369789572997,0.3446024214875218,0.37602388061674824,0.0,3,-29,empty
1993.5221813413564,-248.75,1430.25,-1366.25,2466.397669172593,1097.05,-2160.0,462.6,2697.8283525828697,477.5,-1754.6,1992.9,0.0,0.0,0.0,0.0,1789.4370507742046,2697.8283525828697,0.0,2697.8283525828697,1063.8592641024075,1112.4764323758163,881.0457489655398,1993.5221813413564,-231.43068341027674,472.87548783123657,704.3061712415133,1993.5221813413564,231.43068341027674,2466.397669172593,2697.8283525828697,0.2785124769377685,0.34457731666301133,0.37691020639922024,0.0,3,-29,empty
1993.1779762479819,-246.4,1430.75,-1365.65,2467.803231114669,1100.25,-2160.65,459.45,2699.656730493712,477.4,-1754.2,1995.75,0.0,0.0,0.0,0.0,1790.1594844640908,2699.656730493712,0.0,2699.656730493712,1064.4568774418533,1112.5157378135127,880.6622384344694,1993.1779762479819,-231.85349937904311,474.6252548666871,706.4787542457302,1993.1779762479819,231.85349937904311,2467.803231114669,2699.656730493712,0.2783520118662315,0.34463454967720936,0.37701343845655905,0.0,3,-29,empty
1995.3606547438987,-243.7,1433.25,-1366.7,2463.9140538987963,1097.35,-2157.95,458.2,2696.114430527755,477.4,-1749.2,1995.35,0.0,0.0,0.0,0.0,1788.8472847926125,2696.114430527755,0.0,2696.114430527755,1063.187565385383,1113.7805156864285,881.5801390574702,1995.3606547438987,-232.20037662895857,468.55339915489753,700.7537757838561,1995.3606547438987,232.20037662895857,2463.9140538987963,2696.114430527755,0.27886123534788326,0.34434382337232977,0.3767949412797869,0.0,3,-26,empty
2004.0793179163345,-246.3,1434.15,-1378.0,2464.748480575655,1101.1,-2156.95,458.4,2695.6269535119286,479.4,-1748.7,1994.65,0.0,0.0,0.0,0.0,1791.1136880009794,2695.6269535119286,0.0,2695.6269535119286,1063.6459331142719,1117.478895426304,886.6004224900305,2004.0793179163345,-230.87847293627374,460.66916265932036,691.5476355955941,2004.0793179163345,230.87847293627374,2464.748480575655,2695.6269535119286,0.27972530880396557,0.34402457212619814,0.3762501190698363,0.0,3,-27,empty
1995.0331187727184,-248.4,1433.75,-1364.85,2462.5256359071673,1096.55,-2155.95,462.05,2694.53022297023,480.1,-1748.3,1993.35,0.0,0.0,0.0,0.0,1788.0222444125288,2694.53022297023,0.0,2694.53022297023,1062.6133573581606,1113.5188529178909,881.5142658548275,1995.0331187727184,-232.0045870630629,467.4925171344489,699.4971041975118,1995.0331187727184,232.0045870630629,2462.5256359071673,2694.53022297023,0.2789441133921973,0.34430858503053086,0.3767473015772719,0.0,3,-26,empty
1995.8482269451251,-246.35,1434.0,-1366.15,2462.92915499005,1098.9,-2155.3,461.65,2695.673447396772,479.3,-1750.85,1992.85,0.0,0.0,0.0,0.0,1788.6127073329867,2695.673447396772,0.0,2695.673447396772,1062.9609394479005,1114.2962596759235,881.5519672692014,1995.8482269451251,-232.74429240672225,467.0809280449248,699.825220451647,1995.8482269451251,232.74429240672225,2462.92915499005,2695.673447396772,0.2789659576333253,0.34425132183346463,0.3767827205332101,0.0,3,-26,empty
1998.1312438125778,-242.75,1434.55,-1369.55,2466.829384554189,1097.5,-2160.35,462.2,2693.0563027905673,476.1,-1749.8,1991.0,0.0,0.0,0.0,0.0,1789.5042327893336,2693.0563027905673,0.0,2693.0563027905673,1063.1352610693798,1112.1790810244781,885.9521627880999,1998.1312438125778,-226.22691823637842,468.69814074161104,694.9250589779895,1998.1312438125778,226.22691823637842,2466.829384554189,2693.0563027905673,0.27914592309989306,0.34462469260398115,0.37622938429612574,0.0,3,-26,empty
1997.7318088272007,-242.1,1433.1,-1370.6,2469.447162321964,1101.15,-2161.75,460.95,2696.674921546904,478.0,-1749.9,1995.35,0.0,0.0,0.0,0.0,1790.963473174017,2696.674921546904,0.0,2696.674921546904,1064.3021952229833,1112.4797840260705,885.2520248011303,1997.7318088272007,-227.2277592249402,471.7153534947631,698.9431127197033,1997.7318088272007,227.2277592249402,2469.447162321964,2696.674921546904,0.2788627237169082,0.3447093141918622,0.3764279620912297,0.0,3,-27,empty
1998.9259772437797,-245.65,1433.3,-1371.5,2466.154327084986,1098.4,-2160.45,455.95,2693.2561802583878,478.45,-1748.1,1992.2,0.0,0.0,0.0,0.0,1789.5841211467884,2693.2561802583878,0.0,2693.2561802583878,1063.1093280275916,1113.0139152085908,885.9120620351891,1998.9259772437797,-227.10185317340165,467.2283498412064,694.3302030146081,1998.9259772437797,227.10185317340165,2466.154327084986,2693.2561802583878,0.2792444839031711,0.3445150046236221,0.3762405114732068,0.0,3,-26,empty
2001.044466022682,-246.9,1436.85,-1370.65,2461.85072963411,1096.95,-2155.35,460.3,2693.609026009528,477.15,-1748.6,1992.55,0.0,0.0,0.0,0.0,1789.12605541658,2693.609026009528,0.0,2693.609026009528,1062.606393063541,1116.40138119905,884.6430848236319,2001.044466022682,-231.758296375418,460.806263611428,692.564559986846,2001.044466022682,231.758296375418,2461.85072963411,2693.609026009528,0.27961200106114925,0.34400185528862764,0.37638614365022316,0.0,3,-26,empty
1998.5381607565064,-243.7,1439.0,-1365.3,2468.400800619705,1101.7,-2159.75,463.4,2695.968228206705,478.45,-1751.65,1992.75,0.0,0.0,0.0,0.0,1790.7267973957291,2695.968228206705,0.0,2695.968228206705,1064.0244508886228,1113.052794171753,885.4853665847531,1998.5381607565064,-227.5674275870001,469.86263986319864,697.4300674501987,1998.5381607565064,227.5674275870001,2468.400800619705,2695.968228206705,0.27901215356566383,0.3446087929506505,0.37637905348368567,0.0,3,-26,empty
2002.1359232080124,-246.75,1433.95,-1375.3,2465.139097495312,1095.9,-2160.0,458.6,2695.8150729417625,478.95,-1751.05,1992.95,0.0,0.0,0.0,0.0,1790.7725234112718,2695.8150729417625,0.0,2695.8150729417625,1063.650907262447,1116.4059493272316,885.7299738807808,2002.1359232080124,-230.6759754464506,463.00317428729954,693.6791497337501,2002.1359232080124,230.6759754464506,2465.139097495312,2695.8150729417625,0.2795072932259022,0.34414464501602754,0.3763480617580703,0.0,3,-27,empty
1997.4999436795986,-244.65,1432.2,-1370.75,2466.045374177045,1098.05,-2159.25,461.85,2698.034952516368,476.0,-1753.45,1994.55,0.0,0.0,0.0,0.0,1790.3950675932529,2698.034952516368,0.0,2698.034952516368,1064.0395229091594,1114.7447610094607,882.7551826701376,1997.4999436795986,-231.9895783393231,468.5454304974462,700.5350088367693,1997.4999436795986,231.9895783393231,2466.045374177045,2698.034952516368,0.27891887939078547,0.3443437455248408,0.3767373750843737,0.0,3,-26,empty
1995.049936718377,-245.9,1431.2,-1368.0,2463.4380705631716,1096.45,-2157.15,461.55,2693.373919454928,478.9,-1748.5,1991.9,0.0,0.0,0.0,0.0,1787.9654816841191,2693.373919454928,0.0,2693.373919454928,1062.5126108339027,1112.492892805067,882.5570439133103,1995.049936718377,-229.93584889175645,468.38813384479454,698.323982736551,1995.049936718377,229.93584889175645,2463.4380705631716,2693.373919454928,0.2789553206082034,0.3444470958470087,0.3765975835447879,0.0,3,-26,empty
1996.418156349015,-243.9,1432.35,-1369.15,2467.6914733207636,1100.55,-2160.05,460.95,2695.9434132600036,476.35,-1755.25,1990.05,0.0,0.0,0.0,0.0,1790.0132607324456,2695.9434132600036,0.0,2695.9434132600036,1063.803042814786,1112.3350481441273,884.0831082048876,1996.418156349015,-228.25193993923995,471.2733169717487,699.5252569109887,1996.418156349015,228.25193993923995,2467.6914733207636,2695.9434132600036,0.2788272858286133,0.3446470938867546,0.37652562028463205,0.0,3,-26,empty
1999.1545419251609,-243.0,1436.6,-1368.85,2467.0759169510775,1099.5,-2159.7,461.8,2695.075797171575,478.5,-1749.75,1993.2,0.0,0.0,0.0,0.0,1790.3265640119532,2695.075797171575,0.0,2695.075797171575,1063.6539841241383,1113.577211072829,885.5773308523317,1999.1545419251609,-227.9998802204973,467.92137502591663,695.9212552464139,1999.1545419251609,227.9998802204973,2467.0759169510775,2695.075797171575,0.2791605987017871,0.3445008255117704,0.37633857578644253,0.0,3,-26,empty
1994.8321188761724,-244.0,1430.6,-1368.65,2465.9199409145463,1096.7,-2159.75,462.05,2693.469144523471,474.8,-1751.3,1990.55,0.0,0.0,0.0,0.0,1788.5553010785475,2693.469144523471,0.0,2693.469144523471,1062.9172251327127,1111.190661242549,883.6414576336238,1994.8321188761724,-227.54920360892493,471.0878220383738,698.6370256472987,1994.8321188761724,227.54920360892493,2465.9199409145463,2693.469144523471,0.2788328822811957,0.3446804160077591,0.37648670171104526,0.0,3,-26,empty
2001.1506877294373,-247.25,1430.95,-1376.9,2464.0738158586078,1098.2,-2157.7,458.2,2697.669669826163,475.25,-1752.75,1994.85,0.0,0.0,0.0,0.0,1790.723543353552,2697.669669826163,0.0,2697.669669826163,1063.828258885944,1117.373270848496,883.777416880941,2001.1506877294373,-233.59585396755529,462.92312812917044,696.5189820967257,2001.1506877294373,233.59585396755529,2464.0738158586078,2697.669669826163,0.27937739121665467,0.3440053358605048,0.37661727292284053,0.0,3,-26,empty
1998.4317564030052,-243.45,1437.85,-1366.4,2466.145329253732,1097.95,-2160.15,458.4,2694.9011438269863,477.7,-1751.35,1991.75,0.0,0.0,0.0,0.0,1789.869557370931,2694.9011438269863,0.0,2694.9011438269863,1063.4333918242305,1113.5937854881297,884.8379709148758,1998.4317564030052,-228.75581457325416,467.7135728507269,696.4693874239811,1998.4317564030052,228.75581457325416,2466.145329253732,2694.9011438269863,0.27913092160448033,0.3444588069417969,0.37641027145372263,0.0,3,-26,empty
2001.757946156328,-248.75,1433.7,-1374.65,2463.694175927686,1099.0,-2157.05,457.3,2696.352709680245,476.3,-1753.85,1991.85,0.0,0.0,0.0,0.0,1790.4512079410647,2696.352709680245,0.0,2696.352709680245,1063.5177114685878,1117.2082399544433,884.5497062018846,2001.757946156328,-232.65853375255892,461.93622977135806,694.594763523917,2001.757946156328,232.65853375255892,2463.694175927686,2696.352709680245,0.27950467698841347,0.3440046515929383,0.3764906714186482,0.0,3,-26,empty
1997.724321571923,-247.2,1430.35,-1372.55,2464.3173162155886,1099.65,-2156.15,463.3,2693.225385109831,478.45,-1748.85,1991.5,0.0,0.0,0.0,0.0,1788.8167557243357,2693.225385109831,0.0,2693.225385109831,1062.7515858326733,1113.3161952330827,884.4081263388402,1997.724321571923,-228.90806889424266,466.59299464366563,695.5010635379083,1997.724321571923,228.90806889424266,2464.3173162155886,2693.225385109831,0.2791963339983076,0.3444060589674159,0.37639760703427644,0.0,3,-26,empty
2002.4188803794275,-247.15,1436.0,-1373.5,2465.684354291928,1098.65,-2158.65,461.3,2694.4716648166855,479.05,-1747.3,1994.4,0.0,0.0,0.0,0.0,1790.6437248720104,2694.4716648166855,0.0,2694.4716648166855,1063.4658506865621,1115.6030954520925,886.815784927335,2002.4188803794275,-228.7873105247577,463.2654739125003,692.052784437258,2002.4188803794275,228.7873105247577,2465.684354291928,2694.4716648166855,0.2795669027520472,0.34424552467411784,0.37618757257383484,0.0,3,-26,empty
2003.1890162937696,-245.65,1434.65,-1376.3,2469.6116835446014,1099.95,-2161.95,463.75,2694.384333201186,475.35,-1753.75,1989.5,0.0,0.0,0.0,0.0,1791.7962582598893,2694.384333201186,0.0,2694.384333201186,1064.1099230158793,1113.980832975177,889.2081833185923,2003.1890162937696,-224.7726496565847,466.42266725083186,691.1953169074166,2003.1890162937696,224.7726496565847,2469.6116835446014,2694.384333201186,0.2794945305666582,0.344572056136418,0.37593341329692376,0.0,3,-26,empty
1998.895941513715,-244.85,1432.15,-1372.8,2466.7004646896225,1102.3,-2157.95,461.3,2691.2412679839763,473.0,-1750.35,1988.8,0.0,0.0,0.0,0.0,1789.2094185468284,2691.2412679839763,0.0,2691.2412679839763,1062.7669495629418,1111.7183724040344,887.1775691096805,1998.895941513715,-224.54080329435374,467.80452317590766,692.3453264702614,1998.895941513715,224.54080329435374,2466.7004646896225,2691.2412679839763,0.27929876748821153,0.3446634640864236,0.3760377684253649,0.0,3,-26,empty
1996.9001665080807,-246.5,1433.15,-1368.55,2466.5829450882047,1099.4,-2160.05,457.75,2697.5208266109826,476.6,-1751.3,1995.6,0.0,0.0,0.0,0.0,1790.250984551817,2697.5208266109826,0.0,2697.5208266109826,1063.9861323397265,1113.9190240154294,882.9811424926513,1996.9001665080807,-230.93788152277784,469.682778580124,700.6206601029019,1996.9001665080807,230.93788152277784,2466.5829450882047,2697.5208266109826,0.27885757133209976,0.3444465282204139,0.3766959004474863,0.0,3,-26,empty
1997.626191883757,-241.7,1436.55,-1366.9,2465.083042718845,1098.05,-2158.45,460.45,2691.3817218113077,477.1,-1748.6,1989.55,0.0,0.0,0.0,0.0,1788.5227391034773,2691.3817218113077,0.0,2691.3817218113077,1062.4765914290979,1111.9624354881098,885.6637563956472,1997.626191883757,-226.29867909246286,467.45685083508783,693.7555299275507,1997.626191883757,226.29867909246286,2465.083042718845,2691.3817218113077,0.2792285147133628,0.34456970951827304,0.3762017757683642,0.0,3,-26,empty
1998.8238854386345,-242.4,1433.95,-1371.25,2463.9851222156353,1099.2,-2156.45,461.2,2695.1802931343946,477.25,-1752.3,1991.4,0.0,0.0,0.0,0.0,1789.4973251971662,2695.1802931343946,0.0,2695.1802931343946,1063.1690496398905,1115.0095281786969,883.8143572599379,1998.8238854386345,-231.19517091875923,465.1612367770008,696.35640769576,1998.8238854386345,231.19517091875923,2463.9851222156353,2695.1802931343946,0.27924376545497276,0.34422866795067075,0.3765275665943564,0.0,3,-26,empty
1995.6535151423457,-243.8,1433.45,-1366.9,2464.661884518848,1095.8,-2159.75,457.45,2698.0590847866915,475.95,-1751.85,1996.0,0.0,0.0,0.0,0.0,1789.5936211119713,2698.0590847866915,0.0,2698.0590847866915,1063.7354778798824,1114.5253577050946,881.128157437251,1995.6535151423457,-233.39720026784335,469.0083693765025,702.4055696443459,1995.6535151423457,233.39720026784335,2464.661884518848,2698.0590847866915,0.2787858499828495,0.3443046867516521,0.37690946326549846,0.0,3,-26,empty
1999.6788679685546,-244.75,1435.65,-1370.3,2465.3255434120665,1102.25,-2156.5,460.85,2692.207478538755,476.05,-1748.45,1991.05,0.0,0.0,0.0,0.0,1789.3029724798441,2692.207478538755,0.0,2692.207478538755,1062.7918667593365,1113.2804015476218,886.3984664209333,1999.6788679685546,-226.8819351266884,465.64667544351187,692.5286105702003,1999.6788679685546,226.8819351266884,2465.3255434120665,2692.207478538755,0.2793935541834406,0.3444533403970296,0.37615310541952973,0.0,3,-26,empty
1998.292532388589,-244.0,1436.85,-1367.15,2463.8913236991602,1099.1,-2157.15,457.65,2695.8590861727175,475.65,-1754.8,1990.5,0.0,0.0,0.0,0.0,1789.5107355651166,2695.8590861727175,0.0,2695.8590861727175,1063.2726627832558,1115.130147431073,883.162384957516,1998.292532388589,-231.9677624735573,465.5987913105712,697.5665537841285,1998.292532388589,231.9677624735573,2463.8913236991602,2695.8590861727175,0.27916744122766335,0.34421298441122206,0.37661957436111465,0.0,3,-26,empty
1996.9676099025742,-247.35,1435.1,-1366.45,2464.87181918249,1098.35,-2158.45,458.6,2695.9349115844766,478.65,-1749.95,1994.15,0.0,0.0,0.0,0.0,1789.4435851673852,2695.9349115844766,0.0,2695.9349115844766,1063.379564115417,1114.0153511522803,882.952258750294,1996.9676099025742,-231.06309240198652,467.9042092799159,698.9673016819024,1996.9676099025742,231.06309240198652,2464.87181918249,2695.9349115844766,0.2789928146457572,0.3443628845879381,0.3766443007663047,0.0,3,-26,empty
1996.1103113305137,-247.5,1430.25,-1370.25,2466.8331900434614,1098.75,-2160.05,460.65,2694.012946331179,474.95,-1751.3,1991.25,0.0,0.0,0.0,0.0,1789.2391119262884,2694.012946331179,0.0,2694.012946331179,1063.2405323952933,1111.6450338091158,884.4652775213979,1996.1103113305137,-227.17975628771774,470.7228787129477,697.9026350006654,1996.1103113305137,227.17975628771774,2466.8331900434614,2694.012946331179,0.2789049124325128,0.34467628915562853,0.37641879841185877,0.0,3,-26,empty
1994.9324788072402,-247.05,1432.7,-1366.05,2465.0708275828506,1099.65,-2157.6,460.55,2692.9381157018815,478.15,-1747.35,1992.5,0.0,0.0,0.0,0.0,1788.2353555229931,2692.9381157018815,0.0,2692.9381157018815,1062.6738361357893,1111.3998834631354,883.5325953441047,1994.9324788072402,-227.86728811903095,470.13834877561044,698.0056368946414,1994.9324788072402,227.86728811903095,2465.0708275828506,2692.9381157018815,0.2788968007826626,0.34462337689072087,0.37647982232661653,0.0,3,-26,empty
1997.224302626022,-247.45,1432.1,-1369.95,2466.5285853806763,1100.5,-2159.65,456.7,2694.1009581120006,475.2,-1748.35,1993.9,0.0,0.0,0.0,0.0,1789.4634615296748,2694.1009581120006,0.0,2694.1009581120006,1063.2650456731071,1112.3983376786732,884.8259649473489,1997.224302626022,-227.57237273132432,469.3042827546542,696.8766554859785,1997.224302626022,227.57237273132432,2466.5285853806763,2694.1009581120006,0.2790255774374332,0.3445905209028731,0.3763839016596937,0.0,3,-26,empty
1993.1886770950712,-244.8,1429.75,-1367.0,2466.5140705051735,1095.1,-2161.4,461.3,2696.5314243486946,482.45,-1748.4,1995.4,0.0,0.0,0.0,0.0,1789.058542987235,2696.5314243486946,0.0,2696.5314243486946,1063.5850464416997,1111.6030154692962,881.5856616257752,1993.1886770950712,-230.01735384352105,473.3253934101024,703.3427472536234,1993.1886770950712,230.01735384352105,2466.5140705051735,2696.5314243486946,0.2785247979877443,0.3446664839691012,0.3768087180431544,0.0,3,-26,empty
1995.8935198301535,-245.2,1433.45,-1367.0,2468.4379372388526,1100.0,-2161.3,460.4,2695.8126979632693,477.3,-1750.7,1993.65,0.0,0.0,0.0,0.0,1790.036038758069,2695.8126979632693,0.0,2695.8126979632693,1063.8687436414898,1111.6341402772853,884.2593795528685,1995.8935198301535,-227.37476072441677,472.544417408699,699.9191781331158,1995.8935198301535,227.37476072441677,2468.4379372388526,2695.8126979632693,0.2787504659982864,0.34474696092591806,0.3765025730757955,0.0,3,-26,empty
1995.9973615964525,-246.85,1429.15,-1371.35,2470.359393387934,1098.5,-2164.85,457.6,2695.2710332172533,477.0,-1751.2,1992.55,0.0,0.0,0.0,0.0,1790.40694705041,2695.2710332172533,0.0,2695.2710332172533,1064.0651763771948,1110.4545007128859,885.5428608835666,1995.9973615964525,-224.91163982931948,474.3620317914813,699.2736716208008,1995.9973615964525,224.91163982931948,2470.359393387934,2695.2710332172533,0.27870721861372644,0.34494384048521837,0.37634894090105514,0.0,3,-26,empty
1994.6506573833926,-246.95,1434.8,-1363.45,2466.905965475782,1099.8,-2159.95,459.0,2694.202628329948,476.9,-1750.55,1991.7,0.0,0.0,0.0,0.0,1788.9398127972804,2694.202628329948,0.0,2694.202628329948,1063.2216931048908,1110.9736601187792,883.6769972646132,1994.6506573833926,-227.2966628541658,472.25530809238944,699.5519709465552,1994.6506573833926,227.2966628541658,2466.905965475782,2694.202628329948,0.2787475916062894,0.3447441255190131,0.37650828287469756,0.0,3,-26,empty
1993.141689644768,-242.7,1430.95,-1366.05,2466.5328910233493,1097.6,-2159.8,462.95,2694.8120370445135,478.65,-1746.45,1995.7,0.0,0.0,0.0,0.0,1788.6216544281579,2694.8120370445135,0.0,2694.8120370445135,1063.2192297149636,1110.710417832966,882.4312718118019,1993.141689644768,-228.27914602116425,473.3912013785814,701.6703473997457,1993.141689644768,228.27914602116425,2466.5328910233493,2694.8120370445135,0.27858626287877486,0.3447533027620544,0.3766604343591707,0.0,3,-26,empty
1996.1556540009599,-243.1,1429.15,-1372.25,2464.4165912036865,1097.65,-2158.35,458.3,2690.431204751387,474.25,-1749.05,1988.55,0.0,0.0,0.0,0.0,1787.7508624890083,2690.431204751387,0.0,2690.431204751387,1062.0962776720414,1111.0851337743304,885.0705202266297,1996.1556540009599,-226.01461354770072,468.2609372027266,694.2755507504273,1996.1556540009599,226.01461354770072,2464.4165912036865,2690.431204751387,0.2791434332217016,0.34462528349344296,0.3762312832848555,0.0,3,-26,empty
1998.3304913101836,-246.6,1431.3,-1372.55,2463.706640917299,1098.0,-2156.85,460.7,2696.5498906009507,477.75,-1751.2,1994.1,0.0,0.0,0.0,0.0,1789.6467557071082,2696.5498906009507,0.0,2696.5498906009507,1063.3925000497331,1115.5868704969178,882.7436208132658,1998.3304913101836,-232.84324968365172,465.3761496071154,698.2193992907671,1998.3304913101836,232.84324968365172,2463.706640917299,2696.5498906009507,0.2791515259837719,0.3441610241044276,0.37668744991180053,0.0,3,-26,empty
1999.704588808057,-244.4,1435.65,-1370.4,2464.218416151458,1097.35,-2158.7,456.3,2694.2677483873053,479.5,-1752.1,1989.8,0.0,0.0,0.0,0.0,1789.547688336705,2694.2677483873053,0.0,2694.2677483873053,1063.0552466446677,1114.8769605219522,884.827628286105,1999.704588808057,-230.0493322358475,464.51382734340086,694.5631595792483,1999.704588808057,230.0493322358475,2464.218416151458,2694.2677483873053,0.2793589410666505,0.344251571530042,0.3763894874033075,0.0,3,-26,empty
1995.0121891858205,-245.1,1430.95,-1368.35,2468.059161568053,1101.4,-2160.25,459.95,2693.6553445086474,475.35,-1750.3,1991.55,0.0,0.0,0.0,0.0,1789.1816738156301,2693.6553445086474,0.0,2693.6553445086474,1063.3066969751953,1110.3041860632077,884.7080031226128,1995.0121891858205,-225.59618294059464,473.0469723822323,698.6431553228269,1995.0121891858205,225.59618294059464,2468.059161568053,2693.6553445086474,0.27876042695698333,0.3448586576879921,0.37638091535502455,0.0,3,-26,empty
1996.8691932622928,-242.3,1433.25,-1369.15,2467.424474021444,1098.9,-2160.35,462.05,2696.522384479684,478.6,-1749.9,1995.0,0.0,0.0,0.0,0.0,1790.2040129408551,2696.522384479684,0.0,2696.522384479684,1063.905711071455,1112.9835518602665,883.8856414020263,1996.8691932622928,-229.09791045824022,470.5552807591512,699.6531912173914,1996.8691932622928,229.09791045824022,2467.424474021444,2696.522384479684,0.2788605626548031,0.3445730844341151,0.37656635291108187,0.0,3,-26,empty
1998.0706750513107,-243.4,1433.4,-1370.55,2464.4020517155877,1098.6,-2157.85,458.3,2694.9430555208396,479.9,-1748.25,1994.0,0.0,0.0,0.0,0.0,1789.3539455719347,2694.9430555208396,0.0,2694.9430555208396,1063.147661118224,1114.3058394282812,883.7648356230295,1998.0706750513107,-230.54100380525188,466.33137666427706,696.8723804695289,1998.0706750513107,230.54100380525188,2464.4020517155877,2694.9430555208396,0.2791609060906985,0.3443145021439409,0.3765245917653606,0.0,3,-26,empty
2000.4885259605965,-248.05,1429.5,-1377.3,2468.421034791269,1101.85,-2159.6,463.85,2694.560816719489,479.95,-1749.3,1992.55,0.0,0.0,0.0,0.0,1790.8675943678386,2694.560816719489,0.0,2694.560816719489,1063.8242077844207,1113.3141539444084,887.1743720161883,2000.4885259605965,-226.13978192822015,467.93250883067253,694.0722907588927,2000.4885259605965,226.13978192822015,2468.421034791269,2694.560816719489,0.2792624832025553,0.3445845246396623,0.3761529921577824,0.0,3,-26,empty
1995.9301415630757,-248.6,1437.1,-1362.6,2468.3366048819194,1101.15,-2160.15,462.5,2689.2831879517635,477.55,-1749.0,1986.25,0.0,0.0,0.0,0.0,1788.3874835991896,2689.2831879517635,0.0,2689.2831879517635,1062.4673670309871,1108.4383623164601,887.4917792466158,1995.9301415630757,-220.9465830698441,472.40646331884363,693.3530463886877,1995.9301415630757,220.9465830698441,2468.3366048819194,2689.2831879517635,0.27901254060811803,0.3450505871236458,0.3759368722682362,0.0,3,-26,empty
1996.305243443497,-243.0,1434.35,-1367.05,2468.212844853539,1098.55,-2161.15,463.35,2692.231124457928,477.65,-1748.05,1991.05,0.0,0.0,0.0,0.0,1789.1873031887412,2692.231124457928,0.0,2692.231124457928,1063.0913503120041,1110.1617615239431,886.143481919554,1996.305243443497,-224.01827960438914,471.90760141004216,695.9258810144313,1996.305243443497,224.01827960438914,2468.212844853539,2692.231124457928,0.2789402260855563,0.3448790465445707,0.37618072736987296,0.0,3,-26,empty
1996.1645755047352,-247.6,1430.5,-1370.05,2465.409276367719,1100.1,-2158.3,458.0,2692.4948992523646,478.4,-1744.6,1994.25,0.0,0.0,0.0,0.0,1788.5171877812045,2692.4948992523646,0.0,2692.4948992523646,1062.693484858739,1111.6250991946904,884.5394763100446,1996.1645755047352,-227.08562288464555,469.2447008629838,696.3303237476293,1996.1645755047352,227.08562288464555,2465.409276367719,2692.4948992523646,0.27902507579213337,0.344616380151517,0.3763585440563497,0.0,3,-26,empty
1994.9969605240005,-240.3,1432.65,-1367.4,2464.0179737574967,1098.9,-2156.95,459.75,2695.880783714295,481.6,-1749.0,1994.2,0.0,0.0,0.0,0.0,1788.723929498948,2695.880783714295,0.0,2695.880783714295,1063.1365697373233,1113.4298852403992,881.5670752836013,1994.9969605240005,-231.86280995679817,469.0210132334962,700.8838231902944,1994.9969605240005,231.86280995679817,2464.0179737574967,2695.880783714295,0.2788296348619366,0.34438209456499386,0.37678827057306946,0.0,3,-26,empty
1998.9142215212737,-243.35,1429.55,-1375.8,2467.951756517943,1098.4,-2161.75,459.5,2694.126491555287,475.2,-1751.35,1991.3,0.0,0.0,0.0,0.0,1790.2481173986262,2694.126491555287,0.0,2694.126491555287,1063.5798280574315,1112.5444782793088,886.3697432419651,1998.9142215212737,-226.1747350373439,469.03753499666936,695.2122700340133,1998.9142215212737,226.1747350373439,2467.951756517943,2694.126491555287,0.27913927154771373,0.3446382281501955,0.3762225003020906,0.0,3,-26,empty
1998.953717573271,-244.45,1435.55,-1369.4,2467.5500405260277,1101.05,-2159.9,459.7,2695.8706993288824,479.35,-1752.05,1992.05,0.0,0.0,0.0,0.0,1790.5936143570452,2695.8706993288824,0.0,2695.8706993288824,1063.8886252675948,1113.637188188063,885.316529385208,1998.953717573271,-228.32065880285472,468.59632295275674,696.9169817556115,1998.953717573271,228.32065880285472,2467.5500405260277,2695.8706993288824,0.27909092570552957,0.3445156428489861,0.37639343144548437,0.0,3,-26,empty
2001.0919250499214,-241.8,1435.3,-1373.25,2465.7195912147026,1095.75,-2159.8,463.0,2691.865495803979,475.85,-1747.75,1991.25,0.0,0.0,0.0,0.0,1789.6692530171508,2691.865495803979,0.0,2691.865495803979,1062.8520242395148,1113.6189148195986,887.4730102303229,2001.0919250499214,-226.14590458927614,464.6276661647812,690.7735707540573,2001.0919250499214,226.14590458927614,2465.7195912147026,2691.865495803979,0.27953376324652435,0.344437888042416,0.37602834871105956,0.0,3,-26,empty
1998.4867756630265,-244.3,1432.2,-1372.25,2466.3286409154803,1100.2,-2158.65,461.05,2693.450009281776,478.1,-1748.95,1991.8,0.0,0.0,0.0,0.0,1789.5663564650708,2693.450009281776,0.0,2693.450009281776,1063.1566598146915,1112.8040720146612,885.6827036483655,1998.4867756630265,-227.12136836629588,467.8418652524538,694.9632336187497,1998.4867756630265,227.12136836629588,2466.3286409154803,2693.450009281776,0.2791859000426556,0.34454277596434274,0.37627132399300156,0.0,3,-26,empty
1998.75283301863,-241.25,1436.05,-1369.15,2462.5577262269408,1097.45,-2155.7,461.25,2693.578469712735,477.9,-1751.25,1990.0,0.0,0.0,0.0,0.0,1788.7222572395763,2693.578469712735,0.0,2693.578469712735,1062.5981320356977,1114.8867882522122,883.8660447664176,1998.75283301863,-231.02074348579436,463.80489320831066,694.825636694105,1998.75283301863,231.02074348579436,2462.5577262269408,2693.578469712735,0.2793548334473096,0.34417832565398565,0.37646684089870486,0.0,3,-26,empty
2002.7872359539344,-244.6,1436.95,-1373.5,2467.675964343779,1095.8,-2162.85,459.05,2695.0711980391166,477.15,-1749.2,1994.0,0.0,0.0,0.0,0.0,1791.3835995842073,2695.0711980391166,0.0,2695.0711980391166,1063.927786149383,1115.091234824636,887.6960011292983,2002.7872359539344,-227.39523369533754,464.8887283898446,692.2839620851821,2002.7872359539344,227.39523369533754,2467.675964343779,2695.0711980391166,0.2795028430006275,0.34438128786550015,0.37611586913387246,0.0,3,-26,empty
1994.3638490756896,-244.1,1432.7,-1365.75,2469.7755515430954,1099.95,-2163.5,457.35,2695.306715848866,478.2,-1750.7,1992.75,0.0,0.0,0.0,0.0,1789.8615291169126,2695.306715848866,0.0,2695.306715848866,1063.9007891186411,1109.9475066907303,884.4163423849593,1994.3638490756896,-225.53116430577074,475.4117024674058,700.9428667731765,1994.3638490756896,225.53116430577074,2469.7755515430954,2695.306715848866,0.2785639861844054,0.3449674054899712,0.3764686083256235,0.0,3,-26,empty
2000.712159457227,-249.65,1434.0,-1372.65,2470.65611123847,1100.7,-2163.2,461.7,2693.612560298901,476.35,-1749.45,1992.0,0.0,0.0,0.0,0.0,1791.2452077486496,2693.612560298901,0.0,2693.612560298901,1063.9903445132843,1111.8343042588288,888.877855198398,2000.712159457227,-222.9564490604307,469.9439517812432,692.9004008416739,2000.712159457227,222.9564490604307,2470.65611123847,2693.612560298901,0.27923482374194997,0.34482382709954984,0.37594134915850014,0.0,3,-26,empty
1999.6079196932583,-244.0,1434.15,-1371.9,2465.428196581681,1099.1,-2157.85,462.6,2696.3761500391593,477.2,-1750.0,1995.05,0.0,0.0,0.0,0.0,1790.3530665785247,2696.3761500391593,0.0,2696.3761500391593,1063.6912093591225,1115.2779365753686,884.3299831178902,1999.6079196932583,-230.94795345747843,465.82027688842254,696.768230345901,1999.6079196932583,230.94795345747843,2465.428196581681,2696.3761500391593,0.2792197747222329,0.34426564271108634,0.37651458256668063,0.0,3,-26,empty
2001.8602186466467,-246.9,1434.45,-1374.35,2464.693743145383,1097.95,-2157.65,462.35,2695.0535602284417,473.9,-1751.65,1992.6,0.0,0.0,0.0,0.0,1790.4018805051178,2695.0535602284417,0.0,2695.0535602284417,1063.40463842967,1116.1100178648528,885.7502007817939,2001.8602186466467,-230.35981708305872,462.8335244987363,693.193341581795,2001.8602186466467,230.35981708305872,2464.693743145383,2695.0535602284417,0.2795266582944315,0.344153702303143,0.3763196394024255,0.0,3,-26,empty
1994.649657208002,-243.75,1434.3,-1364.55,2468.898056319864,1100.0,-2161.9,460.05,2690.6001138221936,475.55,-1748.9,1988.6,0.0,0.0,0.0,0.0,1788.536956837515,2690.6001138221936,0.0,2690.6001138221936,1062.7742065116195,1108.175857355166,886.4737998528362,1994.649657208002,-221.7020575023298,474.2483991118618,695.9504566141916,1994.649657208002,221.7020575023298,2468.898056319864,2690.6001138221936,0.27881023782909903,0.3451002293915918,0.3760895327793092,0.0,3,-26,empty
1996.700046326438,-241.55,1431.85,-1370.5,2467.3889468423904,1098.35,-2160.45,462.7,2696.6647743091835,478.6,-1749.15,1995.85,0.0,0.0,0.0,0.0,1790.188441869503,2696.6647743091835,0.0,2696.6647743091835,1063.9221735384788,1112.9879368966153,883.7121094298227,1996.700046326438,-229.2758274667931,470.68890051595235,699.9647279827454,1996.700046326438,229.2758274667931,2467.3889468423904,2696.6647743091835,0.2788393667989044,0.3445711201589598,0.3765895130421357,0.0,3,-26,empty
1995.993892776228,-243.1,1434.9,-1366.0,2466.7758896989403,1097.3,-2161.2,458.4,2693.1544868425203,477.4,-1748.8,1991.7,0.0,0.0,0.0,0.0,1788.9810673294223,2693.1544868425203,0.0,2693.1544868425203,1063.0431509289174,1111.1862449599041,884.8076478163241,1995.993892776228,-226.37859714358,470.7819969227123,697.1605940662923,1995.993892776228,226.37859714358,2466.7758896989403,2693.1544868425203,0.27892887314842196,0.34471799824317384,0.3763531286084041,0.0,3,-26,empty
1994.6085493148776,-239.2,1432.15,-1367.55,2463.879665791331,1096.85,-2157.75,460.15,2696.170885719227,476.45,-1752.45,1992.8,0.0,0.0,0.0,0.0,1788.6647752063589,2696.170885719227,0.0,2696.170885719227,1063.1576794205957,1113.449884621387,881.1586646934907,1994.6085493148776,-232.29121992789624,469.27111647645324,701.5623364043495,1994.6085493148776,232.29121992789624,2463.879665791331,2696.170885719227,0.27878456837793414,0.34437415271219174,0.3768412789098741,0.0,3,-26,empty
1994.396363564675,-245.75,1431.7,-1366.55,2463.5383927391913,1100.1,-2155.95,459.0,2694.402221736762,477.4,-1748.5,1993.65,0.0,0.0,0.0,0.0,1788.084244510157,2694.402221736762,0.0,2694.402221736762,1062.7159237230521,1112.6300962811229,881.7662672835522,1994.396363564675,-230.86382899757064,469.1420291745162,700.0058581720868,1994.396363564675,230.86382899757064,2463.5383927391913,2694.402221736762,0.27884541370015775,0.3444382444930711,0.37671634180677116,0.0,3,-26,empty
1994.7137050213496,-245.2,1431.95,-1366.85,2465.7910176046958,1098.2,-2158.25,464.8,2695.3124239130425,479.75,-1750.0,1993.0,0.0,0.0,0.0,0.0,1788.954286634772,2695.3124239130425,0.0,2695.3124239130425,1063.283524198073,1112.1175556648484,882.5961493565012,1994.7137050213496,-229.52140630834674,471.07731258334616,700.5987188916929,1994.7137050213496,229.52140630834674,2465.7910176046958,2695.3124239130425,0.27875414703491874,0.3445855263080997,0.37666032665698157,0.0,3,-26,empty
1998.0568441613466,-247.4,1430.3,-1373.05,2468.2837266003276,1100.75,-2160.55,461.3,2691.620161259757,478.4,-1743.65,1993.9,0.0,0.0,0.0,0.0,1789.4901830053577,2691.620161259757,0.0,2691.620161259757,1063.0585990092227,1110.6966394103881,887.3602047509585,1998.0568441613466,-223.33643465942941,470.22688243898097,693.5633170984104,1998.0568441613466,223.33643465942941,2468.2837266003276,2691.620161259757,0.2791377207789025,0.344830576613582,0.37603170260751556,0.0,3,-26,empty
1997.8156509047576,-243.9,1437.25,-1366.05,2467.017954434057,1101.25,-2157.85,465.95,2693.6267957903897,476.95,-1749.65,1991.7,0.0,0.0,0.0,0.0,1789.6151002823012,2693.6267957903897,0.0,2693.6267957903897,1063.2710671397815,1112.2122461305453,885.6034047742125,1997.8156509047576,-226.6088413563325,469.20230352929957,695.8111448856321,1997.8156509047576,226.6088413563325,2467.017954434057,2693.6267957903897,0.27908454317769416,0.3446296851827105,0.3762857716395953,0.0,3,-26,empty
1999.7106803235313,-244.15,1432.4,-1373.85,2467.5310256408125,1099.75,-2159.9,462.7,2693.417302424561,479.55,-1746.45,1993.6,0.0,0.0,0.0,0.0,1790.1647520972263,2693.417302424561,0.0,2693.417302424561,1063.4013322700307,1112.7984785536398,886.9122017698915,1999.7106803235313,-225.8862767837486,467.8203453172812,693.7066221010298,1999.7106803235313,225.8862767837486,2467.5310256408125,2693.417302424561,0.2792634976726048,0.3445955215504653,0.3761409807769299,0.0,3,-26,empty
1994.5510704165988,-246.6,1428.9,-1369.55,2466.408604124629,1097.2,-2159.55,464.4,2695.7473588042335,479.65,-1749.9,1993.7,0.0,0.0,0.0,0.0,1789.1767583363653,2695.7473588042335,0.0,2695.7473588042335,1063.4666552384122,1111.9449125481015,882.6061578684973,1994.5510704165988,-229.33875467960434,471.85753370803036,701.1962883876347,1994.5510704165988,229.33875467960434,2466.408604124629,2695.7473588042335,0.27869676111140596,0.34462897428004485,0.3766742646085492,0.0,3,-26,empty
1999.848586143461,-245.05,1434.45,-1371.75,2465.7319511658193,1100.35,-2158.35,458.9,2694.4484157244506,478.75,-1749.0,1992.95,0.0,0.0,0.0,0.0,1790.0072382584328,2694.4484157244506,0.0,2694.4484157244506,1063.341083029062,1114.2825253510462,885.5660607924151,1999.848586143461,-228.7164645586313,465.88336502235825,694.5998295809895,1999.848586143461,228.7164645586313,2465.7319511658193,2694.4484157244506,0.2793073323112915,0.34437457827891593,0.3763180894097925,0.0,3,-26,empty
2003.084776039197,-244.7,1436.2,-1374.7,2469.6974197257446,1098.4,-2162.75,464.15,2692.764851876227,479.15,-1750.85,1988.95,0.0,0.0,0.0,0.0,1791.386761910292,2692.764851876227,0.0,2692.764851876227,1063.7751629820834,1113.0761040948398,890.008671944357,2003.084776039197,-223.06743215048255,466.6126436865475,689.68007583703,2003.084776039197,223.06743215048255,2469.6974197257446,2692.764851876227,0.2795438733039362,0.34466278754512486,0.375793339150939,0.0,3,-26,empty
1998.6732080307677,-245.0,1430.95,-1373.7,2467.849568956746,1102.85,-2159.1,460.75,2694.586112003103,477.3,-1749.95,1992.65,0.0,0.0,0.0,0.0,1790.2772222476542,2694.586112003103,0.0,2694.586112003103,1063.6494103445095,1112.7048755385622,885.9683324922053,1998.6732080307677,-226.73654304635693,469.17636092597854,695.9129039723355,1998.6732080307677,226.73654304635693,2467.849568956746,2694.586112003103,0.27910107764224873,0.3446183555106642,0.37628056684708705,0.0,3,-26,empty
1995.2041148714584,-245.3,1431.9,-1367.6,2466.336041073884,1099.25,-2158.95,461.95,2695.000358534299,479.4,-1749.9,1992.75,0.0,0.0,0.0,0.0,1789.1351286199101,2695.000358534299,0.0,2695.000358534299,1063.3275396312356,1111.9342161659365,883.2698987055217,1995.2041148714584,-228.66431746041462,471.1319262024258,699.7962436628404,1995.2041148714584,228.66431746041462,2466.336041073884,2695.000358534299,0.27879449726227556,0.34462685372685464,0.3765786490108699,0.0,3,-26,empty
1998.7786702133878,-244.2,1430.85,-1374.1,2469.080493827611,1100.8,-2161.85,459.35,2694.9522565344273,479.8,-1747.55,1994.65,0.0,0.0,0.0,0.0,1790.7028551438566,2694.9522565344273,0.0,2694.9522565344273,1063.9285056828962,1112.325216460102,886.4534537532857,1998.7786702133878,-225.8717627068163,470.30182361422317,696.1735863210395,1998.7786702133878,225.8717627068163,2469.080493827611,2694.9522565344273,0.2790494615664216,0.3447082924359967,0.3762422459975817,0.0,3,-26,empty
2002.2658883125387,-248.75,1439.85,-1368.95,2466.0596251915726,1098.7,-2158.85,462.25,2695.713034616259,476.4,-1750.45,1993.95,0.0,0.0,0.0,0.0,1791.0096370300926,2695.713034616259,0.0,2695.713034616259,1063.7816326391126,1115.9596488686127,886.306239443926,2002.2658883125387,-229.6534094246863,463.793736879034,693.4471463037203,2002.2658883125387,229.6534094246863,2466.0596251915726,2695.713034616259,0.27948843028460163,0.3442275761956352,0.37628399351976316,0.0,3,-26,empty
1998.45981320616,-242.25,1432.75,-1372.0,2467.5436480435355,1101.9,-2159.15,461.15,2694.446227427818,481.6,-1748.1,1993.05,0.0,0.0,0.0,0.0,1790.1124221693785,2694.446227427818,0.0,2694.446227427818,1063.5605079730449,1112.681196295221,885.7786169109388,1998.45981320616,-226.9025793842825,469.08383483737543,695.9864142216579,1998.45981320616,226.9025793842825,2467.5436480435355,2694.446227427818,0.27909697017580215,0.3446073578235383,0.37629567200065944,0.0,3,-26,empty
2002.5175592238886,-248.35,1435.5,-1373.95,2465.1238767047794,1098.55,-2158.05,461.35,2695.4688757245926,479.5,-1748.6,1994.5,0.0,0.0,0.0,0.0,1790.7775779133153,2695.4688757245926,0.0,2695.4688757245926,1063.5938402735887,1116.431279121851,886.0862801020378,2002.5175592238886,-230.34499901981326,462.60631748089077,692.951316500704,2002.5175592238886,230.34499901981326,2465.1238767047794,2695.4688757245926,0.2795597822870472,0.34414154877587294,0.37629866893707975,0.0,3,-25,empty
2001.9721957359945,-245.75,1436.0,-1373.1,2467.768617597687,1097.5,-2161.7,460.9,2696.246064902089,481.3,-1750.5,1993.45,0.0,0.0,0.0,0.0,1791.4967195589425,2696.246064902089,0.0,2696.246064902089,1064.151713835742,1115.2248215201985,886.7473742157961,2001.9721957359945,-228.47744730440218,465.79642186169235,694.2738691660945,2001.9721957359945,228.47744730440218,2467.768617597687,2696.246064902089,0.2793714571005285,0.3443724722818972,0.3762560706175744,0.0,3,-26,empty
1996.622120607703,-245.4,1431.9,-1369.65,2465.5136163688085,1101.5,-2157.45,459.2,2693.473306903189,477.55,-1749.25,1991.7,0.0,0.0,0.0,0.0,1788.9022609699252,2693.473306903189,0.0,2693.473306903189,1062.9405607543115,1112.290905571042,884.3312150366614,1996.622120607703,-227.95969053438057,468.8914957611055,696.8511862954861,1996.622120607703,227.95969053438057,2465.5136163688085,2693.473306903189,0.27902895593708316,0.3445567807365886,0.37641426332632816,0.0,3,-26,empty
1994.5032714939325,-246.9,1429.5,-1368.8,2465.1325304129186,1096.8,-2158.5,463.45,2693.951140054325,476.25,-1749.6,1992.35,0.0,0.0,0.0,0.0,1788.396735490294,2693.951140054325,0.0,2693.951140054325,1062.8785094556472,1111.6609405676695,882.842330926263,1994.5032714939325,-228.8186096414065,470.6292589189861,699.4478685603926,1994.5032714939325,228.8186096414065,2465.1325304129186,2693.951140054325,0.27881163501273304,0.3446009044711625,0.3765874605161045,0.0,3,-26,empty
2001.0786741155382,-245.1,1431.7,-1376.4,2466.7164191491493,1101.2,-2159.55,456.5,2693.4931826533366,477.65,-1750.05,1991.0,0.0,0.0,0.0,0.0,1790.322068979506,2693.4931826533366,0.0,2693.4931826533366,1063.3554009360846,1113.9277188098627,887.1509553056753,2001.0786741155382,-226.77676350418733,465.63774503361105,692.4145085377984,2001.0786741155382,226.77676350418733,2466.7164191491493,2693.4931826533366,0.2794299848038187,0.3444514903057627,0.37611852489041864,0.0,3,-26,empty
2000.6159270334724,-242.75,1435.05,-1372.65,2465.314045410848,1100.65,-2157.4,460.4,2697.4022456800913,474.75,-1751.05,1996.1,0.0,0.0,0.0,0.0,1790.833054531103,2697.4022456800913,0.0,2697.4022456800913,1063.9412798875696,1116.352063651358,884.2638633821148,2000.6159270334724,-232.08820026924332,464.6981183773755,696.7863186466188,2000.6159270334724,232.08820026924332,2465.314045410848,2697.4022456800913,0.2792856545130748,0.3441574354422927,0.3765569100446324,0.0,3,-26,empty
1998.899848666761,-242.05,1432.2,-1373.25,2467.504718333888,1100.35,-2159.65,462.3,2694.3108223625572,476.15,-1750.75,1991.85,0.0,0.0,0.0,0.0,1790.1788473408014,2694.3108223625572,0.0,2694.3108223625572,1063.5470988200564,1112.8529763477152,886.0468723190459,1998.899848666761,-226.80610402866932,468.6048696671269,695.4109736957962,1998.899848666761,226.80610402866932,2467.504718333888,2694.3108223625572,0.27914806551814664,0.34458913448776524,0.3762627999940882,0.0,3,-26,empty
1998.5695540811184,-242.4,1431.2,-1373.75,2463.450054293774,1099.5,-2155.6,461.6,2692.8938249585703,478.4,-1746.7,1992.95,0.0,0.0,0.0,0.0,1788.7283583333656,2692.8938249585703,0.0,2692.8938249585703,1062.5849407666296,1114.0066623729576,884.562891708161,1998.5695540811184,-229.44377066479638,464.88050021265553,694.3242708774519,1998.5695540811184,229.44377066479638,2463.450054293774,2692.8938249585703,0.27932826479355294,0.3443018671360859,0.3763698680703612,0.0,3,-26,empty
1998.3586027037288,-243.15,1432.6,-1371.85,2467.865567651528,1100.3,-2160.6,459.9,2692.6163419618474,474.8,-1748.85,1991.55,0.0,0.0,0.0,0.0,1789.7101280792763,2692.6163419618474,0.0,2692.6163419618474,1063.2181055411259,1111.554688507024,886.8039141967049,1998.3586027037288,-224.75077431031923,469.50696494779936,694.2577392581186,1998.3586027037288,224.75077431031923,2467.865567651528,2692.6163419618474,0.27914556823349584,0.3447297873734518,0.37612464439305227,0.0,3,-26,empty
2006.3673579382216,-247.85,1437.75,-1377.3,2464.9386549161827,1095.3,-2159.65,460.6,2692.392808451248,477.3,-1748.85,1990.65,0.0,0.0,0.0,0.0,1790.924705326413,2692.392808451248,0.0,2692.392808451248,1063.1046963853091,1116.9107557366433,889.4566022015779,2006.3673579382216,-227.45415353506542,458.5712969779611,686.0254505130265,2006.3673579382216,227.45415353506542,2464.9386549161827,2692.392808451248,0.28007421975517144,0.3440874213730449,0.3758383588717838,0.0,3,-26,empty
1997.5412292365831,-242.6,1430.45,-1373.0,2465.924578631715,1097.55,-2158.55,465.65,2692.589634534011,477.5,-1748.7,1991.0,0.0,0.0,0.0,0.0,1789.0138606005776,2692.589634534011,0.0,2692.589634534011,1062.8630622422713,1112.1031425694396,885.4380866671438,1997.5412292365831,-226.665055902296,468.383349395132,695.048405297428,1997.5412292365831,226.665055902296,2465.924578631715,2692.589634534011,0.27913998784866906,0.3445927157048264,0.37626729644650436,0.0,3,-26,empty
1998.7072503245693,-244.65,1432.4,-1372.3,2467.2504078427064,1097.25,-2161.15,461.3,2691.9113660185767,471.1,-1749.05,1991.3,0.0,0.0,0.0,0.0,1789.467256046463,2691.9113660185767,0.0,2691.9113660185767,1062.9875126442184,1111.6841042502197,887.0231460743494,1998.7072503245693,-224.6609581758703,468.54315751813715,693.2041156940074,1998.7072503245693,224.6609581758703,2467.2504078427064,2691.9113660185767,0.27923216303219595,0.3446906334142284,0.37607720355357566,0.0,3,-26,empty
1999.3310937661124,-247.1,1432.85,-1372.3,2469.654512781089,1100.0,-2162.7,460.35,2697.0427179598028,476.4,-1753.35,1993.2,0.0,0.0,0.0,0.0,1791.507081126751,2697.0427179598028,0.0,2697.0427179598028,1064.4913304709005,1113.3596494724131,885.9714442936993,1999.3310937661124,-227.38820517871363,470.3234190149767,697.7116241936903,1999.3310937661124,227.38820517871363,2469.654512781089,2697.0427179598028,0.27900128261126556,0.3446336521354724,0.3763650652532621,0.0,3,-26,empty
1993.933951388561,-245.2,1436.05,-1361.4,2468.651034472066,1095.7,-2163.0,463.8,2698.1844752536845,478.3,-1755.1,1992.75,0.0,0.0,0.0,0.0,1790.1923652785779,2698.1844752536845,0.0,2698.1844752536845,1064.3137667287272,1111.7336960850896,882.2002553034713,1993.933951388561,-229.53344078161854,474.71708308350503,704.2505238651236,1993.933951388561,229.53344078161854,2468.651034472066,2698.1844752536845,0.2784524710949538,0.3447466152733691,0.37680091363167706,0.0,3,-26,empty
1998.3828518329515,-244.9,1425.55,-1378.9,2463.2414447227866,1098.05,-2155.65,463.7,2697.23354430053,483.0,-1750.3,1994.55,0.0,0.0,0.0,0.0,1789.714460214067,2697.23354430053,0.0,2697.23354430053,1063.4671872703316,1116.1874757053474,882.1953761276038,1998.3828518329515,-233.99209957774337,464.8585928898351,698.8506924675785,1998.3828518329515,233.99209957774337,2463.2414447227866,2697.23354430053,0.279148279831455,0.34408302266666596,0.376768697501879,0.0,3,-26,empty
1996.5426228858726,-245.65,1432.75,-1368.6,2465.312344308526,1097.45,-2158.75,461.7,2697.705976380673,479.65,-1751.55,1994.9,0.0,0.0,0.0,0.0,1789.8902358937678,2697.705976380673,0.0,2697.705976380673,1063.806456646204,1114.4681274790096,882.0744954068628,1996.5426228858726,-232.39363207214683,468.76972142265345,701.1633534948003,1996.5426228858726,232.39363207214683,2465.312344308526,2697.705976380673,0.2788638351737969,0.3443384816105066,0.3767976832156965,0.0,3,-26,empty
1999.0810076132482,-245.75,1432.35,-1372.7,2469.8882413987885,1097.85,-2163.75,461.8,2696.9679387230394,477.15,-1749.5,1996.3,0.0,0.0,0.0,0.0,1791.4842969337692,2696.9679387230394,0.0,2696.9679387230394,1064.5004600584816,1113.0803524687494,886.0006551444988,1999.0810076132482,-227.0796973242509,470.80723378554035,697.8869311097912,1999.0810076132482,227.0796973242509,2469.8882413987885,2696.9679387230394,0.2789699316698998,0.34467065182013423,0.3763594165099659,0.0,3,-26,empty
1997.648403748768,-246.2,1431.95,-1370.95,2468.3912215246596,1102.35,-2159.3,463.9,2696.712975550049,479.35,-1750.9,1994.2,0.0,0.0,0.0,0.0,1790.6881502058693,2696.712975550049,0.0,2696.712975550049,1064.1380355537917,1112.9850788870788,884.6633248616895,1997.648403748768,-228.3217540253895,470.7428177758916,699.0645718012811,1997.648403748768,228.3217540253895,2468.3912215246596,2696.712975550049,0.2788939553097374,0.3446148930567387,0.37649115163352387,0.0,3,-26,empty
1991.2653816103968,-243.0,1431.1,-1363.1,2467.271595305227,1098.55,-2160.15,463.0,2695.564914354689,475.15,-1749.65,1994.75,0.0,0.0,0.0,0.0,1788.5254728175782,2695.564914354689,0.0,2695.564914354689,1063.4076928476954,1109.7793503299292,881.4860312804676,1991.2653816103968,-228.29331904946184,476.0062136948302,704.299532744292,1991.2653816103968,228.29331904946184,2467.271595305227,2695.564914354689,0.2783389741820995,0.34487509862221544,0.37678592719568504,0.0,3,-26,empty
1994.935443817669,-242.85,1431.8,-1367.75,2465.3995386143806,1098.25,-2158.25,462.6,2696.5511398822014,477.4,-1750.5,1994.8,0.0,0.0,0.0,0.0,1789.2215305785626,2696.5511398822014,0.0,2696.5511398822014,1063.4960763980775,1113.043522542745,881.891921274924,1994.935443817669,-231.15160126782075,470.4640947967116,701.6156960645324,1994.935443817669,231.15160126782075,2465.3995386143806,2696.5511398822014,0.2787434939893366,0.34447935826833714,0.37677714774232635,0.0,3,-26,empty
1997.4325927299774,-247.8,1430.75,-1371.6,2463.9667631686916,1098.5,-2156.4,463.0,2693.936895140642,479.15,-1748.9,1992.25,0.0,0.0,0.0,0.0,1788.8340627598277,2693.936895140642,0.0,2693.936895140642,1062.8330008920352,1113.7013623509638,883.7312303790138,1997.4325927299774,-229.9701319719502,466.5341704387142,696.5043024106644,1997.4325927299774,229.9701319719502,2463.9667631686916,2693.936895140642,0.2791528619552786,0.3443537349919511,0.37649340305277035,0.0,3,-26,empty
1993.8795882650486,-241.55,1434.6,-1363.5,2469.496747821305,1098.75,-2162.75,462.25,2695.661577887699,479.0,-1750.8,1992.95,0.0,0.0,0.0,0.0,1789.7594784935131,2695.661577887699,0.0,2695.661577887699,1063.9085227441446,1110.0222091657215,883.8573790993271,1993.8795882650486,-226.1648300663942,475.6171595562562,701.7819896226504,1993.8795882650486,226.1648300663942,2469.496747821305,2695.661577887699,0.2785122263947093,0.3449481309494089,0.37653964265588175,0.0,3,-26,empty
1996.2436887815074,-243.15,1436.95,-1364.2,2469.1999989875267,1099.45,-2163.15,457.1,2694.5187882069035,478.5,-1750.6,1991.7,0.0,0.0,0.0,0.0,1789.9906189939843,2694.5187882069035,0.0,2694.5187882069035,1063.7320310649357,1110.7812390004424,885.4624497810653,1996.2436887815074,-225.31878921937687,472.9563102060192,698.2750994253961,1996.2436887815074,225.31878921937687,2469.1999989875267,2694.5187882069035,0.278806445631464,0.3448621424026336,0.3763314119659025,0.0,3,-26,empty
1997.2036814005726,-242.55,1435.2,-1367.55,2471.8373945306353,1100.15,-2164.85,461.6,2697.397438272677,477.8,-1749.3,1996.9,0.0,0.0,0.0,0.0,1791.6096285509711,2697.397438272677,0.0,2697.397438272677,1064.811643617523,1111.3818625713072,885.8218188292656,1997.2036814005726,-225.56004374204167,474.6337131300627,700.1937568721044,1997.2036814005726,225.56004374204167,2471.8373945306353,2697.397438272677,0.2786884555615895,0.3449185239825127,0.37639302045589784,0.0,3,-26,empty
1996.3775576027697,-244.25,1434.0,-1367.3,2462.9859814866995,1098.55,-2155.8,460.45,2695.7778455392054,477.35,-1754.1,1990.6,0.0,0.0,0.0,0.0,1788.7853461571685,2695.7778455392054,0.0,2695.7778455392054,1063.0180421203481,1114.5847108276375,881.7928467751317,1996.3775576027697,-232.79186405250584,466.60842388392985,699.4002879364357,1996.3775576027697,232.79186405250584,2462.9859814866995,2695.7778455392054,0.2790130132007691,0.34422603958293685,0.3767609472162941,0.0,3,-26,empty
2004.7541632329883,-244.9,1438.35,-1374.85,2465.306902801353,1098.75,-2158.2,461.15,2692.9985415889105,475.55,-1748.95,1991.8,0.0,0.0,0.0,0.0,1790.7649019058128,2692.9985415889105,0.0,2692.9985415889105,1063.2100908815075,1116.222901010273,888.5312622227152,2004.7541632329883,-227.69163878755762,460.5527395683646,688.2443783559222,2004.7541632329883,227.69163878755762,2465.306902801353,2692.9985415889105,0.27987400259791756,0.3441695361822289,0.3759564612198536,0.0,3,-26,empty
2000.3827458763985,-245.7,1435.8,-1371.0,2466.704137609535,1100.95,-2159.6,456.8,2695.9510617776427,478.05,-1751.05,1993.35,0.0,0.0,0.0,0.0,1790.7594863158943,2695.9510617776427,0.0,2695.9510617776427,1063.8414365729673,1114.8148350222532,885.5679108541456,2000.3827458763985,-229.24692416810785,466.32139173313635,695.5683159012442,2000.3827458763985,229.24692416810785,2466.704137609535,2695.9510617776427,0.27926457477432653,0.34436563877769155,0.3763697864479818,0.0,3,-26,empty
1996.6492612624781,-243.35,1433.1,-1368.8,2466.0996989173004,1099.0,-2159.85,457.05,2693.5793328766094,475.15,-1748.7,1992.9,0.0,0.0,0.0,0.0,1789.082073264097,2693.5793328766094,0.0,2693.5793328766094,1063.057731322735,1112.0644476108935,884.5848136515847,1996.6492612624781,-227.479633959309,469.4504376548223,696.9300716141313,1996.6492612624781,227.479633959309,2466.0996989173004,2693.5793328766094,0.27900470457731497,0.3446040480437569,0.3763912473789281,0.0,3,-26,empty
1996.7883719863755,-241.7,1431.9,-1370.55,2468.480472882052,1101.0,-2160.85,460.35,2695.260597790128,476.3,-1752.0,1992.0,0.0,0.0,0.0,0.0,1790.1323606646388,2695.260597790128,0.0,2695.260597790128,1063.8014221067044,1111.7842484472258,885.0041235391498,1996.7883719863755,-226.78012490807623,471.6921008956763,698.4722258037525,1996.7883719863755,226.78012490807623,2468.480472882052,2695.260597790128,0.27886043734288585,0.34473435137019093,0.3764052112869232,0.0,3,-26,empty
1995.2876271354965,-241.85,1433.7,-1366.45,2465.3643899026365,1096.35,-2160.05,458.5,2698.4108499263043,474.9,-1752.05,1996.55,0.0,0.0,0.0,0.0,1789.7657167411094,2698.4108499263043,0.0,2698.4108499263043,1063.9043803031282,1114.1670435795822,881.1205835559142,1995.2876271354965,-233.0464600236678,470.07676276714005,703.1232227908079,1995.2876271354965,233.0464600236678,2465.3643899026365,2698.4108499263043,0.2787079348531454,0.3443697081190729,0.3769223570277817,0.0,3,-26,empty
2002.5051491818942,-244.65,1435.4,-1374.7,2466.861895708797,1098.75,-2160.2,460.1,2694.7938404449424,478.4,-1749.4,1993.15,0.0,0.0,0.0,0.0,1791.0402213339084,2694.7938404449424,0.0,2694.7938404449424,1063.7255320049362,1115.2185469590197,887.2866022228745,2002.5051491818942,-227.9319447361454,464.3567465269027,692.2886912630481,2002.5051491818942,227.9319447361454,2466.861895708797,2694.7938404449424,0.27951705457659876,0.34433368194706965,0.3761492634763316,0.0,3,-26,empty
1998.169893302369,-241.25,1435.0,-1369.4,2464.777546250371,1095.2,-2159.1,462.55,2697.299505523997,476.9,-1753.95,1992.9,0.0,0.0,0.0,0.0,1790.0617362691842,2697.299505523997,0.0,2697.299505523997,1063.7142260588382,1115.3459262879976,882.8239670143712,1998.169893302369,-232.52195927362618,466.60765294800194,699.1296122216281,1998.169893302369,232.52195927362618,2464.777546250371,2697.299505523997,0.2790643826434333,0.34423080169673614,0.3767048156598306,0.0,3,-26,empty
1999.444486601216,-241.75,1435.45,-1370.7,2466.2685326217015,1098.7,-2159.75,459.15,2696.1124573170164,476.9,-1754.85,1990.5,0.0,0.0,0.0,0.0,1790.4563691349836,2696.1124573170164,0.0,2696.1124573170164,1063.7604374806256,1114.6442056482656,884.8002809529507,1999.444486601216,-229.84392469531485,466.8240460204854,696.6679707158003,1999.444486601216,229.84392469531485,2466.2685326217015,2696.1124573170164,0.27918084476518135,0.3443631153398645,0.37645603989495413,0.0,3,-26,empty
1996.8277529621828,-242.9,1433.95,-1368.25,2467.588067830609,1096.4,-2162.7,457.85,2693.7355076176277,478.85,-1750.55,1990.6,0.0,0.0,0.0,0.0,1789.537832102605,2693.7355076176277,0.0,2693.7355076176277,1063.3367672560319,1111.487596374601,885.3401565875822,1996.8277529621828,-226.1474397870188,470.7603148684261,696.9077546554449,1996.8277529621828,226.1474397870188,2467.588067830609,2693.7355076176277,0.2789585832080487,0.34472421084992283,0.37631720594202833,0.0,3,-26,empty
2000.5103411379805,-244.0,1433.35,-1374.05,2468.108084140563,1100.05,-2161.1,459.45,2693.6851101233046,476.55,-1751.1,1990.6,0.0,0.0,0.0,0.0,1790.575883850462,2693.6851101233046,0.0,2693.6851101233046,1063.5895154137881,1113.043683560361,887.4666575776193,2000.5103411379805,-225.57702598274182,467.5977430025823,693.1747689853241,2000.5103411379805,225.57702598274182,2468.108084140563,2693.6851101233046,0.27931102490279197,0.34459696827161723,0.37609200682559074,0.0,3,-26,empty
2000.6283525432702,-246.25,1431.45,-1375.8,2463.863361674101,1099.15,-2156.55,460.2,2697.8813400518566,477.95,-1752.0,1995.15,0.0,0.0,0.0,0.0,1790.5932635673068,2697.8813400518566,0.0,2697.8813400518566,1063.8142757161052,1117.3231654605129,883.3051870827571,2000.6283525432702,-234.01797837775575,463.2350091308306,697.2529875085863,2000.6283525432702,234.01797837775575,2463.863361674101,2697.8813400518566,0.2793247904548576,0.3440009816586533,0.3766742278864892,0.0,3,-26,empty
1998.6700884588233,-245.75,1433.5,-1370.9,2470.8754870490743,1101.2,-2163.1,462.15,2698.104501775274,477.3,-1752.35,1995.3,0.0,0.0,0.0,0.0,1791.9125193207929,2698.104501775274,0.0,2698.104501775274,1064.8795459940102,1112.9495515925116,885.7205368663117,1998.6700884588233,-227.2290147261997,472.205398590251,699.4344133164507,1998.6700884588233,227.2290147261997,2470.8754870490743,2698.104501775274,0.27884593512639777,0.34472602044010997,0.37642804443349226,0.0,3,-26,empty
2000.757738957918,-243.8,1435.5,-1372.2,2464.6907016905793,1097.9,-2157.35,463.85,2695.921071730402,474.4,-1754.95,1990.75,0.0,0.0,0.0,0.0,1790.3423780947248,2695.921071730402,0.0,2695.921071730402,1063.534071714736,1115.9940544988706,884.7636844590475,2000.757738957918,-231.2303700398229,463.9329627326613,695.1633327724842,2000.757738957918,231.2303700398229,2464.6907016905793,2695.921071730402,0.279382000258397,0.34416471562180934,0.3764532841197937,0.0,3,-26,empty
1998.3712624284808,-239.3,1434.7,-1370.35,2466.8302905753367,1094.5,-2162.15,460.9,2691.8893053950046,479.4,-1747.5,1990.65,0.0,0.0,0.0,0.0,1789.2727145997055,2691.8893053950046,0.0,2691.8893053950046,1062.8993400901145,1111.7151386240741,886.6561238044062,1998.3712624284808,-225.05901481966794,468.45902814685587,693.5180429665238,1998.3712624284808,225.05901481966794,2466.8302905753367,2691.8893053950046,0.2792155782238532,0.34466941099127163,0.3761150107848752,0.0,3,-26,empty
1996.1389900254942,-242.55,1433.05,-1368.25,2469.202256802792,1100.85,-2162.25,458.0,2695.9077705848913,478.65,-1750.25,1993.85,0.0,0.0,0.0,0.0,1790.3122543532943,2695.9077705848913,0.0,2695.9077705848913,1064.0227309190461,1111.422251903797,884.7167381216973,1996.1389900254942,-226.7055137820994,473.0632667772977,699.7687805593971,1996.1389900254942,226.7055137820994,2469.202256802792,2695.9077705848913,0.2787417369751722,0.3448005020910067,0.3764577609338211,0.0,3,-26,empty
2002.2829632696773,-242.55,1433.0,-1377.25,2465.5275039025623,1099.35,-2157.6,463.7,2693.6691844025686,476.15,-1749.25,1992.3,0.0,0.0,0.0,0.0,1790.369912893702,2693.6691844025686,0.0,2693.6691844025686,1063.2637152324899,1115.2123218848417,887.0706413848354,2002.2829632696773,-228.14168050000626,463.244540632885,691.3862211328913,2002.2829632696773,228.14168050000626,2465.5275039025623,2693.6691844025686,0.27959067967600465,0.34427627024820123,0.37613305007579423,0.0,3,-26,empty
2000.9293603223477,-248.65,1431.6,-1375.65,2465.3931562734574,1096.05,-2160.5,457.25,2695.7068739015376,479.5,-1751.7,1992.1,0.0,0.0,0.0,0.0,1790.5073476243356,2695.7068739015376,0.0,2695.7068739015376,1063.6083657076351,1115.621538975214,885.3078213471335,2000.9293603223477,-230.3137176280802,464.46379595110966,694.7775135791899,2000.9293603223477,230.3137176280802,2465.3931562734574,2695.7068739015376,0.2793802218931414,0.3442310861701528,0.3763886919367059,0.0,3,-26,empty
1996.6754105262075,-242.15,1428.5,-1373.85,2467.987554162298,1099.25,-2161.05,460.95,2692.7988877745775,478.2,-1749.4,1990.5,0.0,0.0,0.0,0.0,1789.3654631157706,2692.7988877745775,0.0,2692.7988877745775,1063.1940168819067,1110.7433720692438,885.9320384569637,1996.6754105262075,-224.81133361227967,471.31214363609024,696.1234772483699,1996.6754105262075,224.81133361227967,2467.987554162298,2692.7988877745775,0.2789641707750207,0.3448132319857205,0.3762225972392588,0.0,3,-26,empty
1997.0388841983022,-245.2,1431.75,-1370.45,2465.876366020811,1098.45,-2158.8,462.1,2692.248046707435,477.75,-1747.65,1991.4,0.0,0.0,0.0,0.0,1788.790824231637,2692.248046707435,0.0,2692.248046707435,1062.758162880766,1111.705282442463,885.3336017558393,1997.0388841983022,-226.37168068662413,468.83748182250883,695.209162509133,1997.0388841983022,226.37168068662413,2465.876366020811,2692.248046707435,0.2791045852239482,0.3446289432807231,0.3762664714953287,0.0,3,-26,empty
1996.917976532837,-245.0,1433.05,-1368.95,2466.6966589955887,1097.95,-2160.45,459.95,2695.375044868524,476.2,-1749.3,1994.55,0.0,0.0,0.0,0.0,1789.7474200992374,2695.375044868524,0.0,2695.375044868524,1063.5479695331674,1112.7981812028863,884.1197953299506,1996.917976532837,-228.67838587293545,469.7786824627517,698.4570683356872,1996.917976532837,228.67838587293545,2466.6966589955887,2695.375044868524,0.278938518657302,0.34455932598282724,0.3765021553598708,0.0,3,-26,empty
1998.6077985687937,-249.0,1432.9,-1370.85,2462.385707499944,1098.85,-2155.1,459.8,2696.372300425147,480.4,-1750.6,1993.75,0.0,0.0,0.0,0.0,1789.3414516234711,2696.372300425147,0.0,2696.372300425147,1063.1590621242942,1116.297195746998,882.3106028217953,1998.6077985687937,-233.98659292520279,463.7779089311505,697.7645018563533,1998.6077985687937,233.98659292520279,2462.385707499944,2696.372300425147,0.2792379001720794,0.34403519033019375,0.3767269094977269,0.0,3,-26,empty
1998.0470846554142,-250.25,1433.0,-1369.7,2466.373940626198,1098.1,-2159.45,462.55,2694.1515960502297,479.5,-1748.85,1992.5,0.0,0.0,0.0,0.0,1789.6431553329603,2694.1515960502297,0.0,2694.1515960502297,1063.2914577244967,1112.9123700397229,885.1347146156911,1998.0470846554142,-227.77765542403176,468.32685597078375,696.1045113948155,1998.0470846554142,227.77765542403176,2466.373940626198,2694.1515960502297,0.2791124977487035,0.3445343186540633,0.37635318359723324,0.0,3,-26,empty
2003.3968416167577,-240.25,1435.95,-1376.2,2468.397919197794,1098.35,-2162.55,458.25,2694.6420383791237,475.5,-1751.55,1991.75,0.0,0.0,0.0,0.0,1791.6091997984188,2694.6420383791237,0.0,2694.6420383791237,1063.9817677350813,1114.8204803990438,888.5763612177138,2003.3968416167577,-226.24411918132955,465.0010775810365,691.245196762366,2003.3968416167577,226.24411918132955,2468.397919197794,2694.6420383791237,0.27955271186402814,0.344438664340907,0.3760086237950649,0.0,3,-26,empty
2003.6137190087316,-243.05,1434.15,-1377.9,2464.58851027915,1096.8,-2158.35,461.25,2697.345688357352,480.5,-1749.85,1995.7,0.0,0.0,0.0,0.0,1791.3869794113084,2697.345688357352,0.0,2697.345688357352,1063.9629907194271,1118.185448543467,885.4282704652644,2003.6137190087316,-232.7571780782023,460.97479127041834,693.7319693486206,2003.6137190087316,232.7571780782023,2464.58851027915,2697.345688357352,0.2796176568821503,0.3439497633125969,0.37643257980525274,0.0,3,-26,empty
2000.7909173624314,-242.95,1436.55,-1371.3,2466.1396483167778,1100.55,-2158.65,459.2,2695.9595893670216,478.95,-1749.45,1994.55,0.0,0.0,0.0,0.0,1790.7225387615576,2695.9595893670216,0.0,2695.9595893670216,1063.7737452326794,1115.3054292063377,885.4854881560939,2000.7909173624314,-229.81994105024387,465.34873095434637,695.1686720045902,2000.7909173624314,229.81994105024387,2466.1396483167778,2695.9595893670216,0.2793273209631564,0.3442939365165877,0.376378742520256,0.0,3,-26,empty
1995.9473746820079,-239.9,1431.7,-1369.85,2464.987452300721,1097.7,-2158.7,459.6,2695.5590936761155,479.05,-1747.55,1995.65,0.0,0.0,0.0,0.0,1789.123480164711,2695.5590936761155,0.0,2695.5590936761155,1063.2681436135067,1113.259508028701,882.6878666533066,1995.9473746820079,-230.5716413753944,469.0400776187132,699.6117189941076,1995.9473746820079,230.5716413753944,2464.987452300721,2695.5590936761155,0.2789001705039185,0.34444065482749525,0.3766591746685863,0.0,3,-26,empty
1995.9309419416295,-243.2,1432.65,-1368.25,2470.239854750951,1104.3,-2161.4,459.3,2693.050911605646,477.65,-1748.8,1991.5,0.0,0.0,0.0,0.0,1789.8054270745565,2693.050911605646,0.0,2693.050911605646,1063.5711789012826,1109.370999398162,886.5599425434673,1995.9309419416295,-222.81105685469493,474.30891280932155,697.1199696640165,1995.9309419416295,222.81105685469493,2470.239854750951,2693.050911605646,0.27879160937677816,0.345043072473605,0.3761653181496169,0.0,3,-27,empty
1997.6705365249798,-247.9,1435.65,-1366.8,2469.1162943450026,1102.75,-2160.95,459.1,2694.033328023245,474.05,-1748.9,1993.6,0.0,0.0,0.0,0.0,1790.205039723307,2694.033328023245,0.0,2694.033328023245,1063.6848784998654,1111.2937851016109,886.3767514233689,1997.6705365249798,-224.9170336782422,471.4457578200229,696.3627914982651,1997.6705365249798,224.9170336782422,2469.1162943450026,2694.033328023245,0.27897230934420486,0.34480914749388536,0.37621854316190967,0.0,3,-26,empty
1999.5155475764625,-243.8,1435.25,-1370.65,2467.932128827695,1102.2,-2159.75,459.7,2696.1747277392833,477.9,-1748.7,1995.75,0.0,0.0,0.0,0.0,1790.9056010358602,2696.1747277392833,0.0,2696.1747277392833,1064.0415984247907,1113.8790732440252,885.636474332437,1999.5155475764625,-228.24259891158817,468.4165812512326,696.6591801628208,1999.5155475764625,228.24259891158817,2467.932128827695,2696.1747277392833,0.2791207345629974,0.3445089634261352,0.37637030201086746,0.0,3,-26,empty
1991.8456748704202,-244.7,1434.8,-1359.75,2470.746084181861,1102.5,-2162.45,461.4,2693.667420543969,476.45,-1751.1,1990.6,0.0,0.0,0.0,0.0,1789.0647948990627,2693.667420543969,0.0,2693.667420543969,1063.5868812785232,1107.3835056162643,884.4621692541562,1991.8456748704202,-222.92133636210792,478.90040931144085,701.8217456735488,1991.8456748704202,222.92133636210792,2470.746084181861,2693.667420543969,0.27833615648655113,0.34525665185889176,0.37640719165455705,0.0,3,-26,empty
1990.5986706265028,-242.85,1430.15,-1363.15,2468.405422534961,1101.0,-2161.2,458.3,2691.4361305815896,476.15,-1750.25,1988.4,0.0,0.0,0.0,0.0,1787.6100559357633,2691.4361305815896,0.0,2691.4361305815896,1062.6779844065354,1106.8146893365656,883.7839812899372,1990.5986706265028,-223.03070804662866,477.8067519084582,700.8374599550868,1990.5986706265028,223.03070804662866,2468.405422534961,2691.4361305815896,0.27838826818196666,0.34521027311557895,0.3764014587024544,0.0,3,-34,empty
1998.5772301815107,-244.0,1435.15,-1369.35,2467.9293091577806,1098.45,-2162.25,456.9,2694.8698178205195,476.15,-1750.7,1992.65,0.0,0.0,0.0,0.0,1790.3440892899528,2694.8698178205195,0.0,2694.8698178205195,1063.7177166403358,1112.7588694221247,885.818360759386,1998.5772301815107,-226.94050866273892,469.3520789762699,696.2925876390088,1998.5772301815107,226.94050866273892,2467.9293091577806,2694.8698178205195,0.2790772514257501,0.34461661921878894,0.3763061293554609,0.0,3,-34,empty
2001.074822439181,-249.05,1432.55,-1374.8,2469.5338806139102,1096.75,-2163.85,462.05,2692.1718453694593,474.75,-1748.35,1991.4,0.0,0.0,0.0,0.0,1790.6951371056375,2692.1718453694593,0.0,2692.1718453694593,1063.5237398954578,1111.856393597365,889.2184288418157,2001.074822439181,-222.6379647555491,468.4590581747293,691.0970229302784,2001.074822439181,222.6379647555491,2469.5338806139102,2692.1718453694593,0.27937123145282944,0.34477307575167476,0.37585569279549585,0.0,3,-32,empty
1998.33466541518,-246.9,1431.35,-1372.45,2463.3062725735103,1096.8,-2156.5,463.05,2693.508568298976,477.55,-1748.45,1992.45,0.0,0.0,0.0,0.0,1788.7873765719164,2693.508568298976,0.0,2693.508568298976,1062.681339897789,1114.2684805703232,884.0661848448569,1998.33466541518,-230.20229572546577,464.97160715833024,695.173902883796,1998.33466541518,230.20229572546577,2463.3062725735103,2693.508568298976,0.2792862208761846,0.3442704125761248,0.3764433665476907,0.0,3,-33,empty
1997.341168904301,-247.05,1430.8,-1371.55,2466.8668290971855,1098.7,-2160.55,458.6,2696.052440606451,479.05,-1751.9,1992.5,0.0,0.0,0.0,0.0,1790.0651096519841,2696.052440606451,0.0,2696.052440606451,1063.7398733744212,1113.2633902067832,884.0777786975175,1997.341168904301,-229.18561150926553,469.5256601928845,698.71127170215,1997.341168904301,229.18561150926553,2466.8668290971855,2696.052440606451,0.2789481173247121,0.34452194165953853,0.3765299410157495,0.0,3,-33,empty
1998.8950266334648,-243.85,1434.95,-1370.05,2469.0180750654704,1100.75,-2162.45,456.3,2691.087667654103,475.75,-1746.75,1991.1,0.0,0.0,0.0,0.0,1789.7501923382595,2691.087667654103,0.0,2691.087667654103,1063.1041122111058,1110.4823096110488,888.412717022416,1998.8950266334648,-222.06959258863253,470.1230484320056,692.1926410206381,1998.8950266334648,222.06959258863253,2469.0180750654704,2691.087667654103,0.27921424945091966,0.34488305765171706,0.37590269289736333,0.0,3,-34,empty
1998.7278741739708,-245.9,1432.55,-1371.95,2466.828918875405,1101.15,-2159.45,457.7,2692.8420623014636,475.65,-1747.2,1993.1,0.0,0.0,0.0,0.0,1789.59971383771,2692.8420623014636,0.0,2692.8420623014636,1063.118979633506,1112.3705088000147,886.3573653739563,1998.7278741739708,-226.01314342605838,468.1010447014344,694.1141881274928,1998.7278741739708,226.01314342605838,2466.828918875405,2692.8420623014636,0.2792143766451264,0.34460624068627754,0.3761793826685961,0.0,3,-33,empty
2001.0484464400156,-245.75,1433.85,-1374.0,2464.360373910439,1098.45,-2157.9,458.2,2696.23026372007,477.45,-1749.65,1995.1,0.0,0.0,0.0,0.0,1790.409771017631,2696.23026372007,0.0,2696.23026372007,1063.5619375333026,1116.4591681248235,884.5892783151921,2001.0484464400156,-231.86988980963088,463.3119274704236,695.1818172800545,2001.0484464400156,231.86988980963088,2464.360373910439,2696.23026372007,0.2794120763347183,0.34410563629098,0.3764822873743017,0.0,3,-34,empty
1996.5730590188778,-245.1,1432.6,-1368.9,2466.1484287244352,1098.7,-2159.4,460.15,2692.988791751648,475.35,-1749.9,1991.0,0.0,0.0,0.0,0.0,1788.9275698737401,2692.988791751648,0.0,2692.988791751648,1062.9361791733475,1111.7067110230453,884.8663479958323,1996.5730590188778,-226.8403630272128,469.5753697055575,696.4157327327703,1996.5730590188778,226.8403630272128,2466.1484287244352,2692.988791751648,0.2790181520820031,0.34464062020388175,0.3763412277141152,0.0,3,-34,empty
1999.1436097739452,-244.9,1439.4,-1365.55,2466.6577559523735,1099.45,-2159.6,460.15,2698.9605040644815,476.95,-1754.9,1994.3,0.0,0.0,0.0,0.0,1791.1904674477,2698.9605040644815,0.0,2698.9605040644815,1064.414193030368,1115.7231789430264,883.4204308309183,1999.1436097739452,-232.30274811210802,467.5141461784283,699.8168942905363,1999.1436097739452,232.30274811210802,2466.6577559523735,2698.9605040644815,0.27902443181022524,0.3442763068445701,0.3766992613452046,0.0,3,-34,empty
1998.8994834658395,-248.4,1436.75,-1367.35,2467.265460991176,1100.15,-2159.35,462.9,2693.6418419121724,478.1,-1747.65,1993.2,0.0,0.0,0.0,0.0,1789.9516965922971,2693.6418419121724,0.0,2693.6418419121724,1063.3668308685192,1112.6379321934178,886.2615512724217,1998.8994834658395,-226.37638092099633,468.3659775253366,694.7423584463329,1998.8994834658395,226.37638092099633,2467.265460991176,2693.6418419121724,0.2791834393172922,0.34459944724882047,0.3762171134338872,0.0,3,-34,empty
1994.7159315301014,-245.05,1428.15,-1370.85,2467.339737450033,1099.6,-2160.1,461.1,2695.0977964630524,478.75,-1752.9,1990.4,0.0,0.0,0.0,0.0,1789.2883663607968,2695.0977964630524,0.0,2695.0977964630524,1063.4845706477886,1111.2369952715605,883.4789362585409,1994.7159315301014,-227.7580590130192,472.6238059199318,700.381864932951,1994.7159315301014,227.7580590130192,2467.339737450033,2695.0977964630524,0.27870241167262494,0.34473757609964145,0.3765600122277336,0.0,3,-34,empty
1997.088644752656,-243.9,1431.85,-1370.65,2464.266459821259,1098.95,-2157.4,458.85,2695.4904836596993,477.65,-1750.45,1993.35,0.0,0.0,0.0,0.0,1789.2113970584037,2695.4904836596993,0.0,2695.4904836596993,1063.1946545723956,1114.156334295548,882.9323104571079,1997.088644752656,-231.2240238384402,467.1778150686032,698.4018389070434,1997.088644752656,231.2240238384402,2464.266459821259,2695.4904836596993,0.279045931637259,0.3443229883110369,0.37663108005170404,0.0,3,-34,empty
1994.3007446220342,-241.1,1436.4,-1362.3,2468.143287979853,1100.8,-2160.3,461.6,2696.652953199577,478.9,-1751.5,1993.7,0.0,0.0,0.0,0.0,1789.7742464503663,2696.652953199577,0.0,2696.652953199577,1063.9239266709928,1111.405204920879,882.8955397011553,1994.3007446220342,-228.50966521972396,473.84254335781884,702.3522085775428,1994.3007446220342,228.50966521972396,2468.143287979853,2696.652953199577,0.27856875644753837,0.34475623013277884,0.37667501341968274,0.0,3,-34,empty
2171.0289236903313,7.55,1372.35,-1682.25,2541.9901445520986,1092.9,-2249.35,455.75,2915.1492933467403,789.3,-1805.7,2148.15,0.0,0.0,0.0,0.0,1907.0420903972927,2915.1492933467403,0.0,2915.1492933467403,1132.0266943421095,1272.0940362424865,898.9348874478449,2171.0289236903313,-373.1591487946416,370.9612208617673,744.1203696564089,2171.0289236903313,373.1591487946416,2541.9901445520986,2915.1492933467403,0.2846068441045843,0.3332372889607444,0.38215586693467124,0.0,3,-30,knife
2168.8688393953194,390.5,1368.95,-1636.3,2526.897168960383,1100.3,-2229.9,449.55,2723.590113251258,476.6,-1774.85,2010.15,0.0,0.0,0.0,0.0,1854.83903040174,2723.590113251258,0.0,2723.590113251258,1089.2007545894983,1182.780891843097,986.087947552222,2168.8688393953194,-196.69294429087495,358.0283295650638,554.7212738559388,2168.8688393953194,196.69294429087495,2526.897168960383,2723.590113251258,0.2923257495457117,0.34058173344738735,0.367092517006901,0.0,3,-29,knife
2129.3844163278736,-91.4,1431.35,-1573.9,2565.8419651256777,1108.3,-2269.9,450.3,2720.432969675967,894.0,-1768.55,1863.8,0.0,0.0,0.0,0.0,1853.9148377823794,2720.432969675967,0.0,2720.432969675967,1092.0826001270843,1141.9877104390814,987.396705888792,2129.3844163278736,-154.5910045502892,436.45754879780407,591.0485533480933,2129.3844163278736,154.5910045502892,2565.8419651256777,2720.432969675967,0.28714701087281413,0.34600321342091594,0.3668497757062699,0.0,3,-30,knife
1898.4114484220747,80.15,1465.95,-1203.55,2523.5429211725327,1108.75,-2218.95,463.9,2561.3631024319843,422.75,-1778.3,1794.3,0.0,0.0,0.0,0.0,1745.829368006648,2561.3631024319843,0.0,2561.3631024319843,1041.769542199957,968.1158148407633,930.2956335813117,1898.4114484220747,-37.8201812594516,625.131472750458,662.9516540099096,1898.4114484220747,37.8201812594516,2523.5429211725327,2561.3631024319843,0.2718495122163115,0.3613673488683865,0.36678313891530184,0.0,3,-30,knife
1985.3168040642784,-99.5,1412.85,-1391.2,2558.260487616537,1129.1,-2250.3,453.85,2274.9247921634687,9.1,-1652.0,1564.0,0.0,0.0,0.0,0.0,1704.625520961071,2558.260487616537,0.0,2558.260487616537,1004.7972031898765,850.9905543056052,1134.3262497586734,1985.3168040642784,283.3356954530682,572.9436835522586,289.6079880991904,1985.3168040642784,283.3356954530682,2558.260487616537,2274.9247921634687,0.2911661211878596,0.3751939144637153,0.333639964348425,0.0,2,-30,knife
1905.7314330723518,-245.85,1405.1,-1263.75,0.0,0.0,0.0,0.0,0.0,0.0,0.0,0.0,0.0,0.0,0.0,0.0,476.43285826808795,1905.7314330723518,0.0,1905.7314330723518,825.2059169155903,952.8657165361759,952.8657165361759,1905.7314330723518,0.0,1905.7314330723518,1905.7314330723518,1905.7314330723518,0.0,0.0,0.0,1.0,0.0,0.0,0.0,1,-30,knife
1648.9056158555588,-357.9,1312.6,-931.6,2498.6258428384194,1125.3,-2183.55,457.1,2839.028663557309,449.6,-1805.05,2144.7,0.0,0.0,0.0,0.0,1746.6400305628217,2839.028663557309,0.0,2839.028663557309,1097.6223165941485,994.6542182872242,654.2513975683348,1648.9056158555588,-340.4028207188894,849.7202269828606,1190.12304770175,1648.9056158555588,340.4028207188894,2498.6258428384194,2839.028663557309,0.23601108227838882,0.3576331984721094,0.4063557192495018,0.0,3,-30,knife
1810.8748555601517,-201.6,1335.6,-1206.15,2508.833874033911,1133.25,-2193.65,444.85,2837.686459512396,306.25,-1851.3,2128.7,0.0,0.0,0.0,0.0,1789.3487972766147,2837.686459512396,0.0,2837.686459512396,1097.6000090241128,1069.8637205193183,741.0111350408333,1810.8748555601517,-328.85258547848525,697.9590184737592,1026.8116039522445,1810.8748555601517,328.85258547848525,2508.833874033911,2837.686459512396,0.2530075268606517,0.35052331298575645,0.3964691601535918,0.0,3,-30,knife
2529.0745283601273,-900.2,1242.8,-2010.3,2500.630741433049,1054.25,-2221.2,456.05,2932.429522170993,-464.7,-1888.05,2195.1,0.0,0.0,0.0,0.0,1990.5336979910421,2932.429522170993,0.0,2932.429522170993,1161.853838284793,1480.436654549036,1048.6378738110914,2529.0745283601273,-431.79878073794407,28.443786927078236,403.35499381086584,2529.0745283601273,431.79878073794407,2500.630741433049,2932.429522170993,0.31763774344948426,0.31406536146019853,0.3682968950903173,0.0,3,-29,knife
2159.1724861622333,-467.75,1378.35,-1594.8,2525.001331682817,1036.85,-2257.0,454.45,3858.1914976449784,-909.3,-2029.45,3152.8,0.0,0.0,0.0,0.0,2135.5913288725073,3858.1914976449784,0.0,3858.1914976449784,1385.6675184435692,1746.1813260621975,412.99116010003604,2159.1724861622333,-1333.1901659621612,365.82884552058385,1699.019011482745,2159.1724861622333,1333.1901659621612,2525.001331682817,3858.1914976449784,0.25276049506416753,0.2955857351481077,0.45165376978772476,0.0,3,-29,knife
2225.402809043792,-510.5,1413.95,-1640.9,2521.464885240324,1030.75,-2259.95,433.55,4348.214431522439,-1206.5,-2144.05,3585.3,0.0,0.0,0.0,0.0,2273.770531451639,4348.214431522439,0.0,4348.214431522439,1544.1050687783957,2026.0761776629536,199.32663138083853,2225.402809043792,-1826.7495462821148,296.06207619653196,2122.8116224786468,2225.402809043792,1826.7495462821148,2521.464885240324,4348.214431522439,0.2446819916809099,0.27723387764535656,0.47808413067373345,0.0,3,-29,knife
2212.265036676212,-509.45,1425.2,-1613.5,2511.6113045214615,1029.45,-2248.45,439.2,4260.495259063199,-1324.45,-2125.7,3446.6,0.0,0.0,0.0,0.0,2246.092900065218,4260.495259063199,0.0,4260.495259063199,1514.4631496925294,1980.5744956089748,231.69054106723706,2212.265036676212,-1748.8839545417377,299.3462678452497,2048.2302223869874,2212.265036676212,1748.8839545417377,2511.6113045214615,4260.495259063199,0.24623481030236727,0.2795533640269881,0.4742118256706446,0.0,3,-29,knife
2230.289986190137,-547.55,1378.1,-1665.9,2509.6786995549846,1044.5,-2236.45,453.65,3877.9788202103427,-1197.0,-2048.8,3067.3,0.0,0.0,0.0,0.0,2154.486876488866,3877.9788202103427,0.0,3877.9788202103427,1391.4152438838128,1799.2950534227475,430.9949327673894,2230.289986190137,-1368.3001206553581,279.3887133648477,1647.6888340202058,2230.289986190137,1368.3001206553581,2509.6786995549846,3877.9788202103427,0.2587959586257501,0.29121536164158135,0.4499886797326685,0.0,3,-29,knife
2352.817852597179,-624.45,1440.15,-1752.65,2502.8033512443603,1042.05,-2233.65,434.7,3432.7153741608113,-1035.4,-1963.8,2618.2,0.0,0.0,0.0,0.0,2072.0841445005876,3432.7153741608113,0.0,3432.7153741608113,1265.8179662709279,1641.3649377568152,711.4529148403642,2352.817852597179,-929.912022916451,149.98549864718143,1079.8975215636324,2352.817852597179,929.912022916451,2502.8033512443603,3432.7153741608113,0.2838709348316853,0.30196690586708586,0.41416215930122885,0.0,3,-30,knife
2348.1309274612436,-615.5,1463.55,-1730.0,2505.1283744550897,1035.15,-2240.9,427.2,3621.116879154828,-1174.0,-2010.45,2773.5,0.0,0.0,0.0,0.0,2118.5940452677905,3621.116879154828,0.0,3621.116879154828,1317.9635392266587,1732.0597160804907,616.0712113807526,2348.1309274612436,-1115.9885046997383,156.9974469938461,1272.9859516935844,2348.1309274612436,1115.9885046997383,2505.1283744550897,3621.116879154828,0.2770859916162513,0.2956121277753381,0.42730188060841057,0.0,3,-29,knife
2315.351713023315,-593.35,1453.15,-1702.1,2507.552684391696,1035.95,-2242.6,430.55,3812.790013559624,-1259.55,-2054.35,2954.75,0.0,0.0,0.0,0.0,2158.9236027436586,3812.790013559624,0.0,3812.790013559624,1373.1566933133815,1810.2945210956213,505.05719192769334,2315.351713023315,-1305.2373291679282,192.20097136838103,1497.4383005363093,2315.351713023315,1305.2373291679282,2507.552684391696,3812.790013559624,0.26811413220931724,0.29037070617100386,0.44151516161967896,0.0,3,-29,knife
2312.7853818502053,-591.4,1439.4,-1710.95,2502.675161202508,1037.3,-2236.5,430.65,3768.502290698521,-1210.1,-2045.55,2924.55,0.0,0.0,0.0,0.0,2145.9907084378087,3768.502290698521,0.0,3768.502290698521,1359.4911012208179,1789.3062556731088,523.4791261770963,2312.7853818502053,-1265.8271294960127,189.88977935230287,1455.7169088483156,2312.7853818502053,1265.8271294960127,2502.675161202508,3768.502290698521,0.2694309640713468,0.29155242277637244,0.4390166131522807,0.0,3,-29,knife
2308.7530590125916,-590.95,1441.65,-1703.75,2509.3636484176623,1036.0,-2244.4,431.6,3849.959817322773,-1248.75,-2063.35,3000.9,0.0,0.0,0.0,0.0,2167.019131188257,3849.959817322773,0.0,3849.959817322773,1384.3364423755854,1824.6746139588513,484.07844505374055,2308.7530590125916,-1340.5961689051105,200.61058940507064,1541.2067583101812,2308.7530590125916,1340.5961689051105,2509.3636484176623,3849.959817322773,0.2663512547933318,0.2894948655854373,0.4441538796212308,0.0,3,-29,knife
2260.0675531939305,-557.2,1429.45,-1659.55,2515.8550122175166,1032.35,-2252.6,435.4,4171.344389402534,-1347.05,-2119.75,3330.5,0.0,0.0,0.0,0.0,2236.8167387034955,4171.344389402534,0.0,4171.344389402534,1485.2734859549803,1957.778465189474,302.2890880044565,2260.0675531939305,-1655.4893771850175,255.78745902358605,1911.2768362086035,2260.0675531939305,1655.4893771850175,2515.8550122175166,4171.344389402534,0.25259864991263337,0.2811869842403537,0.4662143658470128,0.0,3,-29,knife
2266.514714820974,-565.35,1415.2,-1677.7,2510.7434053483043,1037.95,-2242.85,442.85,3764.962271391308,-1187.0,-2034.05,2937.45,0.0,0.0,0.0,0.0,2135.5550978901465,3764.962271391308,0.0,3764.962271391308,1357.7076268937308,1760.3667904319889,506.1479243889851,2266.514714820974,-1254.2188660430038,244.2286905273304,1498.4475565703342,2266.514714820974,1254.2188660430038,2510.7434053483043,3764.962271391308,0.26533086374828385,0.2939216374970647,0.4407474987546515,0.0,3,-29,knife
2277.637397063018,-576.8,1414.1,-1689.75,2511.7115967005448,1037.85,-2245.0,437.65,3817.666539261909,-1246.45,-2047.95,2971.0,0.0,0.0,0.0,0.0,2151.7538832563678,3817.666539261909,0.0,3817.666539261909,1373.9292163412717,1791.7961698121908,485.8412272508267,2277.637397063018,-1305.954942561364,234.07419963752682,1540.029142198891,2277.637397063018,1305.954942561364,2511.7115967005448,3817.666539261909,0.26462568683925686,0.291821431838133,0.4435528813226101,0.0,3,-29,knife
2293.6490103108626,-601.45,1406.8,-1708.8,2505.935941419892,1038.1,-2237.1,444.35,3614.8755006223937,-1097.85,-2001.8,2802.65,0.0,0.0,0.0,0.0,2103.615113088287,3614.8755006223937,0.0,3614.8755006223937,1314.0661545320133,1701.2942847566821,592.3547255541803,2293.6490103108626,-1108.9395592025016,212.2869311090294,1321.226490311531,2293.6490103108626,1108.9395592025016,2505.935941419892,3614.8755006223937,0.2725842046912742,0.29781302741985005,0.4296027678888757,0.0,3,-29,knife
2297.211811631657,-598.05,1414.95,-1708.05,2509.3842541547915,1042.1,-2240.15,439.05,3626.720698509881,-1110.2,-2010.65,2806.75,0.0,0.0,0.0,0.0,2108.3291910740827,3626.720698509881,0.0,3626.720698509881,1317.8663205879059,1707.2741279933732,589.9376836382839,2297.211811631657,-1117.3364443550895,212.17244252313458,1329.508886878224,2297.211811631657,1117.3364443550895,2509.3842541547915,3626.720698509881,0.27239719268665874,0.29755602976739043,0.4300467775459507,0.0,3,-29,knife
2294.9482543186023,-583.2,1437.3,-1691.4,2508.509684055455,1034.85,-2242.95,436.9,3904.266301752481,-1281.25,-2086.7,3040.95,0.0,0.0,0.0,0.0,2176.931060031635,3904.266301752481,0.0,3904.266301752481,1400.588119280448,1845.352436007814,449.5958183107882,2294.9482543186023,-1395.7566176970258,213.56142973685292,1609.3180474338787,2294.9482543186023,1395.7566176970258,2508.509684055455,3904.266301752481,0.2635531616565355,0.28807867760624006,0.44836816073722435,0.0,3,-29,knife
2285.884272005038,-577.15,1448.65,-1671.4,2511.44169253439,1033.35,-2246.5,439.05,3908.5008132914595,-1308.25,-2092.85,3030.65,0.0,0.0,0.0,0.0,2176.456694457722,3908.5008132914595,0.0,3908.5008132914595,1401.8853301982897,1841.4716963810536,444.41257562398437,2285.884272005038,-1397.0591207570696,225.55742052935193,1622.6165412864216,2285.884272005038,1397.0591207570696,2511.44169253439,3908.5008132914595,0.2625694641462394,0.28847825216666345,0.44895228368709716,0.0,3,-30,knife
2306.320985357416,-598.55,1455.25,-1686.15,2512.4025339304208,1033.8,-2249.25,429.3,3809.9376812488676,-1278.65,-2066.25,2934.5,0.0,0.0,0.0,0.0,2157.165300134176,3809.9376812488676,0.0,3809.9376812488676,1372.3574230669756,1801.9280663379313,504.3929190194842,2306.320985357416,-1297.535147318447,206.08154857300497,1503.6166958914519,2306.320985357416,1297.535147318447,2512.4025339304208,3809.9376812488676,0.2672860750650358,0.29116944976054326,0.4415444751744209,0.0,3,-29,knife
2319.894965833583,-609.2,1458.1,-1698.45,2508.3225246168004,1032.15,-2244.75,432.95,3719.720598714371,-1223.7,-2038.8,2860.45,0.0,0.0,0.0,0.0,2136.9845222911886,3719.720598714371,0.0,3719.720598714371,1345.650816375816,1765.6465199655768,554.2484458680058,2319.894965833583,-1211.3980740975708,188.4275587832176,1399.8256328807884,2319.894965833583,1211.3980740975708,2508.3225246168004,3719.720598714371,0.2713981947031471,0.2934418216945575,0.43515998360229546,0.0,3,-29,knife
2329.4041797206423,-608.1,1459.75,-1710.4,2507.6788759727588,1040.8,-2239.45,435.95,3696.6085477096435,-1208.9,-2038.15,2837.15,0.0,0.0,0.0,0.0,2133.4229008507614,3696.6085477096435,0.0,3696.6085477096435,1339.1712770405893,1759.1669257287635,570.237253991879,2329.4041797206423,-1188.9296717368848,178.27469625211643,1367.2043679890012,2329.4041797206423,1188.9296717368848,2507.6788759727588,3696.6085477096435,0.2729655919123827,0.29385628078858067,0.43317812729903654,0.0,3,-29,knife
2327.157357163456,-606.55,1462.6,-1705.45,2510.681659430363,1035.3,-2245.55,434.95,3696.5379509075788,-1214.9,-2036.75,2835.5,0.0,0.0,0.0,0.0,2133.5942418753493,3696.5379509075788,0.0,3696.5379509075788,1339.279566282318,1756.5068243203357,570.6505328431201,2327.157357163456,-1185.8562914772156,183.5243022669074,1369.380593744123,2327.157357163456,1185.8562914772156,2510.681659430363,3696.5379509075788,0.27268040373950997,0.29418452793812006,0.43313506832237003,0.0,3,-29,knife
2322.036318622084,-606.2,1470.15,-1692.05,2506.559760408676,1038.4,-2240.25,431.1,3646.4461195114345,-1189.1,-2027.3,2787.95,0.0,0.0,0.0,0.0,2118.7605496355486,3646.4461195114345,0.0,3646.4461195114345,1324.261939084586,1730.9613388624211,591.0749797596627,2322.036318622084,-1139.8863591027584,184.52344178659223,1324.4098008893507,2322.036318622084,1139.8863591027584,2506.559760408676,3646.4461195114345,0.27398522204662307,0.29575779113404693,0.43025698681933,0.0,3,-29,knife
2345.765078284695,-624.05,1459.2,-1727.4,2507.1337394522857,1036.25,-2241.55,432.85,3459.2655972763932,-1098.15,-1975.6,2618.7,0.0,0.0,0.0,0.0,2078.0411037533436,3459.2655972763932,0.0,3459.2655972763932,1272.9721665207717,1648.9484680544012,696.8166102302939,2345.765078284695,-952.1318578241076,161.36866116759074,1113.5005189916983,2345.765078284695,952.1318578241076,2507.1337394522857,3459.2655972763932,0.2822086957336636,0.3016222507490249,0.4161690535173115,0.0,3,-29,knife
2396.30525497066,-661.05,1464.85,-1777.5,2506.925166912646,1041.0,-2238.95,433.7,3445.7651523282893,-1127.55,-1964.85,2596.4,0.0,0.0,0.0,0.0,2087.248893552899,3445.7651523282893,0.0,3445.7651523282893,1272.1849686610822,1667.5726201931516,728.7326347775083,2396.30525497066,-938.8399854156432,110.61991194198617,1049.4598973576294,2396.30525497066,938.8399854156432,2506.925166912646,3445.7651523282893,0.2870171907112246,0.3002666781446195,0.4127161311441558,0.0,3,-29,knife
2409.853233601582,-676.05,1470.55,-1785.45,2500.795820333999,1038.95,-2233.35,432.1,3217.901706081154,-982.5,-1918.3,2389.5,0.0,0.0,0.0,0.0,2032.1376900041837,3217.901706081154,0.0,3217.901706081154,1214.2826450169912,1563.4795596743686,846.3736739272135,2409.853233601582,-717.1058857471548,90.94258673241711,808.048472479572,2409.853233601582,717.1058857471548,2500.795820333999,3217.901706081154,0.2964677597211216,0.30765580411148846,0.39587643616738993,0.0,3,-29,knife
2391.0429696055235,-670.0,1458.35,-1772.4,2504.7402060892464,1040.9,-2236.2,435.5,3487.2881372923575,-1117.3,-1990.2,2636.65,0.0,0.0,0.0,0.0,2095.767828246782,3487.2881372923575,0.0,3487.2881372923575,1282.869573976937,1686.7954504043173,704.2475192012062,2391.0429696055235,-982.5479312031111,113.69723648372292,1096.245167686834,2391.0429696055235,982.5479312031111,2504.7402060892464,3487.2881372923575,0.2852227877271304,0.29878550623908934,0.4159917060337803,0.0,3,-29,knife
2213.1457221565865,-519.55,1443.35,-1595.25,2521.2112485866787,1026.6,-2261.2,435.4,4295.064812083748,-1457.7,-2195.7,3391.4,0.0,0.0,0.0,0.0,2257.355445706753,4295.064812083748,0.0,4295.064812083748,1526.3917792012196,1993.4996428268275,219.64607932975878,2213.1457221565865,-1773.853563497069,308.0655264300922,2081.919089927161,2213.1457221565865,1773.853563497069,2521.2112485866787,4295.064812083748,0.2451038145505343,0.279221782881131,0.4756744025683348,0.0,3,-29,knife
2346.8469570894476,-767.8,1169.6,-1884.2,2495.316997898263,1060.4,-2212.0,457.4,2896.2571933445415,-424.4,-1910.6,2134.9,0.0,0.0,0.0,0.0,1934.605287083063,2896.2571933445415,0.0,2896.2571933445415,1134.8802605078033,1373.8935762678632,972.9533808215847,2346.8469570894476,-400.9401954462787,148.47004080881516,549.4102362550939,2346.8469570894476,400.9401954462787,2495.316997898263,2896.2571933445415,0.30327206443076943,0.32245815393958516,0.37426978162964536,0.0,3,-29,knife
2130.838906393442,-445.4,1418.25,-1526.65,2539.4719820269725,1026.45,-2278.35,452.15,3277.4090124670124,-118.9,-1765.85,2758.45,0.0,0.0,0.0,0.0,1986.9299752218567,3277.4090124670124,0.0,3277.4090124670124,1218.5277306815267,1434.3879684167407,696.4509379767007,2130.838906393442,-737.93703044004,408.63307563353055,1146.5701060735705,2130.838906393442,737.93703044004,2539.4719820269725,3277.4090124670124,0.26810694550968217,0.31952207849491776,0.41237097599540007,0.0,3,-29,knife
2703.9767001584905,-664.9,1090.65,-2383.25,2500.2612988445826,1067.1,-2214.7,455.75,2759.217134442304,15.35,-1831.5,2063.65,0.0,0.0,0.0,0.0,1990.8637833613443,2759.217134442304,0.0,2759.217134442304,1153.4644919654675,1481.466267878106,1222.5104322803845,2703.9767001584905,-258.9558355977215,203.71540131390793,55.240434283813556,2703.9767001584905,258.9558355977215,2500.2612988445826,2759.217134442304,0.3395481803874519,0.3139668971504393,0.3464849224621088,0.0,3,-29,knife
1951.095495484524,-130.0,1432.65,-1318.1,2558.969240241078,1135.8,-2244.85,467.9,1363.6361125681585,246.65,-1221.35,554.05,0.0,0.0,0.0,0.0,1468.4252120734402,2558.969240241078,0.0,2558.969240241078,947.3001423371962,377.88118390580235,1573.2143115787217,1951.095495484524,1195.3331276729193,607.8737447565538,587.4593829163655,1951.095495484524,1195.3331276729193,2558.969240241078,1363.6361125681585,0.3321748154830346,0.43566557207019274,0.23215961244677252,0.0,2,-29,knife
4087.3409464467236,1765.7,2102.35,-3028.0,2525.0513192804615,1100.65,-2230.95,432.8,2632.8441935481105,407.55,-1740.65,1932.85,0.0,0.0,0.0,0.0,2311.309114818824,4087.3409464467236,0.0,4087.3409464467236,1470.1623573624188,2097.5669103571863,1989.7740360895373,4087.3409464467236,-107.79287426764904,1562.289627166262,1454.496752898613,4087.3409464467236,107.79287426764904,2525.0513192804615,2632.8441935481105,0.44210236963123783,0.27311917119731427,0.2847784591714478,0.0,1,-30,knife
2254.4382537563542,426.8,1364.4,-1743.2,2539.8424778910994,1107.55,-2241.6,446.5,2583.710199499936,507.95,-1739.45,1841.7,0.0,0.0,0.0,0.0,1844.4977327868473,2583.710199499936,0.0,2583.710199499936,1072.3994711016878,1149.1529876825953,1105.2852660737587,2254.4382537563542,-43.867721608836746,285.40422413474516,329.2719457435819,2254.4382537563542,43.867721608836746,2539.8424778910994,2583.710199499936,0.30556262196513095,0.34424581184679165,0.35019156618807745,0.0,3,-30,knife
2146.4126845739615,88.0,1438.85,-1590.3,2543.6864439234646,1111.2,-2246.65,433.75,2565.4257955551943,668.25,-1715.7,1786.4,0.0,0.0,0.0,0.0,1813.8812310131552,2565.4257955551943,0.0,2565.4257955551943,1060.4453273404536,1084.0760181028456,1062.336666471116,2146.4126845739615,-21.739351631729733,397.27375934950305,419.0131109812328,2146.4126845739615,21.739351631729733,2543.6864439234646,2565.4257955551943,0.29583148111840113,0.35058613546911666,0.35358238341248216,0.0,3,-30,knife
2457.3294839113455,-729.0,1419.7,-1868.55,2504.844953784565,1047.75,-2231.7,442.7,3010.741924343566,-728.15,-1883.1,2233.45,0.0,0.0,0.0,0.0,1993.2290905098691,3010.741924343566,0.0,3010.741924343566,1171.0502274647315,1481.613227235173,975.7162566761722,2457.3294839113455,-505.89697055900115,47.515469873219445,553.4124404322206,2457.3294839113455,505.89697055900115,2504.844953784565,3010.741924343566,0.3082096151931486,0.3141692249163171,0.3776211598905343,0.0,3,-29,knife
2204.8732452229538,-528.55,1415.85,-1605.45,2520.1612994012903,1030.3,-2255.75,448.65,3698.8911710132807,-991.9,-1982.75,2960.85,0.0,0.0,0.0,0.0,2105.981428909381,3698.8911710132807,0.0,3698.8911710132807,1337.333520653618,1691.8015584174718,513.0716868054819,2204.8732452229538,-1178.7298716119903,315.28805417833655,1494.017925790327,2204.8732452229538,1178.7298716119903,2520.1612994012903,3698.8911710132807,0.26173939795432877,0.29916708485724863,0.43909351718842266,0.0,3,-29,knife
2938.712094608793,-976.5,1223.95,-2486.85,2496.0807223525444,1066.5,-2211.65,449.0,2767.434032185772,-144.85,-1855.2,2048.4,0.0,0.0,0.0,0.0,2050.5567122867774,2938.712094608793,0.0,2938.712094608793,1194.3625442869693,1605.0327022210104,1333.6793923877824,2938.712094608793,-271.35330983322774,442.6313722562486,171.27806242302086,2938.712094608793,271.35330983322774,2496.0807223525444,2767.434032185772,0.3582822261145299,0.30431744552542994,0.33740032836004014,0.0,1,-29,knife
2152.162889397547,-380.2,1446.6,-1547.45,2561.512827900731,1037.05,-2305.45,413.25,6384.9173134818275,33.5,-3004.2,5633.9,0.0,0.0,0.0,0.0,2774.6482576950266,6384.9173134818275,0.0,6384.9173134818275,2300.305977162593,2987.783687489322,-835.6207980917748,2152.162889397547,-3823.4044855810967,409.3499385031837,4232.75442408428,2152.162889397547,3823.4044855810967,2561.512827900731,6384.9173134818275,0.19391312785583545,0.23079617576721662,0.5752906963769479,0.0,3,-29,knife
2715.4662978943416,-618.9,1489.45,-2184.55,2499.0103506188207,1061.8,-2219.55,437.3,2878.3719638886146,-185.15,-1849.2,2198.0,0.0,0.0,0.0,0.0,2023.212153100444,2878.3719638886146,0.0,2878.3719638886146,1175.8279470427062,1547.4139555820675,1168.0523423122738,2715.4662978943416,-379.3616132697939,216.45594727552088,162.90566599427302,2715.4662978943416,379.3616132697939,2499.0103506188207,2878.3719638886146,0.3355389959640493,0.3087924253011784,0.35566857873477237,0.0,3,-29,knife
2392.406860256006,-497.6,1499.95,-1796.15,2524.0987287544835,1036.65,-2264.6,409.9,5084.91693786634,-399.15,-2697.05,4292.2,0.0,0.0,0.0,0.0,2500.3556317192074,5084.91693786634,0.0,5084.91693786634,1798.8852174485849,2476.6125346839317,-84.20567442792526,2392.406860256006,-2560.8182091118565,131.69186849847756,2692.510077610334,2392.406860256006,2560.8182091118565,2524.0987287544835,5084.91693786634,0.23920665823555493,0.2523739719996302,0.5084193697648148,0.0,3,-29,knife
2281.19510235315,-448.05,1482.05,-1675.3,2516.589097369692,1050.65,-2247.4,422.55,3069.422382550176,-101.35,-1893.7,2413.5,0.0,0.0,0.0,0.0,1966.8016455682546,3069.422382550176,0.0,3069.422382550176,1171.024198133841,1417.014193766817,864.1809085863333,2281.19510235315,-552.8332851804839,235.3939950165418,788.2272801970257,2281.19510235315,552.8332851804839,2516.589097369692,3069.422382550176,0.2899625271685773,0.31988343906466876,0.3901540337667539,0.0,3,-29,knife
2858.7779456439075,-270.3,1214.75,-2573.7,2511.564168999072,1073.95,-2225.5,449.15,2912.428971236895,300.65,-1822.8,2251.5,0.0,0.0,0.0,0.0,2070.6927714699686,2912.428971236895,0.0,2912.428971236895,1205.3769342749263,1629.8213739408654,1228.956571703042,2858.7779456439075,-400.8648022378229,347.21377664483543,53.65102559298748,2858.7779456439075,400.8648022378229,2511.564168999072,2912.428971236895,0.345147525629126,0.30322752409283443,0.3516249502780396,0.0,3,-29,knife
2011.201375422163,-48.45,1407.4,-1435.9,2556.2607745494197,1114.45,-2254.15,459.65,1723.5835597672658,948.05,-1325.75,560.65,0.0,0.0,0.0,0.0,1572.7614274347122,2556.2607745494197,0.0,2556.2607745494197,956.0107709898077,589.2620803200045,1421.9392951021587,2011.201375422163,832.6772147821539,545.0593991272567,287.6178156548972,2011.201375422163,832.6772147821539,2556.2607745494197,1723.5835597672658,0.3196926978783073,0.40633320635267395,0.2739740957690187,0.0,2,-30,knife
1373.4859536959234,-538.95,1019.0,-746.75,2499.5367705837016,1126.25,-2185.05,452.55,2852.467099284407,438.55,-1805.8,2164.1,0.0,0.0,0.0,0.0,1681.372455891008,2852.467099284407,0.0,2852.467099284407,1113.8517566629055,863.2081411983145,510.2778124976089,1373.4859536959234,-352.93032870070556,1126.0508168877782,1478.9811455884837,1373.4859536959234,352.93032870070556,2499.5367705837016,2852.467099284407,0.20422095486393485,0.3716512605261998,0.42412778460986533,0.0,3,-30,knife
2048.3305696346965,137.0,1362.85,-1523.0,2537.5670872905016,1098.8,-2239.65,464.6,2716.0065123265076,550.7,-1788.25,1968.65,0.0,0.0,0.0,0.0,1825.4760423129264,2716.0065123265076,0.0,2716.0065123265076,1081.9132469572294,1113.3849973353515,934.9455722993453,2048.3305696346965,-178.439425036006,489.2365176558051,667.6759426918111,2048.3305696346965,178.439425036006,2537.5670872905016,2716.0065123265076,0.28052005643407507,0.3475212805416138,0.37195866302431113,0.0,3,-30,knife
2045.552620931566,-74.75,1402.05,-1487.6,2572.1769704862845,1117.45,-2270.75,459.45,2443.1288801452943,874.75,-1733.15,1483.2,0.0,0.0,0.0,0.0,1765.214617890786,2572.1769704862845,0.0,2572.1769704862845,1037.4642197009425,958.252265295288,1087.300355636278,2045.552620931566,129.04809034099026,526.6243495547185,397.57625921372824,2045.552620931566,129.04809034099026,2572.1769704862845,2443.1288801452943,0.2897031046819323,0.36428671964541615,0.3460101756726517,0.0,2,-30,knife
1880.032689875365,-261.05,1389.25,-1239.5,2506.960748595797,1141.85,-2185.5,452.35,3297.630097888482,853.3,-1972.75,2500.9,0.0,0.0,0.0,0.0,1921.155884089911,3297.630097888482,0.0,3297.630097888482,1217.6185413140324,1335.3510195840247,544.6816702913402,1880.032689875365,-790.6693492926847,626.9280587204323,1417.597408013117,1880.032689875365,790.6693492926847,2506.960748595797,3297.630097888482,0.2446486390621515,0.32623078238435,0.42912057855349844,0.0,3,-29,knife
2796.541152030486,-40.15,1245.7,-2503.45,2517.1983066496764,1090.95,-2224.7,443.65,2769.1705892739797,408.55,-1796.8,2067.1,0.0,0.0,0.0,0.0,2020.7275119885353,2796.541152030486,0.0,2796.541152030486,1171.7376809327343,1524.2567173273944,1272.2844347030912,2796.541152030486,-251.97228262430326,279.34284538080965,27.370562756506388,2796.541152030486,251.97228262430326,2517.1983066496764,2769.1705892739797,0.3459819712750999,0.31142228377102904,0.3425957449538712,0.0,1,-30,knife
2185.739074661017,-174.3,1343.5,-1715.25,2566.100530961326,1107.1,-2269.65,455.95,2493.0651460601666,540.35,-1767.9,1672.7,0.0,0.0,0.0,0.0,1811.2261879206274,2566.100530961326,0.0,2566.100530961326,1055.4074858510867,1056.3518448799289,1129.387229781088,2185.739074661017,73.03538490115943,380.3614563003089,307.32607139914944,2185.739074661017,73.03538490115943,2566.100530961326,2493.0651460601666,0.30169327956360165,0.35419382571805264,0.34411289471834583,0.0,2,-30,knife
1878.9198978402458,-274.8,1367.8,-1258.55,2505.984386423826,1141.35,-2185.25,449.4,3046.974109670117,501.75,-1914.35,2316.8,0.0,0.0,0.0,0.0,1857.969598483547,3046.974109670117,0.0,3046.974109670117,1149.580884164262,1209.9548105432684,668.9650872969776,1878.9198978402458,-540.9897232462909,627.0644885835802,1168.054211829871,1878.9198978402458,540.9897232462909,2505.984386423826,3046.974109670117,0.2528189776858833,0.33719394392529095,0.4099870783888258,0.0,3,-29,knife
1495.9300401422522,-210.35,1249.2,-795.65,2506.9567113334847,1127.2,-2192.3,456.15,2857.6480040410856,356.45,-1811.3,2181.35,0.0,0.0,0.0,0.0,1715.1336888792057,2857.6480040410856,0.0,2857.6480040410856,1109.2854084484338,923.3106664249265,572.6193737173255,1495.9300401422522,-350.69129270760095,1011.0266711912325,1361.7179638988334,1495.9300401422522,350.69129270760095,2506.9567113334847,2857.6480040410856,0.2180486060418711,0.3654170994932346,0.41653429446489426,0.0,3,-30,knife
3039.5984590896214,-451.1,1519.85,-2593.4,2509.304647208067,1069.15,-2228.5,432.8,3127.747436255044,51.55,-1913.75,2473.4,0.0,0.0,0.0,0.0,2169.162635638183,3127.747436255044,0.0,3127.747436255044,1274.5103442699913,1829.0206240682992,1210.5778350213222,3039.5984590896214,-618.4427890469769,530.2938118815546,88.14897716542237,3039.5984590896214,618.4427890469769,2509.304647208067,3127.747436255044,0.3503193362672124,0.2892019950442549,0.3604786686885327,0.0,3,-29,knife
2372.8590255217437,-342.65,1450.85,-1846.1,2534.316253943063,1065.95,-2256.65,440.5,3733.7623257245496,501.0,-2013.05,3104.45,0.0,0.0,0.0,0.0,2160.234401297339,3733.7623257245496,0.0,3733.7623257245496,1353.490788739076,1786.1525486516148,586.7064768701289,2372.8590255217437,-1199.4460717814864,161.45722842131954,1360.903300202806,2372.8590255217437,1199.4460717814864,2534.316253943063,3733.7623257245496,0.2746066612142543,0.293291812733501,0.4321015260522447,0.0,3,-29,knife
2539.800923793044,-406.9,1466.6,-2033.25,2518.756414383892,1065.25,-2240.55,435.1,3524.917739820321,-78.6,-2002.65,2899.7,0.0,0.0,0.0,0.0,2145.868769499314,3524.917739820321,0.0,3524.917739820321,1303.9130124695816,1772.9811246147362,766.8197991783077,2539.800923793044,-1006.1613254364288,21.044509409151942,985.1168160272769,2539.800923793044,1006.1613254364288,2518.756414383892,3524.917739820321,0.29589425037226813,0.2934425033562959,0.410663246271436,0.0,3,-29,knife
2451.9579482527834,-555.1,1523.1,-1839.6,2508.0964988413025,1046.85,-2239.25,424.75,3049.9048030225467,-266.55,-1886.05,2381.95,0.0,0.0,0.0,0.0,2002.4898125291581,3049.9048030225467,0.0,3049.9048030225467,1179.4811717305777,1496.8831262170138,955.0748220357696,2451.9579482527834,-541.8083041812442,56.13855058851914,597.9468547697634,2451.9579482527834,541.8083041812442,2508.0964988413025,3049.9048030225467,0.30611366071769724,0.3131222544989579,0.38076408478334484,0.0,3,-29,knife
2696.70243445583,-688.0,1484.1,-2143.9,2506.661808561338,1061.6,-2227.2,442.65,3007.056336352879,-229.6,-1878.2,2337.1,0.0,0.0,0.0,0.0,2052.6051448425114,3007.056336352879,0.0,3007.056336352879,1198.4566877826876,1598.5484811236852,1098.1539533321443,2696.70243445583,-500.3945277915409,190.04062589449177,310.3539018970491,2696.70243445583,500.3945277915409,2506.661808561338,3007.056336352879,0.3284487570870258,0.30530248533914506,0.3662487575738293,0.0,3,-30,knife
2530.1107767250032,-603.1,1384.35,-2030.1,2513.3091030551736,1060.95,-2233.65,449.35,3140.5709620226703,-194.55,-1894.75,2497.05,0.0,0.0,0.0,0.0,2045.9977104507116,3140.5709620226703,0.0,3140.5709620226703,1207.988269067811,1578.6863178462497,951.4244588787531,2530.1107767250032,-627.2618589674967,16.801673669829597,610.4601852976671,2530.1107767250032,627.2618589674967,2513.3091030551736,3140.5709620226703,0.309153666668528,0.3071006739422888,0.38374565938918326,0.0,3,-29,knife
2504.5468861652403,-575.85,1372.35,-2014.4,2507.122588247332,1060.5,-2225.6,455.75,3122.6287399401167,-141.25,-1884.65,2485.75,0.0,0.0,0.0,0.0,2033.5745535881724,3122.6287399401167,0.0,3122.6287399401167,1200.7838236954503,1560.0265189290126,944.5203672362279,2504.5468861652403,-615.5061516927849,2.5757020820915386,618.0818537748764,2504.5468861652403,615.5061516927849,2507.122588247332,3122.6287399401167,0.3078995655391701,0.3082162126566248,0.383884221804205,0.0,3,-29,knife
2609.4704472363733,-600.05,1401.65,-2117.7,2506.5667580377744,1058.9,-2227.75,445.8,3033.0693496852327,-134.8,-1884.2,2373.0,0.0,0.0,0.0,0.0,2037.276638739845,3033.0693496852327,0.0,3033.0693496852327,1192.6586054357208,1567.986519441916,1041.4839277944575,2609.4704472363733,-526.5025916474583,102.90368919859884,423.59890244885946,2609.4704472363733,526.5025916474583,2506.5667580377744,3033.0693496852327,0.3202155266516061,0.3075879228149654,0.37219655053342854,0.0,3,-29,knife
2758.4434600875907,-616.1,1474.95,-2248.1,2509.6797290690297,1064.7,-2228.7,444.75,3003.4555656776415,-95.35,-1883.05,2337.9,0.0,0.0,0.0,0.0,2067.8946887085654,3003.4555656776415,0.0,3003.4555656776415,1206.5958546302506,1626.1096483481012,1132.3338117394894,2758.4434600875907,-493.7758366086118,248.76373101856097,245.01210559005085,2758.4434600875907,493.7758366086118,2509.6797290690297,3003.4555656776415,0.3334845187172327,0.3034100023048522,0.3631054789779152,0.0,3,-29,knife
3007.985316619747,-639.2,1555.35,-2494.05,2505.038132444295,1064.95,-2224.8,437.45,2906.531060387967,-40.2,-1858.25,2234.55,0.0,0.0,0.0,0.0,2104.8886273630023,3007.985316619747,0.0,3007.985316619747,1229.7245606833656,1704.7391222817096,1303.2461943380376,3007.985316619747,-401.49292794367193,502.9471841754521,101.45425623178016,3007.985316619747,401.49292794367193,2505.038132444295,2906.531060387967,0.3572618139407382,0.2975262087361124,0.34521197732314934,0.0,1,-29,knife
3056.895248859535,-637.5,1593.05,-2529.9,2508.53129589806,1067.85,-2227.0,439.2,2944.3846020858077,-16.8,-1857.65,2284.35,0.0,0.0,0.0,0.0,2127.4527867108504,3056.895248859535,0.0,3056.895248859535,1245.2426541908349,1746.3742775236412,1310.5209713358934,3056.895248859535,-435.8533061877479,548.3639529614752,112.51064677372733,3056.895248859535,435.8533061877479,2508.53129589806,2944.3846020858077,0.3592201044312774,0.29478107711339346,0.3459988184553293,0.0,1,-29,knife
2737.3311975352926,-471.05,1498.4,-2241.85,2511.659896363359,1065.55,-2231.1,441.85,3064.449316353592,15.25,-1888.8,2413.1,0.0,0.0,0.0,0.0,2078.360102563061,3064.449316353592,0.0,3064.449316353592,1215.9301243077507,1645.060308762763,1092.27088877253,2737.3311975352926,-552.789419990233,225.67130117193346,327.11811881829954,2737.3311975352926,552.789419990233,2511.659896363359,3064.449316353592,0.32926575069445135,0.3021203944958753,0.3686138548096734,0.0,3,-30,knife
2647.684446360631,-478.05,1479.25,-2143.25,2520.702736341594,1066.65,-2241.4,438.55,3561.8955504758983,136.5,-2008.55,2938.4,0.0,0.0,0.0,0.0,2182.5706832945307,3561.8955504758983,0.0,3561.8955504758983,1322.5747592001162,1844.4386302474675,803.2458161131633,2647.684446360631,-1041.1928141343042,126.98171001903665,914.2111041152675,2647.684446360631,1041.1928141343042,2520.702736341594,3561.8955504758983,0.30327591067566523,0.2887309395790864,0.4079931497452484,0.0,3,-29,knife
2198.1064379369805,-325.9,1420.2,-1645.75,2563.5209117539885,1066.95,-2287.8,446.35,3834.514387116053,534.35,-1982.2,3238.65,0.0,0.0,0.0,0.0,2149.0354342017554,3834.514387116053,0.0,3834.514387116053,1381.4303070261171,1734.5499566495225,463.5564812874579,2198.1064379369805,-1270.9934753620646,365.414473817008,1636.4079491790726,2198.1064379369805,1270.9934753620646,2563.5209117539885,3834.514387116053,0.25570849169751503,0.29821761788518286,0.44607389041730217,0.0,3,-29,knife
2938.573383038103,-51.95,1145.65,-2705.55,2502.3978610524746,1078.1,-2211.35,457.85,2770.994466793465,310.3,-1801.65,2082.35,0.0,0.0,0.0,0.0,2052.991427721011,2938.573383038103,0.0,2938.573383038103,1195.4626414401441,1603.5849943895469,1334.9883886485563,2938.573383038103,-268.5966057409905,436.1755219856286,167.5789162446381,2938.573383038103,268.5966057409905,2502.3978610524746,2770.994466793465,0.3578404351035407,0.3047258048990421,0.3374337599974171,0.0,1,-29,knife
1971.6798687920916,-143.55,1427.75,-1352.2,2563.854240689201,1132.95,-2250.25,475.55,2462.6559102927877,314.85,-2418.1,344.0,0.0,0.0,0.0,0.0,1749.5475049435202,2563.854240689201,0.0,2563.854240689201,1034.6349980528898,935.2407691978392,1036.4390995942526,1971.6798687920916,101.19833039641344,592.1743718971095,490.97604150069606,1971.6798687920916,101.19833039641344,2563.854240689201,2462.6559102927877,0.2817414021655477,0.3663596206225862,0.3518989772118661,0.0,2,-30,knife
1663.5964594816858,-521.1,1462.9,-596.6,2499.686547349487,1121.85,-2185.95,459.9,2808.6915499036204,424.2,-1783.85,2127.6,0.0,0.0,0.0,0.0,1742.9936391836982,2808.6915499036204,0.0,2808.6915499036204,1090.0260240655577,986.3007310179098,677.295728463776,1663.5964594816858,-309.0050025541336,836.090087867801,1145.0950904219346,1663.5964594816858,309.0050025541336,2499.686547349487,2808.6915499036204,0.23861195217281506,0.35853351543499795,0.40285453239218705,0.0,3,-30,knife
2108.1099858641155,-474.65,1405.5,-1497.8,2497.0304868983876,1005.3,-2241.4,447.95,5375.091602475254,-4073.15,-2452.5,2507.25,0.0,0.0,0.0,0.0,2495.058018809439,5375.091602475254,0.0,5375.091602475254,1915.0483434562989,2493.085550720491,-384.9755648563755,2108.1099858641155,-2878.0611155768665,388.9205010342721,3266.9816166111386,2108.1099858641155,2878.0611155768665,2497.0304868983876,5375.091602475254,0.21122855360193563,0.25019763749721236,0.5385738089008522,0.0,3,-29,knife
2333.461069420272,-1028.0,1320.75,-1626.0,2478.8079161161318,1046.85,-2200.8,452.85,2507.7605642285707,-652.25,-1975.25,1400.65,0.0,0.0,0.0,0.0,1830.0073874412437,2507.7605642285707,0.0,2507.7605642285707,1058.6175115028439,1181.2068587663555,1152.2542106539167,2333.461069420272,-28.952648112438965,145.34684669585977,174.29949480829873,2333.461069420272,28.952648112438965,2478.8079161161318,2507.7605642285707,0.31877754776211153,0.33863359420396316,0.34258885803392525,0.0,3,-29,knife
2314.0802168464256,-235.9,1395.0,-1831.2,2539.835897750089,1074.05,-2258.75,441.85,3951.198747215837,1271.9,-1952.7,3190.8,0.0,0.0,0.0,0.0,2201.278715453088,3951.198747215837,0.0,3951.198747215837,1417.3208215743546,1862.7215331560872,451.3586836903387,2314.0802168464256,-1411.3628494657482,225.75568090366323,1637.1185303694115,2314.0802168464256,1411.3628494657482,2539.835897750089,3951.198747215837,0.2628109062929498,0.288450058586438,0.4487390351206122,0.0,3,-29,knife
2017.0672063667091,-70.55,1415.5,-1435.25,2557.339616183193,1116.4,-2257.05,446.5,2297.366421579283,875.85,-1627.55,1364.5,0.0,0.0,0.0,0.0,1717.9433110322962,2557.339616183193,0.0,2557.339616183193,1010.0893058063683,878.5470058813996,1138.5202004853097,2017.0672063667091,259.9731946039101,540.2724098164838,280.2992152125737,2017.0672063667091,259.9731946039101,2557.339616183193,2297.366421579283,0.2935293605751566,0.37215133930212624,0.3343193001227172,0.0,2,-30,knife
1957.729844743651,338.2,1389.95,-1336.55,2509.639542842757,1096.3,-2210.65,457.65,2708.456176957641,431.1,-1790.5,1985.95,0.0,0.0,0.0,0.0,1793.9563911360124,2708.456176957641,0.0,2708.456176957641,1071.6358417518777,1078.273239429268,879.4566053143835,1957.729844743651,-198.81663411488444,551.9096980991058,750.7263322139902,1957.729844743651,198.81663411488444,2509.639542842757,2708.456176957641,0.2728229424105357,0.3497353050557631,0.3774417525337011,0.0,3,-29,knife
2065.644481753818,190.65,1305.75,-1589.2,2523.106914599538,1090.9,-2227.95,460.7,2899.4122878611106,423.95,-1797.55,2235.1,0.0,0.0,0.0,0.0,1872.0409210536168,2899.4122878611106,0.0,2899.4122878611106,1120.4238486062882,1220.9749275076952,844.669554246123,2065.644481753818,-376.30537326157264,457.46243284571983,833.7678061072925,2065.644481753818,376.30537326157264,2523.106914599538,2899.4122878611106,0.2758546112057259,0.336946015205091,0.38719937358918305,0.0,3,-29,knife
1999.5983727988978,-781.3,1452.6,-1130.45,2445.5282200375445,1014.05,-2182.15,436.5,2547.908191536736,669.2,-1659.45,-1813.9,0.0,0.0,0.0,0.0,1748.2586960932947,2547.908191536736,0.0,2547.908191536736,1030.1946668150508,1050.9891721490446,948.6092006498534,1999.5983727988978,-102.37997149919147,445.92984723864674,548.3098187378382,1999.5983727988978,102.37997149919147,2445.5282200375445,2547.908191536736,0.28594143093171126,0.3497091456633945,0.3643494234048942,0.0,3,-29,knife
1837.9001856738575,-6.0,1405.95,-1183.7,2408.0740717428107,1022.65,-2135.05,441.1,3109.786843579476,1949.5,-1701.2,1725.15,0.0,0.0,0.0,0.0,1838.9402752490362,3109.786843579476,0.0,3109.786843579476,1153.3285195758403,1269.8064787552617,568.0937069185961,1837.9001856738575,-701.7127718366655,570.1738860689532,1271.8866579056187,1837.9001856738575,701.7127718366655,2408.0740717428107,3109.786843579476,0.2498586020452679,0.327372523207245,0.42276887474748703,0.0,3,-29,knife
1863.0669855107196,27.35,1404.4,-1223.9,2416.0624334855256,1021.0,-2145.15,439.6,2192.431933949148,1153.4,-1807.15,458.95,0.0,0.0,0.0,0.0,1617.8903382363483,2416.0624334855256,0.0,2416.0624334855256,954.5754912218703,819.7182429871709,1043.3487425235487,1863.0669855107196,223.63049953637756,552.995447974806,329.3649484384284,1863.0669855107196,223.63049953637756,2416.0624334855256,2192.431933949148,0.28788523880141914,0.3733353207546903,0.33877944044389063,0.0,2,-29,knife
3117.8060419147305,-957.1,1505.55,-2556.95,2511.4224619724973,1069.3,-2228.7,443.55,2785.705715792679,408.9,-1793.75,2091.75,0.0,0.0,0.0,0.0,2103.7335549199765,3117.8060419147305,0.0,3117.8060419147305,1233.42350311187,1696.0446478674558,1421.7613940472745,3117.8060419147305,-274.28325382018147,606.3835799422332,332.1003261220517,3117.8060419147305,274.28325382018147,2511.4224619724973,2785.705715792679,0.37050866477638705,0.29844825834752975,0.33104307687608325,0.0,1,-29,knife
1791.9362439830275,-106.1,1402.7,-1110.05,2517.016996863549,1125.2,-2204.85,456.0,2677.4616598562156,272.1,-1774.2,1986.7,0.0,0.0,0.0,0.0,1746.603725175698,2677.4616598562156,0.0,2677.4616598562156,1062.1573228351697,976.1904534878468,815.7457904951805,1791.9362439830275,-160.4446629926665,725.0807528805217,885.5254158731882,1791.9362439830275,160.4446629926665,2517.016996863549,2677.4616598562156,0.25648866685583893,0.3602730488580563,0.38323828428610485,0.0,3,-30,knife
1917.1568878159137,-167.65,1412.4,-1285.5,2556.084625457459,1151.0,-2237.7,448.85,2070.793062452161,-189.35,-1646.25,1241.85,0.0,0.0,0.0,0.0,1636.0086439313836,2556.084625457459,0.0,2556.084625457459,973.5432605214805,715.9326624053078,1201.224225410606,1917.1568878159137,485.29156300529803,638.9277376415453,153.63617463624723,1917.1568878159137,485.29156300529803,2556.084625457459,2070.793062452161,0.2929625242090594,0.39059766507637483,0.3164398107145656,0.0,2,-30,knife
2188.3071567995203,-233.7,1356.4,-1701.25,2553.900519303757,1077.5,-2268.85,462.3,3057.3329296136526,523.4,-1695.65,2489.6,0.0,0.0,0.0,0.0,1949.8851514292323,3057.3329296136526,0.0,3057.3329296136526,1167.280204411434,1345.869783554708,842.4373732448121,2188.3071567995203,-503.43241030989566,365.59336250423667,869.0257728141323,2188.3071567995203,503.43241030989566,2553.900519303757,3057.3329296136526,0.28056872416248835,0.3274424287799453,0.3919888470575664,0.0,3,-29,knife
3059.27225047069,-275.75,909.2,-2908.0,2508.863290914832,1072.2,-2224.5,443.15,2807.751132579239,125.85,-1845.6,2112.2,0.0,0.0,0.0,0.0,2093.97166849119,3059.27225047069,0.0,3059.27225047069,1224.5548929840675,1679.0800460675487,1380.1922044031414,3059.27225047069,-298.887841664407,550.408959555858,251.521117891451,3059.27225047069,298.887841664407,2508.863290914832,2807.751132579239,0.3652475695474723,0.29953405395434407,0.33521837649818376,0.0,1,-30,knife
1725.0808278164823,3.7,1417.5,-983.15,2418.684374820328,1019.55,-2148.0,443.45,2522.8637765444255,1553.55,-1915.1,532.65,0.0,0.0,0.0,0.0,1666.657244795309,2522.8637765444255,0.0,2522.8637765444255,1009.9250115708146,914.63011477029,810.4507130461925,1725.0808278164823,-104.17940172409772,693.6035470038455,797.7829487279432,1725.0808278164823,104.17940172409772,2418.684374820328,2522.8637765444255,0.25876358699480956,0.3628047072026167,0.3784317058025737,0.0,3,-29,knife
2449.976228966314,-1279.15,1458.2,-1496.6,2498.8983797865812,1060.2,-2220.1,437.75,2924.2824636994287,63.15,-1871.55,2246.05,0.0,0.0,0.0,0.0,1968.289268113081,2924.2824636994287,0.0,2924.2824636994287,1151.2660412154405,1437.6801564395805,1012.2960725267333,2449.976228966314,-425.3840839128475,48.922150820267234,474.3062347331147,2449.976228966314,425.3840839128475,2498.8983797865812,2924.2824636994287,0.3111809159172786,0.3173947066965128,0.3714243773862085,0.0,3,-29,knife
2288.441118425379,58.65,1434.2,-1782.3,2542.223852260064,1093.05,-2254.05,432.9,2707.004961207127,672.5,-1762.0,1941.9,0.0,0.0,0.0,0.0,1884.4174829731426,2707.004961207127,0.0,2707.004961207127,1098.1374830776726,1226.6111136862207,1061.830004739158,2288.441118425379,-164.78110894706288,253.78273383468513,418.563842781748,2288.441118425379,164.78110894706288,2542.223852260064,2707.004961207127,0.3036006005971123,0.3372691926325512,0.3591302067703365,0.0,3,-30,knife
1988.0968317715312,52.5,1385.95,-1424.4,2533.5486224858605,1110.0,-2233.4,445.75,2558.043066486567,452.4,-1735.6,1823.9,0.0,0.0,0.0,0.0,1769.9221301859898,2558.043066486567,0.0,2558.043066486567,1046.9580432509647,1006.295637886119,981.8011938854124,1988.0968317715312,-24.494444000706608,545.4517907143293,569.9462347150359,1988.0968317715312,24.494444000706608,2533.5486224858605,2558.043066486567,0.2808169915874512,0.3578615944843328,0.361321413928216,0.0,3,-30,knife
2474.3558990169545,247.1,1443.45,-1994.45,2524.540927574754,1084.7,-2237.95,433.95,2957.2603055869126,457.05,-1851.3,2260.35,0.0,0.0,0.0,0.0,1989.0392830446553,2957.2603055869126,0.0,2957.2603055869126,1163.617575389442,1453.5376385145566,1020.8182605023978,2474.3558990169545,-432.7193780121588,50.18502855779934,482.90440656995816,2474.3558990169545,432.7193780121588,2524.540927574754,2957.2603055869126,0.3109988726855883,0.3173065696960994,0.37169455761831227,0.0,3,-30,knife
3508.77406689288,58.45,1656.1,-3092.8,2509.8664949554586,1074.9,-2225.25,438.5,2890.145905486434,255.25,-1844.55,2210.3,0.0,0.0,0.0,0.0,2227.196616833693,3508.77406689288,0.0,3508.77406689288,1334.3771533807642,1944.5267387119275,1564.2473281809523,3508.77406689288,-380.2794105309754,998.9075719374214,618.628161406446,3508.77406689288,380.2794105309754,2509.8664949554586,2890.145905486434,0.3938554459418528,0.28172933588185234,0.32441521817629493,0.0,1,-30,knife
2183.5234404512357,-196.95,1418.25,-1648.5,2559.7284011199313,1081.75,-2276.85,444.95,3905.115516217158,889.9,-2092.75,3174.65,0.0,0.0,0.0,0.0,2162.0918394470814,3905.115516217158,0.0,3905.115516217158,1402.7960301381443,1764.4552777742313,419.0681626770047,2183.5234404512357,-1345.3871150972268,376.20496066869555,1721.5920757659223,2183.5234404512357,1345.3871150972268,2559.7284011199313,3905.115516217158,0.2524781094647713,0.29597822285090103,0.45154366768432763,0.0,3,-29,knife
2606.8439371201334,-183.9,1535.0,-2098.95,2517.619159543397,1073.0,-2236.15,432.1,3374.585870888456,388.0,-2006.2,2685.6,0.0,0.0,0.0,0.0,2124.7622418879964,3374.585870888456,0.0,3374.585870888456,1271.1621657747269,1731.9053242325965,874.9386128875371,2606.8439371201334,-856.9667113450591,89.22477757673641,767.7419337683227,2606.8439371201334,856.9667113450591,2517.619159543397,3374.585870888456,0.30672183994616903,0.2962236326858765,0.3970545273679546,0.0,3,-29,knife
2233.3545682448184,-260.55,1467.85,-1662.95,2560.627513911385,1072.05,-2289.05,409.6,4389.815085513284,1262.35,-2431.4,3430.05,0.0,0.0,0.0,0.0,2295.9492919173717,4389.815085513284,0.0,4389.815085513284,1559.6177234563345,2031.271069923359,202.0834983214595,2233.3545682448184,-1829.1875716018994,327.27294566656656,2156.460517268466,2233.3545682448184,1829.1875716018994,2560.627513911385,4389.815085513284,0.24318422189321526,0.27882012931707406,0.47799564878971074,0.0,3,-29,knife
2055.7919708715663,4.05,1405.85,-1499.95,2534.013646865383,1106.8,-2236.85,439.0,2731.2383185104886,606.0,-1775.5,1984.95,0.0,0.0,0.0,0.0,1830.2609840618593,2731.2383185104886,0.0,2731.2383185104886,1084.8672111580815,1126.508321258336,929.2836496132302,2055.7919708715663,-197.22467164510545,478.2216759938169,675.4463476389224,2055.7919708715663,197.22467164510545,2534.013646865383,2731.2383185104886,0.2808058507466502,0.34612736502224134,0.3730667842311086,0.0,3,-30,knife
1826.499056254889,-292.2,1410.05,-1123.6,2410.1898441824037,999.85,-2147.35,445.2,13388.696761354331,8860.75,1261.55,-9957.55,0.0,0.0,0.0,0.0,4406.346415447906,13388.696761354331,0.0,13388.696761354331,5261.624272106416,6402.502986713408,-4576.003930458519,1826.499056254889,-10978.506917171928,583.6907879275147,11562.197705099443,1826.499056254889,10978.506917171928,2410.1898441824037,13388.696761354331,0.1036288845704171,0.13674536775709947,0.7596257476724834,0.0,3,-29,knife
1847.562121418384,-269.05,1388.3,-1189.0,2396.0736429625863,987.7,-2135.15,454.7,9024.02575988123,5336.05,2109.45,-6964.9,0.0,0.0,0.0,0.0,3316.91538106555,9024.02575988123,0.0,9024.02575988123,3412.4765577730755,4237.757119168514,-2390.1949977501295,1847.562121418384,-6627.952116918643,548.5115215442022,7176.463638462846,1847.562121418384,6627.952116918643,2396.0736429625863,9024.02575988123,0.13925303400601524,0.18059502336421185,0.680151942629773,0.0,3,-29,knife
1802.0725824727483,-373.8,1413.5,-1053.45,2436.902333906716,1020.55,-2166.6,450.35,2192.0268440418336,353.8,-2045.65,-703.65,0.0,0.0,0.0,0.0,1607.7504401053243,2436.902333906716,0.0,2436.902333906716,955.4441835953243,778.5985463039328,1023.4740361688152,1802.0725824727483,244.87548986488264,634.8297514339679,389.95426156908525,1802.0725824727483,244.87548986488264,2436.902333906716,2192.0268440418336,0.28021646542897133,0.37893044111794394,0.34085309345308484,0.0,2,-29,knife
1727.822335340066,-620.1,1383.9,-828.05,2445.2452254324107,1027.9,-2173.25,446.8,2289.3238182922046,-330.0,-2172.35,-642.65,0.0,0.0,0.0,0.0,1615.5978447661705,2445.2452254324107,0.0,2445.2452254324107,970.1768132597816,785.9504640999298,941.8718712401362,1727.822335340066,155.92140714020616,717.4228900923447,561.5014829521385,1727.822335340066,155.92140714020616,2445.2452254324107,2289.3238182922046,0.26736578365362607,0.3783808627490335,0.35425335359734034,0.0,2,-29,knife
2208.528638596294,-24.15,1393.85,-1712.95,2545.101306431632,1100.4,-2249.1,456.3,2689.693945879345,523.0,-1802.75,1926.4,0.0,0.0,0.0,0.0,1860.8309727268177,2689.693945879345,0.0,2689.693945879345,1088.4421543842213,1176.5606390220037,1031.9679995742904,2208.528638596294,-144.59263944771283,336.57266783533805,481.1653072830509,2208.528638596294,144.59263944771283,2545.101306431632,2689.693945879345,0.29671268790200334,0.34193074810847823,0.3613565639895185,0.0,3,-29,knife
2017.6532785639856,58.6,1372.55,-1477.7,2540.759524728777,1101.05,-2243.5,458.1,3119.948660234652,515.85,-1816.1,2483.9,0.0,0.0,0.0,0.0,1919.5903658818534,3119.948660234652,0.0,3119.948660234652,1174.8568706819447,1298.4212070349306,719.232071529055,2017.6532785639856,-579.1891355058751,523.1062461647912,1102.2953816706663,2017.6532785639856,579.1891355058751,2540.759524728777,3119.948660234652,0.26277133320018026,0.3308986607100365,0.40633000608978337,0.0,3,-29,knife
2112.965655778626,-549.0,1439.35,-1446.2,2496.6241977918903,1017.2,-2238.35,433.85,3640.7312527842537,-1897.85,-2096.1,2293.35,0.0,0.0,0.0,0.0,2062.5802765886924,3640.7312527842537,0.0,3640.7312527842537,1316.788775108716,1628.5363553854947,484.42930039313137,2112.965655778626,-1144.1070549923634,383.6585420132642,1527.7655970056276,2112.965655778626,1144.1070549923634,2496.6241977918903,3640.7312527842537,0.25610708098999013,0.30260933672858836,0.4412835822814215,0.0,3,-29,knife
3107.7680375150267,-664.05,1584.85,-2589.5,2506.2620069537825,1066.85,-2225.15,438.05,2772.785130964893,78.4,-1840.25,2072.6,0.0,0.0,0.0,0.0,2096.7037938584253,3107.7680375150267,0.0,3107.7680375150267,1229.1502764388433,1687.1455807630687,1420.622456751958,3107.7680375150267,-266.52312401111067,601.5060305612442,334.9829065501335,3107.7680375150267,266.52312401111067,2506.2620069537825,2772.785130964893,0.37055401514250214,0.29883358039116176,0.33061240446633616,0.0,1,-29,knife
2222.0887414772615,-442.25,1468.15,-1608.3,2570.8010468529064,1032.25,-2323.0,383.6,6171.041641408686,-76.3,-3258.9,5239.8,0.0,0.0,0.0,0.0,2740.9828574347134,6171.041641408686,0.0,6171.041641408686,2212.2671198623448,2911.1646680165204,-689.075926539259,2222.0887414772615,-3600.2405945557794,348.712305375645,3948.9528999314243,2222.0887414772615,3600.2405945557794,2570.8010468529064,6171.041641408686,0.20267262302006103,0.23447803037875617,0.5628493466011828,0.0,3,-29,knife
5398.323304740093,-2837.45,445.6,-4570.8,2489.4871349336195,1073.35,-2200.5,450.85,2598.353073583342,187.75,-1810.1,1854.65,0.0,0.0,0.0,0.0,2621.540878314264,5398.323304740093,0.0,5398.323304740093,1910.5609834423708,2753.594621694908,2644.7286830451853,5398.323304740093,-108.86593864972247,2908.836169806473,2799.9702311567507,5398.323304740093,108.86593864972247,2489.4871349336195,2598.353073583342,0.5148044180233602,0.23740685826482713,0.24778872371181254,0.0,1,-29,knife
5085.102416126936,-1657.6,1402.4,-4598.25,2498.005260703028,1072.3,-2210.55,451.3,2660.534779889186,132.25,-1817.25,1938.7,0.0,0.0,0.0,0.0,2560.9106141797874,5085.102416126936,0.0,5085.102416126936,1798.8669687281783,2623.8159676565474,2461.286448470389,5085.102416126936,-162.52951918615827,2587.097155423908,2424.56763623775,5085.102416126936,162.52951918615827,2498.005260703028,2660.534779889186,0.49641545354713607,0.2438590834517562,0.25972546300110777,0.0,1,-29,knife
3695.5183317093692,-1168.1,1177.8,-3302.3,2503.8066344068984,1071.6,-2218.0,448.55,2724.276281877446,161.1,-1830.3,2011.4,0.0,0.0,0.0,0.0,2230.9003119984286,3695.5183317093692,0.0,3695.5183317093692,1363.810823959949,1957.9939895899583,1737.5243421194111,3695.5183317093692,-220.46964747054744,1191.7116973024708,971.2420498319234,3695.5183317093692,220.46964747054744,2503.8066344068984,2724.276281877446,0.4141285820609958,0.28058253218898893,0.30528888575001517,0.0,1,-29,knife
3054.8343735790327,-517.7,1415.0,-2657.4,2518.8219672100686,1073.8,-2234.6,444.95,2854.622055544306,120.6,-1853.6,2167.6,0.0,0.0,0.0,0.0,2107.069599083352,3054.8343735790327,0.0,3054.8343735790327,1231.5006141873105,1695.3172309566348,1359.5171426223974,3054.8343735790327,-335.80008833423744,536.0124063689641,200.21231803472665,3054.8343735790327,335.80008833423744,2518.8219672100686,2854.622055544306,0.3624505776776419,0.298853674352504,0.33869574796985413,0.0,1,-29,knife
2919.220207949376,-513.9,1319.65,-2552.7,2511.1096033427134,1074.2,-2223.8,454.4,2797.83794294809,191.05,-1832.5,2105.55,0.0,0.0,0.0,0.0,2057.041938560045,2919.220207949376,0.0,2919.220207949376,1196.842624316218,1602.9742737773765,1316.2459341719996,2919.220207949376,-286.72833960537673,408.1106046066625,121.38226500128576,2919.220207949376,286.72833960537673,2511.1096033427134,2797.83794294809,0.35478374957110337,0.3051845414853965,0.34003170894350015,0.0,1,-29,knife
3071.74887889619,-181.65,1001.25,-2898.3,2504.475352743564,1077.1,-2214.6,455.85,2745.2185363828507,233.25,-1825.5,2037.0,0.0,0.0,0.0,0.0,2080.3606920056513,3071.74887889619,0.0,3071.74887889619,1217.8526537138096,1656.2460312677385,1415.5028476284517,3071.74887889619,-240.7431836392866,567.2735261526259,326.5303425133393,3071.74887889619,240.7431836392866,2504.475352743564,2745.2185363828507,0.36913657457336796,0.3009664817220985,0.3298969437045335,0.0,1,-30,knife
2760.002457426442,-130.05,682.0,-2671.25,2501.991734598658,1084.8,-2206.2,464.6,2733.6887121616464,294.75,-1819.9,2018.45,0.0,0.0,0.0,0.0,1998.9207260466867,2760.002457426442,0.0,2760.002457426442,1158.4357884582932,1495.8497174947152,1264.152739931727,2760.002457426442,-231.69697756298865,258.0107228277843,26.31374526479567,2760.002457426442,231.69697756298865,2501.991734598658,2733.6887121616464,0.3451865826221339,0.312917828855938,0.34189558852192803,0.0,1,-29,knife
2502.178966920632,39.7,772.7,-2379.55,2513.4849198871275,1080.95,-2221.5,462.7,2746.776114829893,304.6,-1811.75,2041.95,0.0,0.0,0.0,0.0,1940.6100004094128,2746.776114829893,0.0,2746.776114829893,1124.6573206141406,1367.7350809316983,1134.443885988933,2502.178966920632,-233.2911949427653,11.305952966495624,244.5971479092609,2502.178966920632,233.2911949427653,2513.4849198871275,2746.776114829893,0.3223443873824138,0.3238008821139815,0.35385473050360483,0.0,3,-31,knife
1885.071773832498,-231.6,1459.9,-1169.85,2510.889154761715,1137.05,-2191.15,458.85,3013.3406814530613,661.0,-1815.2,2312.65,0.0,0.0,0.0,0.0,1852.3254025118185,3013.3406814530613,0.0,3013.3406814530613,1141.6922106392901,1193.7616502619221,691.310123570576,1885.071773832498,-502.4515266913463,625.817380929217,1128.2689076205634,1885.071773832498,502.4515266913463,2510.889154761715,3013.3406814530613,0.25441962995220413,0.3388833775314074,0.40669699251638847,0.0,3,-30,knife
1851.6383758714874,-221.75,1396.1,-1195.95,2514.756750164914,1140.7,-2194.0,457.35,2937.587128069566,539.45,-1738.9,2305.35,0.0,0.0,0.0,0.0,1825.9955635264919,2937.587128069566,0.0,2937.587128069566,1123.0477650601374,1137.2343768880698,714.4039989834175,1851.6383758714874,-422.83037790465187,663.1183742934268,1085.9487521980786,1851.6383758714874,422.83037790465187,2514.756750164914,2937.587128069566,0.2535107988290333,0.3442994058140314,0.4021897953569353,0.0,3,-30,knife
1811.742390628425,78.2,1400.9,-1146.2,2517.3596817896328,1123.85,-2205.65,457.35,2995.89213549153,336.95,-1793.25,2376.15,0.0,0.0,0.0,0.0,1831.248551977397,2995.89213549153,0.0,2995.89213549153,1138.0899468542402,1145.137422165161,666.604968463264,1811.742390628425,-478.53245370189734,705.6172911612077,1184.149744863105,1811.742390628425,478.53245370189734,2517.3596817896328,2995.89213549153,0.24733704071357365,0.3436671225038468,0.4089958367825795,0.0,3,-30,knife
1920.523877747944,-88.15,1380.2,-1332.55,2535.3728606459445,1138.35,-2218.9,456.9,3079.834776818393,559.25,-1888.8,2367.5,0.0,0.0,0.0,0.0,1883.9328788030705,3079.834776818393,0.0,3079.834776818393,1162.4432666434848,1232.492896960196,688.0309807877479,1920.523877747944,-544.4619161724486,614.8489828980005,1159.310899070449,1920.523877747944,544.4619161724486,2535.3728606459445,3079.834776818393,0.2548556664832084,0.3364468141583628,0.40869751935842874,0.0,3,-30,knife
1917.5184125582732,-282.9,1398.3,-1281.25,2502.3584305610575,1140.95,-2179.1,459.95,2794.090561792871,556.45,-1760.95,2096.75,0.0,0.0,0.0,0.0,1803.4918512280506,2794.090561792871,0.0,2794.090561792871,1088.0355250652524,1104.6252718950432,812.89314066323,1917.5184125582732,-291.7321312318136,584.8400180027843,876.5721492345979,1917.5184125582732,291.7321312318136,2502.3584305610575,2794.090561792871,0.2658063593761983,0.3468768695651616,0.38731677105864004,0.0,3,-30,knife
1439.0245880456664,-607.8,1242.05,-398.35,2497.0148828150786,1131.15,-2176.75,466.2,2784.4421155771943,547.75,-1754.15,2091.9,0.0,0.0,0.0,0.0,1680.120396609485,2784.4421155771943,0.0,2784.4421155771943,1091.7617410162293,863.2259104038908,575.7986776417754,1439.0245880456664,-287.42723276211564,1057.9902947694122,1345.4175275315279,1439.0245880456664,287.42723276211564,2497.0148828150786,2784.4421155771943,0.21412521848875318,0.371552968444122,0.4143218130671248,0.0,3,-30,knife
1923.1883975575558,-272.35,1405.0,-1284.7,2506.46013433288,1142.25,-2182.95,460.8,2905.5924993880335,622.2,-1800.35,2194.1,0.0,0.0,0.0,0.0,1833.8102578196174,2905.5924993880335,0.0,2905.5924993880335,1114.9017381884146,1161.1603813063546,762.0280162512013,1923.1883975575558,-399.1323650551535,583.2717367753241,982.4041018304777,1923.1883975575558,399.1323650551535,2506.46013433288,2905.5924993880335,0.26218475839537075,0.34170112797179963,0.39611411363282956,0.0,3,-30,knife
2277.865247331369,-455.15,1357.55,-1771.6,2533.305165687703,1092.25,-2240.0,455.0,2747.331862007209,585.6,-1742.4,2041.8,0.0,0.0,0.0,0.0,1889.6255687565704,2747.331862007209,0.0,2747.331862007209,1103.5622260554264,1245.9459718254377,1031.9192755059314,2277.865247331369,-214.0266963195063,255.4399183563337,469.46661467584,2277.865247331369,214.0266963195063,2533.305165687703,2747.331862007209,0.3013646307758039,0.3351596749607242,0.36347569426347187,0.0,3,-30,knife
2149.7509390624764,-489.5,1374.6,-1578.7,2530.9550238003044,1089.2,-2237.95,459.3,2728.8966662371076,594.45,-1733.15,2022.3,0.0,0.0,0.0,0.0,1852.4006572749722,2728.8966662371076,0.0,2728.8966662371076,1089.5511308801672,1173.8462907496398,975.9046483128368,2149.7509390624764,-197.94164243680325,381.204084737828,579.1457271746312,2149.7509390624764,197.94164243680325,2530.9550238003044,2728.8966662371076,0.2901303952009132,0.341577699978192,0.36829190482089474,0.0,3,-30,knife
2211.5926506705523,-459.9,1337.2,-1700.45,2526.8991521230123,1091.0,-2230.35,469.55,2662.6519966003816,594.7,-1701.25,1960.05,0.0,0.0,0.0,0.0,1850.2859498484866,2662.6519966003816,0.0,2662.6519966003816,1080.7225184654399,1173.672747573961,1037.9199030965915,2211.5926506705523,-135.7528444773693,315.30650145246,451.0593459298293,2211.5926506705523,135.7528444773693,2526.8991521230123,2662.6519966003816,0.2988176842141146,0.34142008595075957,0.35976222983512585,0.0,3,-30,knife
2186.4689095662898,-402.35,1352.6,-1670.1,2536.2151845811504,1095.75,-2237.6,474.2,2622.106463322952,615.55,-1682.0,1915.05,0.0,0.0,0.0,0.0,1836.1976393675982,2622.106463322952,0.0,2622.106463322952,1072.6123457152914,1136.1800941540455,1050.288815412244,2186.4689095662898,-85.89127874180167,349.74627501486066,435.6375537566623,2186.4689095662898,85.89127874180167,2536.2151845811504,2622.106463322952,0.297689756087385,0.34530803359689594,0.357002210315719,0.0,3,-30,knife
2143.6271865695303,-296.3,1357.85,-1632.05,2572.413410593251,1108.65,-2272.1,475.15,2474.7760408772347,817.95,-1487.6,1800.7,0.0,0.0,0.0,0.0,1797.7041595100038,2572.413410593251,0.0,2572.413410593251,1050.000445478682,1022.9949084267569,1120.632278142773,2143.6271865695303,97.63736971601611,428.7862240237205,331.14885430770437,2143.6271865695303,97.63736971601611,2572.413410593251,2474.7760408772347,0.2981062227660715,0.35773592069987864,0.3441578565340499,0.0,2,-30,knife
2151.8341862234647,-301.0,1378.75,-1624.45,2567.697326886485,1111.25,-2268.0,463.0,2592.149533205984,808.3,-1573.05,1895.1,0.0,0.0,0.0,0.0,1827.9202615789834,2592.149533205984,0.0,2592.149533205984,1069.7580566693673,1088.1431962714819,1063.6909899519828,2151.8341862234647,-24.452206319499055,415.8631406630202,440.31534698251926,2151.8341862234647,24.452206319499055,2567.697326886485,2592.149533205984,0.2943008827371769,0.3511774256318587,0.3545216916309643,0.0,3,-30,knife
2044.1550295904663,-77.35,1377.65,-1508.2,2547.958606414162,1134.1,-2234.3,462.4,2577.2468362576374,50.5,-1670.45,1961.95,0.0,0.0,0.0,0.0,1792.3401180655665,2577.2468362576374,0.0,2577.2468362576374,1056.2825976852555,1036.7216297169707,1007.4333998734955,2044.1550295904663,-29.288229843475165,503.80357682369595,533.0918066671711,2044.1550295904663,29.288229843475165,2547.958606414162,2577.2468362576374,0.28512376208438023,0.3553955218561026,0.35948071605951715,0.0,3,-30,knife
2012.488229779245,-10.15,1376.05,-1468.5,2528.228230401678,1126.4,-2215.15,465.05,2648.10911689832,163.55,-1678.45,2041.7,0.0,0.0,0.0,0.0,1797.206394269811,2648.10911689832,0.0,2648.10911689832,1064.7447417788478,1066.1845581379434,946.3036716413019,2012.488229779245,-119.88088649664178,515.740000622433,635.6208871190747,2012.488229779245,119.88088649664178,2528.228230401678,2648.10911689832,0.27994673235581563,0.3516886316539168,0.3683646359902674,0.0,3,-30,knife
1968.136694312669,-145.65,1405.75,-1369.75,2542.586219285395,1141.75,-2222.9,468.9,3193.3442368463816,331.05,-1675.5,2698.25,0.0,0.0,0.0,0.0,1926.0167876111113,3193.3442368463816,0.0,3193.3442368463816,1193.481407517593,1309.4473559368278,658.6893383758413,1968.136694312669,-650.7580175609864,574.4495249727261,1225.2075425337125,1968.136694312669,650.7580175609864,2542.586219285395,3193.3442368463816,0.25546722995517085,0.3300316793239158,0.41450109072091335,0.0,3,-30,knife
1844.1575549556496,-143.15,1391.05,-1202.25,2517.0413554409474,1141.15,-2196.8,455.35,2794.82088558462,549.6,-1776.25,2086.6,0.0,0.0,0.0,0.0,1789.0049489953044,2794.82088558462,0.0,2794.82088558462,1089.1835502890729,1060.9685425496612,783.1890124059885,1844.1575549556496,-277.7795301436727,672.8838004852978,950.6633306289705,1844.1575549556496,277.7795301436727,2517.0413554409474,2794.82088558462,0.25770716229590623,0.3517376177263378,0.3905552199777559,0.0,3,-30,knife
1803.4230251108584,-452.55,1362.45,-1091.45,2492.0640641845466,1125.2,-2175.5,459.9,2776.1908895103015,522.15,-1771.35,2072.9,0.0,0.0,0.0,0.0,1767.9194947014266,2776.1908895103015,0.0,2776.1908895103015,1080.2541834585286,1043.7749252183066,759.6480998925517,1803.4230251108584,-284.1268253257549,688.6410390736883,972.7678643994432,1803.4230251108584,284.1268253257549,2492.0640641845466,2776.1908895103015,0.2550205241974872,0.35240067090914345,0.39257880489336927,0.0,3,-30,knife
1959.2313607637052,-277.85,1419.05,-1322.0,2504.0879387513532,1144.15,-2177.35,469.6,2652.956869702182,507.75,-1709.7,1964.0,0.0,0.0,0.0,0.0,1779.0690423043102,2652.956869702182,0.0,2652.956869702182,1059.1125357295252,1054.0501458572667,905.1812149064383,1959.2313607637052,-148.8689309508286,544.856577987648,693.7255089384767,1959.2313607637052,148.8689309508286,2504.0879387513532,2652.956869702182,0.2753169374227943,0.3518817818767694,0.3728012807004363,0.0,3,-30,knife
1822.3526668842119,-185.75,1403.3,-1147.7,2507.8550202314327,1133.1,-2189.7,458.95,2988.593855394205,617.0,-1694.65,2383.1,0.0,0.0,0.0,0.0,1829.7003856274623,2988.593855394205,0.0,2988.593855394205,1134.767076632784,1151.545751023492,670.8069158607195,1822.3526668842119,-480.7388351627724,685.5023533472208,1166.2411885099932,1822.3526668842119,480.7388351627724,2507.8550202314327,2988.593855394205,0.24899604891585425,0.3426592462802878,0.40834470480385804,0.0,3,-30,knife
1936.920558515501,-187.5,1411.2,-1313.4,2538.9183587701277,1145.1,-2215.0,478.15,3233.9051106982097,555.25,-1764.0,2652.95,0.0,0.0,0.0,0.0,1927.4360069959596,3233.9051106982097,0.0,3233.9051106982097,1203.7308361134856,1315.9536552217917,620.9669032937095,1936.920558515501,-694.986751928082,601.9978002546268,1296.9845521827087,1936.920558515501,694.986751928082,2538.9183587701277,3233.9051106982097,0.25123020316694245,0.3293129252481909,0.41945687158486666,0.0,3,-30,knife
2020.1634494515536,31.1,1355.3,-1497.75,2532.4994230009215,1125.95,-2222.65,453.45,2741.9898477200827,152.75,-1773.6,2085.55,0.0,0.0,0.0,0.0,1823.6631800431396,2741.9898477200827,0.0,2741.9898477200827,1085.1419766578679,1114.8269370853573,905.3365123661963,2020.1634494515536,-209.49042471916118,512.335973549368,721.8263982685291,2020.1634494515536,209.49042471916118,2532.4994230009215,2741.9898477200827,0.2769375770096655,0.34717203411172315,0.3758903888786113,0.0,3,-30,knife
2003.5621839613564,-24.4,1377.45,-1454.75,2540.1453309800995,1135.2,-2223.2,470.15,2739.095373020078,-98.0,-1664.6,2173.05,0.0,0.0,0.0,0.0,1820.7007219903835,2739.095373020078,0.0,2739.095373020078,1085.0620620239638,1101.2561130006673,902.3060709606889,2003.5621839613564,-198.9500420399786,536.5831470187431,735.5331890587217,2003.5621839613564,198.9500420399786,2540.1453309800995,2739.095373020078,0.2751086655487055,0.34878677482524717,0.3761045596260473,0.0,3,-30,knife
2015.8546977646974,-69.0,1385.8,-1462.35,2544.0992973938733,1134.35,-2229.75,462.5,2706.7231009100283,-107.05,-1630.05,2158.2,0.0,0.0,0.0,0.0,1816.6692740171497,2706.7231009100283,0.0,2706.7231009100283,1079.5036287419332,1089.239250640426,926.615447124271,2015.8546977646974,-162.62380351615502,528.2445996291758,690.8684031453308,2015.8546977646974,162.62380351615502,2544.0992973938733,2706.7231009100283,0.27741079878935454,0.35010490541409583,0.3724842957965496,0.0,3,-30,knife
2021.017356432151,-85.1,1387.35,-1467.15,2544.280715644404,1135.4,-2227.6,471.2,2664.981768230319,-119.0,-1583.85,2139.95,0.0,0.0,0.0,0.0,1807.5699600767186,2664.981768230319,0.0,2664.981768230319,1071.303726507217,1070.8592045090331,950.1581519231181,2021.017356432151,-120.70105258591502,523.2633592122531,643.9644117981682,2021.017356432151,120.70105258591502,2544.280715644404,2664.981768230319,0.279521318824414,0.351892426273838,0.36858625490174796,0.0,3,-30,knife
2016.8423147336036,-85.45,1388.9,-1459.9,2539.932306676696,1134.4,-2223.65,468.8,2646.1120601743232,-114.9,-1562.35,2132.55,0.0,0.0,0.0,0.0,1800.7216703961558,2646.1120601743232,0.0,2646.1120601743232,1066.5861361210727,1061.5110341156153,955.3312806179883,2016.8423147336036,-106.17975349762719,523.0899919430924,629.2697454407196,2016.8423147336036,106.17975349762719,2539.932306676696,2646.1120601743232,0.2800047264230876,0.3526269978910615,0.36736827568585084,0.0,3,-30,knife
2018.0056057900335,-89.75,1391.0,-1459.25,2542.2898536555585,1133.5,-2226.4,470.7,2649.725526823486,-102.15,-1564.85,2135.85,0.0,0.0,0.0,0.0,1802.5052465672695,2649.725526823486,0.0,2649.725526823486,1067.7697594624356,1062.7206394789805,955.2849663110533,2018.0056057900335,-107.43567316792723,524.284247865525,631.7199210334522,2018.0056057900335,107.43567316792723,2542.2898536555585,2649.725526823486,0.27988900582025594,0.3526050560042961,0.3675059381754479,0.0,3,-30,knife
2009.6773254679467,-88.3,1389.75,-1449.0,2541.8609531207644,1133.75,-2225.55,471.8,2664.5963601453786,-155.7,-1557.35,2156.5,0.0,0.0,0.0,0.0,1804.0336596835225,2664.5963601453786,0.0,2664.5963601453786,1070.2551143203552,1066.2063662462804,943.4709592216664,2009.6773254679467,-122.73540702461423,532.1836276528177,654.9190346774319,2009.6773254679467,122.73540702461423,2541.8609531207644,2664.5963601453786,0.27849775899143975,0.352246885677105,0.3692553553314552,0.0,3,-30,knife
2019.9852103418973,-86.2,1389.0,-1464.1,2538.431403938267,1129.85,-2224.4,468.1,2658.088219943048,-9.6,-1615.05,2111.15,0.0,0.0,0.0,0.0,1804.126208555803,2658.088219943048,0.0,2658.088219943048,1068.8687620456794,1069.821013173339,950.1641971685581,2019.9852103418973,-119.65681600478092,518.4461935963698,638.1030096011507,2019.9852103418973,119.65681600478092,2538.431403938267,2658.088219943048,0.27991184884438997,0.3517535790872237,0.3683345720683863,0.0,3,-30,knife
1940.2398679029354,76.0,1374.15,-1367.65,2515.7796470478092,1120.6,-2204.5,462.15,2739.3948756979157,198.0,-1715.85,2126.25,0.0,0.0,0.0,0.0,1798.8535976621652,2739.3948756979157,0.0,2739.3948756979157,1078.7104800653813,1081.9275482765208,858.3123196264144,1940.2398679029354,-223.61522865010647,575.5397791448738,799.1550077949803,1940.2398679029354,223.61522865010647,2515.7796470478092,2739.3948756979157,0.26964949654943005,0.3496365199365556,0.38071398351401436,0.0,3,-30,knife
1986.9146641212349,-47.9,1385.5,-1423.35,2530.3499076214734,1132.3,-2216.25,456.95,2830.147349520869,128.5,-1639.1,2303.6,0.0,0.0,0.0,0.0,1836.8529803158945,2830.147349520869,0.0,2830.147349520869,1102.737397606346,1143.3560530103152,843.5586111109199,1986.9146641212349,-299.7974418993954,543.4352435002386,843.232685399634,1986.9146641212349,299.7974418993954,2530.3499076214734,2830.147349520869,0.2704237472205769,0.3443865587961093,0.38518969398331376,0.0,3,-30,knife
1881.7500112926796,-86.2,1422.75,-1228.55,2512.724440721664,1129.9,-2195.45,465.95,3059.024682394701,607.05,-1697.95,2471.05,0.0,0.0,0.0,0.0,1863.374783602261,3059.024682394701,0.0,3059.024682394701,1153.6612252781258,1214.0251264828585,667.7248848098211,1881.7500112926796,-546.3002416730369,630.9744294289844,1177.2746711020213,1881.7500112926796,546.3002416730369,2512.724440721664,3059.024682394701,0.2524653155999696,0.33712010901318595,0.4104145753868445,0.0,3,-30,knife
1926.7182033187937,-227.05,1415.65,-1287.1,2521.650315765451,1146.3,-2196.65,468.45,3078.5169859040893,750.3,-1799.05,2382.8,0.0,0.0,0.0,0.0,1881.7213762470833,3078.5169859040893,0.0,3078.5169859040893,1160.2509244985679,1241.7924367287162,684.9257665900775,1926.7182033187937,-556.8666701386383,594.9321124466574,1151.7987825852956,1926.7182033187937,556.8666701386383,2521.650315765451,3078.5169859040893,0.2559781468765387,0.3350190877879389,0.40900276533552254,0.0,3,-30,knife
1918.4751770611992,-215.35,1429.35,-1261.4,2525.1308466097357,1145.0,-2201.3,468.55,3913.7028112773205,1125.05,-2263.05,2988.3,0.0,0.0,0.0,0.0,2089.3272087370638,3913.7028112773205,0.0,3913.7028112773205,1406.480514602314,1653.523570864392,264.951606196807,1918.4751770611992,-1388.5719646675848,606.6556695485365,1995.2276342161213,1918.4751770611992,1388.5719646675848,2525.1308466097357,3913.7028112773205,0.22955657316845796,0.3021464081894696,0.4682970186420725,0.0,3,-30,knife
1930.4484025738684,-176.9,1400.35,-1316.95,2537.273175083834,1139.55,-2219.15,463.2,3259.872453793246,413.55,-1696.5,2752.75,0.0,0.0,0.0,0.0,1931.898507862737,3259.872453793246,0.0,3259.872453793246,1210.601837545165,1326.5238406416402,603.924561932228,1930.4484025738684,-722.5992787094124,606.8247725099654,1329.4240512193778,1930.4484025738684,722.5992787094124,2537.273175083834,3259.872453793246,0.24981234711826647,0.3283393466009278,0.4218483062808058,0.0,3,-30,knife
2062.3301099726978,-169.65,1409.4,-1496.0,2568.6423515156794,1155.8,-2248.5,454.2,4171.132111609509,-1695.1,-1973.6,3260.35,0.0,0.0,0.0,0.0,2200.5261432744715,4171.132111609509,0.0,4171.132111609509,1489.9841338133704,1832.4099350332635,229.92017493943422,2062.3301099726978,-1602.4897600938293,506.3122415429816,2108.802001636811,2062.3301099726978,1602.4897600938293,2568.6423515156794,4171.132111609509,0.2342996601376282,0.2918213854634597,0.4738789543989121,0.0,3,-30,knife
2059.3831758563047,-122.75,1396.25,-1508.8,2558.6789960837214,1146.75,-2242.45,450.8,2530.721628804717,96.85,-1680.2,1890.0,0.0,0.0,0.0,0.0,1787.1959501861857,2558.6789960837214,0.0,2558.6789960837214,1050.7344782403861,1015.71290428865,1043.6702715676545,2059.3831758563047,27.957367279004302,499.2958202274167,471.3384529484124,2059.3831758563047,27.957367279004302,2558.6789960837214,2530.721628804717,0.2880746198593617,0.3579180833272877,0.35400729681335064,0.0,2,-30,knife
2043.4846396535502,-87.6,1384.65,-1500.3,2544.9274115384906,1131.8,-2232.3,461.0,2488.7190269293155,-235.95,-1562.95,1922.3,0.0,0.0,0.0,0.0,1769.282769530339,2544.9274115384906,0.0,2544.9274115384906,1039.8030250090897,993.6381275221875,1049.8465121313627,2043.4846396535502,56.20838460917503,501.4427718849404,445.23438727576536,2043.4846396535502,56.20838460917503,2544.9274115384906,2488.7190269293155,0.2887447776643412,0.35959873901530853,0.3516564833203503,0.0,2,-30,knife
2022.3001687435028,-120.5,1399.6,-1454.75,2538.796322078634,1130.55,-2224.65,467.2,2850.7573848891457,187.55,-1623.55,2335.75,0.0,0.0,0.0,0.0,1852.9634689278205,2850.7573848891457,0.0,2850.7573848891457,1109.967109453689,1167.1306157770073,855.1695529664955,2022.3001687435028,-311.9610628105115,516.4961533351313,828.4572161456429,2022.3001687435028,311.9610628105115,2538.796322078634,2850.7573848891457,0.2728467401887941,0.34253189075924645,0.38462136905195954,0.0,3,-30,knife
1888.0044299471333,-73.25,1428.55,-1232.25,2515.801329596596,1127.6,-2200.9,462.4,2983.7445948840864,375.85,-1702.65,2421.25,0.0,0.0,0.0,0.0,1846.887588606954,2983.7445948840864,0.0,2983.7445948840864,1134.9640748938227,1177.9738476173118,710.0305823298215,1888.0044299471333,-467.94326528749025,627.7968996494628,1095.740164936953,1888.0044299471333,467.94326528749025,2515.801329596596,2983.7445948840864,0.25556569354759595,0.3405460821107934,0.40388822434161054,0.0,3,-30,knife
1891.2834927635784,-53.0,1397.9,-1272.8,2520.3235590891895,1128.2,-2207.0,456.45,3146.6361574703865,270.25,-1804.15,2563.85,0.0,0.0,0.0,0.0,1889.5608023307886,3146.6361574703865,0.0,3146.6361574703865,1177.7672835900248,1258.7980455723875,632.4854471911906,1891.2834927635784,-626.312598381197,629.0400663256112,1255.3526647068081,1891.2834927635784,626.312598381197,2520.3235590891895,3146.6361574703865,0.2502279220693328,0.3334536200132261,0.4163184579174411,0.0,3,-30,knife
1925.1589012338695,-71.3,1400.45,-1319.05,2524.5463859869956,1130.85,-2210.9,454.35,3320.331629897833,248.75,-1922.9,2695.4,0.0,0.0,0.0,0.0,1942.5092292796744,3320.331629897833,0.0,3320.331629897833,1225.8471518865167,1360.4720725723535,564.6868286615161,1925.1589012338695,-795.7852439108374,599.387484753126,1395.1727286639634,1925.1589012338695,795.7852439108374,2524.5463859869956,3320.331629897833,0.24776702115692922,0.3249079010712286,0.42732507777184225,0.0,3,-30,knife
1920.971117039504,-67.9,1415.75,-1296.6,2520.120764467449,1124.45,-2206.95,464.75,2908.5182077821005,288.4,-1636.55,2387.05,0.0,0.0,0.0,0.0,1837.4025223222634,2908.5182077821005,0.0,2908.5182077821005,1117.6341920386046,1154.6842801770779,766.2868368624261,1920.971117039504,-388.39744331465135,599.1496474279452,987.5470907425965,1920.971117039504,388.39744331465135,2520.120764467449,2908.5182077821005,0.2613704800257403,0.3428917634882624,0.3957377564859973,0.0,3,-30,knife
1933.4732898336092,-88.5,1422.1,-1306.95,2524.8189643021933,1132.7,-2207.7,466.65,3015.3080311139024,267.9,-1620.1,2528.95,0.0,0.0,0.0,0.0,1868.400071312426,3015.3080311139024,0.0,3015.3080311139024,1144.7092405474502,1211.9811783226592,721.4921115109498,1933.4732898336092,-490.4890668117091,591.3456744685841,1081.8347412802932,1933.4732898336092,490.4890668117091,2524.8189643021933,3015.3080311139024,0.25870707771856827,0.33783168324981344,0.4034612390316184,0.0,3,-30,knife
1942.7002091161673,-97.3,1402.5,-1340.75,2528.54006345559,1133.3,-2213.95,455.6,3139.563413119729,252.2,-1585.15,2698.25,0.0,0.0,0.0,0.0,1902.7009214228715,3139.563413119729,0.0,3139.563413119729,1177.2185645055704,1276.861779390153,665.8384297260143,1942.7002091161673,-611.023349664139,585.8398543394226,1196.8632040035616,1942.7002091161673,611.023349664139,2528.54006345559,3139.563413119729,0.2552555931469492,0.33223036197994604,0.4125140448731048,0.0,3,-31,knife
1958.9780875497306,-132.05,1415.15,-1348.15,2539.981085067367,1141.6,-2220.25,467.7,3422.8285894125634,296.8,-1480.65,3071.7,0.0,0.0,0.0,0.0,1980.446940507415,3422.8285894125634,0.0,3422.8285894125634,1256.6000035651034,1420.9127959474633,538.065291602267,1958.9780875497306,-882.8475043451963,581.0029975176365,1463.8505018628327,1958.9780875497306,882.8475043451963,2539.981085067367,3422.8285894125634,0.24728989798734724,0.3206323069196432,0.4320777950930097,0.0,3,-29,knife
1959.9655443400018,-125.85,1410.1,-1355.45,2534.7169555987903,1137.6,-2215.85,469.75,3164.5661511493167,226.25,-1640.95,2696.4,0.0,0.0,0.0,0.0,1914.812162772027,3164.5661511493167,0.0,3164.5661511493167,1184.7691157142438,1294.9073699452642,665.0581743947375,1959.9655443400018,-629.8491955505265,574.7514112587885,1204.600606809315,1959.9655443400018,629.8491955505265,2534.7169555987903,3164.5661511493167,0.25589527558444786,0.3309354573883297,0.41316926702722256,0.0,3,-29,knife
1895.1007743653106,-23.4,1396.25,-1281.15,2516.9200732244162,1127.9,-2202.35,460.85,2886.006768010082,286.55,-1696.8,2316.85,0.0,0.0,0.0,0.0,1824.5069038999522,2886.006768010082,0.0,2886.006768010082,1111.3085637532945,1132.0937345754883,763.0070397898226,1895.1007743653106,-369.0866947856657,621.8192988591056,990.9059936447713,1895.1007743653106,369.0866947856657,2516.9200732244162,2886.006768010082,0.2596730067606844,0.3448767538018635,0.39545023943745206,0.0,3,-29,knife
1978.693884232728,-152.65,1413.75,-1375.95,2546.0603591627596,1147.05,-2225.3,463.4,4343.170275559088,632.15,-1574.9,3997.9,0.0,0.0,0.0,0.0,2216.981129738644,4343.170275559088,0.0,4343.170275559088,1549.2546243299605,1887.9019003145281,90.7919839182,1978.693884232728,-1797.1099163963281,567.3664749300317,2364.4763913263596,1978.693884232728,1797.1099163963281,2546.0603591627596,4343.170275559088,0.22312931058483937,0.28710893442098334,0.4897617549941772,0.0,3,-29,knife
1939.1664201403655,-201.0,1410.05,-1315.95,2533.8944364357408,1153.3,-2209.15,458.45,4029.6626685741326,1449.4,-2401.6,2893.05,0.0,0.0,0.0,0.0,2125.6808812875597,4029.6626685741326,0.0,4029.6626685741326,1444.3936276353284,1717.4673261393784,221.6990940009871,1939.1664201403655,-1495.7682321383918,594.7280162953753,2090.496248433767,1939.1664201403655,1495.7682321383918,2533.8944364357408,4029.6626685741326,0.22806415078703873,0.2980097411071552,0.47392610810580604,0.0,3,-29,knife
1831.869150621845,-287.4,1453.95,-1076.65,2499.2804049365886,1125.0,-2183.2,463.05,2820.9250034341576,563.85,-1742.5,2145.55,0.0,0.0,0.0,0.0,1788.0186397481477,2820.9250034341576,0.0,2820.9250034341576,1092.2136212930982,1076.7568745597068,755.1122760621379,1831.869150621845,-321.64459849756895,667.4112543147437,989.0558528123127,1831.869150621845,321.64459849756895,2499.2804049365886,2820.9250034341576,0.2561311596393472,0.3494483152156381,0.39442052514501474,0.0,3,-29,knife
1897.5567257660573,-216.65,1426.05,-1232.95,2516.121005138664,1138.9,-2194.2,468.25,4441.308312592136,1432.35,-1125.45,4050.55,0.0,0.0,0.0,0.0,2213.7465108742144,4441.308312592136,0.0,4441.308312592136,1585.4109490814183,1911.3720166097648,-13.815290843707317,1897.5567257660573,-1925.187307453472,618.5642793726065,2543.7515868260784,1897.5567257660573,1925.187307453472,2516.121005138664,4441.308312592136,0.21429245810721878,0.2841473710719753,0.5015601708208058,0.0,3,-29,knife
1966.4990401726618,-166.9,1406.25,-1364.45,2546.3697271802457,1146.05,-2227.85,455.25,6680.395192464291,3251.55,-1605.95,5610.35,0.0,0.0,0.0,0.0,2798.3159899542998,6680.395192464291,0.0,6680.395192464291,2431.897801690295,3050.2622527283534,-1083.7632125556916,1966.4990401726618,-4134.025465284045,579.8706870075839,4713.896152291629,1966.4990401726618,4134.025465284045,2546.3697271802457,6680.395192464291,0.17568593461498047,0.2274912604867965,0.5968228048982229,0.0,3,-29,knife
1961.1971911309681,-162.15,1411.8,-1351.6,2542.052265886758,1143.65,-2220.4,473.2,3151.126454143026,449.9,-685.4,3042.6,0.0,0.0,0.0,0.0,1913.593977790188,3151.126454143026,0.0,3151.126454143026,1182.2176647788365,1285.135689693618,676.06150143735,1961.1971911309681,-609.0741882562679,580.8550747557899,1189.9292630120578,1961.1971911309681,609.0741882562679,2542.052265886758,3151.126454143026,0.2562190848598604,0.3321044452729611,0.41167646986717843,0.0,3,-29,knife
1923.7443768598778,-112.95,1429.55,-1282.35,2519.9830187919915,1134.3,-2201.45,466.15,3026.172913929407,379.65,-1656.6,2503.85,0.0,0.0,0.0,0.0,1867.4750773953192,3026.172913929407,0.0,3026.172913929407,1146.6229424629294,1214.9671359986464,708.7772408612311,1923.7443768598778,-506.18989513741553,596.2386419321138,1102.4285370695293,1923.7443768598778,506.18989513741553,2519.9830187919915,3026.172913929407,0.25753280460682787,0.3373516264413505,0.40511556895182155,0.0,3,-29,knife
1953.304748368774,-151.2,1424.6,-1327.8,2531.0223270449433,1138.4,-2208.9,480.5,2705.680243949754,-47.5,-1103.65,2469.9,0.0,0.0,0.0,0.0,1797.501829840868,2705.680243949754,0.0,2705.680243949754,1074.491476161506,1063.9813326367926,889.3234157319816,1953.304748368774,-174.65791690481092,577.7175786761693,752.3754955809802,1953.304748368774,174.65791690481092,2531.0223270449433,2705.680243949754,0.27166936855659546,0.35201943678535974,0.3763111946580448,0.0,3,-29,knife
1917.4055263558619,-89.8,1405.3,-1301.35,2517.0660966688974,1128.65,-2201.45,464.1,2609.4254252612777,290.5,-1728.2,1933.4,0.0,0.0,0.0,0.0,1760.9742620715092,2609.4254252612777,0.0,2609.4254252612777,1050.838395138236,1004.882427474121,912.5230988817409,1917.4055263558619,-92.35932859238028,599.6605703130356,692.0198989054159,1917.4055263558619,92.35932859238028,2517.0660966688974,2609.4254252612777,0.2722080565931066,0.35733998941415035,0.3704519539927431,0.0,3,-29,knife
2176.198794917413,-70.85,1284.15,-1755.5,2536.2375918868483,1114.95,-2226.9,479.9,2412.084918695857,491.25,-1641.95,1697.3,0.0,0.0,0.0,0.0,1781.1303263750297,2536.2375918868483,0.0,2536.2375918868483,1036.435600311076,1026.023060863211,1150.1757340542024,2176.198794917413,124.15267319099121,360.0387969694352,235.88612377844402,2176.198794917413,124.15267319099121,2536.2375918868483,2412.084918695857,0.3054519316599406,0.3559870878523273,0.3385609804877321,0.0,2,-29,knife
2117.493299871336,-230.15,1387.7,-1582.75,2565.0525730479676,1117.8,-2257.85,481.8,2373.5524246369614,703.0,-1554.1,1650.55,0.0,0.0,0.0,0.0,1764.0245743890662,2565.0525730479676,0.0,2565.0525730479676,1030.763417788715,962.9965757301652,1154.496724141171,2117.493299871336,191.5001484110062,447.55927317663145,256.05912476562526,2117.493299871336,191.5001484110062,2565.0525730479676,2373.5524246369614,0.3000940761560375,0.36352279473435356,0.33638312910960905,0.0,2,-29,knife
2152.2780408209346,-206.45,1391.65,-1628.8,2565.594230387962,1126.85,-2255.9,472.65,2214.0939597270935,481.6,-1570.0,1485.05,0.0,0.0,0.0,0.0,1732.9915577339975,2565.594230387962,0.0,2565.594230387962,1012.8854359934753,900.3888850800331,1251.8891557409015,2152.2780408209346,351.5002706608684,413.3161895670273,61.81591890615891,2152.2780408209346,351.5002706608684,2565.594230387962,2214.0939597270935,0.31048593849400835,0.3701106071374416,0.31940345436855005,0.0,2,-29,knife
2060.618441148191,-122.4,1384.6,-1521.2,2534.819994595277,1127.05,-2224.0,457.05,2954.0156778527767,221.25,-1840.95,2299.6,0.0,0.0,0.0,0.0,1887.3635283990611,2954.0156778527767,0.0,2954.0156778527767,1134.5819755174355,1239.9070622028455,820.7113789453458,2060.618441148191,-419.1956832574997,474.2015534470861,893.3972367045858,2060.618441148191,419.1956832574997,2534.819994595277,2954.0156778527767,0.2729493298644077,0.33576202417472467,0.39128864596086765,0.0,3,-29,knife
1775.975450984613,25.2,1518.05,-921.4,2505.801360842475,1125.1,-2191.4,459.3,3009.0187138002316,516.1,-1852.9,2314.0,0.0,0.0,0.0,0.0,1822.69888140683,3009.0187138002316,0.0,3009.0187138002316,1139.999784361072,1139.5964019711848,636.3790490134281,1775.975450984613,-503.2173529577567,729.8259098578619,1233.0432628156186,1775.975450984613,503.2173529577567,2505.801360842475,3009.0187138002316,0.2435914496219263,0.34369381942402905,0.4127147309540446,0.0,3,-29,knife
1916.3754622985548,-181.8,1394.5,-1301.85,2523.6755828552923,1141.15,-2204.15,456.55,3105.087297082,556.7,-1910.15,2383.9,0.0,0.0,0.0,0.0,1886.2845855589617,3105.087297082,0.0,3105.087297082,1167.3391036488308,1248.893588262631,667.4818740359233,1916.3754622985548,-581.4117142267078,607.3001205567375,1188.7118347834453,1916.3754622985548,581.4117142267078,2523.6755828552923,3105.087297082,0.25398811464743487,0.33447704579893134,0.41153483955363385,0.0,3,-29,knife
1822.4083001621784,-146.1,1381.95,-1179.0,2516.385493619767,1134.55,-2199.6,454.7,2928.8274108420933,463.3,-1795.45,2267.1,0.0,0.0,0.0,0.0,1816.90530115601,2928.8274108420933,0.0,2928.8274108420933,1121.028375424186,1117.4251086922525,704.9831914699264,1822.4083001621784,-412.4419172223261,693.9771934575888,1106.4191106799149,1822.4083001621784,412.4419172223261,2516.385493619767,2928.8274108420933,0.25075719397740037,0.3462460993452316,0.4029967066773679,0.0,3,-29,knife
2124.7245550894354,-130.85,1367.9,-1620.55,2565.3272505666796,1130.0,-2257.8,454.25,2415.2487428834324,286.8,-1700.0,1691.5,0.0,0.0,0.0,0.0,1776.325137134887,2565.3272505666796,0.0,2565.3272505666796,1037.7211639249367,987.3230237030941,1137.4015313863413,2124.7245550894354,150.07850768324715,440.6026954772442,290.52418779399704,2124.7245550894354,150.07850768324715,2565.3272505666796,2415.2487428834324,0.29903373412207873,0.3610441575330641,0.33992210834485703,0.0,2,-29,knife
2121.6962524122064,1.75,1332.65,-1650.95,2528.7198549859177,1116.95,-2221.8,458.75,2679.3222519883643,303.1,-1767.6,1990.6,0.0,0.0,0.0,0.0,1832.4345898466222,2679.3222519883643,0.0,2679.3222519883643,1077.4414970468895,1136.1493247073263,985.5469277048799,2121.6962524122064,-150.60239700244665,407.0236025737113,557.6259995761579,2121.6962524122064,150.60239700244665,2528.7198549859177,2679.3222519883643,0.28946411841497105,0.34499455928704875,0.3655413222979801,0.0,3,-29,knife
1998.9651929185761,-22.1,1370.9,-1454.65,2539.0195922836047,1134.2,-2225.8,453.9,3380.007701914302,223.65,-1954.95,2748.2,0.0,0.0,0.0,0.0,1979.4981217791208,3380.007701914302,0.0,3380.007701914302,1244.315388174531,1419.9766512746364,578.9885416439397,1998.9651929185761,-840.9881096306972,540.0543993650285,1381.0425089957257,1998.9651929185761,840.9881096306972,2539.0195922836047,3380.007701914302,0.25245858671514665,0.3206645619347192,0.42687685135013415,0.0,3,-29,knife
1992.9442973901703,-270.8,1430.35,-1361.1,2483.2143413326203,1121.55,-2166.0,465.75,2759.4649096337503,527.95,-1751.15,2066.25,0.0,0.0,0.0,0.0,1808.9058870891354,2759.4649096337503,0.0,2759.4649096337503,1079.8454740861162,1134.59743284565,858.3468645445203,1992.9442973901703,-276.25056830113,490.27004394245,766.52061224358,1992.9442973901703,276.25056830113,2483.2143413326203,2759.4649096337503,0.27543504496483046,0.34319286026104046,0.381372094774129,0.0,3,-30,knife
2159.6588486379046,-464.85,1561.1,-1418.1,2486.678062194622,1121.95,-2170.65,461.6,2776.8308487374597,528.5,-1762.3,2079.85,0.0,0.0,0.0,0.0,1855.7919398924964,2776.8308487374597,0.0,2776.8308487374597,1093.4611096559606,1224.905817590371,934.7530310475331,2159.6588486379046,-290.15278654283793,327.0192135567172,617.1720000995551,2159.6588486379046,290.15278654283793,2486.678062194622,2776.8308487374597,0.2909349375613479,0.3349888002987382,0.37407626213991396,0.0,3,-30,knife
1976.3447434595007,-286.55,1430.2,-1333.55,2496.1958957581833,1132.5,-2174.7,468.1,2729.838041899189,521.65,-1738.85,2038.7,0.0,0.0,0.0,0.0,1800.5946702792182,2729.838041899189,0.0,2729.838041899189,1074.753874550854,1104.9934448002534,871.3512986592473,1976.3447434595007,-233.64214614100592,519.8511522986826,753.4932984396885,1976.3447434595007,233.64214614100592,2496.1958957581833,2729.838041899189,0.2744016707481741,0.34657937415907963,0.37901895509274625,0.0,3,-30,knife
1967.175485944251,-46.6,1406.15,-1374.9,2535.420843272375,1132.3,-2220.0,466.75,2564.951136961482,61.75,-1681.1,1936.25,0.0,0.0,0.0,0.0,1766.886866544527,2564.951136961482,0.0,2564.951136961482,1047.5633373846485,998.352889816679,968.8225961275721,1967.175485944251,-29.53029368910711,568.2453573281239,597.775651017231,1967.175485944251,29.53029368910711,2535.420843272375,2564.951136961482,0.27833919692201703,0.35874125436096227,0.3629195487170207,0.0,3,-29,knife
2106.8424626677715,-438.5,1370.9,-1538.55,2530.6663213470083,1079.1,-2240.9,467.1,2683.101379933304,632.7,-1660.85,2010.05,0.0,0.0,0.0,0.0,1830.152540987021,2683.101379933304,0.0,2683.101379933304,1077.526903883959,1129.6387606270337,977.2037020407379,2106.8424626677715,-152.43505858629578,423.82385867923676,576.2589172655325,2106.8424626677715,152.43505858629578,2530.6663213470083,2683.101379933304,0.2877960191137304,0.34569062751214613,0.3665133533741235,0.0,3,-29,knife
2121.941170838626,-424.35,1380.5,-1554.6,2560.185103171253,1078.5,-2278.1,449.05,2710.1758619137618,742.45,-1550.2,2095.4,0.0,0.0,0.0,0.0,1848.0755339809102,2710.1758619137618,0.0,2710.1758619137618,1088.6577263199733,1135.9659647905673,985.9752060480587,2121.941170838626,-149.99075874250866,438.2439323326271,588.2346910751357,2121.941170838626,149.99075874250866,2560.185103171253,2710.1758619137618,0.2870474084827835,0.34633123161048496,0.36662135990673156,0.0,3,-30,knife
2126.2368588659165,-346.1,1375.4,-1584.1,2563.69905702678,1099.65,-2269.1,463.15,2643.90287737655,851.55,-1489.75,2011.4,0.0,0.0,0.0,0.0,1833.4596983173114,2643.90287737655,0.0,2643.90287737655,1076.7265900154007,1103.2203396078435,1023.0165192580732,2126.2368588659165,-80.20382034977001,437.4621981608634,517.6660185106334,2126.2368588659165,80.20382034977001,2563.69905702678,2643.90287737655,0.2899214066195873,0.3495712312874477,0.3605073620929651,0.0,3,-29,knife
2086.156351403221,-226.6,1379.55,-1548.4,2552.0740707314903,1117.0,-2251.8,441.35,2775.6144923241773,319.0,-2310.9,1504.0,0.0,0.0,0.0,0.0,1853.4612286147221,2775.6144923241773,0.0,2775.6144923241773,1098.6232396831977,1154.8483864979537,931.307964905267,2086.156351403221,-223.54042159268693,465.9177193282694,689.4581409209563,2086.156351403221,223.54042159268693,2552.0740707314903,2775.6144923241773,0.2813865646602189,0.3442308411057122,0.3743825942340689,0.0,3,-29,knife
2040.5940887398456,-77.85,1352.85,-1525.7,2539.8069434506237,1114.1,-2239.5,440.5,2684.1028398703356,-112.9,-2380.35,1235.15,0.0,0.0,0.0,0.0,1816.1259680152014,2684.1028398703356,0.0,2684.1028398703356,1075.3833587613528,1092.4449925797787,948.1490961600671,2040.5940887398456,-144.29589641971188,499.2128547107782,643.50875113049,2040.5940887398456,144.29589641971188,2539.8069434506237,2684.1028398703356,0.2808993049873572,0.3496187748235211,0.3694819201891216,0.0,3,-30,knife
2017.3020807504265,-131.6,1381.15,-1464.45,2550.773273930868,1118.45,-2247.55,451.7,2923.7331213706902,49.25,-2162.75,1966.8,0.0,0.0,0.0,0.0,1872.9521190129963,2923.7331213706902,0.0,2923.7331213706902,1128.313873057815,1195.1309640951242,822.1711166553023,2017.3020807504265,-372.95984743982217,533.4711931804416,906.4310406202637,2017.3020807504265,372.95984743982217,2550.773273930868,2923.7331213706902,0.26926770581480475,0.3404749710413137,0.39025732314388156,0.0,3,-29,knife
2048.461484871024,-131.9,1373.15,-1514.35,2555.5458032483,1134.5,-2242.25,464.8,1977.1215086584841,-246.9,-1575.2,1169.1,0.0,0.0,0.0,0.0,1645.2821991944522,2555.5458032483,0.0,2555.5458032483,975.7310346037311,735.0185951406038,1313.4428897304201,2048.461484871024,578.4242945898161,507.0843183772763,71.3399762125398,2048.461484871024,578.4242945898161,2555.5458032483,1977.1215086584841,0.31126293803488125,0.3883142059914589,0.3004228559736597,0.0,2,-29,knife
2071.3941205140077,-105.6,1403.2,-1520.05,2565.978958409441,1129.05,-2253.45,481.1,1792.7279778315506,-733.05,-1544.7,538.9,0.0,0.0,0.0,0.0,1607.5252641887498,2565.978958409441,0.0,2565.978958409441,968.5356627377693,649.0715699680586,1422.322550545949,2071.3941205140077,773.2509805778905,494.58483789543334,278.6661426824571,2071.3941205140077,773.2509805778905,2565.978958409441,1792.7279778315506,0.3221402124524856,0.399057329855463,0.27880245769205136,0.0,2,-29,knife
2010.6803326237616,-81.4,1421.2,-1420.0,2554.557046730411,1147.45,-2233.0,472.05,2258.3074774042616,-1419.3,-874.35,1523.5,0.0,0.0,0.0,0.0,1705.8862141896086,2554.557046730411,0.0,2554.557046730411,1003.5385723094279,857.215381648806,1153.4649509749556,2010.6803326237616,296.2495693261494,543.8767141066494,247.62714478049998,2010.6803326237616,296.2495693261494,2554.557046730411,2258.3074774042616,0.29466800245802843,0.3743738922153094,0.33095810532666214,0.0,2,-29,knife
2008.4446401382338,-136.55,1405.1,-1428.6,2542.3613969103603,1135.35,-2230.7,445.6,3196.1742349252486,110.3,-2024.6,2470.7,0.0,0.0,0.0,0.0,1936.745067993461,3196.1742349252486,0.0,3196.1742349252486,1194.6814692013115,1331.1287390765613,677.315901061673,2008.4446401382338,-653.8128380148883,533.9167567721265,1187.7295947870148,2008.4446401382338,653.8128380148883,2542.3613969103603,3196.1742349252486,0.2592551638996887,0.32817450253588876,0.4125703335644224,0.0,3,-29,knife
1865.7731540838506,43.95,1372.5,-1263.1,2512.7070685816125,1120.1,-2203.2,452.75,3003.8277068600323,259.95,-1938.3,2280.0,0.0,0.0,0.0,0.0,1845.576982381374,3003.8277068600323,0.0,3003.8277068600323,1139.4263442535732,1178.4468961811353,687.3262579027153,1865.7731540838506,-491.12063827841985,646.9339144977619,1138.0545527761817,1865.7731540838506,491.12063827841985,2512.7070685816125,3003.8277068600323,0.2527357530863353,0.34036876984392045,0.4068954770697442,0.0,3,-29,knife
1800.262420454307,-125.2,1385.05,-1143.2,2512.9052155821555,1136.35,-2195.1,452.7,2786.697860371662,657.95,-1703.95,2104.6,0.0,0.0,0.0,0.0,1774.9663741020313,2786.697860371662,0.0,2786.697860371662,1086.1974789636956,1037.0275326219066,763.2348878324003,1800.262420454307,-273.79264478950654,712.6427951278486,986.4354399173551,1800.262420454307,273.79264478950654,2512.9052155821555,2786.697860371662,0.2535628909259018,0.3539370170960919,0.3925000919780062,0.0,3,-29,knife
1991.5421191880425,-198.2,1414.85,-1387.5,2478.3740809248307,1104.15,-2169.2,466.65,2700.1353600329003,460.05,-1762.0,1993.6,0.0,0.0,0.0,0.0,1792.5128900364434,2700.1353600329003,0.0,2700.1353600329003,1066.1729709822873,1106.651699148056,884.8904200399866,1991.5421191880425,-221.76127910806963,486.8319617367881,708.5932408448577,1991.5421191880425,221.76127910806963,2478.3740809248307,2700.1353600329003,0.2777584097522937,0.3456563819848519,0.3765852082628544,0.0,3,-30,knife
2036.7127982364132,-171.65,1486.3,-1381.9,2475.702866864277,1109.15,-2164.6,461.95,2697.8155112053155,480.3,-1750.8,1995.55,0.0,0.0,0.0,0.0,1802.5577940765015,2697.8155112053155,0.0,2697.8155112053155,1067.5502138138781,1129.4127212887256,907.3000769476876,2036.7127982364132,-222.1126443410385,438.9900686278638,661.1027129689023,2036.7127982364132,222.1126443410385,2475.702866864277,2697.8155112053155,0.2824753809460899,0.3433597073835635,0.37416491167034654,0.0,3,-30,knife
1990.0555457072046,-269.75,1429.9,-1357.55,2480.4991614592413,1122.8,-2162.7,463.6,2692.672643490107,503.8,-1728.95,2001.85,0.0,0.0,0.0,0.0,1790.8068376641381,2692.672643490107,0.0,2692.672643490107,1064.8622693453688,1101.1145138690351,888.9410318381695,1990.0555457072046,-212.17348203086567,490.44361575203675,702.6170977829024,1990.0555457072046,212.17348203086567,2480.4991614592413,2692.672643490107,0.27781549409077516,0.3462823445401169,0.3759021613691079,0.0,3,-30,knife
1975.721513776676,-301.1,1441.0,-1317.7,2478.250783819103,1126.65,-2159.85,455.45,2717.9659554527166,524.9,-1753.95,2008.85,0.0,0.0,0.0,0.0,1792.984563262124,2717.9659554527166,0.0,2717.9659554527166,1069.2715751990838,1107.7183427051446,868.0031710715314,1975.721513776676,-239.7151716336134,502.52927004242724,742.2444416760407,1975.721513776676,239.7151716336134,2478.250783819103,2717.9659554527166,0.2754794372270115,0.34554825995130406,0.37897230282168437,0.0,3,-30,knife
1926.904629840304,-310.9,1485.55,-1187.2,2490.7208645289825,1122.75,-2176.55,453.6,2797.9317937540936,430.15,-1756.1,2135.3,0.0,0.0,0.0,0.0,1803.889322030845,2797.9317937540936,0.0,2797.9317937540936,1087.314059443314,1117.0577795327074,809.8468503075965,1926.904629840304,-307.21092922511116,563.8162346886784,871.0271639137895,1926.904629840304,307.21092922511116,2490.7208645289825,2797.9317937540936,0.2670486218731766,0.34518759467527815,0.3877637834515453,0.0,3,-30,knife
1946.9100550616097,-273.2,1428.0,-1294.85,2484.516679356369,1135.0,-2162.2,457.7,2996.8548054585494,469.95,-1730.4,2401.25,0.0,0.0,0.0,0.0,1857.0703849691322,2996.8548054585494,0.0,2996.8548054585494,1134.6341875889336,1229.6240905818952,717.2859644797147,1946.9100550616097,-512.3381261021805,537.6066242947593,1049.9447503969398,1946.9100550616097,512.3381261021805,2484.516679356369,2996.8548054585494,0.26209427370384386,0.3344672204491681,0.4034385058469879,0.0,3,-31,knife
1916.0121744133046,-292.6,1406.7,-1267.55,2490.5307953325937,1142.5,-2167.05,448.7,2994.495727998288,396.2,-1815.55,2348.15,0.0,0.0,0.0,0.0,1850.2596744360467,2994.495727998288,0.0,2994.495727998288,1134.3508615749427,1209.9885535394997,706.0236208738052,1916.0121744133046,-503.9649326656945,574.5186209192891,1078.4835535849836,1916.0121744133046,503.9649326656945,2490.5307953325937,2994.495727998288,0.25888422593943455,0.336510981369642,0.40460479269092336,0.0,3,-31,knife
1886.8105827029908,-291.05,1420.1,-1207.75,2510.61306706151,1151.65,-2186.1,444.8,3438.640877221697,225.55,-1928.8,2837.8,0.0,0.0,0.0,0.0,1959.0161317465495,3438.640877221697,0.0,3438.640877221697,1258.620913165194,1407.419196431589,479.39138627140187,1886.8105827029908,-928.0278101601871,623.802484358519,1551.830294518706,1886.8105827029908,928.0278101601871,2510.61306706151,3438.640877221697,0.24078548309615191,0.3203920869226313,0.43882242998121673,0.0,3,-32,knife
1903.678910031836,-273.4,1413.85,-1245.1,2509.5975259989395,1149.6,-2185.85,445.6,3058.1059775619287,325.0,-1868.6,2398.9,0.0,0.0,0.0,0.0,1867.845603398176,3058.1059775619287,0.0,3058.1059775619287,1153.1149674321737,1226.0936807974128,677.5852292344234,1903.678910031836,-548.5084515629892,605.9186159671035,1154.4270675300927,1903.678910031836,548.5084515629892,2509.5975259989395,3058.1059775619287,0.2547960744946569,0.3358946694300137,0.40930925607532936,0.0,3,-32,knife
1887.1596885266492,-292.2,1409.3,-1220.6,2501.333757218337,1141.25,-2180.05,449.0,2965.7126630879125,322.4,-1829.0,2312.2,0.0,0.0,0.0,0.0,1838.5515272082248,2965.7126630879125,0.0,2965.7126630879125,1128.318104769353,1175.7692971981126,711.3903913285369,1887.1596885266492,-464.37890586957565,614.1740686916876,1078.5529745612632,1887.1596885266492,464.37890586957565,2501.333757218337,2965.7126630879125,0.2566095728891855,0.340122879370224,0.40326754774059037,0.0,3,-32,knife
1895.1007433643206,-293.95,1428.05,-1210.65,2505.549306040494,1142.4,-2184.95,445.75,3275.8137115074173,301.3,-1951.4,2613.85,0.0,0.0,0.0,0.0,1919.1159402280578,3275.8137115074173,0.0,3275.8137115074173,1211.209690438686,1332.682574415622,562.4181689486984,1895.1007433643206,-770.2644054669236,610.4485626761732,1380.7129681430968,1895.1007433643206,770.2644054669236,2505.549306040494,3275.8137115074173,0.24687158076795462,0.3263936864782056,0.4267347327538399,0.0,3,-32,knife
1891.9765306419633,-262.15,1406.4,-1238.1,2520.637579066058,1154.05,-2196.75,442.8,3332.3392316809527,191.7,-1919.45,2717.25,0.0,0.0,0.0,0.0,1936.2383353472437,3332.3392316809527,0.0,3332.3392316809527,1228.9831353020006,1351.839091628429,540.1374390135345,1891.9765306419633,-811.7016526148946,628.6610484240948,1440.3627010389894,1891.9765306419633,811.7016526148946,2520.637579066058,3332.3392316809527,0.24428507793988305,0.32545548926625406,0.4302594327938628,0.0,3,-32,knife
1886.2568840165966,-255.2,1399.45,-1238.7,2509.1548766467167,1140.45,-2188.55,453.3,3159.5285577914947,258.45,-1823.05,2567.55,0.0,0.0,0.0,0.0,1888.735079613702,3159.5285577914947,0.0,3159.5285577914947,1179.7418288704625,1268.3152825806874,617.9416014359094,1886.2568840165966,-650.373681144778,622.8979926301201,1273.271673774898,1886.2568840165966,650.373681144778,2509.1548766467167,3159.5285577914947,0.2496719768134962,0.3321210718921877,0.41820695129431606,0.0,3,-32,knife
1871.949279494506,-223.95,1387.75,-1236.2,2529.3399405773835,1140.05,-2211.9,453.15,3079.7162961870367,-105.6,-1993.55,2345.05,0.0,0.0,0.0,0.0,1870.2513790647317,3079.7162961870367,0.0,3079.7162961870367,1161.3619398604685,1211.1628175520796,660.7864619424265,1871.949279494506,-550.3763556096533,657.3906610828774,1207.7670166925307,1871.949279494506,550.3763556096533,2529.3399405773835,3079.7162961870367,0.25022696152623924,0.3381016007915265,0.41167143768223413,0.0,3,-31,knife
1865.3615500754809,-180.3,1374.25,-1248.4,2528.006959048966,1131.15,-2214.8,453.85,3133.9147124642686,-161.6,-2113.05,2308.75,0.0,0.0,0.0,0.0,1881.820805397179,3133.9147124642686,0.0,3133.9147124642686,1175.4590749997692,1235.634651745392,629.7268983300892,1865.3615500754809,-605.9077534153025,662.6454089734852,1268.5531623887878,1865.3615500754809,605.9077534153025,2528.006959048966,3133.9147124642686,0.2478133870033624,0.33584586691231244,0.4163407460843252,0.0,3,-31,knife
1858.5660480596327,-159.1,1370.15,-1245.65,2530.529453493873,1138.65,-2213.95,453.3,3161.7283600113406,-56.2,-2120.65,2344.4,0.0,0.0,0.0,0.0,1887.7059653912115,3161.7283600113406,0.0,3161.7283600113406,1183.2833605487042,1244.88247728855,613.6835707710825,1858.5660480596327,-631.1989065174675,671.9634054342403,1303.1623119517078,1858.5660480596327,631.1989065174675,2530.529453493873,3161.7283600113406,0.24614082941599172,0.33513289409050545,0.41872627649350286,0.0,3,-31,knife
1885.3284117097478,-188.4,1382.9,-1267.5,2534.3241608957605,1143.3,-2215.75,454.0,3588.7394029798265,267.45,-2013.8,2958.4,0.0,0.0,0.0,0.0,2002.0979938963337,3588.7394029798265,0.0,3588.7394029798265,1306.0175311175103,1469.871826896907,415.4565848128407,1885.3284117097478,-1054.415242084066,648.9957491860127,1703.4109912700787,1885.3284117097478,1054.415242084066,2534.3241608957605,3588.7394029798265,0.23541909754884954,0.31645855605244977,0.4481223463987007,0.0,3,-32,knife
1890.4492891902707,-180.45,1397.5,-1260.25,2509.884743867734,1135.65,-2192.55,450.05,3122.387848266131,431.65,-1825.3,2496.25,0.0,0.0,0.0,0.0,1880.680470331034,3122.387848266131,0.0,3122.387848266131,1169.9134253825969,1251.476196794334,638.9730923959369,1890.4492891902707,-612.5031043983972,619.4354546774632,1231.9385590758604,1890.4492891902707,612.5031043983972,2509.884743867734,3122.387848266131,0.25129857503884184,0.3336405071811519,0.41506091778000626,0.0,3,-31,knife
1896.6033019585304,-153.65,1403.65,-1266.2,2510.964630376143,1142.1,-2190.25,450.95,3291.5672065142467,464.85,-1909.75,2640.3,0.0,0.0,0.0,0.0,1924.78378471223,3291.5672065142467,0.0,3291.5672065142467,1216.274194357039,1338.6029390483172,558.0003629102132,1896.6033019585304,-780.6025761381038,614.3613284176124,1394.9639045557162,1896.6033019585304,780.6025761381038,2510.964630376143,3291.5672065142467,0.2463397859310841,0.32613593411370506,0.4275242799552108,0.0,3,-31,knife
1940.4800662464945,-178.15,1400.25,-1331.55,2528.2508701669617,1146.25,-2204.6,466.8,3059.6085701442266,184.95,-1185.1,2814.7,0.0,0.0,0.0,0.0,1882.0848766394206,3059.6085701442266,0.0,3059.6085701442266,1156.4758991220594,1235.9188831118797,704.5611831346148,1940.4800662464945,-531.3576999772649,587.7708039204672,1119.1285038977321,1940.4800662464945,531.3576999772649,2528.2508701669617,3059.6085701442266,0.2577567157480355,0.33583114416727455,0.40641214008468995,0.0,3,-31,knife
1928.485134762516,-138.3,1394.05,-1325.35,2514.1661445696063,1138.55,-2194.7,456.1,2735.113904849303,111.35,-1455.5,2313.0,0.0,0.0,0.0,0.0,1794.4412960453565,2735.113904849303,0.0,2735.113904849303,1077.1323189594962,1074.7164475211061,853.7686872414099,1928.485134762516,-220.94776027969647,585.6810098070903,806.6287700867867,1928.485134762516,220.94776027969647,2514.1661445696063,2735.113904849303,0.26867487097691206,0.3502714396551173,0.3810536893679705,0.0,3,-31,knife
1959.8720691667606,-155.75,1398.45,-1364.25,2518.9324132457386,1141.35,-2199.8,450.8,2994.4530677571156,163.9,-1697.25,2461.55,0.0,0.0,0.0,0.0,1868.3143875424037,2994.4530677571156,0.0,2994.4530677571156,1139.1305458778872,1217.6963618390687,742.1757073276917,1959.8720691667606,-475.52065451137696,559.060344078978,1034.580998590355,1959.8720691667606,475.52065451137696,2518.9324132457386,2994.4530677571156,0.2622513751211851,0.3370594946495011,0.40068913022931385,0.0,3,-31,knife
1958.4718845314067,-155.4,1404.2,-1356.35,2528.7665575335336,1144.0,-2206.95,464.0,3324.8897805040097,-105.8,-1295.95,3060.1,0.0,0.0,0.0,0.0,1953.0320556422375,3324.8897805040097,0.0,3324.8897805040097,1227.5817321094576,1377.2975537509412,581.1743307804654,1958.4718845314067,-796.123222970476,570.294673002127,1366.417895972603,1958.4718845314067,796.123222970476,2528.7665575335336,3324.8897805040097,0.25069633123448404,0.3236975233238006,0.4256061454417153,0.0,3,-31,knife
1951.0553849135088,-151.1,1380.95,-1369.95,2537.2428317959634,1153.75,-2215.75,443.75,2378.1192069574645,-801.85,-268.5,2222.7,0.0,0.0,0.0,0.0,1716.6043559167342,2537.2428317959634,0.0,2537.2428317959634,1013.9954642392115,895.9658800375048,1055.089504876004,1951.0553849135088,159.12362483849893,586.1874468824547,427.0638220439557,1951.0553849135088,159.12362483849893,2537.2428317959634,2378.1192069574645,0.28414459310158985,0.3695147957435096,0.34634061115490056,0.0,2,-31,knife
1964.704061048381,-90.65,1379.25,-1396.25,2514.4523379853513,1127.2,-2200.4,458.4,2724.2483637693535,264.05,-1732.35,2085.85,0.0,0.0,0.0,0.0,1800.8511907007714,2724.2483637693535,0.0,2724.2483637693535,1076.0810507120798,1087.2500434161918,877.4540176321896,1964.704061048381,-209.79602578400227,549.7482769369703,759.5443027209726,1964.704061048381,209.79602578400227,2514.4523379853513,2724.2483637693535,0.2727465866132794,0.3490644245023507,0.3781889888843699,0.0,3,-31,knife
1961.889036744943,-103.05,1385.2,-1385.5,2513.1647185371676,1136.8,-2194.2,457.35,3082.6751454702458,572.45,-1675.3,2523.6,0.0,0.0,0.0,0.0,1889.432225188089,3082.6751454702458,0.0,3082.6751454702458,1160.6113704835855,1265.6997318390104,696.1893049059324,1961.889036744943,-569.5104269330782,551.2756817922245,1120.7861087253027,1961.889036744943,569.5104269330782,2513.1647185371676,3082.6751454702458,0.25958711439750654,0.3325290906223148,0.40788379498017874,0.0,3,-31,knife
1977.6655853556233,-326.25,1543.55,-1192.55,2489.09810473593,1136.05,-2167.25,456.1,2768.6463181489976,549.1,-1744.45,2078.65,0.0,0.0,0.0,0.0,1808.8525020601378,2768.6463181489976,0.0,2768.6463181489976,1082.171830240364,1128.6068993843455,849.0586859712778,1977.6655853556233,-279.5482134130675,511.43251938030676,790.9807327933743,1977.6655853556233,279.5482134130675,2489.09810473593,2768.6463181489976,0.27333151585096366,0.3440161790280091,0.3826523051210272,0.0,3,-32,knife
1944.007916650547,-279.8,1403.5,-1315.7,2504.8942612413803,1157.4,-2174.1,456.3,3535.4367803002783,847.15,-2166.95,2661.95,0.0,0.0,0.0,0.0,1996.0847395480514,3535.4367803002783,0.0,3535.4367803002783,1286.0363639564737,1487.2752178547225,456.73269879582426,1944.007916650547,-1030.542519058898,560.8863445908332,1591.4288636497313,1944.007916650547,1030.542519058898,2504.8942612413803,3535.4367803002783,0.24347762874670148,0.31372594204198617,0.44279642921131235,0.0,3,-32,knife
1932.881272220309,-235.3,1408.0,-1303.15,2527.890508408147,1156.15,-2198.2,470.6,2922.523969961581,416.45,-1139.75,2658.7,0.0,0.0,0.0,0.0,1845.8239376475094,2922.523969961581,0.0,2922.523969961581,1122.4017501355938,1163.7573668868713,769.1239053334377,1932.881272220309,-394.6334615534338,595.009236187838,989.6426977412718,1932.881272220309,394.6334615534338,2527.890508408147,2922.523969961581,0.26179112113527925,0.34237968974846095,0.39582918911625975,0.0,3,-31,knife
1897.7989731528469,-40.2,1372.8,-1309.75,2511.3332489934505,1133.55,-2195.15,450.75,2635.8692864024956,300.55,-1762.3,1936.95,0.0,0.0,0.0,0.0,1761.2503771371985,2635.8692864024956,0.0,2635.8692864024956,1054.541483434425,1011.1675052809462,886.6314678719011,1897.7989731528469,-124.5360374090451,613.5342758406036,738.0703132496487,1897.7989731528469,124.5360374090451,2511.3332489934505,2635.8692864024956,0.26938233737068085,0.3564702216097555,0.3741474410195635,0.0,3,-31,knife
2093.0089900666935,-227.8,1309.3,-1616.95,2534.7368680003055,1114.7,-2229.7,459.1,2354.560147883252,639.3,-1586.2,1618.4,0.0,0.0,0.0,0.0,1745.5765014875628,2534.7368680003055,0.0,2534.7368680003055,1019.9732621884953,956.4161349748201,1136.5928550918736,2093.0089900666935,180.17672011705372,441.72787793361204,261.5511578165583,2093.0089900666935,180.17672011705372,2534.7368680003055,2354.560147883252,0.29975898911950466,0.3630228846802515,0.3372181262002438,0.0,2,-32,knife
2096.300038162476,-233.0,1344.6,-1591.3,2532.027527990168,1118.45,-2227.0,448.0,2502.314566056794,711.05,-1557.65,1824.75,0.0,0.0,0.0,0.0,1782.6605330523594,2532.027527990168,0.0,2532.027527990168,1043.5158282927373,1033.2935381145512,1063.006500047925,2096.300038162476,29.712961933374118,435.7274898276919,406.0145278943178,2096.300038162476,29.712961933374118,2532.027527990168,2502.314566056794,0.2939847491004201,0.3550910957307594,0.35092415516882053,0.0,2,-31,knife
2081.090452743465,-295.1,1349.85,-1556.2,2541.1317306468,1105.6,-2238.65,472.7,2318.14377142575,792.55,-1414.45,1656.8,0.0,0.0,0.0,0.0,1735.0914887040037,2541.1317306468,0.0,2541.1317306468,1014.8778982355091,929.0512467612075,1152.0392059822575,2081.090452743465,222.98795922105,460.04127790333496,237.05331868228495,2081.090452743465,222.98795922105,2541.1317306468,2318.14377142575,0.29985312968970573,0.36613800298001203,0.33400886733028223,0.0,2,-31,knife
2050.605352694662,-151.0,1360.65,-1526.7,2537.8172279539754,1131.35,-2223.9,463.5,2483.374081265245,323.95,-1764.15,1717.55,0.0,0.0,0.0,0.0,1767.9491654784706,2537.8172279539754,0.0,2537.8172279539754,1038.0352132316991,998.0811030029656,1052.5242496916962,2050.605352694662,54.443146688730394,487.2118752593133,432.7687285705829,2050.605352694662,54.443146688730394,2537.8172279539754,2483.374081265245,0.28996950149011985,0.35886456430820945,0.3511659342016707,0.0,2,-31,knife
2040.6202231184518,-184.45,1383.7,-1488.45,2531.595723056902,1131.85,-2220.85,442.4,2735.822398292696,54.05,-2152.55,1687.7,0.0,0.0,0.0,0.0,1827.0095861170125,2735.822398292696,0.0,2735.822398292696,1084.663067955456,1122.423449177123,918.1967739413287,2040.6202231184518,-204.22667523579412,490.9754999384502,695.2021751742443,2040.6202231184518,204.22667523579412,2531.595723056902,2735.822398292696,0.2792295451847397,0.3464124849554516,0.3743579698598086,0.0,3,-31,knife
2022.2550432623477,-142.1,1353.7,-1495.6,2519.8389884077915,1118.05,-2214.65,441.45,2740.8622657842548,206.4,-2306.0,1467.0,0.0,0.0,0.0,0.0,1820.7390743635983,2740.8622657842548,0.0,2740.8622657842548,1082.9435395996352,1121.6391603194056,900.6158829429421,2022.2550432623477,-221.02327737646328,497.58394514544375,718.607222521907,2022.2550432623477,221.02327737646328,2519.8389884077915,2740.8622657842548,0.27766952878313783,0.3459912273932701,0.37633924382359213,0.0,3,-31,knife
1913.9442860229763,-108.1,1374.4,-1327.6,2534.928998512582,1095.95,-2241.15,449.45,1642.0048583971973,101.45,-1446.45,770.5,0.0,0.0,0.0,0.0,1522.7195357331889,2534.928998512582,0.0,2534.928998512582,936.8202301517097,510.51007295379577,1403.4342130691803,1913.9442860229763,892.9241401153847,620.9847124896057,271.939427625779,1913.9442860229763,892.9241401153847,2534.928998512582,1642.0048583971973,0.314231255511773,0.4161844875281013,0.2695842569601257,0.0,2,-31,knife
1889.6150758818578,21.85,1504.3,-1143.35,2503.6148011425403,1097.0,-2206.15,444.5,2318.740746612264,342.2,-1639.0,1604.1,0.0,0.0,0.0,0.0,1677.9926559091655,2503.6148011425403,0.0,2503.6148011425403,994.0640628701477,852.3705106757907,1037.244565206067,1889.6150758818578,184.87405453027623,613.9997252606825,429.1256707304062,1889.6150758818578,184.87405453027623,2503.6148011425403,2318.740746612264,0.28152910402012926,0.3730074134004535,0.3454634825794172,0.0,2,-31,knife
1766.47568763343,4.65,1377.1,-1106.35,2511.1497172609998,1097.5,-2214.7,443.25,2119.5256981221055,217.6,-1609.05,1362.35,0.0,0.0,0.0,0.0,1599.287775754134,2511.1497172609998,0.0,2511.1497172609998,960.1839516198938,687.4258342472679,1079.0498533861623,1766.47568763343,391.62401913889425,744.6740296275698,353.0500104886755,1766.47568763343,391.62401913889425,2511.1497172609998,2119.5256981221055,0.276134744855481,0.39254187947458097,0.3313233756699379,0.0,2,-31,knife
1993.576769276769,-67.65,1523.9,-1283.55,2519.0356155679897,1097.5,-2220.15,460.4,2203.6098395587182,282.45,-1666.35,1414.0,0.0,0.0,0.0,0.0,1679.0555561008691,2519.0356155679897,0.0,2519.0356155679897,987.2784372464542,839.0754966337488,1154.5012726430202,1993.576769276769,315.42577600927143,525.4588462912207,210.03307028194922,1993.576769276769,315.42577600927143,2519.0356155679897,2203.6098395587182,0.2968300783784496,0.3750673416396263,0.32810257998192416,0.0,2,-31,knife
1839.7840144973538,144.7,1611.2,-876.3,2490.6875601929682,1097.45,-2190.1,450.1,2477.6205061510127,364.85,-1700.7,1764.4,0.0,0.0,0.0,0.0,1702.0230202103337,2490.6875601929682,0.0,2490.6875601929682,1017.2762247413896,913.3584802276989,926.4255342696547,1839.7840144973538,13.067054041955544,650.9035456956144,637.8364916536589,1839.7840144973538,13.067054041955544,2490.6875601929682,2477.6205061510127,0.27023488998844386,0.3658422257833464,0.36392288422820973,0.0,2,-31,knife
1937.2927011683082,-137.1,1433.6,-1295.8,2539.5587416911626,1111.2,-2242.4,431.55,2373.054492105059,184.7,-1661.65,1684.1,0.0,0.0,0.0,0.0,1712.4764837411326,2539.5587416911626,0.0,2539.5587416911626,1012.8606031353017,885.3942257911024,1051.8984753772058,1937.2927011683082,166.50424958610347,602.2660405228544,435.7617909367509,1937.2927011683082,166.50424958610347,2539.5587416911626,2373.054492105059,0.2828203364486552,0.3707435935329107,0.3464360700184341,0.0,2,-31,knife
1768.0564477696971,-178.3,1396.3,-1069.85,2501.3922268408846,1131.1,-2187.2,440.15,2843.872016722975,440.65,-1803.15,2154.55,0.0,0.0,0.0,0.0,1778.330172833389,2843.872016722975,0.0,2843.872016722975,1097.8116764797905,1055.2681188258937,712.7883289438032,1768.0564477696971,-342.47978988209024,733.3357790711875,1075.8155689532778,1768.0564477696971,342.47978988209024,2501.3922268408846,2843.872016722975,0.24855570618709644,0.35164901673678667,0.39979527707611695,0.0,3,-31,knife
1966.2433235741705,-372.15,1402.15,-1327.25,2470.1117520266166,1123.65,-2152.35,454.15,2703.021298473247,499.4,-1761.7,1988.3,0.0,0.0,0.0,0.0,1784.8440935185085,2703.021298473247,0.0,2703.021298473247,1064.3325681299495,1099.5764350104007,866.66688856377,1966.2433235741705,-232.90954644663043,503.8684284524461,736.7779748990765,1966.2433235741705,232.90954644663043,2470.1117520266166,2703.021298473247,0.27540827385349737,0.3459842460465584,0.37860748009994427,0.0,3,-30,knife
2016.176657066538,-335.0,1423.3,-1388.15,2470.1598217524306,1118.75,-2154.65,455.6,2700.77908157998,487.35,-1760.45,1989.35,0.0,0.0,0.0,0.0,1796.778890099737,2700.77908157998,0.0,2700.77908157998,1066.209171008183,1123.3979584470435,892.7786986194942,2016.176657066538,-230.61925982754929,453.9831646858927,684.602424513442,2016.176657066538,230.61925982754929,2470.1598217524306,2700.77908157998,0.2805265394890384,0.3436927931649001,0.3757806673460615,0.0,3,-31,knife
1937.782011734034,-210.85,1390.75,-1332.8,2464.4401164361857,1117.75,-2149.15,453.05,2697.8478709890223,487.35,-1758.1,1987.45,0.0,0.0,0.0,0.0,1775.0174997898105,2697.8478709890223,0.0,2697.8478709890223,1061.1431158495682,1085.5948831434355,852.1871285905986,1937.782011734034,-233.40775455283665,526.6581047021516,760.0658592549883,1937.782011734034,233.40775455283665,2464.4401164361857,2697.8478709890223,0.27292435313503915,0.34710081967192064,0.37997482719304027,0.0,3,-31,knife
1992.4223629792957,-277.85,1425.5,-1364.0,2475.257360861694,1128.8,-2152.0,470.75,2678.7332948615845,481.35,-1726.45,1990.8,0.0,0.0,0.0,0.0,1786.6032546756437,2678.7332948615845,0.0,2678.7332948615845,1061.184854482195,1097.949148489593,894.4732144897027,1992.4223629792957,-203.47593399989046,482.8349978823983,686.3109318822887,1992.4223629792957,203.47593399989046,2475.257360861694,2678.7332948615845,0.2788003377029863,0.3463636028849442,0.3748360594120694,0.0,3,-30,knife
1992.9254595945129,-268.65,1422.45,-1369.75,2468.9185689285096,1118.8,-2152.5,458.9,2698.1700006671185,485.7,-1751.85,1993.8,0.0,0.0,0.0,0.0,1790.0035072975352,2698.1700006671185,0.0,2698.1700006671185,1064.3051624710472,1111.0884456665608,881.8370139279521,1992.9254595945129,-229.25143173860897,475.9931093339967,705.2445410726057,1992.9254595945129,229.25143173860897,2468.9185689285096,2698.1700006671185,0.27834099925917744,0.34482035354444207,0.37683864719638055,0.0,3,-30,knife
1992.2476941886518,-255.3,1410.75,-1383.35,2474.00260812312,1107.6,-2163.15,463.35,2698.3353993712494,475.45,-1796.35,1956.55,0.0,0.0,0.0,0.0,1791.1464254207553,2698.3353993712494,0.0,2698.3353993712494,1065.1210774261538,1108.2902427183908,883.957451470261,1992.2476941886518,-224.33279124812952,481.75491393446805,706.0877051825976,1992.2476941886518,224.33279124812952,2474.00260812312,2698.3353993712494,0.27806879241051663,0.34530993293051904,0.3766212746589643,0.0,3,-30,knife
1982.0987267288176,-186.2,1367.0,-1423.15,2470.524751444518,1106.85,-2160.75,457.75,2701.9229467177634,474.6,-1785.7,1971.4,0.0,0.0,0.0,0.0,1788.6366062227748,2701.9229467177634,0.0,2701.9229467177634,1064.860540577908,1106.7484610010315,875.3502657277861,1982.0987267288176,-231.39819527324516,488.4260247157006,719.8242199889457,1982.0987267288176,231.39819527324516,2470.524751444518,2701.9229467177634,0.27704044519621485,0.3453083682355339,0.3776511865682512,0.0,3,-30,knife
1993.5352385899778,-255.35,1407.25,-1388.75,2475.702240779371,1107.05,-2165.15,464.4,2698.0356460766043,478.85,-1761.85,1986.45,0.0,0.0,0.0,0.0,1791.8182813614883,2698.0356460766043,0.0,2698.0356460766043,1065.390734227946,1107.9343219436055,885.6009166463723,1993.5352385899778,-222.33340529723318,482.1670021893933,704.5004074866265,1993.5352385899778,222.33340529723318,2475.702240779371,2698.0356460766043,0.2781441705510474,0.34541759431350416,0.37643823513544844,0.0,3,-30,knife
1981.904405489831,-325.7,1422.15,-1341.4,2478.505342943606,1126.15,-2159.3,460.65,2739.0372309444792,562.55,-1755.1,2026.2,0.0,0.0,0.0,0.0,1799.861744844479,2739.0372309444792,0.0,2739.0372309444792,1074.156594470931,1121.2181467453522,860.6862587444789,1981.904405489831,-260.5318880008731,496.60093745377503,757.1328254546481,1981.904405489831,260.5318880008731,2478.505342943606,2739.0372309444792,0.2752856450178458,0.3442632955063122,0.38045105947584207,0.0,3,-30,knife
1959.353300198818,-301.5,1475.05,-1253.95,2501.401871951007,1139.0,-2180.55,452.65,2793.581092880606,259.1,-1748.95,2162.9,0.0,0.0,0.0,0.0,1813.5840662576077,2793.581092880606,0.0,2793.581092880606,1089.0159940246615,1125.7662605642086,833.5870396346095,1959.353300198818,-292.17922092959907,542.0485717521888,834.2277926817878,1959.353300198818,292.17922092959907,2501.401871951007,2793.581092880606,0.27009408285136877,0.3448147122720281,0.3850912048766032,0.0,3,-30,knife
1911.1381301465365,-133.7,1599.2,-1037.85,2522.813038554383,1117.45,-2215.75,454.25,2234.116835575078,55.55,-1713.85,1432.1,0.0,0.0,0.0,0.0,1667.0170010689994,2522.813038554383,0.0,2522.813038554383,986.4747700255286,811.2209635836155,1099.917166562921,1911.1381301465365,288.6962029793053,611.6749084078467,322.9787054285414,1911.1381301465365,288.6962029793053,2522.813038554383,2234.116835575078,0.28661047381655236,0.37834242796213113,0.33504709822131645,0.0,2,-30,knife
1961.3261113338597,-73.15,1487.45,-1276.3,2519.4876979259097,1101.9,-2217.9,463.2,2286.5107593230346,315.55,-1765.9,1417.8,0.0,0.0,0.0,0.0,1691.831142145701,2519.4876979259097,0.0,2519.4876979259097,996.6919500733278,864.1745863654924,1097.1515249683673,1961.3261113338597,232.97693860287518,558.1615865920501,325.1846479891749,1961.3261113338597,232.97693860287518,2519.4876979259097,2286.5107593230346,0.28982297087379033,0.37230188568501515,0.33787514344119446,0.0,2,-30,knife
2025.3607660118234,-35.5,1518.65,-1339.6,2515.3067869546253,1096.7,-2216.2,460.95,2348.2985782263722,280.6,-1753.55,1536.5,0.0,0.0,0.0,0.0,1722.2415327982053,2515.3067869546253,0.0,2515.3067869546253,1009.8139789485434,929.1762786417851,1096.1844873700384,2025.3607660118234,167.00820872825307,489.94602094280185,322.9378122145488,2025.3607660118234,167.00820872825307,2515.3067869546253,2348.2985782263722,0.2940006856531218,0.3651210847975386,0.34087822954933955,0.0,2,-30,knife
2017.6420804989173,32.45,1581.2,-1252.85,2507.625336349113,1100.45,-2206.65,455.95,2457.3400995792176,305.95,-1743.15,1704.8,0.0,0.0,0.0,0.0,1745.651879106812,2507.625336349113,0.0,2507.625336349113,1025.7171668378455,983.6784218645109,1033.963658634406,2017.6420804989173,50.285236769895164,489.9832558501955,439.69801908030036,2017.6420804989173,50.285236769895164,2507.625336349113,2457.3400995792176,0.2889525260802963,0.35912448615358744,0.35192298776611625,0.0,2,-30,knife
1971.9438468171452,96.95,1627.9,-1108.65,2501.8971271816913,1103.9,-2199.05,452.85,2443.04136733294,324.5,-1717.85,1706.5,0.0,0.0,0.0,0.0,1729.2205853329442,2501.8971271816913,0.0,2501.8971271816913,1019.275178931475,956.5440434841969,1015.3998033329483,1971.9438468171452,58.855759848751404,529.9532803645461,471.0975205157947,1971.9438468171452,58.855759848751404,2501.8971271816913,2443.04136733294,0.2850914255160609,0.3617087878207244,0.3531997866632146,0.0,2,-30,knife
1978.442909840969,205.95,1583.65,-1167.85,2505.6504110709457,1089.8,-2210.95,449.8,2367.267457428501,436.25,-1694.7,1594.25,0.0,0.0,0.0,0.0,1712.840194585104,2505.6504110709457,0.0,2505.6504110709457,1007.6196475176847,920.0299780992623,1058.4129317417069,1978.442909840969,138.3829536424446,527.2075012299767,388.82454758753215,1978.442909840969,138.3829536424446,2505.6504110709457,2367.267457428501,0.2887664179202954,0.36571573036880445,0.3455178517109001,0.0,2,-30,knife
2091.8991275871786,101.0,1563.6,-1386.0,2496.1106415782133,1081.95,-2204.35,448.1,2395.7445288469303,474.75,-1689.15,1631.25,0.0,0.0,0.0,0.0,1745.9385745030804,2496.1106415782133,0.0,2496.1106415782133,1018.9450572465381,995.766507427948,1096.1326201592308,2091.8991275871786,100.36611273128301,404.21151399103474,303.8454012597517,2091.8991275871786,100.36611273128301,2496.1106415782133,2395.7445288469303,0.2995379044452586,0.35741673247133604,0.34304536308340544,0.0,2,-30,knife
2160.162209765739,226.7,1628.4,-1401.15,2492.0160643543213,1086.55,-2197.8,446.35,2392.396441854903,457.65,-1686.9,1633.55,0.0,0.0,0.0,0.0,1761.1436789937409,2492.0160643543213,0.0,2492.0160643543213,1023.901526058728,1030.2712936331604,1129.8909161325787,2160.162209765739,99.61962249941826,331.8538545885822,232.23423208916392,2160.162209765739,99.61962249941826,2492.0160643543213,2392.396441854903,0.30664196163143037,0.3537496818229755,0.3396083565455941,0.0,2,-30,knife
1945.5182452241356,130.35,1516.6,-1211.6,2506.807381910305,1100.0,-2208.2,444.9,2304.078819723839,338.95,-1660.05,1561.45,0.0,0.0,0.0,0.0,1689.10111171457,2506.807381910305,0.0,2506.807381910305,995.6974236205511,871.3948415188349,1074.123403705301,1945.5182452241356,202.7285621864662,561.2891366861695,358.5605744997033,1945.5182452241356,202.7285621864662,2506.807381910305,2304.078819723839,0.28795171463259567,0.371026838554043,0.34102144681336133,0.0,2,-30,knife
1898.7313751555273,-20.9,1451.95,-1223.35,2523.469798709705,1100.8,-2227.25,442.15,2265.1794018355367,294.3,-1656.15,1517.1,0.0,0.0,0.0,0.0,1671.8451439251924,2523.469798709705,0.0,2523.469798709705,990.435969842954,820.2204891406795,1078.510886014848,1898.7313751555273,258.29039687416844,624.7384235541779,366.44802668000943,1898.7313751555273,258.29039687416844,2523.469798709705,2265.1794018355367,0.2839275189533474,0.3773480169319168,0.33872446411473583,0.0,2,-30,knife
1870.4412353773641,-82.25,1397.7,-1240.25,2531.68515074446,1102.3,-2236.7,437.65,1930.9649459531884,51.2,-1520.15,1189.6,0.0,0.0,0.0,0.0,1583.272833018753,2531.68515074446,0.0,2531.68515074446,949.9466149341084,634.8605152930463,1235.5807200843178,1870.4412353773641,600.7202047912715,661.2439153670957,60.523710575824225,1870.4412353773641,600.7202047912715,2531.68515074446,1930.9649459531884,0.2953441119511727,0.399755035573593,0.3049008524752343,0.0,2,-30,knife
1841.589900059185,-74.8,1362.6,-1236.6,2529.293787305065,1106.0,-2230.4,446.55,2097.842766391228,125.6,-1660.65,1275.7,0.0,0.0,0.0,0.0,1617.1816134388696,2529.293787305065,0.0,2529.293787305065,965.4816429664805,705.0694395726741,1136.5204604865112,1841.589900059185,431.45102091383706,687.70388724588,256.2528663320429,1841.589900059185,431.45102091383706,2529.293787305065,2097.842766391228,0.28469126237205983,0.39100336138602065,0.32430537624191946,0.0,2,-30,knife
1786.1053405384578,-16.45,1304.65,-1219.75,2515.1124681612155,1100.45,-2218.05,441.65,2155.7602522080233,167.05,-1712.8,1298.35,0.0,0.0,0.0,0.0,1614.2445152269242,2515.1124681612155,0.0,2515.1124681612155,966.9699918093596,713.3765622926328,1072.7287782458252,1786.1053405384578,359.3522159531922,729.0071276227577,369.65491166956554,1786.1053405384578,359.3522159531922,2515.1124681612155,2155.7602522080233,0.27661629382822683,0.38951850919060593,0.3338651969811672,0.0,2,-30,knife
1826.7836455092322,-53.25,1330.95,-1250.15,2529.267835263794,1108.8,-2229.2,445.45,2168.424840177773,-117.75,-1751.15,1273.45,0.0,0.0,0.0,0.0,1631.1190802376998,2529.267835263794,0.0,2529.267835263794,973.9356680292184,732.9703252116055,1093.8133202976264,1826.7836455092322,360.8429950860209,702.4841897545618,341.64119466854095,1826.7836455092322,360.8429950860209,2529.267835263794,2168.424840177773,0.279989313417114,0.3876583668703098,0.3323523197125762,0.0,2,-30,knife
1847.677630161712,-90.05,1331.6,-1277.75,2535.8711205422096,1118.1,-2232.8,441.7,2368.078494264918,-87.25,-1925.7,1375.45,0.0,0.0,0.0,0.0,1687.9068112422099,2535.8711205422096,0.0,2535.8711205422096,1007.0046060282721,839.9425019422101,1007.7351282195018,1847.677630161712,167.79262627729167,688.1934903804977,520.400864103206,1847.677630161712,167.79262627729167,2535.8711205422096,2368.078494264918,0.27366404618065365,0.3755940647392647,0.35074188908008164,0.0,2,-30,knife
1984.3513952926787,-95.7,1351.4,-1449.9,2522.527649006052,1123.7,-2215.1,440.2,3052.738328533908,-16.0,-2180.0,2136.95,0.0,0.0,0.0,0.0,1889.9043432081594,3052.738328533908,0.0,3052.738328533908,1154.6702772427868,1257.2810374102671,727.0703578824111,1984.3513952926787,-530.210679527856,538.1762537133732,1068.3869332412291,1984.3513952926787,530.210679527856,2522.527649006052,3052.738328533908,0.26249362863574793,0.3336845669029998,0.4038218044612524,0.0,3,-30,knife
1957.9862320762115,-58.6,1368.45,-1399.15,2525.4282003256394,1135.5,-2210.85,447.85,2888.967968410173,40.55,-1723.9,2317.9,0.0,0.0,0.0,0.0,1843.095600203006,2888.967968410173,0.0,2888.967968410173,1114.633127597292,1160.7630000803724,797.2232319958389,1957.9862320762115,-363.53976808453353,567.4419682494279,930.9817363339614,1957.9862320762115,363.53976808453353,2525.4282003256394,2888.967968410173,0.26558392194367875,0.342552524140294,0.3918635539160273,0.0,3,-30,knife
2002.838506969546,-165.85,1378.15,-1443.8,2545.9649177669357,1155.5,-2223.7,449.35,2708.171051189345,-227.9,-1474.9,2259.85,0.0,0.0,0.0,0.0,1814.2436189814566,2708.171051189345,0.0,2708.171051189345,1079.5334934521798,1082.5223201959773,920.3161867735682,2002.838506969546,-162.20613342240904,543.1264107973898,705.3325442197988,2002.838506969546,162.20613342240904,2545.9649177669357,2708.171051189345,0.2759880875444348,0.3508300774948127,0.37318183496075247,0.0,3,-30,knife
1983.524288986651,-107.95,1373.25,-1427.2,2515.32323320483,1132.45,-2200.75,448.45,2779.0101808017903,281.45,-1868.6,2037.65,0.0,0.0,0.0,0.0,1819.4644257483178,2779.0101808017903,0.0,2779.0101808017903,1088.8427309815424,1123.6056182918055,859.9186706948456,1983.524288986651,-263.6869475969602,531.798944218179,795.4858918151392,1983.524288986651,263.6869475969602,2515.32323320483,2779.0101808017903,0.272542329066266,0.3456131372519576,0.38184453368177645,0.0,3,-31,knife
1788.280252784781,207.8,1250.0,-1261.85,2494.724049368988,1104.6,-2193.15,440.0,2611.626092590591,-1421.35,-2190.95,-9.65,0.0,0.0,0.0,0.0,1723.6575986860898,2611.626092590591,0.0,2611.626092590591,1043.8154916539138,952.5911480031918,835.6891047815889,1788.280252784781,-116.90204322160298,706.4437965842069,823.3458398058099,1788.280252784781,116.90204322160298,2494.724049368988,2611.626092590591,0.2593728960653136,0.3618357919912091,0.3787913119434773,0.0,3,-30,knife
1982.634863634754,-184.2,1364.45,-1426.6,2568.0779359279577,1123.35,-2267.0,440.25,3153.018075193988,-741.6,-2920.6,928.25,0.0,0.0,0.0,0.0,1925.9327186891749,3153.018075193988,0.0,3153.018075193988,1186.4359361476386,1283.787501450392,698.8473621843618,1982.634863634754,-584.9401392660302,585.4430722932036,1170.3832115592338,1982.634863634754,584.9401392660302,2568.0779359279577,3153.018075193988,0.2573603486242463,0.3333550947817947,0.409284556593959,0.0,3,-30,knife
1968.7055112433652,-35.7,1364.9,-1418.3,2527.5283247671036,1141.45,-2209.3,452.2,2782.8142634750166,141.0,-1704.55,2195.15,0.0,0.0,0.0,0.0,1819.7620248713713,2782.8142634750166,0.0,2782.8142634750166,1091.1141941662415,1111.9957249756392,856.709786267726,1968.7055112433652,-255.28593870791292,558.8228135237384,814.1087522316514,1968.7055112433652,255.28593870791292,2527.5283247671036,2782.8142634750166,0.27046194561930725,0.347233359392935,0.3823046949877578,0.0,3,-30,knife
1931.8945694576605,-43.55,1360.85,-1370.55,2523.952402978313,1139.8,-2206.45,450.3,3155.966337352159,-49.65,-1799.2,2592.4,0.0,0.0,0.0,0.0,1902.953327447033,3155.966337352159,0.0,3155.966337352159,1180.863075967432,1281.9542519157533,649.940317541907,1931.8945694576605,-632.013934373846,592.0578335206524,1224.0717678944984,1931.8945694576605,632.013934373846,2523.952402978313,3155.966337352159,0.25380214816532765,0.3315835925367125,0.4146142592979599,0.0,3,-30,knife
1950.0470519964383,10.2,1370.95,-1386.75,2524.90192185756,1139.75,-2205.3,461.25,2607.247144499347,74.9,-1650.65,2016.8,0.0,0.0,0.0,0.0,1770.5490295883362,2607.247144499347,0.0,2607.247144499347,1053.1115121148378,1016.1961373191127,933.8509146773254,1950.0470519964383,-82.34522264178713,574.8548698611216,657.2000925029088,1950.0470519964383,82.34522264178713,2524.90192185756,2607.247144499347,0.27534496636473216,0.3565139795146785,0.36814105412058945,0.0,3,-30,knife
1926.4236553780167,-102.4,1470.3,-1240.5,2529.1843630902035,1139.3,-2215.7,435.25,2615.389896841387,81.05,-1786.0,1908.9,0.0,0.0,0.0,0.0,1767.7494788274018,2615.389896841387,0.0,2615.389896841387,1054.5606994646864,1006.3145945645999,920.1090608134168,1926.4236553780167,-86.20553375118334,602.7607077121868,688.9662414633701,1926.4236553780167,86.20553375118334,2529.1843630902035,2615.389896841387,0.27244013906538783,0.3576842184628847,0.3698756424717275,0.0,3,-30,knife
1891.222732123321,-161.4,1586.6,-1016.55,2498.3765939105338,1115.8,-2188.25,456.55,2624.5977587051316,294.05,-1754.95,1929.3,0.0,0.0,0.0,0.0,1753.5492711847464,2624.5977587051316,0.0,2624.5977587051316,1049.688315240502,1008.7219484589593,882.5007836643615,1891.222732123321,-126.22116479459783,607.1538617872127,733.3750265818105,1891.222732123321,126.22116479459783,2498.3765939105338,2624.5977587051316,0.26962782899814935,0.35618853643937837,0.37418363456247233,0.0,3,-30,knife
1702.619304189871,-276.65,1570.15,-597.5,2496.119204885856,1117.6,-2186.45,448.35,2611.2644331817487,252.9,-1761.7,1910.8,0.0,0.0,0.0,0.0,1702.5007355643688,2611.2644331817487,0.0,2611.2644331817487,1043.3348577531483,908.8822662428818,793.7370379469892,1702.619304189871,-115.1452282958926,793.4999006959852,908.6451289918778,1702.619304189871,115.1452282958926,2496.119204885856,2611.2644331817487,0.2500174109507011,0.36653716981484996,0.38344541923444897,0.0,3,-31,knife
1730.805033792079,-185.15,1390.8,-1013.45,2508.7716027968745,1125.75,-2197.7,443.55,2631.534047376169,162.4,-1761.4,1948.35,0.0,0.0,0.0,0.0,1717.7776709912807,2631.534047376169,0.0,2631.534047376169,1050.1847402570518,926.7837391856865,804.0212946063925,1730.805033792079,-122.76244457929442,777.9665690047955,900.7290135840899,1730.805033792079,122.76244457929442,2508.7716027968745,2631.534047376169,0.251895961715651,0.36511878765852357,0.38298525062582534,0.0,3,-31,knife
1895.2835572810734,-182.5,1458.65,-1196.3,2528.049774035314,1130.6,-2216.3,448.1,2615.474235200951,-31.65,-1714.95,1974.5,0.0,0.0,0.0,0.0,1759.7018916293346,2615.474235200951,0.0,2615.474235200951,1053.2850881746792,991.3540092233552,903.9295480577182,1895.2835572810734,-87.42446116563724,632.7662167542405,720.1906779198778,1895.2835572810734,87.42446116563724,2528.049774035314,2615.474235200951,0.26926202192210547,0.35915881349859696,0.37157916457929757,0.0,3,-30,knife
1885.731702151714,-171.5,1474.45,-1163.0,2523.344817400111,1127.95,-2211.95,449.75,2637.3332226891616,-8.95,-1739.35,1982.45,0.0,0.0,0.0,0.0,1761.6024355602467,2637.3332226891616,0.0,2637.3332226891616,1056.6228139233067,999.8600537203822,885.8716484313318,1885.731702151714,-113.98840528905066,637.613115248397,751.6015205374476,1885.731702151714,113.98840528905066,2523.344817400111,2637.3332226891616,0.2676159592093193,0.3581036172610657,0.374280423529615,0.0,3,-30,knife
1885.427416396611,-175.65,1468.1,-1169.9,2524.6625244772817,1128.35,-2213.3,449.5,2628.683233103601,39.3,-1746.3,1964.4,0.0,0.0,0.0,0.0,1759.6932934943736,2628.683233103601,0.0,2628.683233103601,1055.0652819048332,994.7240625114653,890.703353885146,1885.427416396611,-104.02070862631945,639.2351080806707,743.2558167069901,1885.427416396611,104.02070862631945,2524.6625244772817,2628.683233103601,0.26786307354910643,0.3586793411401602,0.3734575853107333,0.0,3,-30,knife
1879.9769479969693,-182.4,1467.55,-1160.75,2526.4054746813704,1128.9,-2214.1,453.95,2638.459749077101,54.15,-1743.65,1979.45,0.0,0.0,0.0,0.0,1761.2105429388603,2638.459749077101,0.0,2638.459749077101,1057.2437619541697,996.0156111963499,883.9613368006194,1879.9769479969693,-112.05427439573077,646.428526684401,758.4828010801318,1879.9769479969693,112.05427439573077,2526.4054746813704,2638.459749077101,0.2668586324806926,0.35861775368231397,0.37452361383699345,0.0,3,-30,knife
1876.2651438429484,-179.4,1474.2,-1146.7,2518.44694107301,1125.25,-2206.9,453.85,2625.2960147381477,100.45,-1742.35,1961.2,0.0,0.0,0.0,0.0,1755.0020249135264,2625.2960147381477,0.0,2625.2960147381477,1052.9715832107827,991.5571087540434,884.7080350889053,1876.2651438429484,-106.8490736651379,642.1817972300614,749.0308708951993,1876.2651438429484,106.8490736651379,2518.44694107301,2625.2960147381477,0.26727392863483973,0.358752711581216,0.37397335978394425,0.0,3,-30,knife
1837.1087950908077,-195.0,1462.05,-1095.15,2515.9132675829665,1123.8,-2205.7,449.2,2646.0543805825305,135.35,-1754.85,1975.8,0.0,0.0,0.0,0.0,1749.7691108140762,2646.0543805825305,0.0,2646.0543805825305,1055.891130202786,983.6249540451861,853.4838410456216,1837.1087950908077,-130.14111299956403,678.8044724921588,808.9455854917228,1837.1087950908077,130.14111299956403,2515.9132675829665,2646.0543805825305,0.2624787441578645,0.3594636075174003,0.3780576483247352,0.0,3,-31,knife
1807.0446494207054,-199.45,1439.05,-1074.6,2515.8837284342058,1127.15,-2203.65,450.7,2662.566392129969,150.1,-1759.85,1992.4,0.0,0.0,0.0,0.0,1746.37369249622,2662.566392129969,0.0,2662.566392129969,1058.8976339959013,976.863656558234,830.1809928624709,1807.0446494207054,-146.68266369576304,708.8390790135004,855.5217427092634,1807.0446494207054,146.68266369576304,2515.8837284342058,2662.566392129969,0.25868527698069077,0.36015827243109527,0.38115645058821396,0.0,3,-30,knife
1811.5599224149335,-207.6,1437.05,-1083.3,2516.4160536366003,1130.3,-2203.55,446.25,2664.5505652923907,155.75,-1759.7,1994.75,0.0,0.0,0.0,0.0,1748.1316353359812,2664.5505652923907,0.0,2664.5505652923907,1059.4894955413897,979.8472170353618,831.7127053795714,1811.5599224149335,-148.13451165579045,704.8561312216668,852.9906428774573,1811.5599224149335,148.13451165579045,2516.4160536366003,2664.5505652923907,0.2590708682625553,0.35987222054261364,0.381056911194831,0.0,3,-30,knife
1802.4896615514886,-210.4,1438.1,-1066.1,2516.0753570789566,1129.55,-2204.0,444.0,2673.794710238615,153.7,-1768.15,1999.8,0.0,0.0,0.0,0.0,1748.089932217265,2673.794710238615,0.0,2673.794710238615,1061.3091786235702,980.1045073555733,822.3851541959148,1802.4896615514886,-157.71935315965857,713.585695527468,871.3050486871266,1802.4896615514886,157.71935315965857,2516.0753570789566,2673.794710238615,0.2577798813910597,0.35983208167779795,0.3823880369311424,0.0,3,-31,knife
1803.1024658903887,-206.3,1429.1,-1079.95,2528.3241885683883,1132.55,-2215.9,446.7,2610.3108751641057,169.45,-1747.55,1931.6,0.0,0.0,0.0,0.0,1735.4343824057207,2610.3108751641057,0.0,2610.3108751641057,1050.046973646453,942.5445762430531,860.5578896473357,1803.1024658903887,-81.9866865957174,725.2217226779997,807.208409273717,1803.1024658903887,81.9866865957174,2528.3241885683883,2610.3108751641057,0.25974800375207274,0.3642206548114391,0.3760313414364881,0.0,3,-31,knife
1946.0549921572103,-57.35,1562.6,-1158.5,2517.071694449723,1111.45,-2211.7,456.85,2590.0563121291398,172.7,-1744.0,1907.1,0.0,0.0,0.0,0.0,1763.2957496840183,2590.0563121291398,0.0,2590.0563121291398,1048.1321534144804,1009.5198049183134,936.5351872388969,1946.0549921572103,-72.98461767941671,571.0167022925127,644.0013199719294,1946.0549921572103,72.98461767941671,2517.071694449723,2590.0563121291398,0.2759115979985125,0.35687032293090665,0.36721807907058085,0.0,3,-31,knife
1941.0613784731281,-364.95,1447.65,-1240.5,2488.5907553271995,1129.85,-2170.65,452.55,2904.3973574564484,442.4,-1782.5,2250.0,0.0,0.0,0.0,0.0,1833.512372814194,2904.3973574564484,0.0,2904.3973574564484,1112.3462531344567,1178.4339903011885,762.6273881719396,1941.0613784731281,-415.80660212924886,547.5293768540714,963.3359789833203,1941.0613784731281,415.80660212924886,2488.5907553271995,2904.3973574564484,0.26466434141017836,0.3393201475247681,0.3960155110650536,0.0,3,-31,knife
1931.0450596762366,-287.7,1418.85,-1277.9,2483.0270734528854,1146.85,-2154.55,456.15,2991.17870830213,438.25,-1811.0,2339.95,0.0,0.0,0.0,0.0,1851.312710357813,2991.17870830213,0.0,2991.17870830213,1132.7040135082104,1219.5983472627406,711.4467124134962,1931.0450596762366,-508.1516348492446,551.9820137766487,1060.1336486258933,1931.0450596762366,508.1516348492446,2483.0270734528854,2991.17870830213,0.2607670018242101,0.3353062747801501,0.40392672339563973,0.0,3,-31,knife
1940.6703500337196,-294.75,1409.65,-1300.85,2480.807631095164,1139.8,-2156.65,451.8,2905.4313143662507,390.15,-1793.7,2252.1,0.0,0.0,0.0,0.0,1831.7273238737835,2905.4313143662507,0.0,2905.4313143662507,1111.444901512975,1182.647016652403,758.0233333813164,1940.6703500337196,-424.6236832710865,540.1372810614446,964.7609643325311,1940.6703500337196,424.6236832710865,2480.807631095164,2905.4313143662507,0.2648688924301163,0.338588555016023,0.39654255255386084,0.0,3,-31,knife
1900.4550060446052,-147.9,1494.9,-1164.1,2522.78204914733,1122.45,-2212.05,459.75,2532.460967616283,162.6,-1731.05,1841.3,0.0,0.0,0.0,0.0,1738.9245057020544,2532.460967616283,0.0,2532.460967616283,1036.1085010600318,955.0669622567791,945.3880437878258,1900.4550060446052,-9.67891846895327,622.3270431027247,632.005961571678,1900.4550060446052,9.67891846895327,2522.78204914733,2532.460967616283,0.273222759213077,0.36269286574473936,0.36408437504218377,0.0,3,-31,knife
1854.058705920608,-116.85,1485.8,-1102.85,2514.986569049624,1119.1,-2206.9,449.85,2541.5159206662465,196.25,-1731.45,1850.1,0.0,0.0,0.0,0.0,1727.6402989091196,2541.5159206662465,0.0,2541.5159206662465,1034.774165318311,940.2940287686154,913.7646771519926,1854.058705920608,-26.529351616622534,660.927863129016,687.4572147456386,1854.058705920608,26.529351616622534,2514.986569049624,2541.5159206662465,0.2682935080715749,0.36393376715014936,0.3677727247782757,0.0,3,-31,knife
1833.2434576454923,-112.05,1499.1,-1049.25,2515.212004483916,1117.45,-2207.85,450.55,2500.651876011533,164.8,-1720.45,1807.25,0.0,0.0,0.0,0.0,1712.2768345352354,2515.212004483916,0.0,2515.212004483916,1026.251062746828,909.3416645865548,923.9017930589375,1833.2434576454923,14.560128472382985,681.9685468384239,667.4084183660409,1833.2434576454923,14.560128472382985,2515.212004483916,2500.651876011533,0.26766166262815366,0.36723209030136506,0.36510624707048134,0.0,2,-31,knife
1813.0771026076081,-114.7,1479.3,-1042.0,2516.2831423550097,1118.35,-2209.8,444.7,2526.0068631141917,169.35,-1725.0,1837.5,0.0,0.0,0.0,0.0,1713.8417770192023,2526.0068631141917,0.0,2526.0068631141917,1030.852263708851,911.4004116833953,901.6766909242131,1813.0771026076081,-9.723720759182015,703.2060397474015,712.9297605065835,1813.0771026076081,9.723720759182015,2516.2831423550097,2526.0068631141917,0.2644755669570911,0.36705301155796494,0.368471421484944,0.0,3,-31,knife
1750.0406345282386,-132.9,1414.75,-1021.5,2520.196330149697,1121.8,-2213.05,442.0,2546.6976057239303,167.3,-1731.55,1859.95,0.0,0.0,0.0,0.0,1704.2336426004663,2546.6976057239303,0.0,2546.6976057239303,1034.6558879302554,888.2709550512359,861.7696794770025,1750.0406345282386,-26.501275574233205,770.1556956214586,796.6569711956918,1750.0406345282386,26.501275574233205,2520.196330149697,2546.6976057239303,0.25671958802812334,0.3696964235350038,0.373583988436873,0.0,3,-31,knife
1984.0021055936406,-228.9,1446.15,-1338.85,2508.9258159618826,1154.5,-2170.7,499.9,2613.8948735555527,459.7,-1693.4,1937.4,0.0,0.0,0.0,0.0,1776.7056987777692,2613.8948735555527,0.0,2613.8948735555527,1053.1722265045726,1044.4855815936555,939.5165239999853,1984.0021055936406,-104.96905759367019,524.9237103682419,629.8927679619121,1984.0021055936406,104.96905759367019,2508.9258159618826,2613.8948735555527,0.27916864719892476,0.3530305860007966,0.3678007668002785,0.0,3,-31,keys
1983.1441065893323,-234.95,1444.65,-1338.15,2507.512789099988,1150.55,-2171.75,497.35,2617.6049998042104,460.65,-1690.1,1945.05,0.0,0.0,0.0,0.0,1777.0654738733829,2617.6049998042104,0.0,2617.6049998042104,1053.6235186570061,1046.6181586467776,936.5259479425551,1983.1441065893323,-110.09221070422245,524.3686825106556,634.4608932148781,1983.1441065893323,110.09221070422245,2507.512789099988,2617.6049998042104,0.27899142374686536,0.3527603267811068,0.36824824947202767,0.0,3,-30,keys
1989.0220624719072,-220.85,1452.8,-1340.45,2517.7514343159455,1150.75,-2187.25,480.4,2630.7375938128075,468.85,-1709.05,1944.25,0.0,0.0,0.0,0.0,1784.3777726501653,2630.7375938128075,0.0,2630.7375938128075,1058.30586261583,1051.0041109843846,938.0179514875229,1989.0220624719072,-112.986159496862,528.7293718440383,641.7155313409003,1989.0220624719072,112.986159496862,2517.7514343159455,2630.7375938128075,0.2786716598018652,0.3527492150073931,0.3685791251907416,0.0,3,-30,keys
2000.830191445541,-225.15,1449.15,-1361.1,2516.2000402392496,1156.3,-2182.95,478.5,2620.0337349927386,474.85,-1702.0,1934.5,0.0,0.0,0.0,0.0,1784.2659916693822,2620.0337349927386,0.0,2620.0337349927386,1056.4966107243677,1052.3319430995152,948.4982483460258,2000.830191445541,-103.833694753489,515.3698487937086,619.2035435471976,2000.830191445541,103.833694753489,2516.2000402392496,2620.0337349927386,0.2803435979819268,0.35255394262783946,0.36710245939023384,0.0,3,-31,keys
1985.3106003847356,-233.1,1442.4,-1344.1,2518.128627572468,1150.15,-2185.15,493.2,2634.1374494319766,481.9,-1713.55,1941.7,0.0,0.0,0.0,0.0,1784.3941693472952,2634.1374494319766,0.0,2634.1374494319766,1058.8743859752094,1050.6597111221222,934.6508892626136,1985.3106003847356,-116.00882185950877,532.8180271877322,648.826849047241,1985.3106003847356,116.00882185950877,2518.128627572468,2634.1374494319766,0.27814911000170617,0.3527988197380125,0.3690520702602812,0.0,3,-30,keys
1988.6137212892804,-237.2,1434.7,-1356.45,2528.4422323834096,1151.5,-2195.35,497.5,2635.6738773034876,492.75,-1713.45,1941.15,0.0,0.0,0.0,0.0,1788.1824577440445,2635.6738773034876,0.0,2635.6738773034876,1061.1309336936083,1047.922683104679,940.6910381846014,1988.6137212892804,-107.231644920078,539.8285110941292,647.0601560142072,1988.6137212892804,107.231644920078,2528.4422323834096,2635.6738773034876,0.27802164604026175,0.35349332242824794,0.3684850315314902,0.0,3,-31,keys
1994.1336922332964,-233.1,1436.35,-1363.5,2525.905454980451,1152.85,-2193.15,491.15,2636.673985345932,497.6,-1715.85,1939.15,0.0,0.0,0.0,0.0,1789.1782831399198,2636.673985345932,0.0,2636.673985345932,1061.1528565152564,1052.451111299389,941.6825809339075,1994.1336922332964,-110.76853036548118,531.7717627471545,642.5402931126357,1994.1336922332964,110.76853036548118,2525.905454980451,2636.673985345932,0.2786382037811361,0.3529421129776418,0.3684196832412222,0.0,3,-31,keys
1996.3927544448763,-229.1,1436.9,-1366.9,2521.5209204961993,1151.2,-2188.9,491.45,2638.684368203215,485.3,-1718.05,1943.05,0.0,0.0,0.0,0.0,1789.1495107860726,2638.684368203215,0.0,2638.684368203215,1060.9056378533187,1056.7781010759459,939.6146533689302,1996.3927544448763,-117.16344770701562,525.128166051323,642.2916137583386,1996.3927544448763,117.16344770701562,2521.5209204961993,2638.684368203215,0.2789583461875903,0.3523351326000077,0.368706521212402,0.0,3,-31,keys
1987.9798401895328,-230.55,1444.2,-1346.55,2512.6208816691783,1152.9,-2178.35,488.75,2621.5415150250815,445.05,-1702.35,1943.3,0.0,0.0,0.0,0.0,1780.535559220948,2621.5415150250815,0.0,2621.5415150250815,1055.5306656368375,1048.450236772718,939.5296034168148,1987.9798401895328,-108.92063335590319,524.6410414796455,633.5616748355487,1987.9798401895328,108.92063335590319,2512.6208816691783,2621.5415150250815,0.27912666920554924,0.3527900451997355,0.3680832855947153,0.0,3,-30,keys
1976.2594851132278,-241.1,1435.05,-1337.2,2531.1454689527427,1173.6,-2178.45,532.65,2577.1701442667695,449.3,-1670.65,1910.2,0.0,0.0,0.0,0.0,1771.143774583185,2577.1701442667695,0.0,2577.1701442667695,1049.5598850257325,1011.1420802136272,965.1174048996006,1976.2594851132278,-46.02467531402681,554.8859838395149,600.9106591535417,1976.2594851132278,46.02467531402681,2531.1454689527427,2577.1701442667695,0.27895243648109735,0.357275550589959,0.3637720129289436,0.0,3,-31,keys
1977.8879050643895,-237.65,1465.55,-1306.8,2487.4943185864768,1151.4,-2154.55,468.85,2584.0089812150422,140.45,-1477.1,2115.55,0.0,0.0,0.0,0.0,1762.347801216477,2584.0089812150422,0.0,2584.0089812150422,1043.2271894450646,1037.2012838464775,940.6866212179118,1977.8879050643895,-96.51466262856547,509.6064135220872,606.1210761506527,1977.8879050643895,96.51466262856547,2487.4943185864768,2584.0089812150422,0.28057570470754045,0.35286654496766484,0.3665577503247949,0.0,3,-30,keys
1936.3285168070008,-166.0,1591.25,-1090.75,2483.523155720518,1137.2,-2161.55,449.85,2777.7931267464824,400.65,-1674.15,2180.1,0.0,0.0,0.0,0.0,1799.4111998185003,2777.7931267464824,0.0,2777.7931267464824,1081.8811603950523,1115.2992439164827,821.0292728905181,1936.3285168070008,-294.2699710259644,547.1946389135171,841.4646099394815,1936.3285168070008,294.2699710259644,2483.523155720518,2777.7931267464824,0.2690225165046087,0.34504664025252,0.3859308432428713,0.0,3,-31,keys
1979.145220796089,-233.15,1437.4,-1340.35,2537.2777956897035,1151.3,-2208.0,486.85,2713.8842265284643,486.65,-1735.25,2029.1,0.0,0.0,0.0,0.0,1807.5768107535641,2713.8842265284643,0.0,2713.8842265284643,1078.2655407416921,1077.8758258174248,901.2693949786642,1979.145220796089,-176.60643083876084,558.1325748936144,734.7390057323753,1979.145220796089,176.60643083876084,2537.2777956897035,2713.8842265284643,0.27372906216513687,0.35092254179670695,0.3753483960381562,0.0,3,-30,keys
1979.126722824994,-243.4,1416.45,-1360.65,2547.7707029872213,1147.1,-2225.35,472.35,2729.081023439942,508.95,-1737.2,2042.3,0.0,0.0,0.0,0.0,1813.9946123130394,2729.081023439942,0.0,2729.081023439942,1083.2423042072658,1080.2185216388573,898.9082011861367,1979.126722824994,-181.3103204527206,568.6439801622273,749.9543006149479,1979.126722824994,181.3103204527206,2547.7707029872213,2729.081023439942,0.272758076208037,0.3511271044706326,0.37611481932133034,0.0,3,-30,keys
1987.296688343238,-252.35,1435.95,-1350.45,2527.9436801479574,1154.4,-2204.2,446.5,2724.642309093067,558.15,-1703.0,2052.3,0.0,0.0,0.0,0.0,1809.9706693960657,2724.642309093067,0.0,2724.642309093067,1079.2992858451996,1091.9976586441737,895.299029699064,1987.296688343238,-196.6986289451097,540.6469918047194,737.3456207498291,1987.296688343238,196.6986289451097,2527.9436801479574,2724.642309093067,0.2744929409555489,0.34916914993316694,0.3763379091112842,0.0,3,-30,keys
1998.5677859407222,-272.85,1419.9,-1379.75,2510.756858996904,1137.95,-2191.8,452.75,2688.2739397241494,585.7,-1645.75,2043.35,0.0,0.0,0.0,0.0,1799.399646165444,2688.2739397241494,0.0,2688.2739397241494,1069.302766820359,1088.0424333339838,910.5253526067386,1998.5677859407222,-177.51708072724523,512.189073056182,689.7061537834272,1998.5677859407222,177.51708072724523,2510.756858996904,2688.2739397241494,0.2776714708986007,0.34883257651341887,0.3734959525879804,0.0,3,-30,keys
2018.8390828642089,-264.5,1454.3,-1375.05,2513.4625942114194,1157.4,-2181.5,467.95,2705.7753440557476,542.85,-1674.0,2055.3,0.0,0.0,0.0,0.0,1809.519255282844,2705.7753440557476,0.0,2705.7753440557476,1074.3586373439837,1105.5759163542687,913.2631665099404,2018.8390828642089,-192.3127498443282,494.6235113472105,686.9362611915387,2018.8390828642089,192.3127498443282,2513.4625942114194,2705.7753440557476,0.27891925948981494,0.34725557449491506,0.37382516601527005,0.0,3,-30,keys
1970.2182233194374,-248.15,1402.95,-1360.85,2563.9091510816056,1188.1,-2222.35,472.45,2737.072107654455,475.25,-1732.0,2065.4,0.0,0.0,0.0,0.0,1817.7998705138746,2737.072107654455,0.0,2737.072107654455,1087.3555338571377,1071.6905899461433,898.5276333732941,1970.2182233194374,-173.16295657284945,593.6909277621683,766.8538843350177,1970.2182233194374,173.16295657284945,2563.9091510816056,2737.072107654455,0.2709619270082899,0.3526115818179717,0.3764264911737384,0.0,3,-30,keys
1955.9952850147672,-238.95,1366.7,-1378.75,2532.0793574649274,1142.15,-2210.2,471.1,2731.5721201352158,482.15,-1734.55,2054.35,0.0,0.0,0.0,0.0,1804.9116906537274,2731.5721201352158,0.0,2731.5721201352158,1080.278301037053,1077.7440238425277,878.2512611722393,1955.9952850147672,-199.49276267028836,576.0840724501602,775.5768351204485,1955.9952850147672,199.49276267028836,2532.0793574649274,2731.5721201352158,0.27092672942717744,0.3507206710689298,0.3783525995038929,0.0,3,-30,keys
1959.005153770658,-222.9,1379.85,-1372.6,2524.6262871957897,1145.8,-2197.2,482.9,2737.843076675506,504.9,-1726.25,2064.2,0.0,0.0,0.0,0.0,1805.3686294104882,2737.843076675506,0.0,2737.843076675506,1080.4860298451313,1086.1109716251872,872.8941821454707,1959.005153770658,-213.21678947971623,565.6211334251318,778.837922904848,1959.005153770658,213.21678947971623,2524.6262871957897,2737.843076675506,0.27127495208697866,0.34959983325125166,0.3791252146617698,0.0,3,-30,keys
1952.6697166955807,-205.4,1378.55,-1367.6,2533.912532527514,1145.85,-2208.1,481.7,2762.5059963735825,512.1,-1705.6,2111.9,0.0,0.0,0.0,0.0,1812.2720613991692,2762.5059963735825,0.0,2762.5059963735825,1087.169608075026,1090.6315902708245,862.038126424756,1952.6697166955807,-228.59346384606852,581.2428158319333,809.8362796780018,1952.6697166955807,228.59346384606852,2533.912532527514,2762.5059963735825,0.2693676294921218,0.34954913592984493,0.38108323457803334,0.0,3,-30,keys
1947.9803752861578,-234.45,1374.3,-1360.5,2510.9271693938076,1135.0,-2190.0,469.5,2754.7471521901966,507.2,-1727.35,2085.1,0.0,0.0,0.0,0.0,1803.4136742175406,2754.7471521901966,0.0,2754.7471521901966,1081.5279866444464,1095.9001790412733,852.0801962448843,1947.9803752861578,-243.819982796389,562.9467941076498,806.7667769040388,1947.9803752861578,243.819982796389,2510.9271693938076,2754.7471521901966,0.270040701578264,0.34807975636583227,0.38187954205590374,0.0,3,-30,keys
1964.3579370878415,-208.15,1394.6,-1367.65,2611.845785072312,1178.8,-2274.05,510.75,2743.862484254632,529.1,-1708.6,2080.75,0.0,0.0,0.0,0.0,1830.0165516036964,2743.862484254632,0.0,2743.862484254632,1096.9707751264461,1048.187318135081,916.1706189527606,1964.3579370878415,-132.01669918231983,647.4878479844706,779.5045471667904,1964.3579370878415,132.01669918231983,2611.845785072312,2743.862484254632,0.2683524822994658,0.3568063063122949,0.37484121138823934,0.0,3,-30,keys
1998.5175781063322,-184.3,1427.1,-1386.9,2472.5832943502633,1127.15,-2152.85,456.55,2853.22645482268,448.6,-1751.55,2207.2,0.0,0.0,0.0,0.0,1831.081831819819,2853.22645482268,0.0,2853.22645482268,1099.6816767498567,1189.5803692893744,808.9372088169578,1998.5175781063322,-380.64316047241664,474.0657162439311,854.7088767163477,1998.5175781063322,380.64316047241664,2472.5832943502633,2853.22645482268,0.27286022167017343,0.3375850346203382,0.38955474370948834,0.0,3,-30,keys
1961.2072009351791,-264.85,1418.85,-1327.8,2476.561885457337,1133.15,-2152.4,465.3,2742.397238731107,435.55,-1741.1,2073.55,0.0,0.0,0.0,0.0,1795.0415812809058,2742.397238731107,0.0,2742.397238731107,1073.7478705904591,1113.5212771044742,847.6859238307047,1961.2072009351791,-265.83535327376967,515.3546845221581,781.1900377959278,1961.2072009351791,265.83535327376967,2476.561885457337,2742.397238731107,0.2731423078700635,0.34491706366073593,0.38194062846920057,0.0,3,-30,keys
1958.7668084792533,-203.4,1395.6,-1359.3,2513.2598726554324,1135.65,-2191.25,474.55,2762.780936846061,532.8,-1700.75,2111.05,0.0,0.0,0.0,0.0,1808.7019044951867,2762.780936846061,0.0,2762.780936846061,1084.0422945164476,1104.143936334941,854.6228721443122,1958.7668084792533,-249.52106419062875,554.4930641761791,804.0141283668079,1958.7668084792533,249.52106419062875,2513.2598726554324,2762.780936846061,0.2707420724790399,0.3473844786707528,0.38187344885020735,0.0,3,-30,keys
1967.6418786201923,-202.0,1396.45,-1371.4,2511.039785626663,1135.95,-2188.45,475.0,2763.9819115725054,521.35,-1720.25,2099.65,0.0,0.0,0.0,0.0,1810.6658939548402,2763.9819115725054,0.0,2763.9819115725054,1084.260976065596,1110.2920022830174,857.3498763371751,1967.6418786201923,-252.94212594584224,543.3979070064709,796.3400329523131,1967.6418786201923,252.94212594584224,2511.039785626663,2763.9819115725054,0.27167379211005166,0.34670114928575707,0.3816250586041913,0.0,3,-30,keys
1971.7446246915447,-211.35,1415.95,-1355.8,2549.626032872272,1158.85,-2220.25,477.65,2723.331795338203,443.75,-1741.05,2046.55,0.0,0.0,0.0,0.0,1811.175613225505,2723.331795338203,0.0,2723.331795338203,1082.067168921235,1072.7251935787376,899.0194311128071,1971.7446246915447,-173.705762465931,577.8814081807272,751.5871706466583,1971.7446246915447,173.705762465931,2549.626032872272,2723.331795338203,0.27216364474730365,0.351929709942879,0.37590664530981727,0.0,3,-30,keys
1980.1215202608148,-234.95,1422.85,-1356.9,2520.956077066794,1143.15,-2194.1,484.1,2717.8915403304823,444.8,-1736.15,2043.25,0.0,0.0,0.0,0.0,1804.7422844145226,2717.8915403304823,0.0,2717.8915403304823,1076.4126009441036,1088.5284917622516,891.5930284985632,1980.1215202608148,-196.93546326368823,540.8345568059792,737.7700200696675,1980.1215202608148,196.93546326368823,2520.956077066794,2717.8915403304823,0.2742942215851039,0.3492127517093969,0.3764930267054992,0.0,3,-30,keys
1985.3171144681144,-236.15,1446.65,-1339.0,2483.154373976777,1130.4,-2158.15,480.25,2729.180041697506,460.7,-1737.5,2053.6,0.0,0.0,0.0,0.0,1799.4128825355992,2729.180041697506,0.0,2729.180041697506,1072.8952072150037,1115.6713910944216,869.6457233736926,1985.3171144681144,-246.02566772072896,497.8372595086628,743.8629272293917,1985.3171144681144,246.02566772072896,2483.154373976777,2729.180041697506,0.2758284568451228,0.34499508118416106,0.37917646197071625,0.0,3,-30,keys
1977.5529891762699,-245.2,1404.15,-1370.75,2496.725992675207,1152.1,-2161.1,485.75,2714.130480006442,505.8,-1698.4,2055.75,0.0,0.0,0.0,0.0,1797.10236546448,2714.130480006442,0.0,2714.130480006442,1071.5121467076194,1097.4787382537522,880.0742509225176,1977.5529891762699,-217.40448733123503,519.1730034989373,736.5774908301723,1977.5529891762699,217.40448733123503,2496.725992675207,2714.130480006442,0.27510299735557225,0.34732662432808914,0.3775703783163385,0.0,3,-30,keys
2004.0671614244868,-252.25,1445.25,-1365.25,2486.775790556921,1137.1,-2159.0,479.35,2706.616428772278,491.65,-1698.6,2049.1,0.0,0.0,0.0,0.0,1799.3648451884214,2706.616428772278,0.0,2706.616428772278,1069.4924179371483,1111.953899819922,892.113261604565,2004.0671614244868,-219.8406382153571,482.7086291324342,702.5492673477913,2004.0671614244868,219.8406382153571,2486.775790556921,2706.616428772278,0.27844091302320484,0.34550744353023594,0.3760516434465592,0.0,3,-30,keys
2007.5500796991341,-247.4,1457.0,-1358.75,2482.527728948863,1134.75,-2154.35,483.8,2703.647122869403,491.8,-1692.55,2050.15,0.0,0.0,0.0,0.0,1798.4312328793499,2703.647122869403,0.0,2703.647122869403,1068.350295422368,1114.334736809837,893.2153428892968,2007.5500796991341,-221.11939392054,474.977649249729,696.097043170269,2007.5500796991341,221.11939392054,2482.527728948863,2703.647122869403,0.27906961953793724,0.34509628218787264,0.3758340982741903,0.0,3,-30,keys
1991.7717477160882,-230.85,1452.75,-1342.9,2473.5779455072766,1124.7,-2150.35,479.2,2733.4826892629117,488.8,-1731.25,2058.1,0.0,0.0,0.0,0.0,1799.708095621569,2733.4826892629117,0.0,2733.4826892629117,1072.5988581730753,1125.8382457358614,865.9335019802265,1991.7717477160882,-259.9047437556351,481.8061977911884,741.7109415468235,1991.7717477160882,259.9047437556351,2473.5779455072766,2733.4826892629117,0.2766798338799751,0.34360821506625655,0.37971195105376837,0.0,3,-30,keys
1952.5111376122802,-298.4,1331.4,-1396.65,2463.9702133954465,1126.75,-2141.8,462.9,2747.0358720810327,549.2,-1731.8,2060.45,0.0,0.0,0.0,0.0,1790.8793057721898,2747.0358720810327,0.0,2747.0358720810327,1072.4574917132707,1117.7883981489333,834.7227394633469,1952.5111376122802,-283.0656586855862,511.4590757831663,794.5247344687525,1952.5111376122802,283.0656586855862,2463.9702133954465,2747.0358720810327,0.272563194420631,0.34396095335037585,0.3834758522289932,0.0,3,-30,keys
1997.8362395351628,-226.4,1418.8,-1388.2,2489.1246759654287,1136.3,-2164.6,468.05,2760.0073745372492,555.55,-1724.55,2082.05,0.0,0.0,0.0,0.0,1811.74207250946,2760.0073745372492,0.0,2760.0073745372492,1081.0983594008114,1134.3594690534915,863.4767704816709,1997.8362395351628,-270.8826985718206,491.28843643026585,762.1711350020864,1997.8362395351628,270.8826985718206,2489.1246759654287,2760.0073745372492,0.27567889903444454,0.3434711697838037,0.3808499311817518,0.0,3,-30,keys
1987.5555394755638,-236.4,1413.05,-1377.6,2480.8660398135166,1130.25,-2156.35,476.85,2765.566085361187,582.05,-1705.4,2097.9,0.0,0.0,0.0,0.0,1808.496916162567,2765.566085361187,0.0,2765.566085361187,1080.5999166460665,1136.1277925116171,851.4277469639469,1987.5555394755638,-284.70004554767047,493.3105003379528,778.0105458856233,1987.5555394755638,284.70004554767047,2480.8660398135166,2765.566085361187,0.27475240926771105,0.342945848793268,0.3823017419390209,0.0,3,-30,keys
1991.1400716674857,-268.6,1436.35,-1352.55,2461.21089049679,1122.15,-2137.15,480.55,2688.1954295586474,520.55,-1681.25,2031.95,0.0,0.0,0.0,0.0,1785.1365979307307,2688.1954295586474,0.0,2688.1954295586474,1060.865425833219,1109.0623053646714,882.0777663028139,1991.1400716674857,-226.9845390618575,470.07081882930424,697.0553578911617,1991.1400716674857,226.9845390618575,2461.21089049679,2688.1954295586474,0.2788498193885481,0.34468103076113915,0.3764691498503128,0.0,3,-30,keys
1985.071266982624,-263.35,1418.65,-1363.3,2512.6701962255215,1170.25,-2159.55,529.5,2650.7884213946613,512.75,-1685.7,1980.45,0.0,0.0,0.0,0.0,1787.1324711507018,2650.7884213946613,0.0,2650.7884213946613,1061.28799428279,1061.5947460758819,923.476520906742,1985.071266982624,-138.1182251691398,527.5989292428976,665.7171544120374,1985.071266982624,138.1182251691398,2512.6701962255215,2650.7884213946613,0.2776894409098382,0.35149467607844137,0.37081588301172036,0.0,3,-30,keys
1987.910776418298,-282.3,1384.05,-1398.75,2483.182597997981,1132.45,-2160.5,464.75,2741.5116769767733,534.5,-1725.85,2061.95,0.0,0.0,0.0,0.0,1803.1512628482628,2741.5116769767733,0.0,2741.5116769767733,1075.6920374989836,1123.119927698545,864.7908487197526,1987.910776418298,-258.3290789787925,495.27182157968286,753.6009005584754,1987.910776418298,258.3290789787925,2483.182597997981,2741.5116769767733,0.2756161972343613,0.3442837338665003,0.3801000688991385,0.0,3,-30,keys
1965.391725585513,-253.85,1399.95,-1355.9,2555.2102349904594,1189.65,-2203.35,509.0,2692.1640579652644,471.05,-1710.45,2024.9,0.0,0.0,0.0,0.0,1803.1915046353092,2692.1640579652644,0.0,2692.1640579652644,1076.2914202766133,1051.1727742801588,914.2189513053538,1965.391725585513,-136.953822974805,589.8185094049463,726.7723323797513,1965.391725585513,136.953822974805,2555.2102349904594,2692.1640579652644,0.27248793604745386,0.3542621829714149,0.3732498809811312,0.0,3,-30,keys
1969.522847671486,-269.95,1416.85,-1341.15,2466.446983516978,1128.1,-2143.3,465.85,2970.410458169039,345.5,-1803.0,2335.2,0.0,0.0,0.0,0.0,1851.5950723393757,2970.410458169039,0.0,2970.410458169039,1126.0663848497306,1236.7431611617733,732.7796865097125,1969.522847671486,-503.963474652061,496.92413584549195,1000.8876104975529,1969.522847671486,503.963474652061,2466.446983516978,2970.410458169039,0.265922457492706,0.3330165191572873,0.4010610233500067,0.0,3,-30,keys
2159.7136523159734,-176.5,1450.9,-1590.0,2472.618872268834,1129.25,-2151.45,458.15,2762.2278408922025,474.75,-1759.6,2075.65,0.0,0.0,0.0,0.0,1848.6400913692523,2762.2278408922025,0.0,2762.2278408922025,1088.373676963607,1224.6613104696712,935.0523418463024,2159.7136523159734,-289.6089686233686,312.90521995286053,602.5141885762291,2159.7136523159734,289.6089686233686,2472.618872268834,2762.2278408922025,0.29206789120270493,0.3343834859760902,0.37354862282120493,0.0,3,-30,keys
1977.2260979716002,-280.6,1399.15,-1368.6,2506.809388944441,1153.5,-2176.15,466.8,2732.7519417246785,484.7,-1734.75,2055.15,0.0,0.0,0.0,0.0,1804.19685716018,2732.7519417246785,0.0,2732.7519417246785,1077.1425546850007,1101.584325375919,875.6417725956812,1977.2260979716002,-225.94255278023775,529.5832909728406,755.5258437530783,1977.2260979716002,225.94255278023775,2506.809388944441,2732.7519417246785,0.27397593701107675,0.3473580750065958,0.3786659879823275,0.0,3,-30,keys
1970.546048688028,-275.9,1400.6,-1358.4,2516.9559422047896,1162.7,-2182.15,470.55,2727.2663754206337,455.8,-1735.55,2053.8,0.0,0.0,0.0,0.0,1803.6920915783626,2727.2663754206337,0.0,2727.2663754206337,1077.3671823722268,1090.428240951936,880.1178077360917,1970.546048688028,-210.3104332158441,546.4098935167617,756.7203267326058,1970.546048688028,210.3104332158441,2516.9559422047896,2727.2663754206337,0.27312672405239297,0.34886164245504186,0.3780116334925652,0.0,3,-30,keys
1967.9146615135526,-269.3,1393.65,-1363.05,2515.3078350372944,1156.2,-2182.75,474.95,2723.4491109620535,450.4,-1737.7,2048.1,0.0,0.0,0.0,0.0,1801.6679018782252,2723.4491109620535,0.0,2723.4491109620535,1076.1746797531125,1088.027968719156,879.8866927943966,1967.9146615135526,-208.14127592475916,547.3931735237418,755.5344494485009,1967.9146615135526,208.14127592475916,2515.3078350372944,2723.4491109620535,0.2730684522189157,0.34902489970753003,0.3779066480735543,0.0,3,-30,keys
1965.056695110856,-260.45,1404.3,-1349.65,2516.817341405609,1163.2,-2182.7,466.0,2729.1111597917734,490.1,-1730.1,2052.95,0.0,0.0,0.0,0.0,1802.7462990770596,2729.1111597917734,0.0,2729.1111597917734,1077.5305323001126,1088.67525674851,876.3814383623458,1965.056695110856,-212.29381838616428,551.7606462947531,764.0544646809174,1965.056695110856,212.29381838616428,2516.817341405609,2729.1111597917734,0.2725087684435815,0.3490254483803583,0.37846578317606017,0.0,3,-30,keys
1965.0033721345112,-229.1,1422.2,-1336.45,2543.994468350904,1162.75,-2216.7,454.05,2747.3626089397085,464.75,-1737.8,2076.55,0.0,0.0,0.0,0.0,1814.090112356281,2747.3626089397085,0.0,2747.3626089397085,1085.9852288941024,1084.1857563616577,880.8176157728535,1965.0033721345112,-203.36814058880464,578.9910962163926,782.3592368051973,1965.0033721345112,203.36814058880464,2543.994468350904,2747.3626089397085,0.2707973764299686,0.35058821651458183,0.3786144070554495,0.0,3,-30,keys
0.0,0.0,0.0,0.0,2662.834180436326,1125.85,-2374.1,432.2,2733.4959026857896,465.7,-1742.0,2054.4,0.0,0.0,0.0,0.0,1349.0825207805287,2733.4959026857896,0.0,2733.4959026857896,1349.3138192242209,35.33086112473188,-35.33086112473188,0.0,-70.66172224946376,2662.834180436326,2733.4959026857896,0.0,70.66172224946376,2662.834180436326,2733.4959026857896,0.0,0.4934527983684255,0.5065472016315746,0.0,3,-30,keys
1855.5381732801943,-371.75,1302.3,-1268.4,2668.1878508643276,1146.75,-2370.35,430.85,2760.491799480665,485.95,-1756.35,2073.5,0.0,0.0,0.0,0.0,1821.0544559062969,2760.491799480665,0.0,2760.491799480665,1108.783789732616,973.9210609482661,881.6171123319284,1855.5381732801943,-92.3039486163375,812.6496775841333,904.9536262004708,1855.5381732801943,92.3039486163375,2668.1878508643276,2760.491799480665,0.25473403160213787,0.3662970981195112,0.3789688702783509,0.0,3,-30,keys
1937.6194472857667,-345.9,1372.25,-1323.5,2676.427747016534,1141.6,-2381.15,436.05,2763.607581586069,482.95,-1745.4,2087.55,0.0,0.0,0.0,0.0,1844.4136939720925,2763.607581586069,0.0,2763.607581586069,1112.172870381768,1012.3996409276508,925.2198063581156,1937.6194472857667,-87.17983456953516,738.8082997307672,825.9881343003024,1937.6194472857667,87.17983456953516,2676.427747016534,2763.607581586069,0.2626335205624271,0.3627748692936443,0.3745916101439286,0.0,3,-31,keys
1935.9653289767355,-349.45,1370.75,-1321.7,2678.499956132163,1145.35,-2381.45,437.3,2759.930293503805,486.05,-1745.35,2082.0,0.0,0.0,0.0,0.0,1843.5988946531759,2759.930293503805,0.0,2759.930293503805,1111.7679004106872,1008.6978331741889,927.2674958025468,1935.9653289767355,-81.43033737164205,742.5346271554274,823.9649645270695,1935.9653289767355,81.43033737164205,2678.499956132163,2759.930293503805,0.26252528879674447,0.3632162022743092,0.37425850892894635,0.0,3,-31,keys
1935.6106374991846,-343.4,1368.3,-1325.3,2677.2716662677326,1140.3,-2383.25,433.15,2765.818606669642,487.4,-1750.05,2085.55,0.0,0.0,0.0,0.0,1844.6752276091397,2765.818606669642,0.0,2765.818606669642,1112.7463658197983,1012.078788950547,923.5318485486375,1935.6106374991846,-88.54694040190952,741.661028768548,830.2079691704575,1935.6106374991846,88.54694040190952,2677.2716662677326,2765.818606669642,0.2623240406399214,0.36283780827610923,0.3748381510839695,0.0,3,-31,keys
1937.9945601058844,-345.1,1369.55,-1327.05,2677.7550527447424,1143.15,-2382.2,434.4,2761.903711663388,485.0,-1747.45,2083.1,0.0,0.0,0.0,0.0,1844.4133311285036,2761.903711663388,0.0,2761.903711663388,1112.0774484969363,1011.071609512265,926.9229505936191,1937.9945601058844,-84.14865891864565,739.7604926388581,823.9091515575037,1937.9945601058844,84.14865891864565,2677.7550527447424,2761.903711663388,0.2626844166920171,0.36295484959252045,0.3743607337154626,0.0,3,-30,keys
1938.6429828619812,-347.5,1373.05,-1323.75,2680.074937851552,1142.5,-2385.6,431.75,2761.3148199725433,485.65,-1743.95,2085.1,0.0,0.0,0.0,0.0,1845.008185171519,2761.3148199725433,0.0,2761.3148199725433,1112.404716043175,1009.941432491486,928.7015503704949,1938.6429828619812,-81.2398821209913,741.4319549895708,822.6718371105621,1938.6429828619812,81.2398821209913,2680.074937851552,2761.3148199725433,0.2626875856761792,0.3631521745257734,0.3741602397980474,0.0,3,-31,keys
1936.4031818038309,-346.8,1371.8,-1321.95,2676.0181655773563,1143.95,-2380.1,433.1,2761.208383117797,483.9,-1747.55,2082.35,0.0,0.0,0.0,0.0,1843.407432624746,2761.208383117797,0.0,2761.208383117797,1111.5752774076266,1010.7966996721359,925.606482131695,1936.4031818038309,-85.1902175404407,739.6149837735254,824.8052013139661,1936.4031818038309,85.1902175404407,2676.0181655773563,2761.208383117797,0.2626119363974073,0.36291735052937985,0.3744707130732129,0.0,3,-30,keys
1940.7684779488768,-350.85,1372.45,-1326.6,2680.239081220181,1144.35,-2383.5,439.4,2760.223893092733,482.3,-1745.9,2082.8,0.0,0.0,0.0,0.0,1845.3078630654477,2760.223893092733,0.0,2760.223893092733,1112.2561889618019,1010.3766449107143,930.3918330381628,1940.7684779488768,-79.98481187255175,739.4706032713043,819.455415143856,1940.7684779488768,79.98481187255175,2680.239081220181,2760.223893092733,0.2629328846413802,0.36311543657107376,0.373951678787546,0.0,3,-29,keys
1935.7238148816582,-345.15,1371.45,-1321.75,2678.0745401313984,1142.25,-2383.3,432.7,2762.1936735138615,487.8,-1745.1,2084.8,0.0,0.0,0.0,0.0,1843.9980071317295,2762.1936735138615,0.0,2762.1936735138615,1112.1498571209775,1009.9214741320609,925.8023407495975,1935.7238148816582,-84.11913338246313,742.3507252497402,826.4698586322033,1935.7238148816582,84.11913338246313,2678.0745401313984,2762.1936735138615,0.2624357249025183,0.3630799124746675,0.3744843626228142,0.0,3,-29,keys
1936.9346697810952,-346.35,1371.7,-1322.95,2680.1044517891464,1142.95,-2384.9,434.6,2761.768259648155,482.6,-1750.4,2081.0,0.0,0.0,0.0,0.0,1844.7018453045994,2761.768259648155,0.0,2761.768259648155,1112.4679900135586,1009.2992388200516,927.6354309610435,1936.9346697810952,-81.66380785900856,743.1697820080512,824.8335898670598,1936.9346697810952,81.66380785900856,2680.1044517891464,2761.768259648155,0.26249969266188733,0.3632164811092554,0.37428382622885714,0.0,3,-29,keys
1935.487838375638,-344.85,1372.3,-1320.6,2680.7793568289053,1138.2,-2387.6,436.4,2763.9079778458613,485.1,-1745.1,2087.7,0.0,0.0,0.0,0.0,1845.043793262601,2763.9079778458613,0.0,2763.9079778458613,1113.0062944872104,1009.3082296962971,926.1796086793408,1935.487838375638,-83.128621016956,745.2915184532674,828.4201394702234,1935.487838375638,83.128621016956,2680.7793568289053,2763.9079778458613,0.26225499977877276,0.3632406133960198,0.37450438682520754,0.0,3,-29,keys
1941.323695961083,-348.4,1374.1,-1326.35,2681.9887565014137,1143.1,-2387.2,433.2,2761.7019734214628,483.5,-1748.5,2082.3,0.0,0.0,0.0,0.0,1846.2536064709898,2761.7019734214628,0.0,2761.7019734214628,1112.9004509469225,1010.5184564405661,930.8052395205168,1941.323695961083,-79.71321692004904,740.6650605403306,820.3782774603796,1941.323695961083,79.71321692004904,2681.9887565014137,2761.7019734214628,0.2628733789817498,0.3631663530813468,0.37396026793690346,0.0,3,-29,keys
1939.0308107402523,-344.25,1369.0,-1329.35,2678.5392782261006,1145.95,-2382.2,431.85,2763.65537920342,485.1,-1747.15,2085.65,0.0,0.0,0.0,0.0,1845.3063670424433,2763.65537920342,0.0,2763.65537920342,1112.6075062674258,1012.073455858786,926.9573548814665,1939.0308107402523,-85.11610097731955,739.5084674858483,824.6245684631679,1939.0308107402523,85.11610097731955,2678.5392782261006,2763.65537920342,0.26269768063609206,0.3628854435861398,0.3744168757777681,0.0,3,-29,keys
1937.7802055444781,-344.75,1370.4,-1325.95,2682.502477165678,1142.8,-2387.1,437.7,2762.7400280337633,481.7,-1750.1,2082.75,0.0,0.0,0.0,0.0,1845.75567768598,2762.7400280337633,0.0,2762.7400280337633,1113.1361148417425,1009.0088782062817,928.7713273381964,1937.7802055444781,-80.23755086808524,744.7222716212,824.9598224892852,1937.7802055444781,80.23755086808524,2682.502477165678,2762.7400280337633,0.2624643430562095,0.36333390567281443,0.37420175127097605,0.0,3,-29,keys
1941.448751577028,-350.55,1374.55,-1325.5,2676.0604640964298,1141.25,-2380.85,436.35,2760.395041475042,483.55,-1746.6,2082.15,0.0,0.0,0.0,0.0,1844.4760642871247,2760.395041475042,0.0,2760.395041475042,1111.5232611811944,1012.8916644778203,928.5570870992076,1941.448751577028,-84.33457737861227,734.6117125194019,818.9462898980141,1941.448751577028,84.33457737861227,2676.0604640964298,2760.395041475042,0.26314366301188385,0.36271282071783156,0.3741435162702847,0.0,3,-29,keys
1936.68512283231,-347.05,1370.35,-1323.8,2683.560268561152,1143.7,-2388.05,436.65,2762.5874257659248,486.35,-1745.65,2085.2,0.0,0.0,0.0,0.0,1845.708204289847,2762.5874257659248,0.0,2762.5874257659248,1113.281092477165,1007.8561400185413,928.8289828137688,1936.68512283231,-79.02715720477272,746.875145728842,825.9023029336147,1936.68512283231,79.02715720477272,2683.560268561152,2762.5874257659248,0.26232276563692625,0.3634865281418734,0.37419070622120026,0.0,3,-29,keys
1937.8520854286066,-343.8,1370.45,-1326.25,2678.091793609771,1142.45,-2382.75,435.3,2762.2043986642266,482.7,-1748.8,2082.9,0.0,0.0,0.0,0.0,1844.537069425651,2762.2043986642266,0.0,2762.2043986642266,1112.1995659568615,1010.982345241531,926.8697401870754,1937.8520854286066,-84.1126050544558,740.2397081811641,824.3523132356199,1937.8520854286066,84.1126050544558,2678.091793609771,2762.2043986642266,0.26264748450298314,0.362976141548035,0.3743763739489819,0.0,3,-29,keys
1940.2616924013112,-345.35,1372.5,-1327.25,2677.9718393777034,1144.85,-2382.1,431.8,2762.8144115195287,491.35,-1746.4,2083.7,0.0,0.0,0.0,0.0,1845.2619858246358,2762.8144115195287,0.0,2762.8144115195287,1112.3539111589089,1012.5521322715683,927.7095601297431,1940.2616924013112,-84.84257214182526,737.7101469763923,822.5527191182175,1940.2616924013112,84.84257214182526,2677.9718393777034,2762.8144115195287,0.2628707613480452,0.36281729368918514,0.3743119449627697,0.0,3,-29,keys
1941.0379813388506,-348.35,1371.0,-1329.15,2683.1018397556213,1142.75,-2388.4,434.4,2763.6325072266754,483.85,-1745.25,2087.5,0.0,0.0,0.0,0.0,1846.9430820802868,2763.6325072266754,0.0,2763.6325072266754,1113.5005128785397,1010.7843244049525,930.2536569338981,1941.0379813388506,-80.53066747105413,742.0638584167707,822.5945258878248,1941.0379813388506,80.53066747105413,2683.1018397556213,2763.6325072266754,0.26273657268752715,0.3631814463840346,0.3740819809284383,0.0,3,-29,keys
1937.3476978849203,-347.2,1371.2,-1323.85,2680.2676237644628,1144.95,-2383.85,436.1,2763.5135267445316,485.25,-1750.4,2082.7,0.0,0.0,0.0,0.0,1845.2822120984788,2763.5135267445316,0.0,2763.5135267445316,1112.867004728303,1010.2968004324948,927.0508974524257,1937.3476978849203,-83.24590298006888,742.9199258795425,826.1658288596113,1937.3476978849203,83.24590298006888,2680.2676237644628,2763.5135267445316,0.26247309018409487,0.36312435114144787,0.3744025586744572,0.0,3,-29,keys
1939.8177523932497,-348.95,1374.1,-1324.0,2677.30966923888,1144.2,-2381.35,433.55,2764.1638089122,487.25,-1749.8,2083.6,0.0,0.0,0.0,0.0,1845.3228076360824,2764.1638089122,0.0,2764.1638089122,1112.4990429740092,1013.3359460332849,926.481806359965,1939.8177523932497,-86.85413967331988,737.4919168456302,824.34605651895,1939.8177523932497,86.85413967331988,2677.30966923888,2764.1638089122,0.2628019531821398,0.3627156259815321,0.3744824208363281,0.0,3,-29,keys
1941.3273712849154,-344.9,1371.7,-1329.75,2676.754223401917,1139.9,-2382.45,435.4,2763.034826508707,484.3,-1746.45,2085.6,0.0,0.0,0.0,0.0,1845.2791052988848,2763.034826508707,0.0,2763.034826508707,1112.1945290381298,1013.8039871958524,927.5233840890628,1941.3273712849154,-86.28060310678984,735.4268521170015,821.7074552237914,1941.3273712849154,86.28060310678984,2676.754223401917,2763.034826508707,0.26301270167074176,0.3626489640124598,0.37433833431679847,0.0,3,-29,keys
1936.0428598045032,-345.85,1372.35,-1321.1,2681.5811967941604,1144.95,-2384.85,438.7,2760.630835968475,483.5,-1746.45,2082.6,0.0,0.0,0.0,0.0,1844.5637231417845,2760.630835968475,0.0,2760.630835968475,1112.4928053224965,1007.5462494894089,928.4966103150944,1936.0428598045032,-79.0496391743145,745.5383369896572,824.5879761639717,1936.0428598045032,79.0496391743145,2681.5811967941604,2760.630835968475,0.2623984787723822,0.36344382727893937,0.3741576939486785,0.0,3,-29,keys
1938.0615863537464,-343.5,1371.45,-1325.6,2676.6732533127756,1143.25,-2381.2,432.95,2763.3209707704964,483.75,-1747.95,2084.85,0.0,0.0,0.0,0.0,1844.5139526092546,2763.3209707704964,0.0,2763.3209707704964,1112.168863023859,1012.3546519057338,925.7069344480128,1938.0615863537464,-86.64771745772077,738.6116669590292,825.25938441675,1938.0615863537464,86.64771745772077,2676.6732533127756,2763.3209707704964,0.26267917133564633,0.36278842585147514,0.37453240281287853,0.0,3,-29,keys
1941.774826029012,-347.15,1373.75,-1327.7,2682.9924547974415,1148.55,-2385.0,437.1,2764.461125156221,486.0,-1747.1,2086.55,0.0,0.0,0.0,0.0,1847.3071014956686,2764.461125156221,0.0,2764.461125156221,1113.666151844291,1011.6217481938957,930.1530778351162,1941.774826029012,-81.46867035877949,741.2176287684294,822.6862991272089,1941.774826029012,81.46867035877949,2682.9924547974415,2764.461125156221,0.2627845181314003,0.3630950766963925,0.37412040517220724,0.0,3,-29,keys
1939.6331702154405,-346.9,1375.85,-1322.45,2674.6396696564566,1143.6,-2379.0,431.55,2758.444308845114,485.15,-1747.6,2078.35,0.0,0.0,0.0,0.0,1843.1792871792527,2758.444308845114,0.0,2758.444308845114,1110.8161035645735,1011.718904702049,927.9142655133917,1939.6331702154405,-83.80463918865735,735.0064994410161,818.8111386296735,1939.6331702154405,83.80463918865735,2674.6396696564566,2758.444308845114,0.2630825421741525,0.36277529921541796,0.3741421586104296,0.0,3,-29,keys
1941.622950652366,-348.7,1375.7,-1325.05,2683.8659867810093,1144.15,-2389.15,431.3,2760.804015590386,485.0,-1745.95,2082.9,0.0,0.0,0.0,0.0,1846.5732382559404,2760.804015590386,0.0,2760.804015590386,1113.0750461028988,1009.2804897308715,932.3424609214946,1941.622950652366,-76.93802880937665,742.2430361286433,819.18106493802,1941.622950652366,76.93802880937665,2683.8659867810093,2760.804015590386,0.26286839189847117,0.3633576414921781,0.3737739666093507,0.0,3,-29,keys
1942.2768327403796,-347.05,1375.45,-1326.7,2681.7984665145887,1143.3,-2385.95,438.35,2761.4359615967924,484.4,-1746.4,2083.5,0.0,0.0,0.0,0.0,1846.37781521294,2761.4359615967924,0.0,2761.4359615967924,1112.8304828182459,1010.9571639112919,931.3196688290877,1942.2768327403796,-79.63749508220371,739.521633774209,819.1591288564127,1942.2768327403796,79.63749508220371,2681.7984665145887,2761.4359615967924,0.26298475002479105,0.3631161569991704,0.3738990929760386,0.0,3,-29,keys
1936.8840014311647,-346.15,1371.1,-1323.55,2681.6570847145986,1146.0,-2385.4,433.4,2760.6077107224055,486.4,-1745.25,2082.9,0.0,0.0,0.0,0.0,1844.7871992170421,2760.6077107224055,0.0,2760.6077107224055,1112.5196679070177,1007.9173137194857,928.9666877116788,1936.8840014311647,-78.95062600780693,744.7730832834338,823.7237092912408,1936.8840014311647,78.95062600780693,2681.6570847145986,2760.6077107224055,0.26248068100391336,0.36341008408080044,0.37410923491528625,0.0,3,-29,keys
1937.3881458035196,-347.65,1370.95,-1324.05,2677.2624866643164,1145.3,-2380.85,433.1,2765.6268959315535,482.75,-1751.75,2084.95,0.0,0.0,0.0,0.0,1845.0693820998472,2765.6268959315535,0.0,2765.6268959315535,1112.741578091107,1012.8762775353784,924.5118682681411,1937.3881458035196,-88.36440926723708,739.8743408607968,828.2387501280339,1937.3881458035196,88.36440926723708,2677.2624866643164,2765.6268959315535,0.26250884717389406,0.3627590529437655,0.3747320998823406,0.0,3,-29,keys
1941.3367617443398,-349.4,1375.6,-1324.55,2677.0334075240826,1142.15,-2381.2,438.05,2763.1002999348393,482.85,-1747.85,2084.85,0.0,0.0,0.0,0.0,1845.3676173008155,2763.1002999348393,0.0,2763.1002999348393,1112.2604217392216,1013.7018270775484,927.6349346667917,1941.3367617443398,-86.06689241075674,735.6966457797428,821.7635381904995,1941.3367617443398,86.06689241075674,2677.0334075240826,2763.1002999348393,0.263001358583486,0.3626693920531304,0.3743292493633835,0.0,3,-29,keys
1941.0088156677703,-349.75,1375.0,-1324.6,2677.2602721812464,1139.95,-2383.25,434.0,2763.252960280691,483.35,-1746.7,2085.9,0.0,0.0,0.0,0.0,1845.3805120324269,2763.252960280691,0.0,2763.252960280691,1112.3272644824178,1013.5007518836073,927.5080637841629,1941.0088156677703,-85.99268809944442,736.2514565134761,822.2441446129205,1941.0088156677703,85.99268809944442,2677.2602721812464,2763.252960280691,0.262955092867273,0.3626975920040227,0.37434731512870434,0.0,3,-29,keys
1941.4042462866926,-346.15,1375.65,-1325.45,2680.268438515068,1141.55,-2386.1,432.7,2768.7398550604207,484.4,-1750.85,2089.45,0.0,0.0,0.0,0.0,1847.6031349655455,2768.7398550604207,0.0,2768.7398550604207,1114.031009180395,1014.9378314160226,926.46641487067,1941.4042462866926,-88.4714165453529,738.8641922283753,827.3356087737282,1941.4042462866926,88.4714165453529,2680.268438515068,2768.7398550604207,0.2626922699937528,0.36266831168873426,0.37463941831751285,0.0,3,-29,keys
1938.3862527886438,-351.6,1371.45,-1323.95,2677.919776150884,1143.05,-2382.15,435.95,2765.9642468766656,487.75,-1749.05,2086.5,0.0,0.0,0.0,0.0,1845.5675689540485,2765.9642468766656,0.0,2765.9642468766656,1112.954985747422,1013.2153617572126,925.1708910314312,1938.3862527886438,-88.0444707257816,739.5335233622402,827.5779940880218,1938.3862527886438,88.0444707257816,2677.919776150884,2765.9642468766656,0.26257318959706244,0.3627501671028713,0.3746766433000662,0.0,3,-29,keys
1937.3459170989572,-344.45,1370.2,-1325.6,2679.9911888847696,1142.4,-2385.3,433.15,2762.1692082491977,483.3,-1746.85,2084.35,0.0,0.0,0.0,0.0,1844.876578558231,2762.1692082491977,0.0,2762.1692082491977,1112.5379037980122,1009.7619682316924,927.5839488672643,1937.3459170989572,-82.17801936442811,742.6452717858124,824.8232911502405,1937.3459170989572,82.17801936442811,2679.9911888847696,2762.1692082491977,0.2625305589023455,0.3631667315895977,0.3743027095080569,0.0,3,-29,keys
1939.7864682742788,-347.25,1371.3,-1327.3,2680.334748683455,1141.25,-2386.0,434.45,2762.8257445955583,488.5,-1744.65,2085.85,0.0,0.0,0.0,0.0,1845.7367403883231,2762.8257445955583,0.0,2762.8257445955583,1112.7887875988365,1011.138732093191,928.6477361810878,1939.7864682742788,-82.49099591210324,740.5482804091762,823.0392763212794,1939.7864682742788,82.49099591210324,2680.334748683455,2762.8257445955583,0.2627387787526742,0.3630440205843686,0.37421720066295716,0.0,3,-29,keys
1939.3318469256362,-349.15,1375.0,-1322.3,2677.942304270202,1140.6,-2384.15,431.55,2763.2834187791887,486.85,-1744.7,2086.8,0.0,0.0,0.0,0.0,1845.1393924937568,2763.2834187791887,0.0,2763.2834187791887,1112.4253614367888,1012.3364807173116,926.9953662083249,1939.3318469256362,-85.34111450898672,738.6104573445657,823.9515718535524,1939.3318469256362,85.34111450898672,2677.942304270202,2763.2834187791887,0.262762241001285,0.3628373979717176,0.37440036102699736,0.0,3,-29,keys
1942.190916207776,-349.05,1374.05,-1327.5,2677.6468596512127,1143.0,-2382.05,434.95,2761.7963040383697,482.65,-1748.05,2083.0,0.0,0.0,0.0,0.0,1845.4085199743395,2761.7963040383697,0.0,2761.7963040383697,1112.124842657567,1013.1701802974665,929.0207359103094,1942.190916207776,-84.14944438715702,735.4559434434368,819.6053878305938,1942.190916207776,84.14944438715702,2677.6468596512127,2761.7963040383697,0.26311124273919334,0.3627444588378249,0.3741442984229818,0.0,3,-29,keys
1942.2898921118856,-348.95,1376.0,-1325.65,2679.876078291681,1146.25,-2383.15,434.1,2764.3733168658678,485.1,-1747.45,2086.35,0.0,0.0,0.0,0.0,1846.6348218173584,2764.3733168658678,0.0,2764.3733168658678,1113.0751316068345,1013.393565343036,928.8963267688493,1942.2898921118856,-84.49723857418667,737.5861861797955,822.0834247539822,1942.2898921118856,84.49723857418667,2679.876078291681,2764.3733168658678,0.26294991694681524,0.36280536447025996,0.3742447185829249,0.0,3,-29,keys
1939.774802006666,-344.9,1372.65,-1326.5,2682.0283387764566,1143.8,-2386.6,434.9,2762.447309904752,486.8,-1745.9,2084.7,0.0,0.0,0.0,0.0,1846.0626126719685,2762.447309904752,0.0,2762.447309904752,1113.0283860799532,1010.0968865674809,929.6779154391852,1939.774802006666,-80.4189711282952,742.2535367697906,822.6725078980858,1939.774802006666,80.4189711282952,2682.0283387764566,2762.447309904752,0.26269081946238265,0.36320928666857644,0.374099893869041,0.0,3,-29,keys
1939.4246633989164,-348.45,1374.25,-1323.4,2684.264282815684,1144.3,-2389.2,433.1,2763.9703530428833,482.9,-1745.45,2088.0,0.0,0.0,0.0,0.0,1846.914824814371,2763.9703530428833,0.0,2763.9703530428833,1113.75461806266,1009.5653668130581,929.8592965858588,1939.4246633989164,-79.70607022719923,744.8396194167676,824.5456896439669,1939.4246633989164,79.70607022719923,2684.264282815684,2763.9703530428833,0.26252221235944695,0.3633443522612735,0.3741334353792795,0.0,3,-29,keys
1940.172527122266,-344.9,1373.55,-1326.15,2680.7264547133486,1139.65,-2387.25,434.2,2760.549643187023,486.3,-1746.2,2082.05,0.0,0.0,0.0,0.0,1845.3621562556596,2760.549643187023,0.0,2760.549643187023,1112.4019216921836,1009.9978577979703,930.174669324296,1940.172527122266,-79.82318847367424,740.5539275910826,820.3771160647568,1940.172527122266,79.82318847367424,2680.7264547133486,2760.549643187023,0.2628444124836425,0.3631707800045993,0.3739848075117581,0.0,3,-31,keys
1941.5583361053048,-345.15,1372.4,-1329.3,2681.066955523491,1143.5,-2385.9,433.6,2765.4802263802217,483.3,-1750.95,2085.3,0.0,0.0,0.0,0.0,1847.0263795022543,2765.4802263802217,0.0,2765.4802263802217,1113.5106520248448,1012.9858034810177,928.5725326242871,1941.5583361053048,-84.41327085673083,739.5086194181861,823.9218902749169,1941.5583361053048,84.41327085673083,2681.066955523491,2765.4802263802217,0.26279515518188284,0.3628896405158542,0.374315204302263,0.0,3,-30,keys
1938.1221020616838,-354.0,1374.6,-1319.65,2681.0665461715043,1144.75,-2385.2,434.15,2761.0967553673304,488.2,-1745.7,2082.75,0.0,0.0,0.0,0.0,1845.0713509001298,2761.0967553673304,0.0,2761.0967553673304,1112.5350826322604,1009.0761556287548,929.045946432929,1938.1221020616838,-80.03020919582605,742.9444441098206,822.9746533056466,1938.1221020616838,80.03020919582605,2681.0665461715043,2761.0967553673304,0.2626080152830077,0.36327410114296244,0.37411788357402975,0.0,3,-30,keys
1939.4475456943917,-349.5,1373.1,-1324.35,2681.5526817498853,1145.65,-2385.05,435.6,2764.260562067187,485.95,-1748.05,2085.5,0.0,0.0,0.0,0.0,1846.3151973778658,2764.260562067187,0.0,2764.260562067187,1113.3057520540044,1011.0777130058466,928.3698326885449,1939.4475456943917,-82.70788031730171,742.1051360554936,824.8130163727953,1939.4475456943917,82.70788031730171,2681.5526817498853,2764.260562067187,0.26261057002195404,0.3630951916495925,0.3742942383284536,0.0,3,-30,keys
1932.9660505296001,-344.5,1368.25,-1321.2,2678.6789883261486,1141.35,-2384.7,431.1,2760.4603062714014,483.7,-1746.9,2081.95,0.0,0.0,0.0,0.0,1843.0263362817875,2760.4603062714014,0.0,2760.4603062714014,1111.8493234907016,1007.3736842374262,925.5923662921737,1932.9660505296001,-81.7813179452528,745.7129377965484,827.4942557418012,1932.9660505296001,81.7813179452528,2678.6789883261486,2760.4603062714014,0.2622000039388017,0.3633533248540344,0.3744466712071639,0.0,3,-30,keys
1942.259398226715,-349.7,1376.2,-1325.2,2679.690245158944,1141.2,-2385.4,433.9,2764.50062533905,484.15,-1748.75,2085.65,0.0,0.0,0.0,0.0,1846.6125671811772,2764.50062533905,0.0,2764.50062533905,1113.0659453076187,1013.5348892034103,928.7245090233041,1942.259398226715,-84.81038018010622,737.4308469322291,822.2412271123353,1942.259398226715,84.81038018010622,2679.690245158944,2764.50062533905,0.2629489575595628,0.3627845782032998,0.37426646423713744,0.0,3,-30,keys
1939.4105773404453,-351.95,1376.75,-1319.85,2677.4038409436853,1139.85,-2383.45,434.05,2763.7594052304917,486.2,-1748.5,2084.4,0.0,0.0,0.0,0.0,1845.1434558786555,2763.7594052304917,0.0,2763.7594052304917,1112.4245225983523,1012.8830708136256,926.5275065268195,1939.4105773404453,-86.35556428680638,737.9932636032399,824.3488278900463,1939.4105773404453,86.35556428680638,2677.4038409436853,2763.7594052304917,0.2627723295933242,0.36276364209154516,0.3744640283151307,0.0,3,-30,keys
1939.9048236962556,-346.35,1373.0,-1325.95,2683.8053515484316,1146.05,-2387.6,434.45,2759.2228221910605,483.8,-1744.2,2082.55,0.0,0.0,0.0,0.0,1845.733249358937,2759.2228221910605,0.0,2759.2228221910605,1112.7025165496395,1007.6611471694423,932.2436765268133,1939.9048236962556,-75.41747064262881,743.9005278521761,819.3179984948049,1939.9048236962556,75.41747064262881,2683.8053515484316,2759.2228221910605,0.2627553066471044,0.3635147918152007,0.37372990153769486,0.0,3,-30,keys
1937.5785835676447,-342.95,1376.25,-1320.05,2680.4714911746405,1145.95,-2383.9,434.45,2766.5132558872733,485.35,-1747.9,2088.75,0.0,0.0,0.0,0.0,1846.1408326573896,2766.5132558872733,0.0,2766.5132558872733,1113.5292858160851,1011.8101741401388,925.7684094275057,1937.5785835676447,-86.04176471263281,742.8929076069958,828.9346723196286,1937.5785835676447,86.04176471263281,2680.4714911746405,2766.5132558872733,0.26238228271819286,0.3629830730893226,0.37463464419248454,0.0,3,-30,keys
1942.5690212962834,-346.9,1371.45,-1331.3,2679.94952471124,1145.85,-2384.15,430.1,2764.3581325508458,486.65,-1745.8,2087.35,0.0,0.0,0.0,0.0,1846.7191696395923,2764.3581325508458,0.0,2764.3581325508458,1113.0917500865123,1013.4888145679447,929.0802067283389,1942.5690212962834,-84.40860783960579,737.3805034149566,821.7891112545624,1942.5690212962834,84.40860783960579,2679.94952471124,2764.3581325508458,0.262975694035195,0.362798736371251,0.37422556959355396,0.0,3,-30,keys
1942.6132045520537,-347.0,1375.6,-1327.05,2679.1460691795064,1142.6,-2384.3,432.9,2764.6017421140427,483.05,-1748.2,2086.5,0.0,0.0,0.0,0.0,1846.5902539614008,2764.6017421140427,0.0,2764.6017421140427,1112.992615754826,1014.0344387432951,928.5787658087586,1942.6132045520537,-85.45567293453632,736.5328646274527,821.988537561989,1942.6132045520537,85.45567293453632,2679.1460691795064,2764.6017421140427,0.2630000348459356,0.36271528881841325,0.3742846763356511,0.0,3,-31,keys
1941.3556622885978,-348.05,1376.45,-1324.05,2677.9539717851762,1146.15,-2381.5,431.55,2767.4766999922513,488.8,-1753.35,2084.65,0.0,0.0,0.0,0.0,1846.6965835165063,2767.4766999922513,0.0,2767.4766999922513,1113.3365934448861,1015.4391952478366,925.9164670407613,1941.3556622885978,-89.52272820707503,736.5983094965784,826.1210377036534,1941.3556622885978,89.52272820707503,2677.9539717851762,2767.4766999922513,0.26281464963126755,0.36253302189547804,0.3746523284732544,0.0,3,-30,keys
1980.2983020242177,-314.55,1416.55,-1347.6,2655.696455263666,1167.75,-2345.4,433.8,2678.2575744315554,428.7,-1715.15,2011.85,0.0,0.0,0.0,0.0,1828.5630829298598,2678.2575744315554,0.0,2678.2575744315554,1092.336586117597,1001.4297105960538,978.8685914281641,1980.2983020242177,-22.5611191678895,675.3981532394482,697.9592724073377,1980.2983020242177,22.5611191678895,2655.696455263666,2678.2575744315554,0.27074514416686635,0.3630851568719893,0.3661696989611444,0.0,3,-29,keys
2006.7338899315973,-337.0,1436.55,-1360.05,2495.156360831922,1152.95,-2162.75,468.0,2759.6947385535236,337.0,-1780.6,2081.3,0.0,0.0,0.0,0.0,1815.3962473292609,2759.6947385535236,0.0,2759.6947385535236,1082.3639730621294,1135.6361338265992,871.0977561049979,2006.7338899315973,-264.5383777216016,488.4224709003247,752.9608486219263,2006.7338899315973,264.5383777216016,2495.156360831922,2759.6947385535236,0.2763492946627802,0.3436104327777885,0.38004027255943124,0.0,3,-29,keys
2014.3927273498582,-303.4,1453.1,-1361.7,2493.000242178087,1154.15,-2159.35,469.25,2788.606147791402,315.35,-1801.45,2105.15,0.0,0.0,0.0,0.0,1823.9997793298367,2788.606147791402,0.0,2788.606147791402,1088.7207785996864,1154.9993164815867,859.3934108682715,2014.3927273498582,-295.6059056133149,478.60751482822866,774.2134204415436,2014.3927273498582,295.6059056133149,2493.000242178087,2788.606147791402,0.2760955278308716,0.3416941534792908,0.3822103186898377,0.0,3,-29,keys
0.0,0.0,0.0,0.0,0.0,0.0,0.0,0.0,0.0,0.0,0.0,0.0,0.0,0.0,0.0,0.0,0.0,0.0,0.0,0.0,0.0,0.0,0.0,0.0,0.0,0.0,0.0,0.0,0.0,0.0,0.0,0.0,0.0,0.0,0.0,1,-29,keys
0.0,0.0,0.0,0.0,2478.254059312725,1121.5,-2160.1,466.85,0.0,0.0,0.0,0.0,0.0,0.0,0.0,0.0,619.5635148281813,2478.254059312725,0.0,2478.254059312725,1073.1154861983634,-1239.1270296563625,1239.1270296563625,0.0,2478.254059312725,2478.254059312725,0.0,0.0,2478.254059312725,2478.254059312725,0.0,0.0,1.0,0.0,0.0,2,-29,keys
1959.9486708840109,-271.8,1435.7,-1306.25,2482.1918217575367,1122.4,-2162.2,475.8,2767.270771446119,462.1,-1738.65,2102.7,0.0,0.0,0.0,0.0,1802.3528160219166,2767.270771446119,0.0,2767.270771446119,1080.1110893458444,1122.5138102862966,837.4348605977141,1959.9486708840109,-285.07894968858227,522.2431508735258,807.3221005621081,1959.9486708840109,285.07894968858227,2482.1918217575367,2767.270771446119,0.2718597398718434,0.34429882424964586,0.3838414358785107,0.0,3,-29,keys
2002.5071510484051,-247.4,1466.2,-1341.3,2491.9314787931066,1125.9,-2172.75,470.35,2726.3035726052226,462.1,-1722.6,2062.0,0.0,0.0,0.0,0.0,1805.1855506116835,2726.3035726052226,0.0,2726.3035726052226,1074.4427702827138,1118.4396224302607,884.0675286181447,2002.5071510484051,-234.37209381211596,489.4243277447015,723.7964215568174,2002.5071510484051,234.37209381211596,2491.9314787931066,2726.3035726052226,0.2773270523866452,0.3451073877071419,0.377565559906213,0.0,3,-30,keys
1982.711450261989,-254.55,1449.45,-1328.7,2508.7215832969587,1143.9,-2173.9,509.25,2692.379091992805,438.25,-1662.55,2071.9,0.0,0.0,0.0,0.0,1795.9530313879382,2692.379091992805,0.0,2692.379091992805,1069.1053138832842,1083.1844794789176,899.5269707830712,1982.711450261989,-183.65750869584645,526.0101330349696,709.6676417308161,1982.711450261989,183.65750869584645,2508.7215832969587,2692.379091992805,0.2759971190240038,0.3492187072061376,0.37478417376985856,0.0,3,-29,keys
1993.664040153205,-244.35,1459.85,-1335.6,2520.6119222323778,1149.5,-2184.3,510.85,2729.963111930269,457.35,-1705.4,2082.1,0.0,0.0,0.0,0.0,1811.059768578963,2729.963111930269,0.0,2729.963111930269,1079.4824475806513,1101.5076149255483,892.1564252276569,1993.664040153205,-209.3511896978912,526.9478820791728,736.299071777064,1993.664040153205,209.3511896978912,2520.6119222323778,2729.963111930269,0.27520682568603483,0.34794709235495863,0.3768460819590065,0.0,3,-29,keys
2001.9769535386765,-240.4,1479.95,-1326.6,2487.744107620396,1125.95,-2166.95,474.8,2737.7887760928525,467.25,-1726.1,2073.1,0.0,0.0,0.0,0.0,1806.8774593129813,2737.7887760928525,0.0,2737.7887760928525,1076.2254919516938,1126.0108110055667,875.9661425331101,2001.9769535386765,-250.04466847245658,485.76715408171935,735.8118225541759,2001.9769535386765,250.04466847245658,2487.744107620396,2737.7887760928525,0.27699401296143744,0.3442048732743471,0.3788011137642154,0.0,3,-29,keys
1789.1519695095774,-227.8,1369.3,-1128.8,2475.0511474513005,1121.35,-2155.6,471.0,2835.999312852526,489.2,-1755.4,2173.05,0.0,0.0,0.0,0.0,1775.050607453351,2835.999312852526,0.0,2835.999312852526,1091.6291058457032,1075.0500674554014,714.101902054176,1789.1519695095774,-360.94816540122565,685.8991779417231,1046.8473433429488,1789.1519695095774,360.94816540122565,2475.0511474513005,2835.999312852526,0.2519860507070919,0.34858881446234286,0.3994251348305653,0.0,3,-30,keys
1970.1014954818952,-264.7,1437.15,-1321.3,2490.4462602112094,1126.5,-2165.35,494.55,2759.804472693673,411.05,-1669.15,2159.05,0.0,0.0,0.0,0.0,1805.0880570966942,2759.804472693673,0.0,2759.804472693673,1080.1355967548154,1119.7298539821793,850.3716414997159,1970.1014954818952,-269.3582124824634,520.3447647293142,789.7029772117776,1970.1014954818952,269.3582124824634,2490.4462602112094,2759.804472693673,0.272853931936513,0.34492032818288737,0.3822257398805997,0.0,3,-30,keys
1989.5218979694594,-235.4,1469.6,-1320.25,2560.239185603564,1174.45,-2211.35,534.25,2695.8175703300103,426.4,-1685.95,2059.9,0.0,0.0,0.0,0.0,1811.3946634757583,2695.8175703300103,0.0,2695.8175703300103,1078.8711617966921,1062.5501413479528,926.9717566215063,1989.5218979694594,-135.57838472644653,570.7172876341044,706.295672360551,1989.5218979694594,135.57838472644653,2560.239185603564,2695.8175703300103,0.27458426621285076,0.3533519278304183,0.372063805956731,0.0,3,-30,keys
1996.2519812137946,-234.8,1457.15,-1344.1,2492.5006760279925,1126.1,-2174.0,467.1,2729.3441904604115,455.1,-1730.1,2061.3,0.0,0.0,0.0,0.0,1804.5242119255497,2729.3441904604115,0.0,2729.3441904604115,1074.903574372824,1116.5477478231066,879.7042333906879,1996.2519812137946,-236.84351443241894,496.24869481419796,733.0922092466169,1996.2519812137946,236.84351443241894,2492.5006760279925,2729.3441904604115,0.27656209432120316,0.34531272281577274,0.37812518286302405,0.0,3,-30,keys
1988.0553846661317,-240.5,1468.45,-1318.4,2523.0283633958616,1152.85,-2189.6,492.2,2728.0483170207963,451.1,-1704.0,2082.1,0.0,0.0,0.0,0.0,1809.7830162706973,2728.0483170207963,0.0,2728.0483170207963,1079.2388163739,1096.537669145533,891.5177155205984,1988.0553846661317,-205.01995362493471,534.9729787297299,739.9929323546646,1988.0553846661317,205.01995362493471,2523.0283633958616,2728.0483170207963,0.2746262075056363,0.3485263620987701,0.3768474303955936,0.0,3,-30,keys
1997.0020799939093,-247.55,1468.55,-1330.45,2496.3992243829907,1133.35,-2171.95,479.75,2716.2876154781547,447.6,-1699.9,2070.8,0.0,0.0,0.0,0.0,1802.4222299637636,2716.2876154781547,0.0,2716.2876154781547,1072.7699222957608,1108.4452355445364,888.5568444493726,1997.0020799939093,-219.88839109516402,499.3971443890814,719.2855354842454,1997.0020799939093,219.88839109516402,2496.3992243829907,2716.2876154781547,0.276988660980127,0.3462561633565154,0.3767551756633577,0.0,3,-30,keys
1987.6310101475071,-234.0,1465.1,-1322.65,2538.6575162869053,1161.35,-2202.2,496.35,2718.921873647715,450.45,-1686.5,2084.55,0.0,0.0,0.0,0.0,1811.3026000205318,2718.921873647715,0.0,2718.921873647715,1079.898923179323,1083.9476837541586,903.6833263933486,1987.6310101475071,-180.26435736080975,551.0265061393982,731.2908635002079,1987.6310101475071,180.26435736080975,2538.6575162869053,2718.921873647715,0.27433723803589977,0.35039113788305287,0.3752716240810474,0.0,3,-29,keys
1938.6222233844323,-244.0,1427.35,-1288.95,2477.7513298351796,1125.95,-2158.4,461.3,2850.1321043944613,473.65,-1778.5,2176.2,0.0,0.0,0.0,0.0,1816.626414403518,2850.1321043944613,0.0,2850.1321043944613,1097.7516422175906,1155.501498971857,783.1207244125751,1938.6222233844323,-372.3807745592817,539.1291064507473,911.509881010029,1938.6222233844323,372.3807745592817,2477.7513298351796,2850.1321043944613,0.26678878607258544,0.34098250886778214,0.39222870505963253,0.0,3,-30,keys
1971.7694604085943,-260.25,1443.45,-1317.8,2489.7422768230454,1129.95,-2163.55,491.0,2738.455375298272,435.5,-1699.45,2102.7,0.0,0.0,0.0,0.0,1799.991778132478,2738.455375298272,0.0,2738.455375298272,1075.4008144782488,1110.2412794419106,861.528180966684,1971.7694604085943,-248.71309847522662,517.972816414451,766.6859148896776,1971.7694604085943,248.71309847522662,2489.7422768230454,2738.455375298272,0.27385812040407465,0.3457991179557213,0.380342761640204,0.0,3,-30,keys
1982.4611994942045,-243.05,1454.05,-1325.45,2530.474205559108,1155.95,-2197.75,486.8,2728.42005930172,468.8,-1717.3,2067.7,0.0,0.0,0.0,0.0,1810.338866088758,2728.42005930172,0.0,2728.42005930172,1080.3264428187758,1090.2035266184082,892.2576728757965,1982.4611994942045,-197.9458537426117,548.0130060649037,745.9588598075154,1982.4611994942045,197.9458537426117,2530.474205559108,2728.42005930172,0.2737693528860314,0.3494475886476166,0.376783058466352,0.0,3,-30,keys
1990.0164157614379,-251.45,1440.9,-1349.35,2495.6104228224403,1132.0,-2174.6,466.65,2735.7856659468043,485.6,-1732.1,2061.2,0.0,0.0,0.0,0.0,1805.3531261326707,2735.7856659468043,0.0,2735.7856659468043,1076.5175668970726,1115.095829442901,874.9205863185371,1990.0164157614379,-240.175243124364,505.59400706100246,745.7692501853664,1990.0164157614379,240.175243124364,2495.6104228224403,2735.7856659468043,0.275571630136474,0.34558480370103567,0.37884356616249026,0.0,3,-30,keys
1978.5302796520452,-256.85,1430.35,-1342.65,2510.2428398463767,1166.65,-2168.05,489.7,2708.2476788506624,486.6,-1710.8,2042.3,0.0,0.0,0.0,0.0,1799.255199587271,2708.2476788506624,0.0,2708.2476788506624,1072.5238435033368,1088.2675593281654,890.2627203238796,1978.5302796520452,-198.0048390042857,531.7125601943314,729.7173991986172,1978.5302796520452,198.0048390042857,2510.2428398463767,2708.2476788506624,0.27490962373012706,0.3487891601511279,0.3763012161187452,0.0,3,-30,keys
1975.4011915304698,-274.55,1431.25,-1333.55,2486.370598382309,1150.7,-2149.05,489.4,2743.6979721718644,469.05,-1732.1,2075.5,0.0,0.0,0.0,0.0,1801.3674405211607,2743.6979721718644,0.0,2743.6979721718644,1076.1538643963709,1116.3642826600128,859.036908870457,1975.4011915304698,-257.3273737895556,510.96940685183904,768.2967806413947,1975.4011915304698,257.3273737895556,2486.370598382309,2743.6979721718644,0.274153005529921,0.3450671060290408,0.3807798884410382,0.0,3,-30,keys
1986.2947131531112,-274.25,1442.05,-1338.15,2482.147353603327,1135.4,-2155.45,475.35,2742.4933495817268,473.3,-1734.6,2070.85,0.0,0.0,0.0,0.0,1802.7338540845412,2742.4933495817268,0.0,2742.4933495817268,1075.6735739003238,1123.3203545657555,862.9743585873557,1986.2947131531112,-260.34599597839997,495.85264045021563,756.1986364286156,1986.2947131531112,260.34599597839997,2482.147353603327,2742.4933495817268,0.27545590113768975,0.34421988414698673,0.38032421471532346,0.0,3,-30,keys
1985.6896490892025,-269.65,1439.9,-1340.5,2485.361904230448,1139.85,-2157.65,471.5,2740.2145335721434,486.2,-1735.0,2064.5,0.0,0.0,0.0,0.0,1802.8165217229484,2740.2145335721434,0.0,2740.2145335721434,1075.6594748700768,1120.2711392154488,865.4185098737535,1985.6896490892025,-254.85262934169532,499.6722551412456,754.5248844829409,1985.6896490892025,254.85262934169532,2485.361904230448,2740.2145335721434,0.27535936479984696,0.3446498678988132,0.3799907673013399,0.0,3,-30,keys
1995.3797689913567,-259.15,1431.9,-1365.3,2482.483164091954,1136.4,-2155.1,476.3,2688.9341108513613,600.45,-1685.4,2007.3,0.0,0.0,0.0,0.0,1791.699260983668,2688.9341108513613,0.0,2688.9341108513613,1064.6460406823378,1100.915357875382,894.4644111159748,1995.3797689913567,-206.4509467594071,487.1033951005975,693.5543418600046,1995.3797689913567,206.4509467594071,2482.483164091954,2688.9341108513613,0.2784200189790592,0.3463866981126392,0.3751932829083017,0.0,3,-30,keys
1988.0812646871354,-292.5,1431.95,-1347.75,2521.1701043364765,1172.95,-2176.95,491.3,2695.7825375946036,478.4,-1708.3,2029.8,0.0,0.0,0.0,0.0,1801.2584766545538,2695.7825375946036,0.0,2695.7825375946036,1072.133492285413,1081.3468489726315,906.7344157145042,1988.0812646871354,-174.6124332581271,533.088839649341,707.7012729074681,1988.0812646871354,174.6124332581271,2521.1701043364765,2695.7825375946036,0.27592948075663803,0.3499178681200438,0.37415265112331825,0.0,3,-30,keys
1968.7756353886543,-251.05,1394.6,-1366.8,2525.21094217889,1144.7,-2199.7,477.15,2737.3023257397053,493.1,-1729.1,2063.95,0.0,0.0,0.0,0.0,1807.8222258268124,2737.3023257397053,0.0,2737.3023257397053,1080.8222595235486,1090.4335094747348,878.3421259139195,1968.7756353886543,-212.0913835608153,556.4353067902357,768.526690351051,1968.7756353886543,212.0913835608153,2525.21094217889,2737.3023257397053,0.2722579144207929,0.3492062032017526,0.37853588237745456,0.0,3,-30,keys
1977.10584314548,-250.85,1419.7,-1352.95,2542.284344836352,1157.6,-2214.7,467.2,2753.232384852394,531.2,-1685.95,2110.85,0.0,0.0,0.0,0.0,1818.1556432085565,2753.232384852394,0.0,2753.232384852394,1087.392063410838,1094.026941580761,883.0789015647192,1977.10584314548,-210.9480400160419,565.1785016908718,776.1265417069137,1977.10584314548,210.9480400160419,2542.284344836352,2753.232384852394,0.27185596713497245,0.34956912989444383,0.37857490297058366,0.0,3,-29,keys
1964.9822403777596,-220.6,1394.35,-1366.85,2520.607134699892,1132.65,-2202.95,466.45,2763.181721313312,514.75,-1723.45,2097.6,0.0,0.0,0.0,0.0,1812.1927740977408,2763.181721313312,0.0,2763.181721313312,1085.5434302149931,1103.7784134955898,861.2038268821696,1964.9822403777596,-242.57458661342025,555.6248943221324,798.1994809355526,1964.9822403777596,242.57458661342025,2520.607134699892,2763.181721313312,0.2710779819431862,0.3477288910329722,0.3811931270238416,0.0,3,-30,keys
2011.2311024593866,-290.65,1432.25,-1381.75,2479.7151353532527,1138.2,-2152.9,467.45,2759.2947871693596,472.7,-1755.9,2075.35,0.0,0.0,0.0,0.0,1812.5602562454997,2759.2947871693596,0.0,2759.2947871693596,1080.0748460658867,1145.4053771377467,865.8257253216398,2011.2311024593866,-279.5796518161069,468.484032893866,748.0636847099729,2011.2311024593866,279.5796518161069,2479.7151353532527,2759.2947871693596,0.27740196436633363,0.3420183035031459,0.38057973213052054,0.0,3,-29,keys
2007.7997746289343,-291.85,1426.65,-1382.3,2490.094031357049,1144.25,-2162.0,465.85,2756.380368345414,467.65,-1756.1,2072.45,0.0,0.0,0.0,0.0,1813.568543582849,2756.380368345414,0.0,2756.380368345414,1080.8951736763295,1137.0430558086496,870.7567188202845,2007.7997746289343,-266.28633698836484,482.29425672811476,748.5805937164796,2007.7997746289343,266.28633698836484,2490.094031357049,2756.380368345414,0.27677472981836765,0.34325888042225167,0.37996638975938085,0.0,3,-29,keys
1991.365301746518,-275.8,1439.15,-1348.45,2486.9375429431275,1139.7,-2161.5,462.45,2759.441248695105,483.45,-1759.75,2069.8,0.0,0.0,0.0,0.0,1809.4360233461878,2759.441248695105,0.0,2759.441248695105,1080.3558698605452,1131.9345037492476,859.4307979972705,1991.365301746518,-272.5037057519776,495.5722411966094,768.075946948587,1991.365301746518,272.5037057519776,2486.9375429431275,2759.441248695105,0.2751361855369565,0.3436067248103137,0.3812570896527297,0.0,3,-29,keys
2022.5570820127673,-289.1,1430.3,-1400.5,2483.129254086464,1132.75,-2160.7,462.8,2759.7078454974176,478.5,-1761.05,2070.2,0.0,0.0,0.0,0.0,1816.348545399162,2759.7078454974176,0.0,2759.7078454974176,1081.2223732314953,1149.5678367118605,872.9892453009068,2022.5570820127673,-276.5785914109538,460.5721720736965,737.1507634846503,2022.5570820127673,276.5785914109538,2483.129254086464,2759.7078454974176,0.27838229164990586,0.34177488406290013,0.379842824287194,0.0,3,-30,keys
2061.1150125599493,-311.55,1445.3,-1436.05,2480.7044165921907,1130.1,-2158.3,467.45,2764.263857250244,480.7,-1767.35,2070.4,0.0,0.0,0.0,0.0,1826.5208216005958,2764.263857250244,0.0,2764.263857250244,1083.8047475258095,1172.3372266090014,888.7777859509476,2061.1150125599493,-283.5594406580535,419.5894040322414,703.1488446902949,2061.1150125599493,283.5594406580535,2480.7044165921907,2764.263857250244,0.2821094328880654,0.3395395753575818,0.378350991754353,0.0,3,-29,keys
1982.1540612424656,-265.25,1417.0,-1360.4,2520.0364471570642,1154.95,-2189.7,471.05,2742.230199126251,477.15,-1734.8,2069.45,0.0,0.0,0.0,0.0,1811.1051768814452,2742.230199126251,0.0,2742.230199126251,1081.5425367955845,1102.1739066058265,879.9801546366393,1982.1540612424656,-222.1937519691869,537.8823859145987,760.0761378837856,1982.1540612424656,222.1937519691869,2520.0364471570642,2742.230199126251,0.2736111196832244,0.3478589315691114,0.3785299487476642,0.0,3,-30,keys
1990.8553199567266,-276.65,1429.6,-1357.65,2497.0366026552356,1149.1,-2167.75,464.35,2753.7916315509424,477.5,-1753.1,2069.3,0.0,0.0,0.0,0.0,1810.420888540726,2753.7916315509424,0.0,2753.7916315509424,1080.690736906451,1123.8051744262166,867.05014553051,1990.8553199567266,-256.7550288957068,506.181282698509,762.9363115942158,1990.8553199567266,256.7550288957068,2497.0366026552356,2753.7916315509424,0.27491608892690117,0.3448143769303212,0.3802695341427777,0.0,3,-30,keys
1989.924980369863,-279.25,1430.55,-1354.75,2492.670542811464,1143.85,-2166.45,459.9,2754.73732731453,479.4,-1751.35,2071.6,0.0,0.0,0.0,0.0,1809.3332126239643,2754.73732731453,0.0,2754.73732731453,1080.166527414104,1125.9958824364646,863.9290979333989,1989.924980369863,-262.0667845030657,502.7455624416011,764.8123469446668,1989.924980369863,262.0667845030657,2492.670542811464,2754.73732731453,0.2749528067143583,0.34441839201034974,0.380628801275292,0.0,3,-30,keys
2025.291274730625,-286.05,1443.65,-1391.35,2469.3709239399413,1123.0,-2149.0,467.4,2874.4359555397996,592.7,-1814.75,2148.9,0.0,0.0,0.0,0.0,1842.2745385525916,2874.4359555397996,0.0,2874.4359555397996,1105.2236955027865,1215.1781531652414,810.1131215653836,2025.291274730625,-405.06503159985823,444.07964920931636,849.1446808091746,2025.291274730625,405.06503159985823,2469.3709239399413,2874.4359555397996,0.2748357034128343,0.3350981181501912,0.39006617843697444,0.0,3,-30,keys
2013.1425738133898,-327.75,1448.6,-1359.0,2469.112645263476,1119.95,-2151.3,462.75,2747.786873558428,505.45,-1762.0,2047.0,0.0,0.0,0.0,0.0,1807.5105231588234,2747.786873558428,0.0,2747.786873558428,1076.0129895452546,1145.908401054171,867.2341727592188,2013.1425738133898,-278.6742282949517,455.9700714500864,734.6442997450381,2013.1425738133898,278.6742282949517,2469.112645263476,2747.786873558428,0.2784413351983149,0.34150736795551684,0.38005129684616834,0.0,3,-30,keys
1975.2834366237166,-288.1,1414.65,-1348.15,2464.58258230476,1118.6,-2145.85,467.15,2741.042158103374,501.5,-1759.35,2041.2,0.0,0.0,0.0,0.0,1795.2270442579625,2741.042158103374,0.0,2741.042158103374,1072.1314647419965,1125.871506211165,849.4119304125513,1975.2834366237166,-276.45957579861397,489.2991456810432,765.7587214796572,1975.2834366237166,276.45957579861397,2464.58258230476,2741.042158103374,0.2750743203960837,0.34321321503423935,0.381712464569677,0.0,3,-29,keys
1981.570508460398,-286.2,1419.0,-1353.2,2468.20220555367,1127.55,-2152.95,430.65,2746.392694972807,508.65,-1764.3,2042.35,0.0,0.0,0.0,0.0,1799.0413522467188,2746.392694972807,0.0,2746.392694972807,1074.1412260644768,1129.8804989397677,851.6900095206304,1981.570508460398,-278.19048941913707,486.6316970932719,764.822186512409,1981.570508460398,278.19048941913707,2468.20220555367,2746.392694972807,0.27536478052404534,0.34298853142970764,0.38164668804624696,0.0,3,-29,keys
1983.6825029474853,-281.8,1418.15,-1358.1,2465.0904592935326,1111.65,-2152.2,457.1,2740.470627921416,489.45,-1773.6,2031.0,0.0,0.0,0.0,0.0,1797.3108975406085,2740.470627921416,0.0,2740.470627921416,1072.443548377616,1129.5313357876842,854.1511671598009,1983.6825029474853,-275.38016862788345,481.4079563460473,756.7881249739307,1983.6825029474853,275.38016862788345,2465.0904592935326,2740.470627921416,0.275923673759212,0.34288592789743494,0.3811903983433531,0.0,3,-31,keys
2020.8380050117823,-308.25,1437.3,-1386.7,2441.9048901421206,1129.95,-2106.8,497.5,2674.01322640708,600.7,-1650.65,2016.15,0.0,0.0,0.0,0.0,1784.1890303902458,2674.01322640708,0.0,2674.01322640708,1056.3747542113622,1126.4731706383707,894.3648343734117,2020.8380050117823,-232.10833626495923,421.0668851303383,653.1752213952975,2020.8380050117823,232.10833626495923,2441.9048901421206,2674.01322640708,0.2831591791271376,0.3421589372747147,0.37468188359814764,0.0,3,-30,keys
2030.2692789381413,-301.55,1447.05,-1391.8,2441.864255543293,1125.05,-2110.5,492.7,2736.185608653039,724.25,-1641.6,2065.75,0.0,0.0,0.0,0.0,1802.0797857836183,2736.185608653039,0.0,2736.185608653039,1070.2149147694909,1162.2953160239438,867.9739629141977,2030.2692789381413,-294.3213531097458,411.5949766051517,705.9163297148975,2030.2692789381413,294.3213531097458,2441.864255543293,2736.185608653039,0.2816564081893989,0.3387564017429825,0.3795871900676186,0.0,3,-30,keys
2000.5570830396218,-294.9,1408.1,-1390.15,2516.7414875191294,1170.15,-2177.7,471.55,2630.3251571811425,632.15,-1586.0,2000.9,0.0,0.0,0.0,0.0,1786.9059319349733,2630.3251571811425,0.0,2630.3251571811425,1058.6188586623632,1057.0703763508175,943.4867066888041,2000.5570830396218,-113.58366966201311,516.1844044795075,629.7680741415206,2000.5570830396218,113.58366966201311,2516.7414875191294,2630.3251571811425,0.2798912140933594,0.3521088383194638,0.36799994758717686,0.0,3,-30,keys
2013.5396879624698,-304.5,1420.65,-1394.05,2478.5055749382527,1139.35,-2150.2,470.65,2700.4196960842955,484.15,-1737.75,2009.5,0.0,0.0,0.0,0.0,1798.1162397462545,2700.4196960842955,0.0,2700.4196960842955,1067.322637308321,1117.7269045542562,895.8127834082134,2013.5396879624698,-221.91412114604282,464.96588697578295,686.8800081218258,2013.5396879624698,221.91412114604282,2478.5055749382527,2700.4196960842955,0.2799512683683085,0.34459751824609697,0.37545121338559456,0.0,3,-30,keys
0.0,0.0,0.0,0.0,2466.4400793451277,1123.15,-2146.55,462.8,2778.5123038237566,488.5,-1780.35,2076.5,0.0,0.0,0.0,0.0,1311.238095792221,2778.5123038237566,0.0,2778.5123038237566,1315.871945904384,156.03611223931443,-156.03611223931443,0.0,-312.07222447862887,2466.4400793451277,2778.5123038237566,0.0,312.07222447862887,2466.4400793451277,2778.5123038237566,0.0,0.4702502328257477,0.5297497671742524,0.0,3,-30,keys
0.0,0.0,0.0,0.0,0.0,0.0,0.0,0.0,0.0,0.0,0.0,0.0,0.0,0.0,0.0,0.0,0.0,0.0,0.0,0.0,0.0,0.0,0.0,0.0,0.0,0.0,0.0,0.0,0.0,0.0,0.0,0.0,0.0,0.0,0.0,1,-30,keys
2000.9696280803464,-301.7,1415.25,-1382.0,2480.4597895349966,1134.35,-2156.35,464.85,0.0,0.0,0.0,0.0,0.0,0.0,0.0,0.0,1120.3573544038359,2480.4597895349966,0.0,2480.4597895349966,1133.1105212790312,-239.7450807273251,2240.7147088076717,2000.9696280803464,2480.4597895349966,479.4901614546502,2000.9696280803464,2000.9696280803464,2480.4597895349966,2480.4597895349966,0.0,0.4465025422948872,0.5534974577051127,0.0,0.0,2,-30,keys
0.0,0.0,0.0,0.0,2464.1060579853297,1126.55,-2141.65,464.8,2704.7396043796894,507.95,-1732.05,2014.35,0.0,0.0,0.0,0.0,1292.2114155912548,2704.7396043796894,0.0,2704.7396043796894,1295.0090368567492,120.31677319717983,-120.31677319717983,0.0,-240.63354639435966,2464.1060579853297,2704.7396043796894,0.0,240.63354639435966,2464.1060579853297,2704.7396043796894,0.0,0.4767226996013403,0.5232773003986597,0.0,3,-30,keys
2138.8686109716978,-327.65,1456.1,-1532.05,2461.9567730770577,1124.7,-2140.15,464.8,2755.1433288487915,487.5,-1767.3,2056.65,0.0,0.0,0.0,0.0,1838.9921782243869,2755.1433288487915,0.0,2755.1433288487915,1083.8860553257086,1216.027583371716,922.8410275999822,2138.8686109716978,-293.18655577173377,323.08816210535997,616.2747178770937,2138.8686109716978,293.18655577173377,2461.9567730770577,2755.1433288487915,0.29076640949023125,0.33468831491362916,0.3745452755961395,0.0,3,-31,keys
3081.9434412396345,-378.55,1881.1,-2411.75,2466.367344902215,1118.4,-2148.6,464.4,2770.037854434484,509.55,-1766.55,2071.9,0.0,0.0,0.0,0.0,2079.587160144083,3081.9434412396345,0.0,3081.9434412396345,1220.2173928705765,1692.806975385952,1389.1364658536827,3081.9434412396345,-303.6705095322691,615.5760963374196,311.9055868051505,3081.9434412396345,303.6705095322691,2466.367344902215,2770.037854434484,0.37049943136623614,0.2964972317788467,0.33300333685491734,0.0,1,-30,keys
1994.1414267799564,-280.5,1422.3,-1369.3,2496.486890612486,1147.3,-2166.95,469.55,2694.69792462903,554.35,-1686.4,2027.35,0.0,0.0,0.0,0.0,1796.331560505368,2694.69792462903,0.0,2694.69792462903,1068.0841995050525,1096.1762303982498,897.9651963817062,1994.1414267799564,-198.21103401654364,502.34546383252973,700.5564978490734,1994.1414267799564,198.21103401654364,2496.486890612486,2694.69792462903,0.27752969866806465,0.3474423855680269,0.3750279157639085,0.0,3,-30,keys
1990.6643765336235,-274.1,1425.3,-1362.4,2514.163756102613,1156.8,-2182.25,469.7,2692.2815018121714,554.55,-1694.15,2017.6,0.0,0.0,0.0,0.0,1799.2774086121021,2692.2815018121714,0.0,2692.2815018121714,1070.3442162375238,1084.3910611215908,906.2733154120326,1990.6643765336235,-178.11774570955822,523.4993795689898,701.617125278548,1990.6643765336235,178.11774570955822,2514.163756102613,2692.2815018121714,0.2765921984855507,0.3493296453438423,0.3740781561706069,0.0,3,-30,keys
2062.2015814415427,-267.0,1421.8,-1469.65,2462.211648092016,1121.0,-2142.6,463.8,2872.4540579441823,618.95,-1824.05,2130.9,0.0,0.0,0.0,0.0,1849.216821869435,2872.4540579441823,0.0,2872.4540579441823,1105.411966232547,1236.2219956468543,825.9795857946881,2062.2015814415427,-410.2424098521665,400.01006665047316,810.2524765026396,2062.2015814415427,410.2424098521665,2462.211648092016,2872.4540579441823,0.27879391386846597,0.33287222176614256,0.3883338643653915,0.0,3,-30,keys
2015.3556925515657,-274.85,1443.15,-1379.65,2457.7865682357365,1115.95,-2138.9,469.55,2723.4992578482556,499.05,-1759.05,2018.45,0.0,0.0,0.0,0.0,1799.1603796588893,2723.4992578482556,0.0,2723.4992578482556,1069.1011765804396,1140.5341910820423,874.8215014695231,2015.3556925515657,-265.71268961251917,442.4308756841708,708.14356529669,2015.3556925515657,265.71268961251917,2457.7865682357365,2723.4992578482556,0.28004113965282873,0.3415185488774657,0.37844031146970564,0.0,3,-30,keys
1986.9128535242808,-294.25,1418.85,-1359.45,2477.0571799011823,1149.85,-2163.7,363.4,2755.43209224978,521.05,-1769.9,2046.55,0.0,0.0,0.0,0.0,1804.8505314188108,2755.43209224978,0.0,2755.43209224978,1077.7406009737388,1132.6438829364392,854.2689705878415,1986.9128535242808,-278.3749123485977,490.1443263769015,768.5192387254992,1986.9128535242808,278.3749123485977,2477.0571799011823,2755.43209224978,0.2752184763968168,0.34311112427048784,0.3816703993326954,0.0,3,-29,keys
2004.8913867090157,-291.1,1421.2,-1383.85,0.0,0.0,0.0,0.0,2715.014475559937,561.7,-1673.7,2062.65,0.0,0.0,0.0,0.0,1179.9764655672382,2715.014475559937,0.0,2715.014475559937,1206.390819534635,2359.9529311344763,-355.06154442546074,2004.8913867090157,-2715.014475559937,2004.8913867090157,710.1230888509215,2004.8913867090157,2715.014475559937,0.0,2715.014475559937,0.4247735961719424,0.0,0.5752264038280577,0.0,3,-30,keys
2017.5271169181344,-305.55,1408.05,-1412.25,2458.449483414292,1143.35,-2118.0,500.8,2722.2223779478413,541.75,-1699.9,2056.05,0.0,0.0,0.0,0.0,1799.549744570067,2722.2223779478413,0.0,2722.2223779478413,1069.0377767262514,1140.650005725842,876.8771111922927,2017.5271169181344,-263.77289453354933,440.92236649615757,704.6952610297069,2017.5271169181344,263.77289453354933,2458.449483414292,2722.2223779478413,0.2802822098980299,0.34153674979427195,0.37818104030769806,0.0,3,-30,keys
2018.8989028676003,-214.5,1351.7,-1484.2,2450.6105412733377,1117.25,-2127.05,482.6,2731.32654126159,539.85,-1699.7,2068.75,0.0,0.0,0.0,0.0,1800.208996350632,2731.32654126159,0.0,2731.32654126159,1069.8808061920965,1149.8074514279265,869.0914514396741,2018.8989028676003,-280.7159999882524,431.7116384057374,712.4276383939898,2018.8989028676003,280.7159999882524,2450.6105412733377,2731.32654126159,0.28037007188613855,0.34032306057813205,0.3793068675357294,0.0,3,-30,keys
2002.1839937927782,-304.4,1399.75,-1398.85,2469.8782874870576,1147.9,-2129.85,496.35,2723.9884182022506,563.2,-1683.8,2065.85,0.0,0.0,0.0,0.0,1799.0126748705216,2723.9884182022506,0.0,2723.9884182022506,1070.4398611226186,1128.1470622539855,874.0369315387925,2002.1839937927782,-254.110130715193,467.6942936942794,721.8044244094724,2002.1839937927782,254.110130715193,2469.8782874870576,2723.9884182022506,0.27823372533171276,0.34322691579491227,0.378539358873375,0.0,3,-30,keys
2034.2225013503316,-293.55,1403.85,-1442.6,2438.308383900609,1118.25,-2109.1,496.55,2741.6507003081197,499.5,-1730.15,2067.3,0.0,0.0,0.0,0.0,1803.545396389765,2741.6507003081197,0.0,2741.6507003081197,1071.0921453293763,1168.782408878921,865.4400924714105,2034.2225013503316,-303.3423164075107,404.08588255027735,707.428198957788,2034.2225013503316,303.3423164075107,2438.308383900609,2741.6507003081197,0.28197550577633407,0.3379882187581023,0.3800362754655636,0.0,3,-30,keys
1997.8295785677014,-245.6,1388.55,-1415.25,2446.868846607844,1116.95,-2125.1,472.8,2756.9579186124693,493.6,-1744.55,2076.95,0.0,0.0,0.0,0.0,1800.4140859470037,2756.9579186124693,0.0,2756.9579186124693,1073.9347767665479,1153.9593252861632,843.8702532815382,1997.8295785677014,-310.08907200462545,449.03926804014236,759.1283400447678,1997.8295785677014,310.08907200462545,2446.868846607844,2756.9579186124693,0.277412512232826,0.3397647332503525,0.38282275451682146,0.0,3,-30,keys
2018.588117348361,-316.25,1386.95,-1432.15,2470.6790655607215,1150.25,-2130.15,493.6,2734.3152063176626,576.35,-1680.95,2078.15,0.0,0.0,0.0,0.0,1805.8955973066863,2734.3152063176626,0.0,2734.3152063176626,1073.5917574331163,1141.112129052651,877.4759882957098,2018.588117348361,-263.63614075694113,452.09094821236044,715.7270889693016,2018.588117348361,263.63614075694113,2470.6790655607215,2734.3152063176626,0.27944418829622325,0.34202960974675023,0.37852620195702646,0.0,3,-30,keys
1997.7836125316476,-303.5,1387.9,-1404.55,2492.645168290104,1158.85,-2151.55,491.1,2724.237450645593,529.75,-1702.55,2059.65,0.0,0.0,0.0,0.0,1803.6665578668362,2724.237450645593,0.0,2724.237450645593,1073.8990614963768,1114.6879474435684,883.0956650880792,1997.7836125316476,-231.59228235548926,494.86155575845623,726.4538381139455,1997.7836125316476,231.59228235548926,2492.645168290104,2724.237450645593,0.27690589535773036,0.34549694862088454,0.37759715602138505,0.0,3,-30,keys
1971.7826559993875,-294.25,1409.3,-1347.3,2460.8467241988074,1123.2,-2139.4,466.0,2732.360558656196,500.35,-1752.3,2035.9,0.0,0.0,0.0,0.0,1791.2474847135977,2732.360558656196,0.0,2732.360558656196,1069.4878983687518,1121.648245228388,850.1344107709992,1971.7826559993875,-271.51383445738884,489.0640681994198,760.5779026568086,1971.7826559993875,271.51383445738884,2460.8467241988074,2732.360558656196,0.2751968492386544,0.34345431678195376,0.38134883397939184,0.0,3,-29,keys
1976.6044324801053,-286.25,1413.1,-1352.1,2464.0794132900833,1116.95,-2146.75,464.3,2735.7013826439465,503.1,-1755.85,2036.65,0.0,0.0,0.0,0.0,1794.096307103534,2735.7013826439465,0.0,2735.7013826439465,1070.9328008621562,1124.1132009169844,852.4912315631211,1976.6044324801053,-271.6219693538633,487.474980809978,759.0969501638413,1976.6044324801053,271.6219693538633,2464.0794132900833,2735.7013826439465,0.2754317625890469,0.3433594121360462,0.3812088252749068,0.0,3,-30,keys
1961.0836481394665,-296.5,1399.35,-1341.55,2461.192957693484,1117.9,-2143.75,460.55,2733.74256514764,508.9,-1749.55,2038.0,0.0,0.0,0.0,0.0,1789.0047927451478,2733.74256514764,0.0,2733.74256514764,1069.4058711078271,1116.8166277968114,844.2670203426553,1961.0836481394665,-272.5496074541561,500.1093095540175,772.6589170081736,1961.0836481394665,272.5496074541561,2461.192957693484,2733.74256514764,0.2740467292335019,0.34393325379482265,0.3820200169716754,0.0,3,-30,keys
1926.733804265654,-302.55,1357.6,-1333.3,2459.4564465548074,1115.15,-2143.2,460.5,2724.8788500592095,476.55,-1785.85,2002.15,0.0,0.0,0.0,0.0,1777.7672752199178,2724.8788500592095,0.0,2724.8788500592095,1065.876162263773,1096.0781038850282,830.6557003806258,1926.733804265654,-265.42240350440215,532.7226422891533,798.1450457935555,1926.733804265654,265.42240350440215,2459.4564465548074,2724.8788500592095,0.27094854190452294,0.3458631060483664,0.3831883520471106,0.0,3,-30,keys
2008.9524745498586,-266.0,1418.15,-1397.85,2460.444278987029,1111.2,-2145.0,466.9,2737.388830619428,504.8,-1764.4,2031.1,0.0,0.0,0.0,0.0,1801.696396039079,2737.388830619428,0.0,2737.388830619428,1072.2096449621197,1142.948513091129,866.0039614587297,2008.9524745498586,-276.944551632399,451.49180443717046,728.4363560695695,2008.9524745498586,276.944551632399,2460.444278987029,2737.388830619428,0.278758463269175,0.34140661606419476,0.37983492066663016,0.0,3,-30,keys
1988.7516473908954,-294.3,1418.25,-1362.75,2461.25185322429,1127.65,-2153.4,386.05,2740.362837746126,510.9,-1761.9,2035.75,0.0,0.0,0.0,0.0,1797.5915845903278,2740.362837746126,0.0,2740.362837746126,1072.047137785944,1133.9313159563656,854.8203314345294,1988.7516473908954,-279.11098452183614,472.5002058333944,751.6111903552305,1988.7516473908954,279.11098452183614,2461.25185322429,2740.362837746126,0.2765855804565492,0.34229853353830797,0.38111588600514285,0.0,3,-29,keys
1928.0205788580163,-147.1,1334.8,-1383.45,2454.0477735773607,1114.95,-2136.75,462.1,2680.9618385944996,535.5,-1698.7,2003.8,0.0,0.0,0.0,0.0,1765.7575477574692,2680.9618385944996,0.0,2680.9618385944996,1055.4112157886752,1077.4673219375775,850.5532569204388,1928.0205788580163,-226.9140650171389,526.0271947193444,752.9412597364833,1928.0205788580163,226.9140650171389,2454.0477735773607,2680.9618385944996,0.2729735717832019,0.3474497074490815,0.3795767207677166,0.0,3,-30,keys
2002.187872053969,-294.5,1413.45,-1387.15,2491.883922858366,1163.15,-2146.0,501.25,2670.165830524389,514.25,-1694.5,1998.5,0.0,0.0,0.0,0.0,1791.0594063591811,2670.165830524389,0.0,2670.165830524389,1062.5973054348,1090.234889859996,911.9529821939732,2002.187872053969,-178.28190766602302,489.69605080439715,667.9779584704202,2002.187872053969,178.28190766602302,2491.883922858366,2670.165830524389,0.2794697742778901,0.3478226230256375,0.37270760269647235,0.0,3,-30,keys
2034.0302019635794,-314.75,1408.7,-1433.1,2470.82182734814,1134.0,-2142.55,478.0,2671.4661016939745,471.65,-1712.5,1995.4,0.0,0.0,0.0,0.0,1794.0795327514234,2671.4661016939745,0.0,2671.4661016939745,1061.1414865782199,1117.337238154707,916.6929638088723,2034.0302019635794,-200.64427434583467,436.79162538456035,637.435899730395,2034.0302019635794,200.64427434583467,2470.82182734814,2671.4661016939745,0.28343645931406464,0.3443021591633198,0.3722613815226156,0.0,3,-29,keys
2090.121251267495,-300.8,1432.45,-1492.05,2471.07380960181,1132.85,-2144.8,471.9,2647.192437753629,262.3,-1746.55,1971.9,0.0,0.0,0.0,0.0,1802.0968746557335,2647.192437753629,0.0,2647.192437753629,1059.743817795621,1133.1199397096573,957.0013115578381,2090.121251267495,-176.11862815181894,380.95255833431474,557.0711864861337,2090.121251267495,176.11862815181894,2471.07380960181,2647.192437753629,0.2899568387058527,0.34280535141512236,0.3672378098790249,0.0,3,-29,keys
2073.3493108977077,-295.45,1434.6,-1467.45,2474.131854812916,1140.35,-2143.5,475.75,2602.507251670973,343.5,-1705.15,1935.85,0.0,0.0,0.0,0.0,1787.4971043453993,2602.507251670973,0.0,2602.507251670973,1050.3054559064299,1100.8623538778822,972.4869570198255,2073.3493108977077,-128.37539685805677,400.7825439152084,529.1579407732652,2073.3493108977077,128.37539685805677,2474.131854812916,2602.507251670973,0.2899793943522206,0.3460329878015341,0.3639876178462453,0.0,3,-29,keys
0.0,0.0,0.0,0.0,0.0,0.0,0.0,0.0,0.0,0.0,0.0,0.0,0.0,0.0,0.0,0.0,0.0,0.0,0.0,0.0,0.0,0.0,0.0,0.0,0.0,0.0,0.0,0.0,0.0,0.0,0.0,0.0,0.0,0.0,0.0,1,-30,keys
0.0,0.0,0.0,0.0,2476.608210335256,1142.25,-2146.45,470.75,2693.129952768711,544.9,-1695.65,2020.1,0.0,0.0,0.0,0.0,1292.4345407759918,2693.129952768711,0.0,2693.129952768711,1294.6996757198756,108.26087121672754,-108.26087121672754,0.0,-216.52174243345507,2476.608210335256,2693.129952768711,0.0,216.52174243345507,2476.608210335256,2693.129952768711,0.0,0.4790587322218024,0.5209412677781976,0.0,3,-30,keys
2112.666714723361,-322.15,1439.05,-1512.85,2461.5736298148795,1124.9,-2137.95,472.35,2682.2423781232,536.05,-1699.25,2004.9,0.0,0.0,0.0,0.0,1814.1206806653602,2682.2423781232,0.0,2682.2423781232,1066.8873161478914,1166.6677315158408,945.9989832075203,2112.666714723361,-220.66874830832057,348.9069150915184,569.575663399839,2112.666714723361,220.66874830832057,2461.5736298148795,2682.2423781232,0.2911419754539847,0.339224073686219,0.36963395085979633,0.0,3,-29,keys
2084.3501787127807,-327.75,1427.05,-1483.45,2465.1931800570924,1129.9,-2140.45,467.95,2676.9294163275954,538.6,-1691.7,2003.5,0.0,0.0,0.0,0.0,1806.6181937743672,2676.9294163275954,0.0,2676.9294163275954,1064.4443374589598,1148.0432074916419,936.3069712211391,2084.3501787127807,-211.736236270503,380.8430013443117,592.5792376148147,2084.3501787127807,211.736236270503,2465.1931800570924,2676.9294163275954,0.28843257887796686,0.3411336701567858,0.3704337509652473,0.0,3,-30,keys
2043.5897668074188,-321.15,1431.3,-1422.85,2463.203463987496,1130.0,-2136.45,475.45,2688.792116360058,561.8,-1674.95,2026.95,0.0,0.0,0.0,0.0,1798.8963367887432,2688.792116360058,0.0,2688.792116360058,1064.0866227605911,1134.5892095899906,909.0005572174284,2043.5897668074188,-225.58865237256214,419.6136971800772,645.2023495526394,2043.5897668074188,225.58865237256214,2463.203463987496,2688.792116360058,0.2840060492945753,0.3423214853481531,0.37367246535727167,0.0,3,-30,keys
2043.262735797822,-324.65,1424.75,-1428.15,2465.7908011427085,1130.05,-2139.75,473.9,2685.2130357757464,550.85,-1683.45,2018.15,0.0,0.0,0.0,0.0,1798.5666431790692,2685.2130357757464,0.0,2685.2130357757464,1063.7255344042346,1131.34248521543,911.9202505823921,2043.262735797822,-219.422234633038,422.5280653448865,641.9502999779245,2043.262735797822,219.422234633038,2465.7908011427085,2685.2130357757464,0.28401265301271217,0.34274387475354856,0.3732434722337393,0.0,3,-30,keys
2056.1327571438574,-335.95,1423.3,-1445.35,2463.6962683131214,1131.05,-2137.8,469.4,2688.547087647899,553.25,-1681.2,2023.8,0.0,0.0,0.0,0.0,1802.0940282762194,2688.547087647899,0.0,2688.547087647899,1064.8468332352725,1140.4917882393174,915.6409689045397,2056.1327571438574,-224.8508193347775,407.5635111692641,632.4143305040416,2056.1327571438574,224.8508193347775,2463.6962683131214,2688.547087647899,0.28524215785657936,0.34178242500888717,0.37297541713453347,0.0,3,-30,keys
2060.2705071179366,-332.45,1427.0,-1448.4,2466.58930154576,1129.3,-2140.7,475.55,2686.215056077975,549.45,-1677.45,2024.85,0.0,0.0,0.0,0.0,1803.2687161854178,2686.215056077975,0.0,2686.215056077975,1065.0606111165666,1139.9481308250759,920.3223762928608,2060.2705071179366,-219.62575453221507,406.3187944278234,625.9445489600384,2060.2705071179366,219.62575453221507,2466.58930154576,2686.215056077975,0.28562999078087664,0.3419608624336798,0.3724091467854436,0.0,3,-30,keys
2049.7490846442647,-326.3,1425.9,-1435.9,2468.4708723215676,1129.65,-2142.55,476.15,2683.289117389328,549.35,-1682.55,2016.75,0.0,0.0,0.0,0.0,1800.3772685887902,2683.289117389328,0.0,2683.289117389328,1064.1225267791149,1132.2836648560126,917.4654197882521,2049.7490846442647,-214.81824506776047,418.7217876773029,633.5400327450634,2049.7490846442647,214.81824506776047,2468.4708723215676,2683.289117389328,0.28462771670225295,0.34277133401273957,0.3726009492850074,0.0,3,-30,keys
2072.3051355917646,-330.75,1426.9,-1465.95,2466.5261604126563,1132.1,-2140.0,471.7,2677.164020470169,539.85,-1687.4,2007.1,0.0,0.0,0.0,0.0,1803.9988291186473,2677.164020470169,0.0,2677.164020470169,1063.926685168461,1141.4714978246388,930.8336377671258,2072.3051355917646,-210.63786005751263,394.22102482089167,604.8588848784043,2072.3051355917646,210.63786005751263,2466.5261604126563,2677.164020470169,0.287182161947993,0.34181371414992684,0.3710041239020802,0.0,3,-30,keys
2063.0689003278585,-329.85,1419.55,-1460.25,2462.3075056743014,1126.75,-2137.5,473.8,2678.7976136692373,544.15,-1682.65,2012.1,0.0,0.0,0.0,0.0,1801.0435049178495,2678.7976136692373,0.0,2678.7976136692373,1063.030734336138,1139.7795041613974,923.2893961664615,2063.0689003278585,-216.4901079949359,399.2386053464429,615.7287133413788,2063.0689003278585,216.4901079949359,2462.3075056743014,2678.7976136692373,0.28637133066116033,0.34178900994768224,0.3718396593911573,0.0,3,-30,keys
2076.4715221981737,-330.85,1423.5,-1475.1,2467.2333437476073,1130.8,-2140.35,476.9,2676.022889008986,523.95,-1695.1,2003.3,0.0,0.0,0.0,0.0,1804.9319387386918,2676.022889008986,0.0,2676.022889008986,1064.0671552566537,1142.6305337297763,933.8409884683977,2076.4715221981737,-208.78954526137886,390.76182154943353,599.5513668108124,2076.4715221981737,208.78954526137886,2467.2333437476073,2676.022889008986,0.28761077878222335,0.3417349555950209,0.3706542656227557,0.0,3,-30,keys
2070.9362441900525,-344.15,1407.05,-1480.05,2468.136510608763,1131.1,-2143.25,467.75,2694.822147192649,498.55,-1725.0,2009.45,0.0,0.0,0.0,0.0,1808.473725497866,2694.822147192649,0.0,2694.822147192649,1067.7350214631292,1148.8109403869696,922.1253038030832,2070.9362441900525,-226.6856365838862,397.20026641871027,623.8859030025965,2070.9362441900525,226.6856365838862,2468.136510608763,2694.822147192649,0.2862823240105315,0.34119054037255836,0.37252713561691014,0.0,3,-30,keys
2048.561818081163,-377.2,1355.6,-1488.85,2469.6231073789377,1133.1,-2143.6,469.15,2691.620787741096,517.45,-1712.35,2011.2,0.0,0.0,0.0,0.0,1802.451428300299,2691.620787741096,0.0,2691.620787741096,1065.9668937721335,1135.279749221661,913.282068859502,2048.561818081163,-221.99768036215846,421.0612892977747,643.0589696599332,2048.561818081163,221.99768036215846,2469.6231073789377,2691.620787741096,0.2841355092731881,0.3425367070373399,0.37332778368947206,0.0,3,-30,keys
2063.2844671784837,-343.75,1399.3,-1476.8,2470.2195519831835,1135.5,-2143.65,466.25,2690.2877118442184,520.9,-1706.85,2013.2,0.0,0.0,0.0,0.0,1805.9479327514714,2690.2877118442184,0.0,2690.2877118442184,1066.6517305056448,1141.676313519759,921.6081536587244,2063.2844671784837,-220.06815986103493,406.9350848046997,627.0032446657347,2063.2844671784837,220.06815986103493,2470.2195519831835,2690.2877118442184,0.28562347088752227,0.34195608677095884,0.3724204423415189,0.0,3,-30,keys
2060.6858330419996,-349.2,1398.6,-1472.55,2471.179933756342,1136.55,-2143.95,467.4,2687.7249157047304,518.8,-1707.4,2009.85,0.0,0.0,0.0,0.0,1804.8976706257681,2687.7249157047304,0.0,2687.7249157047304,1066.1143447443508,1138.615407495194,922.0704255468056,2060.6858330419996,-216.54498194838834,410.4941007143425,627.0390826627308,2060.6858330419996,216.54498194838834,2471.179933756342,2687.7249157047304,0.2854297319148775,0.34228809394213056,0.37228217414299186,0.0,3,-30,keys
2071.361496093813,-332.45,1416.65,-1474.15,2467.922406600337,1127.0,-2144.55,470.55,2696.8658782001007,534.35,-1700.05,2024.2,0.0,0.0,0.0,0.0,1809.0374452235628,2696.8658782001007,0.0,2696.8658782001007,1068.1525060374129,1150.1524838467885,921.2090122470247,2071.361496093813,-228.9434715997636,396.5609105065241,625.5043821062877,2071.361496093813,228.9434715997636,2467.922406600337,2696.8658782001007,0.28625188239785604,0.3410546328264848,0.3726934847756591,0.0,3,-30,keys
2077.6564213074307,-333.65,1421.15,-1478.4,2468.1155215062363,1128.95,-2144.25,468.25,2697.911568695312,528.7,-1707.8,2020.55,0.0,0.0,0.0,0.0,1810.9208778772447,2697.911568695312,0.0,2697.911568695312,1068.7889830636866,1153.7262342482531,923.9301870591776,2077.6564213074307,-229.79604718907558,390.4591001988056,620.2551473878812,2077.6564213074307,229.79604718907558,2468.1155215062363,2697.911568695312,0.2868231912681426,0.3407265816603971,0.37245022707146025,0.0,3,-29,keys
2001.9775073661542,-317.7,1405.7,-1389.6,2520.3615950890858,1158.6,-2188.5,469.4,2705.9406723910265,551.85,-1697.3,2033.9,0.0,0.0,0.0,0.0,1807.0699437115668,2705.9406723910265,0.0,2705.9406723910265,1074.7376780681302,1093.7782923340476,908.1992150321068,2001.9775073661542,-185.57907730194074,518.3840877229316,703.9631650248723,2001.9775073661542,185.57907730194074,2520.3615950890858,2705.9406723910265,0.2769645848978961,0.3486806921696234,0.37435472293248045,0.0,3,-30,keys
1998.2168206928898,-312.3,1401.9,-1389.25,2508.2974788688844,1158.15,-2174.9,469.1,2707.4932709981017,552.7,-1695.0,2037.65,0.0,0.0,0.0,0.0,1803.501892639969,2707.4932709981017,0.0,2707.4932709981017,1072.9014645432499,1098.7063064110534,899.5105142818363,1998.2168206928898,-199.19579212921735,510.0806581759946,709.2764503052119,1998.2168206928898,199.19579212921735,2508.2974788688844,2707.4932709981017,0.2769912286823133,0.3476982044079303,0.37531056690975645,0.0,3,-30,keys
2012.7399297971906,-320.25,1411.8,-1398.35,2500.0079894872338,1152.35,-2167.35,474.05,2712.5327325213975,549.25,-1699.6,2041.45,0.0,0.0,0.0,0.0,1806.3201629514554,2712.5327325213975,0.0,2712.5327325213975,1073.2923265774461,1112.6323364156772,900.1075933815132,2012.7399297971906,-212.52474303416375,487.2680596900432,699.7928027242069,2012.7399297971906,212.52474303416375,2500.0079894872338,2712.5327325213975,0.2785691001904742,0.34600842651868535,0.3754224732908405,0.0,3,-30,keys
2035.5117642745276,-214.7,1461.25,-1400.7,0.0,0.0,0.0,0.0,0.0,0.0,0.0,0.0,0.0,0.0,0.0,0.0,508.8779410686319,2035.5117642745276,0.0,2035.5117642745276,881.4024487819114,1017.7558821372638,1017.7558821372638,2035.5117642745276,0.0,2035.5117642745276,2035.5117642745276,2035.5117642745276,0.0,0.0,0.0,1.0,0.0,0.0,0.0,1,-30,keys
1981.5365811662423,-186.1,1453.65,-1333.7,2515.3728898515224,1140.1,-2190.45,478.75,2809.8482049747813,391.95,-1736.35,2174.1,0.0,0.0,0.0,0.0,1826.6894189981367,2809.8482049747813,0.0,2809.8482049747813,1095.6342910137719,1138.0059481447504,843.5306330214919,1981.5365811662423,-294.47531512325895,533.8363086852801,828.311623808539,1981.5365811662423,294.47531512325895,2515.3728898515224,2809.8482049747813,0.27119232209888106,0.34425295067826855,0.3845547272228503,0.0,3,-30,keys
2106.6127794400186,-199.55,1465.4,-1500.2,2595.558689376913,1149.9,-2275.9,484.7,2520.644216266945,240.35,-1685.45,1858.8,0.0,0.0,0.0,0.0,1805.7039212709692,2595.558689376913,0.0,2595.558689376913,1059.0234856138204,1015.8491531650252,1090.7636262749936,2106.6127794400186,74.91447310996818,488.9459099368946,414.03143682692644,2106.6127794400186,74.91447310996818,2595.558689376913,2520.644216266945,0.2916608800900829,0.359355520415273,0.3489835994946441,0.0,2,-30,keys
2060.9359979145397,-208.15,1449.25,-1450.45,2559.7347684867664,1146.85,-2238.35,476.2,2790.3812902540753,254.8,-1753.05,2155.95,0.0,0.0,0.0,0.0,1852.7630141638456,2790.3812902540753,0.0,2790.3812902540753,1101.7036660198157,1145.7912598409243,915.1447380736156,2060.9359979145397,-230.64652176730897,498.79877057222666,729.4452923395356,2060.9359979145397,230.64652176730897,2559.7347684867664,2790.3812902540753,0.27808953197997677,0.34539425022497794,0.3765162177950452,0.0,3,-30,keys
1804.5941669804877,-223.45,1362.45,-1162.05,2502.224902461807,1144.05,-2177.5,459.1,0.0,0.0,0.0,0.0,0.0,0.0,0.0,0.0,1076.7047673605737,2502.224902461807,0.0,2502.224902461807,1104.5946027584114,-348.81536774065955,2153.4095347211473,1804.5941669804877,2502.224902461807,697.6307354813191,1804.5941669804877,1804.5941669804877,2502.224902461807,2502.224902461807,0.0,0.41900858565998944,0.5809914143400106,0.0,0.0,2,-30,keys
0.0,0.0,0.0,0.0,2544.9449669884807,1141.15,-2225.25,472.0,0.0,0.0,0.0,0.0,0.0,0.0,0.0,0.0,636.2362417471202,2544.9449669884807,0.0,2544.9449669884807,1101.993496322687,-1272.4724834942404,1272.4724834942404,0.0,2544.9449669884807,2544.9449669884807,0.0,0.0,2544.9449669884807,2544.9449669884807,0.0,0.0,1.0,0.0,0.0,2,-30,keys
2051.2329816478673,-215.35,1443.25,-1441.6,2621.1120745782696,1148.95,-2306.05,481.95,2501.9311571264307,263.05,-1714.7,1802.85,0.0,0.0,0.0,0.0,1793.5690533381419,2621.1120745782696,0.0,2621.1120745782696,1057.1051238087543,966.0260320980144,1085.206949549853,2051.2329816478673,119.18091745183892,569.8790929304023,450.69817547856337,2051.2329816478673,119.18091745183892,2621.1120745782696,2501.9311571264307,0.2859149718587874,0.36534864237592735,0.3487363857652852,0.0,2,-30,keys
2039.7532945187268,-229.05,1431.6,-1434.8,2581.336223741495,1119.9,-2277.0,473.7,2601.656230173387,294.1,-1744.8,1907.3,0.0,0.0,0.0,0.0,1805.686437108402,2601.656230173387,0.0,2601.656230173387,1066.5940307669853,1030.0366504753092,1009.7166440434173,2039.7532945187268,-20.320006431892125,541.5829292227681,561.9029356546603,2039.7532945187268,20.320006431892125,2581.336223741495,2601.656230173387,0.2824069080600112,0.3573898782608134,0.36020321367917546,0.0,3,-30,keys
2308.1055483881146,-15.15,1603.7,-1659.9,2522.180767213167,1151.55,-2195.9,461.9,2906.2180011141627,295.9,-1799.9,2262.5,0.0,0.0,0.0,0.0,1934.1260791788611,2906.2180011141627,0.0,2906.2180011141627,1137.0439035455956,1346.071391144555,962.0341572435595,2308.1055483881146,-384.0372339009955,214.07521882505262,598.1124527260481,2308.1055483881146,384.0372339009955,2522.180767213167,2906.2180011141627,0.29833959290906564,0.3260103871155037,0.37565001997543074,0.0,3,-30,keys
1973.4696159302782,41.15,1450.05,-1338.0,2531.074776157354,1149.5,-2205.5,469.85,2718.0596544226178,302.95,-1754.65,2053.6,0.0,0.0,0.0,0.0,1805.6510116275626,2718.0596544226178,0.0,2718.0596544226178,1077.876132648534,1080.227247097771,893.2423688325073,1973.4696159302782,-186.9848782652639,557.6051602270757,744.5900384923395,1973.4696159302782,186.9848782652639,2531.074776157354,2718.0596544226178,0.2732351937365029,0.3504379805203768,0.3763268257431202,0.0,3,-30,keys
2076.0178190468405,-228.0,1448.75,-1469.35,2589.72180504007,1141.15,-2274.45,480.95,2545.5233420654386,264.45,-1726.6,1851.65,0.0,0.0,0.0,0.0,1802.8157415380874,2589.72180504007,0.0,2589.72180504007,1060.1438234680595,1015.9096780361044,1060.1081410107363,2076.0178190468405,44.19846297463164,513.7039859932297,469.50552301859807,2076.0178190468405,44.19846297463164,2589.72180504007,2545.5233420654386,0.28788546871624116,0.3591218094799066,0.3529927218038522,0.0,2,-30,keys
2115.475913949388,-101.9,1489.9,-1498.35,2519.4746917760453,1152.4,-2192.45,461.4,3179.5430288800935,421.9,-1911.6,2505.45,0.0,0.0,0.0,0.0,1953.6234086513816,3179.5430288800935,0.0,3179.5430288800935,1190.1583136475397,1387.7721255267181,727.7037884226697,2115.475913949388,-660.0683371040482,403.99877782665726,1064.0671149307054,2115.475913949388,660.0683371040482,2519.4746917760453,3179.5430288800935,0.27071183532369425,0.32241048615342915,0.40687767852287665,0.0,3,-30,keys
1764.7022510894012,-212.35,1349.3,-1117.35,2510.3043256744786,1160.05,-2176.45,467.95,4339.238577792192,563.25,-2643.5,3394.65,0.0,0.0,0.0,0.0,2153.561288639018,4339.238577792192,0.0,4339.238577792192,1556.7183738398069,1796.8182516035572,-32.116000514155985,1764.7022510894012,-1828.9342521177132,745.6020745850774,2574.5363267027906,1764.7022510894012,1828.9342521177132,2510.3043256744786,4339.238577792192,0.20485860564997393,0.29141315119720956,0.5037282431528164,0.0,3,-29,keys
1849.399738428661,-210.9,1406.15,-1182.6,2522.494814167117,1158.05,-2190.85,471.25,2769.4325361885963,232.45,-1737.4,2144.1,0.0,0.0,0.0,0.0,1785.3317721960934,2769.4325361885963,0.0,2769.4325361885963,1084.3636273465445,1048.16873022507,801.2310082035908,1849.399738428661,-246.9377220214792,673.095075738456,920.0327977599352,1849.399738428661,246.9377220214792,2522.494814167117,2769.4325361885963,0.2589714370222851,0.3532249374389749,0.3878036255387401,0.0,3,-30,keys
2150.51582474996,-210.55,1483.5,-1542.6,2557.7825572163088,1150.9,-2235.6,468.8,2796.4451492028234,279.1,-1765.6,2150.55,0.0,0.0,0.0,0.0,1876.1858827922729,2796.4451492028234,0.0,2796.4451492028234,1107.5628117452209,1194.5892083682372,955.9266163817226,2150.51582474996,-238.6625919865146,407.2667324663489,645.9293244528635,2150.51582474996,238.6625919865146,2557.7825572163088,2796.4451492028234,0.28655420612554255,0.3408221142525648,0.3726236796218927,0.0,3,-30,keys
2092.7413725780834,-69.5,1480.0,-1477.95,2563.277287965545,1167.1,-2230.65,482.15,2678.1881421961375,236.95,-1711.85,2046.0,0.0,0.0,0.0,0.0,1833.5517006849414,2678.1881421961375,0.0,2678.1881421961375,1081.0875630772737,1103.8261134043382,988.9152591737454,2092.7413725780834,-114.91085423059258,470.5359153874615,585.4467696180541,2092.7413725780834,114.91085423059258,2563.277287965545,2678.1881421961375,0.28533983685820247,0.3494961836920125,0.36516397944978507,0.0,3,-30,keys
2079.8251807543825,-215.9,1452.1,-1473.25,2629.9929325000094,1167.0,-2307.95,477.85,2625.0454743680157,270.2,-1731.75,1954.2,0.0,0.0,0.0,0.0,1833.715896905602,2629.9929325000094,0.0,2629.9929325000094,1082.0516840408704,1037.4388613111946,1042.3863194431883,2079.8251807543825,4.947458131993699,550.1677517456269,545.2202936136332,2079.8251807543825,4.947458131993699,2629.9929325000094,2625.0454743680157,0.28355335527494885,0.35856057867771746,0.35788606604733364,0.0,2,-30,keys
2070.8603435528917,-116.25,1467.5,-1456.5,2584.3071726286717,1176.1,-2248.95,487.5,2596.6666656504062,224.9,-1701.2,1948.85,0.0,0.0,0.0,0.0,1812.9585454579924,2596.6666656504062,0.0,2596.6666656504062,1068.0015387750339,1041.6099182873131,1029.2504252655788,2070.8603435528917,-12.359493021734579,513.44682907578,525.8063220975146,2070.8603435528917,12.359493021734579,2584.3071726286717,2596.6666656504062,0.28556366453345294,0.3563660044934756,0.35807033097307145,0.0,3,-30,keys
2071.61168477589,-185.3,1462.35,-1455.6,2601.821701231658,1186.15,-2262.2,494.95,2807.8326899941885,64.25,-1734.25,2207.3,0.0,0.0,0.0,0.0,1870.316519000434,2807.8326899941885,0.0,2807.8326899941885,1112.7263845524196,1138.8113367692104,932.8003480066795,2071.61168477589,-206.01098876253036,530.2100164557683,736.2210052182986,2071.61168477589,206.01098876253036,2601.821701231658,2807.8326899941885,0.27690656417383236,0.34777826036394194,0.3753151754622257,0.0,3,-29,keys
1769.9995395479627,-186.6,1356.5,-1121.6,2507.909247261551,1155.7,-2176.25,466.8,4853.715479145848,46.3,-2562.65,4121.8,0.0,0.0,0.0,0.0,2282.90606648884,4853.715479145848,0.0,4853.715479145848,1741.7247688249863,2057.9028857161297,-287.903346168167,1769.9995395479627,-2345.8062318842967,737.9097077135884,3083.715939597885,1769.9995395479627,2345.8062318842967,2507.909247261551,4853.715479145848,0.19383184064492204,0.2746399954947304,0.5315281638603476,0.0,3,-29,keys
1883.1923567442598,-189.65,1421.3,-1220.8,2523.061403335242,1164.75,-2188.4,469.15,2822.7226896207853,247.1,-1767.1,2187.25,0.0,0.0,0.0,0.0,1807.2441124250718,2822.7226896207853,0.0,2822.7226896207853,1097.2113005729182,1091.4268215149013,791.7655352293584,1883.1923567442598,-299.66128628554316,639.8690465909824,939.5303328765256,1883.1923567442598,299.66128628554316,2523.061403335242,2822.7226896207853,0.2605060854531262,0.3490205592577146,0.3904733552891593,0.0,3,-30,keys
2139.5262635686436,-223.2,1477.3,-1531.45,2593.6432190068085,1146.05,-2278.15,472.85,2540.099385850877,274.0,-1731.7,1838.0,0.0,0.0,0.0,0.0,1818.3172171065821,2593.6432190068085,0.0,2593.6432190068085,1064.3721931137504,1042.991215206356,1096.5350483622876,2139.5262635686436,53.54383315593168,454.11695543816495,400.57312228223327,2139.5262635686436,53.54383315593168,2593.6432190068085,2540.099385850877,0.2941629550993843,0.3565993868679818,0.34923765803263396,0.0,2,-30,keys
2057.309497863654,-221.8,1441.3,-1451.2,2591.1985132366835,1141.9,-2276.45,477.65,2684.945881205057,240.45,-1731.85,2037.6,0.0,0.0,0.0,0.0,1833.3634730763486,2684.945881205057,0.0,2684.945881205057,1085.2280857448486,1075.5284329160136,981.7810649476401,2057.309497863654,-93.74736796837351,533.8890153730295,627.636383341403,2057.309497863654,93.74736796837351,2591.1985132366835,2684.945881205057,0.2805375922554419,0.353339442954089,0.3661229647904692,0.0,3,-30,keys
0.0,0.0,0.0,0.0,0.0,0.0,0.0,0.0,2730.919612969228,477.25,-1744.6,2046.1,0.0,0.0,0.0,0.0,682.729903242307,2730.919612969228,0.0,2730.919612969228,1182.5228802622594,1365.459806484614,-1365.459806484614,0.0,-2730.919612969228,0.0,2730.919612969228,0.0,2730.919612969228,0.0,2730.919612969228,0.0,0.0,1.0,0.0,3,-29,keys
1954.874449932783,-279.05,1392.7,-1343.15,2464.3662902458314,1115.55,-2145.0,477.1,2730.994921269536,492.6,-1766.9,2023.3,0.0,0.0,0.0,0.0,1787.5589153620376,2730.994921269536,0.0,2730.994921269536,1069.0534462713715,1110.7515404782437,844.122909454539,1954.874449932783,-266.62863102370466,509.49184031304844,776.1204713367531,1954.874449932783,266.62863102370466,2464.3662902458314,2730.994921269536,0.2734000028100974,0.34465525430622224,0.38194474288368035,0.0,3,-30,keys
1973.5912982428758,-281.55,1410.5,-1351.4,2459.7843452221578,1118.75,-2141.85,459.8,2724.583633328219,486.3,-1757.75,2024.15,0.0,0.0,0.0,0.0,1789.489819198313,2724.583633328219,0.0,2724.583633328219,1067.6917111744326,1119.1952931744686,854.396005068407,1973.5912982428758,-264.79928810606134,486.1930469792819,750.9923350853433,1973.5912982428758,264.79928810606134,2459.7843452221578,2724.583633328219,0.2757198276667257,0.3436432438498218,0.3806369284834526,0.0,3,-30,keys
1971.6216865818858,-275.05,1414.9,-1345.25,2469.249688164403,1121.85,-2149.2,468.6,2729.4344290530225,494.3,-1750.85,2034.7,0.0,0.0,0.0,0.0,1792.5764509498279,2729.4344290530225,0.0,2729.4344290530225,1070.1608605719607,1115.9032137352528,855.7184728466332,1971.6216865818858,-260.1847408886197,497.6280015825171,757.8127424711367,1971.6216865818858,260.1847408886197,2469.249688164403,2729.4344290530225,0.2749703765126988,0.344371600839678,0.3806580226476232,0.0,3,-31,keys
2077.336172842518,-150.75,1463.7,-1466.35,2558.996116155709,1166.15,-2231.3,458.1,2711.5227608301575,274.15,-1722.5,2076.1,0.0,0.0,0.0,0.0,1836.963762457096,2711.5227608301575,0.0,2711.5227608301575,1086.0937944852967,1114.9314087584833,962.4047640840345,2077.336172842518,-152.52664467444856,481.659943313191,634.1865879876395,2077.336172842518,152.52664467444856,2558.996116155709,2711.5227608301575,0.2827132760180178,0.3482643708677237,0.3690223531142585,0.0,3,-29,keys
2097.5397278716796,-148.7,1466.9,-1491.9,2561.1480184674997,1166.9,-2233.15,459.2,2712.906037351828,271.15,-1724.85,2076.35,0.0,0.0,0.0,0.0,1842.8984459227518,2712.906037351828,0.0,2712.906037351828,1087.877810471151,1124.648873378004,972.8908544936755,2097.5397278716796,-151.75801888432852,463.6082905958201,615.3663094801486,2097.5397278716796,151.75801888432852,2561.1480184674997,2712.906037351828,0.28454358574563604,0.34743477375731296,0.36802164049705105,0.0,3,-30,keys
2102.2922091136616,-134.4,1468.1,-1498.75,2552.9343455130215,1167.1,-2223.95,457.6,2728.300910823438,274.9,-1732.4,2089.7,0.0,0.0,0.0,0.0,1845.8818663625302,2728.300910823438,0.0,2728.300910823438,1089.909710335669,1138.8293872120387,963.4628219016224,2102.2922091136616,-175.36656531041626,450.64213639935997,626.0087017097762,2102.2922091136616,175.36656531041626,2552.9343455130215,2728.300910823438,0.2847273500303151,0.3457607975942414,0.36951185237544354,0.0,3,-30,keys
2093.705465198006,-124.7,1466.25,-1489.35,2547.9959541765365,1169.1,-2216.75,459.9,2749.150812069065,267.25,-1734.45,2116.15,0.0,0.0,0.0,0.0,1847.713057860902,2749.150812069065,0.0,2749.150812069065,1092.8794499213145,1147.4301615452673,946.2753036527388,2093.705465198006,-201.15485789252853,454.29048897853045,655.445346871059,2093.705465198006,201.15485789252853,2547.9959541765365,2749.150812069065,0.28328336159807865,0.3447499522905294,0.37196668611139194,0.0,3,-30,keys
1982.8251845535954,-109.0,1421.85,-1377.7,2516.9621813805625,1157.1,-2187.65,458.7,2929.7783132858362,290.95,-1821.75,2276.0,0.0,0.0,0.0,0.0,1857.3914198049983,2929.7783132858362,0.0,2929.7783132858362,1123.6863168316909,1197.8206582294347,785.0045263241607,1982.8251845535954,-412.8161319052738,534.1369968269671,946.9531287322409,1982.8251845535954,412.8161319052738,2516.9621813805625,2929.7783132858362,0.266883054833128,0.33877648977790725,0.39434045538896484,0.0,3,-30,keys
1998.9187183324889,-97.9,1460.65,-1361.1,2615.3131289579837,1143.0,-2312.35,431.8,2610.7496935746253,262.85,-1654.0,2002.8,0.0,0.0,0.0,0.0,1806.2453852162744,2615.3131289579837,0.0,2615.3131289579837,1072.5510711662694,997.1776414745652,1001.7410768579236,1998.9187183324889,4.56343538335841,616.3944106254949,611.8309752421364,1998.9187183324889,4.56343538335841,2615.3131289579837,2610.7496935746253,0.2766676574917788,0.36198198073802057,0.36135036177020075,0.0,2,-32,keys
1996.5311599121112,-99.0,1458.1,-1360.25,2612.0891246280244,1141.9,-2309.35,431.25,2611.867017097157,259.3,-1657.35,2001.95,0.0,0.0,0.0,0.0,1805.1218254093233,2612.0891246280244,0.0,2612.0891246280244,1072.046683244677,998.1545261906217,998.3766337214895,1996.5311599121112,0.22210753086756085,615.5579647159132,615.3358571850456,1996.5311599121112,0.22210753086756085,2612.0891246280244,2611.867017097157,0.27650919896492093,0.36176078088742236,0.3617300201476566,0.0,2,-31,keys
1999.3473116244709,-103.9,1457.6,-1364.55,2616.2125085703574,1144.9,-2312.8,429.8,2613.084398751789,263.45,-1663.25,1998.1,0.0,0.0,0.0,0.0,1807.1610547366545,2616.2125085703574,0.0,2616.2125085703574,1073.1779123789788,998.1096009029516,1001.2377107215198,1999.3473116244709,3.1281098185681913,616.8651969458865,613.7370871273183,1999.3473116244709,3.1281098185681913,2616.2125085703574,2613.084398751789,0.2765867638614842,0.3619229871229713,0.3614902490155445,0.0,2,-31,keys
1993.1638549050601,-106.2,1454.1,-1359.05,2610.274488439865,1146.05,-2306.95,422.0,2611.046919340976,261.75,-1663.5,1995.45,0.0,0.0,0.0,0.0,1803.6213156714753,2611.046919340976,0.0,2611.046919340976,1071.401146994204,996.9681429030854,996.1957120019745,1993.1638549050601,-0.7724309011109654,617.1106335348047,617.8830644359157,1993.1638549050601,0.7724309011109654,2610.274488439865,2611.046919340976,0.2762724965582672,0.36181021838667926,0.3619172850550535,0.0,3,-29,keys
1988.3040128461241,-101.35,1451.15,-1355.45,2603.4672227627525,1142.2,-2300.7,424.5,2607.86894465577,264.95,-1658.3,1995.2,0.0,0.0,0.0,0.0,1799.9100450661617,2607.86894465577,0.0,2607.86894465577,1069.307039474597,996.352867369571,991.9511454765534,1988.3040128461241,-4.401721893017566,615.1632099166284,619.5649318096459,1988.3040128461241,4.401721893017566,2603.4672227627525,2607.86894465577,0.2761671365600159,0.3616107413116656,0.3622221221283185,0.0,3,-29,keys
1986.8720756505688,-107.35,1446.6,-1357.75,2609.2761079464167,1144.25,-2306.65,422.35,2608.188935353419,264.45,-1664.4,1990.6,0.0,0.0,0.0,0.0,1801.084279737601,2609.2761079464167,0.0,2609.2761079464167,1070.398715914816,992.8924515287856,993.9796241217832,1986.8720756505688,1.087172592997831,622.4040322958479,621.31685970285,1986.8720756505688,1.087172592997831,2609.2761079464167,2608.188935353419,0.2757883262325785,0.36218128952946066,0.36203038423796086,0.0,2,-29,keys
1986.7588869815079,-106.5,1445.85,-1358.45,2608.8979613047345,1146.45,-2304.9,423.6,2610.285873233045,262.9,-1665.3,1992.8,0.0,0.0,0.0,0.0,1801.4856803798218,2610.285873233045,0.0,2610.285873233045,1070.718118956362,994.0733994549093,992.6854875265985,1986.7588869815079,-1.3879119283105865,622.1390743232266,623.5269862515372,1986.7588869815079,1.3879119283105865,2608.8979613047345,2610.285873233045,0.2757111683733483,0.3620481125271392,0.36224071909951255,0.0,3,-29,keys
1987.8521493058784,-105.85,1448.15,-1357.65,2608.189581395494,1143.0,-2306.05,422.3,2607.584148690124,265.8,-1661.5,1992.05,0.0,0.0,0.0,0.0,1800.9064698478742,2608.189581395494,0.0,2608.189581395494,1070.1223878534026,993.6233583002543,994.2287910056241,1987.8521493058784,0.6054327053698216,620.3374320896155,619.7319993842457,1987.8521493058784,0.6054327053698216,2608.189581395494,2607.584148690124,0.27595160861876905,0.36206621846605563,0.36198217291517526,0.0,2,-29,keys
1988.23038152021,-105.5,1450.8,-1355.4,2605.942212041549,1141.25,-2304.1,423.8,2610.130592518313,262.9,-1662.3,1995.1,0.0,0.0,0.0,0.0,1801.0757965200178,2610.130592518313,0.0,2610.130592518313,1070.1962989633178,996.209380998487,992.021000521723,1988.23038152021,-4.188380476763996,617.7118305213389,621.9002109981029,1988.23038152021,4.188380476763996,2605.942212041549,2610.130592518313,0.2759781661274065,0.3617202309137501,0.36230160295884345,0.0,3,-29,keys
1988.5326210550331,-103.2,1448.15,-1358.85,2605.035706569106,1142.95,-2302.8,420.7,2612.070796322336,264.95,-1662.2,1997.45,0.0,0.0,0.0,0.0,1801.4097809866187,2612.070796322336,0.0,2612.070796322336,1070.4062390469999,997.7838554041314,990.7487656509015,1988.5326210550331,-7.03508975322984,616.5030855140728,623.5381752673027,1988.5326210550331,7.03508975322984,2605.035706569106,2612.070796322336,0.27596894416298895,0.36152736235593597,0.36250369348107514,0.0,3,-29,keys
1984.577461955063,-104.9,1444.05,-1357.3,2605.3515760833507,1143.1,-2302.45,424.15,2606.0918470000247,263.3,-1663.15,1989.05,0.0,0.0,0.0,0.0,1799.0052212596097,2606.0918470000247,0.0,2606.0918470000247,1069.1632368378848,992.6588664358687,991.9185955191945,1984.577461955063,-0.7402709166740351,620.7741141282877,621.5143850449617,1984.577461955063,0.7402709166740351,2605.3515760833507,2606.0918470000247,0.2757881742785495,0.36205447673175195,0.3621573489896985,0.0,3,-29,keys
1987.0331432817118,-107.75,1444.3,-1360.4,2604.6997744461837,1142.25,-2302.3,423.25,2613.572172812528,262.2,-1667.45,1995.4,0.0,0.0,0.0,0.0,1801.3262726351059,2613.572172812528,0.0,2613.572172812528,1070.5624419035614,997.9527708240282,989.0803724576836,1987.0331432817118,-8.872398366344441,617.6666311644719,626.5390295308164,1987.0331432817118,8.872398366344441,2604.6997744461837,2613.572172812528,0.27577363044493614,0.36149749965005606,0.36272886990500786,0.0,3,-28,keys
1987.7155008954376,-107.2,1445.75,-1359.9,2605.226755485979,1146.65,-2301.55,418.65,2610.1411523134148,262.65,-1665.95,1992.1,0.0,0.0,0.0,0.0,1800.770852173708,2610.1411523134148,0.0,2610.1411523134148,1070.0413014045666,996.3149488614367,991.4005520340011,1987.7155008954376,-4.914396827435667,617.5112545905415,622.4256514179772,1987.7155008954376,4.914396827435667,2605.226755485979,2610.1411523134148,0.2759534199612445,0.36168215855187985,0.36236442148687564,0.0,3,-29,keys
1985.169320864092,-103.35,1447.6,-1354.5,2605.7123526974347,1139.2,-2305.65,419.45,2609.320721471395,261.35,-1664.45,1992.45,0.0,0.0,0.0,0.0,1800.0505987582303,2609.320721471395,0.0,2609.320721471395,1069.8668249647415,994.388844819026,990.7804760450658,1985.169320864092,-3.6083687739601373,620.5430318333426,624.1514006073028,1985.169320864092,3.6083687739601373,2605.7123526974347,2609.320721471395,0.27571021090095554,0.36189432042840797,0.3623954686706365,0.0,3,-28,keys
1981.6539613413843,-104.65,1442.4,-1354.8,2607.0929126135875,1142.9,-2304.85,422.35,2605.823254271095,265.0,-1662.1,1989.35,0.0,0.0,0.0,0.0,1798.6425320565165,2607.0929126135875,0.0,2607.0929126135875,1069.3153040040725,990.1921514994458,991.4618098419382,1981.6539613413843,1.2696583424926757,625.4389512722032,624.1692929297105,1981.6539613413843,1.2696583424926757,2607.0929126135875,2605.823254271095,0.27543743768190804,0.3623695184213052,0.3621930438967868,0.0,2,-29,keys
1985.6614571723953,-106.1,1448.45,-1354.1,2605.014772510897,1143.65,-2302.2,421.95,2607.380573487499,263.1,-1661.85,1991.85,0.0,0.0,0.0,0.0,1799.514200792698,2607.380573487499,0.0,2607.380573487499,1069.3901775172699,994.0136290744988,991.6478280978965,1985.6614571723953,-2.3658009766022587,619.3533153385015,621.7191163151037,1985.6614571723953,2.3658009766022587,2605.014772510897,2607.380573487499,0.2758607651300693,0.36190528134806754,0.3622339535218631,0.0,3,-29,keys
1989.3729426630896,-101.25,1448.55,-1359.8,2604.345311685837,1143.75,-2301.2,423.0,2608.4904360568394,261.55,-1665.45,1990.5,0.0,0.0,0.0,0.0,1800.5521726014413,2608.4904360568394,0.0,2608.4904360568394,1069.636510392773,996.759033517046,992.6139091460434,1989.3729426630896,-4.1451243710025665,614.9723690227472,619.1174933937498,1989.3729426630896,4.1451243710025665,2604.345311685837,2608.4904360568394,0.2762170645392685,0.36160370014758775,0.3621792353131439,0.0,3,-29,keys
1984.5124502003005,-104.95,1445.6,-1355.55,2604.779952798316,1143.9,-2301.7,422.55,2608.2559143995054,264.7,-1659.85,1994.45,0.0,0.0,0.0,0.0,1799.3870793495307,2608.2559143995054,0.0,2608.2559143995054,1069.4615160420528,993.9942059007449,990.5182442995558,1984.5124502003005,-3.475961601189283,620.2675025980157,623.7434641992049,1984.5124502003005,3.475961601189283,2604.779952798316,2608.2559143995054,0.27572061522717106,0.3618982239413338,0.362381160831495,0.0,3,-28,keys
1984.869500748097,-99.95,1447.1,-1354.85,2606.384902983441,1147.3,-2301.65,423.5,2606.0032717746153,265.6,-1659.95,1991.3,0.0,0.0,0.0,0.0,1799.3144188765384,2606.384902983441,0.0,2606.384902983441,1069.3540968841824,992.2439347696359,992.6255659784615,1984.869500748097,0.38163120882563817,621.515402235344,621.1337710265184,1984.869500748097,0.38163120882563817,2606.384902983441,2606.0032717746153,0.27578135871153303,0.3621358329094622,0.3620828083790047,0.0,2,-28,keys
1986.3213152710211,-104.95,1445.55,-1358.25,2608.2995447225762,1146.65,-2304.7,420.45,2609.8460079092793,261.65,-1661.45,1995.6,0.0,0.0,0.0,0.0,1801.116716975719,2609.8460079092793,0.0,2609.8460079092793,1070.503310926971,993.9338892288622,992.387426042159,1986.3213152710211,-1.546463186703022,621.9782294515551,623.5246926382581,1986.3213152710211,1.546463186703022,2608.2995447225762,2609.8460079092793,0.27570691234911776,0.36203921713388587,0.3622538705169964,0.0,3,-29,keys
1983.712523275487,-104.35,1446.7,-1353.25,2607.201367846373,1142.1,-2305.25,423.0,2608.2487831876774,263.05,-1663.1,1991.95,0.0,0.0,0.0,0.0,1799.7906685773842,2608.2487831876774,0.0,2608.2487831876774,1069.882033182524,992.3799693083959,991.3325539670911,1983.712523275487,-1.0474153413042586,623.4888445708862,624.5362599121904,1983.712523275487,1.0474153413042586,2607.201367846373,2608.2487831876774,0.2755476731140462,0.3621534178065266,0.3622989090794273,0.0,3,-29,keys
1983.9368217007316,-103.35,1447.5,-1352.8,2603.376147428565,1145.2,-2300.45,417.15,2609.704790297171,261.15,-1666.1,1991.6,0.0,0.0,0.0,0.0,1799.254439856617,2609.704790297171,0.0,2609.704790297171,1069.446774344685,995.1327322846685,988.8040894160631,1983.9368217007316,-6.328642868605584,619.4393257278336,625.7679685964392,1983.9368217007316,6.328642868605584,2603.376147428565,2609.704790297171,0.27566095958318604,0.36172984900846333,0.36260919140835063,0.0,3,-29,keys
1984.813078100807,-106.55,1444.3,-1357.25,2607.189080695913,1150.3,-2301.65,420.3,2612.230543998749,267.7,-1665.25,1994.75,0.0,0.0,0.0,0.0,1801.0581756988672,2612.230543998749,0.0,2612.230543998749,1070.6801650695077,994.9272707018215,989.8858073989857,1984.813078100807,-5.041463302835837,622.3760025951062,627.4174658979421,1984.813078100807,5.041463302835837,2607.189080695913,2612.230543998749,0.2755065195673978,0.36189684429325025,0.362596636139352,0.0,3,-29,keys
1984.0246092223756,-100.2,1444.0,-1356.9,2604.8356234127327,1147.65,-2301.45,414.0,2609.8398964304306,263.65,-1669.2,1988.85,0.0,0.0,0.0,0.0,1799.6750322663847,2609.8398964304306,0.0,2609.8398964304306,1069.7506336698227,994.5144411200365,989.5101681023389,1984.0246092223756,-5.004273017697869,620.8110141903571,625.815287208055,1984.0246092223756,5.004273017697869,2604.8356234127327,2609.8398964304306,0.275608731250196,0.36184805266376135,0.3625432160860426,0.0,3,-29,keys
1985.2070886937713,-104.35,1446.55,-1355.6,2604.2023044494836,1140.15,-2303.9,417.1,2609.478918769033,266.05,-1665.15,1991.45,0.0,0.0,0.0,0.0,1799.7220779780719,2609.478918769033,0.0,2609.478918769033,1069.6142789755058,995.2418515066602,989.9652371871107,1985.2070886937713,-5.276614319549481,618.9952157557123,624.2718300752617,1985.2070886937713,5.276614319549481,2604.2023044494836,2609.478918769033,0.27576578531004153,0.36175061920883067,0.36248359548112785,0.0,3,-29,keys
1984.4551764905148,-108.05,1442.85,-1358.15,2608.404402120193,1145.25,-2304.8,424.35,2607.8148654572856,264.9,-1664.4,1990.05,0.0,0.0,0.0,0.0,1800.1686110169985,2608.404402120193,0.0,2608.404402120193,1070.0591260108627,991.9328199138038,992.5223565767112,1984.4551764905148,0.5895366629074488,623.9492256296783,623.3596889667708,1984.4551764905148,0.5895366629074488,2608.404402120193,2607.8148654572856,0.2755929589519679,0.36224445673544226,0.3621625843125898,0.0,2,-29,keys
1986.54340878824,-103.65,1446.7,-1357.45,2604.101853806798,1143.45,-2301.55,420.4,2610.0913997406296,261.3,-1661.35,1996.05,0.0,0.0,0.0,0.0,1800.1841655839169,2610.0913997406296,0.0,2610.0913997406296,1069.7693881070522,996.2664773610361,990.2769314272041,1986.54340878824,-5.989545933831778,617.5584450185579,623.5479909523897,1986.54340878824,5.989545933831778,2604.101853806798,2610.0913997406296,0.2758805802716128,0.36164381172663496,0.3624756080017523,0.0,3,-29,keys
1985.9274646874692,-102.5,1444.15,-1359.35,2603.761798341008,1146.0,-2299.75,421.2,2610.640613910693,265.7,-1665.95,1992.35,0.0,0.0,0.0,0.0,1800.0824692347926,2610.640613910693,0.0,2610.640613910693,1069.782714890539,996.403140128577,989.5243245588922,1985.9274646874692,-6.878815569684775,617.834333653539,624.7131492232238,1985.9274646874692,6.878815569684775,2603.761798341008,2610.640613910693,0.27581062237827336,0.3616170151704016,0.36257236245132496,0.0,3,-30,keys
1991.446444798353,-106.95,1450.8,-1360.0,2610.564820589598,1143.1,-2308.65,422.5,2614.791481648202,275.25,-1662.7,1999.2,0.0,0.0,0.0,0.0,1804.2006867590385,2614.791481648202,0.0,2614.791481648202,1072.0869420309225,997.8365529284786,993.6098918698747,1991.446444798353,-4.226661058603895,619.1183757912452,623.3450368498491,1991.446444798353,4.226661058603895,2610.564820589598,2614.791481648202,0.27594580517199446,0.3617342626777104,0.362319932150295,0.0,3,-30,keys
1987.1724673515382,-104.75,1447.25,-1357.7,2610.907015291812,1146.3,-2307.45,422.5,2609.796293295705,265.0,-1660.3,1996.05,0.0,0.0,0.0,0.0,1801.9689439847639,2610.907015291812,0.0,2610.907015291812,1071.0226712887245,993.0308726777157,994.1415946738227,1987.1724673515382,1.1107219961072587,623.7345479402738,622.6238259441666,1987.1724673515382,1.1107219961072587,2610.907015291812,2609.796293295705,0.2756946053350435,0.3622297465235738,0.36207564814138266,0.0,2,-31,keys
1993.5872980634683,-103.7,1450.55,-1363.65,2607.902899841173,1143.05,-2304.9,426.65,2610.91326311312,263.65,-1663.35,1995.15,0.0,0.0,0.0,0.0,1803.1008652544406,2610.91326311312,0.0,2610.91326311312,1070.9487611896698,998.2988306677075,995.2884673957608,1993.5872980634683,-3.0103632719469715,614.3156017777048,617.3259650496518,1993.5872980634683,3.0103632719469715,2607.902899841173,2610.91326311312,0.2764109507792493,0.3615858311222601,0.3620032180984904,0.0,3,-31,keys
1989.5781902202286,-107.3,1449.85,-1358.25,2613.983379346548,1146.35,-2310.75,423.35,2611.152987187844,262.65,-1660.1,1998.3,0.0,0.0,0.0,0.0,1803.678639188655,2613.983379346548,0.0,2613.983379346548,1071.96360375927,993.3738990307622,996.2042911894664,1989.5781902202286,2.8303921587043988,624.4051891263196,621.5747969676152,1989.5781902202286,2.8303921587043988,2613.983379346548,2611.152987187844,0.2757667229339696,0.3623127926661025,0.36192048439992797,0.0,2,-31,keys
1989.4177998851824,-102.75,1450.1,-1358.1,2610.978992638585,1142.8,-2308.9,424.5,2610.2504870222706,268.0,-1659.45,1996.95,0.0,0.0,0.0,0.0,1802.6618198865094,2610.978992638585,0.0,2610.978992638585,1071.219344951564,994.3446471344339,995.0731527507485,1989.4177998851824,0.7285056163145782,621.5611927534028,620.8326871370882,1989.4177998851824,0.7285056163145782,2610.978992638585,2610.2504870222706,0.2759000298805949,0.3621005010250571,0.36199946909434805,0.0,2,-31,keys
1991.7663247730643,-102.85,1454.9,-1356.4,2610.651168769968,1143.85,-2308.0,424.55,2614.6646448445354,263.65,-1665.4,1998.35,0.0,0.0,0.0,0.0,1804.270534596892,2614.6646448445354,0.0,2614.6646448445354,1072.0931832683416,997.8899004238158,993.8764243492487,1991.7663247730643,-4.013476074567279,618.8848439969038,622.8983200714711,1991.7663247730643,4.013476074567279,2610.651168769968,2614.6646448445354,0.2759794452357532,0.3617322234541225,0.3622883313101243,0.0,3,-30,keys
1990.9541487688762,-101.1,1450.45,-1360.1,2608.4795408436694,1142.95,-2306.1,423.95,2610.1400776586684,259.75,-1662.45,1995.4,0.0,0.0,0.0,0.0,1802.3934418178037,2610.1400776586684,0.0,2610.1400776586684,1070.7948783577424,996.3073427919376,994.6468059769388,1990.9541487688762,-1.6605368149989772,617.5253920747932,619.1859288897922,1990.9541487688762,1.6605368149989772,2608.4795408436694,2610.1400776586684,0.27615421008757385,0.36180773302926683,0.3620380568831592,0.0,3,-30,keys
1992.6324259632029,-104.0,1453.25,-1359.35,2611.568508100065,1144.9,-2308.25,426.0,2613.9841071628575,265.0,-1661.05,2000.9,0.0,0.0,0.0,0.0,1804.5462603065316,2613.9841071628575,0.0,2613.9841071628575,1072.1751428352145,997.5240125129974,995.1084134502055,1992.6324259632029,-2.415599062792353,618.9360821368623,621.3516811996546,1992.6324259632029,2.415599062792353,2611.568508100065,2613.9841071628575,0.2760572657229527,0.3618040398222387,0.3621386944548085,0.0,3,-31,keys
1992.1796034745462,-99.65,1452.7,-1359.6,2613.3768332370287,1140.7,-2312.4,425.85,2615.1127332296787,267.25,-1659.15,2003.65,0.0,0.0,0.0,0.0,1805.1672924853133,2615.1127332296787,0.0,2615.1127332296787,1072.7088184900147,996.9577517335981,995.2218517409481,1992.1796034745462,-1.7358999926500474,621.1972297624825,622.9331297551325,1992.1796034745462,1.7358999926500474,2613.3768332370287,2615.1127332296787,0.27589958168527395,0.3619300056172344,0.36217041269749173,0.0,3,-31,keys
1991.6110501300197,-103.9,1451.95,-1359.25,2614.130395083612,1144.1,-2312.15,422.7,2608.7886853863806,258.65,-1661.4,1994.65,0.0,0.0,0.0,0.0,1803.6325326500032,2614.130395083612,0.0,2614.130395083612,1071.635368393343,993.1346702163942,998.4763799136256,1991.6110501300197,5.341709697231181,622.519344953592,617.1776352563609,1991.6110501300197,5.341709697231181,2614.130395083612,2608.7886853863806,0.27605554541697963,0.3623424322529237,0.3616020223300966,0.0,2,-32,keys
1991.9176627059664,-103.5,1451.65,-1360.05,2612.039209602337,1146.5,-2308.65,422.4,2610.0989181446744,262.0,-1660.35,1996.8,0.0,0.0,0.0,0.0,1803.5139476132445,2612.039209602337,0.0,2612.039209602337,1071.5002255083718,994.9886856241519,996.9289770818143,1991.9176627059664,1.9402914576626245,620.1215468963705,618.1812554387079,1991.9176627059664,1.9402914576626245,2612.039209602337,2610.0989181446744,0.27611619878821203,0.36207638053743474,0.36180742067435323,0.0,2,-31,keys
1991.2183456366606,-102.8,1453.5,-1357.1,2610.227673977885,1144.1,-2307.7,422.9,2609.694040016952,262.7,-1658.7,1997.55,0.0,0.0,0.0,0.0,1802.7850149078745,2610.227673977885,0.0,2610.227673977885,1071.0516738928216,995.3423558378638,995.8759897987968,1991.2183456366606,0.5336339609330025,619.0093283412243,618.4756943802913,1991.2183456366606,0.5336339609330025,2610.227673977885,2609.694040016952,0.2761308654624045,0.3619715679341932,0.3618975666034022,0.0,2,-31,keys
1990.549646454466,-106.65,1453.1,-1356.25,2610.125794382332,1138.45,-2309.9,425.5,2608.3609748269123,263.15,-1659.3,1995.25,0.0,0.0,0.0,0.0,1802.2591039159274,2610.125794382332,0.0,2610.125794382332,1070.752074701309,994.3924134495232,996.1572330049428,1990.549646454466,1.7648195554197628,619.576147927866,617.8113283724463,1990.549646454466,1.7648195554197628,2610.125794382332,2608.3609748269123,0.27611868378545334,0.36206306139764827,0.36181825481689844,0.0,2,-31,keys
1991.4129638274428,-104.25,1451.7,-1359.2,2610.0786544661833,1143.4,-2307.75,423.6,2613.6487699191716,260.3,-1660.0,2001.95,0.0,0.0,0.0,0.0,1803.7850970531995,2613.6487699191716,0.0,2613.6487699191716,1071.7781209391148,997.4915396402157,993.9214241872271,1991.4129638274428,-3.570115452988375,618.6656906387404,622.2358060917288,1991.4129638274428,3.570115452988375,2610.0786544661833,2613.6487699191716,0.2760047423444132,0.3617502243934444,0.36224503326214236,0.0,3,-31,keys
1990.0542084325239,-107.45,1448.1,-1360.8,2615.3975692043455,1146.75,-2311.6,426.35,2609.296836793392,265.35,-1660.0,1995.6,0.0,0.0,0.0,0.0,1803.6871536075653,2615.3975692043455,0.0,2615.3975692043455,1071.902606075309,991.9767380107853,998.0774704217388,1990.0542084325239,6.100732410953697,625.3433607718216,619.2426283608679,1990.0542084325239,6.100732410953697,2615.3975692043455,2609.296836793392,0.2758313996487978,0.3625070960855481,0.3616615042656541,0.0,2,-31,keys
1993.3897442547457,-102.15,1455.4,-1358.3,2608.2118151139484,1143.1,-2304.2,432.15,2611.547762343243,265.45,-1663.1,1995.95,0.0,0.0,0.0,0.0,1803.2873304279842,2611.547762343243,0.0,2611.547762343243,1071.1176961090284,998.36284574202,995.0268985127257,1993.3897442547457,-3.335947229294561,614.8220708592028,618.1580180884973,1993.3897442547457,3.335947229294561,2608.2118151139484,2611.547762343243,0.2763549810697172,0.36159126877674663,0.36205375015353625,0.0,3,-31,keys
1991.887373196587,-105.35,1450.35,-1361.25,2612.9567648547113,1145.85,-2309.1,427.35,2608.2070431620264,261.1,-1658.6,1995.9,0.0,0.0,0.0,0.0,1803.2627953033311,2612.9567648547113,0.0,2612.9567648547113,1071.3164223047345,993.5688257519512,998.3185474446361,1991.887373196587,4.749721692684943,621.0693916581242,616.3196699654393,1991.887373196587,4.749721692684943,2612.9567648547113,2608.2070431620264,0.27615045604896526,0.36225401694920173,0.36159552700183306,0.0,2,-31,keys
1990.09027496242,-102.9,1450.45,-1358.7,2610.9455030697213,1142.4,-2309.5,422.1,2610.498134456334,257.9,-1662.7,1995.9,0.0,0.0,0.0,0.0,1802.8834781221187,2610.9455030697213,0.0,2610.9455030697213,1071.2890471013375,994.8214531745164,995.2688217879036,1990.09027496242,0.4473686133874253,620.8552281073014,620.407859493914,1990.09027496242,0.4473686133874253,2610.9455030697213,2610.498134456334,0.27595935887039347,0.3620513381415641,0.3619893029880425,0.0,2,-31,keys
1992.3572326518154,-104.45,1452.7,-1359.5,2608.8806421528757,1140.4,-2307.65,424.85,2609.9956810309095,263.35,-1658.65,1997.9,0.0,0.0,0.0,0.0,1802.8083889589002,2609.9956810309095,0.0,2609.9956810309095,1070.9050673726479,996.7361357649245,995.6210968868909,1992.3572326518154,-1.115038878033829,616.5234095010603,617.6384483790941,1992.3572326518154,1.115038878033829,2608.8806421528757,2609.9956810309095,0.2762852176711882,0.3617800785333976,0.3619347037954142,0.0,3,-31,keys
0.0,0.0,0.0,0.0,0.0,0.0,0.0,0.0,0.0,0.0,0.0,0.0,0.0,0.0,0.0,0.0,0.0,0.0,0.0,0.0,0.0,0.0,0.0,0.0,0.0,0.0,0.0,0.0,0.0,0.0,0.0,0.0,0.0,0.0,0.0,1,-31,keys
0.0,0.0,0.0,0.0,0.0,0.0,0.0,0.0,0.0,0.0,0.0,0.0,0.0,0.0,0.0,0.0,0.0,0.0,0.0,0.0,0.0,0.0,0.0,0.0,0.0,0.0,0.0,0.0,0.0,0.0,0.0,0.0,0.0,0.0,0.0,1,-31,keys
0.0,0.0,0.0,0.0,0.0,0.0,0.0,0.0,0.0,0.0,0.0,0.0,0.0,0.0,0.0,0.0,0.0,0.0,0.0,0.0,0.0,0.0,0.0,0.0,0.0,0.0,0.0,0.0,0.0,0.0,0.0,0.0,0.0,0.0,0.0,1,-34,keys
0.0,0.0,0.0,0.0,0.0,0.0,0.0,0.0,0.0,0.0,0.0,0.0,0.0,0.0,0.0,0.0,0.0,0.0,0.0,0.0,0.0,0.0,0.0,0.0,0.0,0.0,0.0,0.0,0.0,0.0,0.0,0.0,0.0,0.0,0.0,1,-31,keys
0.0,0.0,0.0,0.0,0.0,0.0,0.0,0.0,0.0,0.0,0.0,0.0,0.0,0.0,0.0,0.0,0.0,0.0,0.0,0.0,0.0,0.0,0.0,0.0,0.0,0.0,0.0,0.0,0.0,0.0,0.0,0.0,0.0,0.0,0.0,1,-33,keys
0.0,0.0,0.0,0.0,0.0,0.0,0.0,0.0,0.0,0.0,0.0,0.0,0.0,0.0,0.0,0.0,0.0,0.0,0.0,0.0,0.0,0.0,0.0,0.0,0.0,0.0,0.0,0.0,0.0,0.0,0.0,0.0,0.0,0.0,0.0,1,-34,keys
0.0,0.0,0.0,0.0,0.0,0.0,0.0,0.0,0.0,0.0,0.0,0.0,0.0,0.0,0.0,0.0,0.0,0.0,0.0,0.0,0.0,0.0,0.0,0.0,0.0,0.0,0.0,0.0,0.0,0.0,0.0,0.0,0.0,0.0,0.0,1,-33,keys
0.0,0.0,0.0,0.0,0.0,0.0,0.0,0.0,0.0,0.0,0.0,0.0,0.0,0.0,0.0,0.0,0.0,0.0,0.0,0.0,0.0,0.0,0.0,0.0,0.0,0.0,0.0,0.0,0.0,0.0,0.0,0.0,0.0,0.0,0.0,1,-33,keys
0.0,0.0,0.0,0.0,0.0,0.0,0.0,0.0,0.0,0.0,0.0,0.0,0.0,0.0,0.0,0.0,0.0,0.0,0.0,0.0,0.0,0.0,0.0,0.0,0.0,0.0,0.0,0.0,0.0,0.0,0.0,0.0,0.0,0.0,0.0,1,-32,keys
0.0,0.0,0.0,0.0,0.0,0.0,0.0,0.0,0.0,0.0,0.0,0.0,0.0,0.0,0.0,0.0,0.0,0.0,0.0,0.0,0.0,0.0,0.0,0.0,0.0,0.0,0.0,0.0,0.0,0.0,0.0,0.0,0.0,0.0,0.0,1,-30,keys
2003.8626499837758,-235.6,1457.0,-1355.4,2548.469553477145,1187.85,-2207.95,456.8,2742.6148950408624,530.55,-1760.0,2035.4,0.0,0.0,0.0,0.0,1823.7367746254458,2742.6148950408624,0.0,2742.6148950408624,1087.20234489895,1099.0039957737465,904.8586542100293,2003.8626499837758,-194.14534156371747,544.6069034933691,738.7522450570866,2003.8626499837758,194.14534156371747,2548.469553477145,2742.6148950408624,0.2746918686216825,0.3493472288511239,0.37596090252719355,0.0,3,-30,keys
2004.8140930021418,-206.35,1456.45,-1362.15,2496.4405485610905,1135.9,-2175.2,458.75,2738.0812191204263,523.0,-1757.8,2033.15,0.0,0.0,0.0,0.0,1809.8339651709148,2738.0812191204263,0.0,2738.0812191204263,1077.7972671790944,1123.2273817807386,881.586711221403,2004.8140930021418,-241.64067055933583,491.6264555589487,733.2671261182845,2004.8140930021418,241.64067055933583,2496.4405485610905,2738.0812191204263,0.2769334275385883,0.34484386366421943,0.3782227087971922,0.0,3,-30,keys
2010.5434818725012,-235.25,1454.2,-1368.3,2501.2062634856807,1142.0,-2176.1,465.25,2777.2773655146507,609.55,-1770.8,2050.85,0.0,0.0,0.0,0.0,1822.256777718208,2777.2773655146507,0.0,2777.2773655146507,1087.3256612257676,1143.3072919507356,867.2361899217656,2010.5434818725012,-276.07110202897,490.6627816131795,766.7338836421495,2010.5434818725012,276.07110202897,2501.2062634856807,2777.2773655146507,0.2758315274851196,0.34314679112040936,0.3810216813944711,0.0,3,-30,keys
0.0,0.0,0.0,0.0,0.0,0.0,0.0,0.0,0.0,0.0,0.0,0.0,0.0,0.0,0.0,0.0,0.0,0.0,0.0,0.0,0.0,0.0,0.0,0.0,0.0,0.0,0.0,0.0,0.0,0.0,0.0,0.0,0.0,0.0,0.0,1,-31,keys
0.0,0.0,0.0,0.0,0.0,0.0,0.0,0.0,0.0,0.0,0.0,0.0,0.0,0.0,0.0,0.0,0.0,0.0,0.0,0.0,0.0,0.0,0.0,0.0,0.0,0.0,0.0,0.0,0.0,0.0,0.0,0.0,0.0,0.0,0.0,1,-30,keys
1861.0633647192135,-206.15,1378.55,-1233.15,2474.695638356362,1122.4,-2156.55,462.2,2800.7344987520682,445.0,-1750.1,2140.85,0.0,0.0,0.0,0.0,1784.123375456911,2800.7344987520682,0.0,2800.7344987520682,1083.9054625626898,1093.5511125574599,767.5122521617536,1861.0633647192135,-326.03886039570625,613.6322736371485,939.6711340328548,1861.0633647192135,326.03886039570625,2474.695638356362,2800.7344987520682,0.2607812035760417,0.34676632686943476,0.3924524695545235,0.0,3,-30,keys
1972.1826595171149,-254.4,1432.35,-1331.6,2495.2937547511315,1133.7,-2167.9,491.35,2689.876756935157,442.55,-1686.25,2048.45,0.0,0.0,0.0,0.0,1789.338292800851,2689.876756935157,0.0,2689.876756935157,1065.8923759186648,1083.3828308505701,888.7998286665445,1972.1826595171149,-194.58300218402564,523.1110952340166,717.6940974180422,1972.1826595171149,194.58300218402564,2495.2937547511315,2689.876756935157,0.2755463664210273,0.3486335933219828,0.37582004025698984,0.0,3,-30,keys
2015.7090749907338,-236.05,1477.9,-1350.25,2487.055410520642,1124.05,-2168.7,467.65,2616.4437835543113,461.9,-1651.8,1975.85,0.0,0.0,0.0,0.0,1779.8020672664218,2616.4437835543113,0.0,2616.4437835543113,1051.6087875151914,1072.5487240122015,943.1603509785323,2015.7090749907338,-129.38837303366927,471.3463355299082,600.7347085635774,2015.7090749907338,129.38837303366927,2487.055410520642,2616.4437835543113,0.2831366914421331,0.3493443816396509,0.36751892691821597,0.0,3,-30,keys
2011.2001230608553,-224.9,1460.35,-1364.45,2549.3630915387475,1147.5,-2223.15,490.0,2646.259224358037,417.8,-1669.8,2009.95,0.0,0.0,0.0,0.0,1801.7056097394097,2646.259224358037,0.0,2646.259224358037,1067.9763074776242,1054.0481279400724,957.1519951207827,2011.2001230608553,-96.8961328192895,538.1629684778923,635.0591012971818,2011.2001230608553,96.8961328192895,2549.3630915387475,2646.259224358037,0.2790689156137647,0.3537430140858966,0.36718807030033884,0.0,3,-30,keys
1972.670688432309,-257.35,1429.0,-1335.35,2479.957522821712,1130.45,-2156.3,471.85,2781.5874793002645,436.15,-1753.4,2114.85,0.0,0.0,0.0,0.0,1808.5539226385713,2781.5874793002645,0.0,2781.5874793002645,1083.4411267616883,1137.1503224554308,835.5203659768783,1972.670688432309,-301.6299564785527,507.2868343894029,808.9167908679556,1972.670688432309,301.6299564785527,2479.957522821712,2781.5874793002645,0.2726861864248843,0.3428094528698933,0.3845043607052224,0.0,3,-30,keys
1962.5689573872303,-253.0,1401.7,-1350.15,2476.6269309284353,1122.45,-2158.3,464.25,2725.1933128679148,463.9,-1738.65,2046.6,0.0,0.0,0.0,0.0,1791.0973002958951,2725.1933128679148,0.0,2725.1933128679148,1070.0371843411594,1105.567669663355,857.0012877238755,1962.5689573872303,-248.56638193947947,514.057973541205,762.6243554806845,1962.5689573872303,248.56638193947947,2476.6269309284353,2725.1933128679148,0.2739338835839638,0.34568570486361744,0.3803804115524187,0.0,3,-30,keys
10507.476059216124,1919.75,1731.35,-10184.5,3769.4223725260613,373.85,-3750.6,42.2,1705.663116649944,-595.75,-1511.95,-518.05,0.0,0.0,0.0,0.0,3995.6403870980325,10507.476059216124,0.0,10507.476059216124,3989.496096406298,4221.858401670003,6285.61765754612,10507.476059216124,2063.759255876117,6738.053686690062,8801.81294256618,10507.476059216124,2063.759255876117,3769.4223725260613,1705.663116649944,0.6574337929124504,0.23584594754182384,0.10672025954572571,0.0,1,-30,scissors
6549.473932691083,-271.7,929.05,-6477.55,3743.4087587384847,-56.1,-3739.65,158.05,1736.31522339695,-219.5,-1704.95,-244.45,0.0,0.0,0.0,0.0,3007.2994787066295,6549.473932691083,0.0,6549.473932691083,2436.6015198675464,2271.190198674774,4278.283734016309,6549.473932691083,2007.0935353415348,2806.0651739525983,4813.158709294134,6549.473932691083,2007.0935353415348,3743.4087587384847,1736.31522339695,0.5444647248357737,0.3111935463398244,0.14434172882440188,0.0,1,-30,scissors
14974.762517399065,-3215.2,671.55,-14610.1,3437.294820422013,259.4,-3426.0,101.15,1683.2408034800012,-313.2,-1610.35,-376.8,0.0,0.0,0.0,0.0,5023.8245353252705,14974.762517399065,0.0,14974.762517399065,5872.319726704161,6610.354250228527,8364.408267170538,14974.762517399065,1754.0540169420117,11537.467696977052,13291.521713919064,14974.762517399065,1754.0540169420117,3437.294820422013,1683.2408034800012,0.7451873772712045,0.17104970507292325,0.08376291765587206,0.0,1,-30,scissors
4350.48580994123,999.2,1475.45,-3968.8,6217.261251547984,-853.7,-6156.3,-159.7,6242.266287375123,3512.6,175.55,-5157.2,0.0,0.0,0.0,0.0,4202.503337216085,6242.266287375123,0.0,6242.266287375123,2544.7404316428183,2187.745422884185,2162.740387057046,4350.48580994123,-25.00503582713918,1866.7754416067537,1891.7804774338929,4350.48580994123,25.00503582713918,6217.261251547984,6242.266287375123,0.2588032335045791,0.3698546290546529,0.37134213744076777,0.0,3,-31,scissors
1235.3795408699302,715.6,608.6,802.3,3794.8322528802246,2302.75,-3009.55,201.75,12289.503813112227,-4730.4,-5821.5,9734.75,0.0,0.0,0.0,0.0,4329.928901715595,12289.503813112227,0.0,12289.503813112227,4794.936945215022,4865.025550550967,-3629.646009681036,1235.3795408699302,-8494.671560232004,2559.4527120102944,11054.124272242298,1235.3795408699302,8494.671560232004,3794.8322528802246,12289.503813112227,0.07132793452915882,0.2191047670191908,0.7095672984516505,0.0,3,-31,scissors
19540.405933155533,10179.5,-5132.6,15870.15,3476.620740388574,1369.9,-3193.95,94.6,3062.7318765278815,-2208.15,-2005.25,695.25,0.0,0.0,0.0,0.0,6519.939637517997,19540.405933155533,0.0,19540.405933155533,7636.364168322952,9563.25853464742,9977.147398508114,19540.405933155533,413.8888638606927,16063.785192766958,16477.67405662765,19540.405933155533,413.8888638606927,3476.620740388574,3062.7318765278815,0.7492556304015934,0.13330724414927445,0.11743712544913218,0.0,1,-31,scissors
5695.189899818969,-372.3,607.45,-5650.45,3908.5917630266786,-360.8,-3891.7,39.8,1714.83364572194,89.4,-1641.35,-488.5,0.0,0.0,0.0,0.0,2829.6538271418967,5695.189899818969,0.0,5695.189899818969,2157.844345154723,1750.7158912571153,3944.4740085618537,5695.189899818969,2193.7581173047383,1786.5981367922905,3980.356254097029,5695.189899818969,2193.7581173047383,3908.5917630266786,1714.83364572194,0.5031701974629366,0.3453241988061988,0.15150560373086472,0.0,1,-30,scissors
6009.94334915064,-265.7,1136.1,-5895.6,3832.587878314077,-294.25,-3820.6,71.85,1659.6932675949492,113.1,-1576.9,-505.15,0.0,0.0,0.0,0.0,2875.5561237649163,6009.94334915064,0.0,6009.94334915064,2263.152588968117,1918.524369215756,4091.4189799348837,6009.94334915064,2172.8946107191277,2177.3554708365627,4350.2500815556905,6009.94334915064,2172.8946107191277,3832.587878314077,1659.6932675949492,0.5225026995197302,0.3332040580463559,0.1442932424339141,0.0,1,-30,scissors
4989.249559302481,95.8,863.35,-4913.05,3738.313198155018,-579.95,-3685.25,239.95,2036.4620969956695,-22.4,-2003.85,-362.3,0.0,0.0,0.0,0.0,2691.006213613292,4989.249559302481,0.0,4989.249559302481,1874.0808972786242,1643.6992290715664,3345.550330230915,4989.249559302481,1701.8511011593487,1250.9363611474632,2952.787462306812,4989.249559302481,1701.8511011593487,3738.313198155018,2036.4620969956695,0.4635115235021393,0.34729696825332457,0.18919150824453623,0.0,1,-30,scissors
4455.863336661034,768.75,476.55,-4363.1,3178.926341943141,-902.55,-3034.25,290.35,2186.9617926475075,-252.4,-2034.0,-762.85,0.0,0.0,0.0,0.0,2455.4378678129206,4455.863336661034,0.0,4455.863336661034,1629.9073711595818,1731.9493936827002,2723.9139429783336,4455.863336661034,991.9645492956333,1276.936994717893,2268.9015440135263,4455.863336661034,991.9645492956333,3178.926341943141,2186.9617926475075,0.45367298792922717,0.3236618592160344,0.2226651528547384,0.0,1,-30,scissors
5155.155317980245,1138.3,1459.4,-4811.45,3165.0033609776783,-1276.85,-2891.05,-169.5,2059.8261916967654,-323.6,-1875.3,-788.3,0.0,0.0,0.0,0.0,2594.9962176636723,5155.155317980245,0.0,5155.155317980245,1864.1174244629108,2024.9890743496662,3130.1662436305787,5155.155317980245,1105.177169280913,1990.1519570025666,3095.3291262834796,5155.155317980245,1105.177169280913,3165.0033609776783,2059.8261916967654,0.4966438180998136,0.30491406301809515,0.19844211888209115,0.0,1,-30,scissors
3954.1036974262574,-1327.9,980.8,-3593.0,2885.93213580985,-186.5,-2878.05,103.2,1995.3561994040062,-165.5,-1969.7,-272.65,0.0,0.0,0.0,0.0,2208.8480081600283,3954.1036974262574,0.0,3954.1036974262574,1451.6325819908686,1531.7638805102067,2422.3398169160505,3954.1036974262574,890.5759364058438,1068.1715616164074,1958.7474980222512,3954.1036974262574,890.5759364058438,2885.93213580985,1995.3561994040062,0.4475300793466577,0.3266331731686049,0.22583674748473745,0.0,1,-30,scissors
4266.572154259201,790.65,1267.95,-3996.35,4770.571402096399,-1981.0,-4332.55,-251.0,2126.421535114804,-675.8,-2014.05,-92.55,0.0,0.0,0.0,0.0,2790.8912728676014,4770.571402096399,0.0,4770.571402096399,1892.5750716369118,811.2111436388032,3455.3610106203982,4266.572154259201,2644.1498669815946,503.9992478371978,2140.150619144397,4266.572154259201,2644.1498669815946,4770.571402096399,2126.421535114804,0.382187242095189,0.4273340427549784,0.1904787151498324,0.0,2,-30,scissors
4566.271595623721,652.6,1081.65,-4388.05,3693.920893170291,-883.85,-3586.55,22.8,1896.4562702577668,-132.4,-1860.65,-342.05,0.0,0.0,0.0,0.0,2539.1621897629448,4566.271595623721,0.0,4566.271595623721,1753.7856005875542,1384.4034863555983,3181.868109268122,4566.271595623721,1797.4646229125242,872.3507024534297,2669.815325365954,4566.271595623721,1797.4646229125242,3693.920893170291,1896.4562702577668,0.44958447455950284,0.363694854553103,0.18672067088739408,0.0,1,-30,scissors
4808.170906124282,321.3,991.25,-4693.9,4078.180077252597,-196.75,-4073.3,32.7,2069.1245068869102,-99.65,-1391.0,-1528.55,0.0,0.0,0.0,0.0,2738.868872565947,4808.170906124282,0.0,4808.170906124282,1872.546770147367,1399.5576678792975,3408.613238244984,4808.170906124282,2009.055570365687,729.9908288716847,2739.0463992373716,4808.170906124282,2009.055570365687,4078.180077252597,2069.1245068869102,0.43888290475364017,0.37225039487121353,0.18886670037514633,0.0,1,-30,scissors
8282.026433941153,2383.55,1558.5,-7777.0,4487.549957382091,820.1,-4381.0,-521.9,3314.541567472039,-2833.8,-1602.85,-621.8,0.0,0.0,0.0,0.0,4021.0294896988207,8282.026433941153,0.0,8282.026433941153,2959.794741485032,3554.5090220155507,4727.517411925603,8282.026433941153,1173.0083899100518,3794.4764765590626,4967.484866469114,8282.026433941153,1173.0083899100518,4487.549957382091,3314.541567472039,0.5149195283918128,0.2790050389383126,0.20607543266987463,0.0,1,-30,scissors
18651.980031152187,2647.1,-9094.25,16068.1,3275.13934436384,1532.4,-2891.55,131.25,6511.214758783494,-2875.55,-3014.65,5003.9,0.0,0.0,0.0,0.0,7109.583533574881,18651.980031152187,0.0,18651.980031152187,7050.427333839127,10944.02772278592,7707.952308366266,18651.980031152187,-3236.0754144196544,15376.840686788346,12140.765272368692,18651.980031152187,3236.0754144196544,3275.13934436384,6511.214758783494,0.655874565052529,0.11516635710435967,0.2289590778431113,0.0,1,-31,scissors
2066.6922575700523,1883.75,816.95,235.15,4593.9290433135775,2568.15,-3803.1,212.65,5444.048786748701,-4437.1,-2029.6,2414.65,0.0,0.0,0.0,0.0,3026.1675219080826,5444.048786748701,0.0,5444.048786748701,2143.7297318222495,1458.4060005025876,608.2862570674642,2066.6922575700523,-850.1197434351234,2527.236785743525,3377.3565291786485,2066.6922575700523,850.1197434351234,4593.9290433135775,5444.048786748701,0.17073511649703266,0.3795170797762856,0.44974780372668177,0.0,3,-31,scissors
4807.093831256053,-128.2,1043.8,-4690.65,3145.2830500608366,-493.8,-3105.35,-75.95,1932.1755620284612,-203.75,-1885.5,-369.7,0.0,0.0,0.0,0.0,2471.1381108363375,4807.093831256053,0.0,4807.093831256053,1754.1497027540765,1796.9931716118388,3010.1006596442144,4807.093831256053,1213.1074880323754,1661.8107811952164,2874.9182692275917,4807.093831256053,1213.1074880323754,3145.2830500608366,1932.1755620284612,0.48632387341850447,0.3182018678223877,0.1954742587591079,0.0,1,-30,scissors
4856.1140145696745,1032.6,720.75,-4690.0,3164.073901238718,-974.2,-3010.1,39.95,2230.666231196411,-254.5,-2104.25,-695.15,0.0,0.0,0.0,0.0,2562.713536751201,4856.1140145696745,0.0,4856.1140145696745,1753.5019335752531,1961.3531722636837,2894.7608423059905,4856.1140145696745,933.407670042307,1692.0401133309565,2625.4477833732635,4856.1140145696745,933.407670042307,3164.073901238718,2230.666231196411,0.4737277445303016,0.3086644152637006,0.21760784020599777,0.0,1,-30,scissors
4771.088290421799,917.75,872.1,-4600.05,3119.1148271585,-1013.55,-2949.2,61.75,2184.1388949652446,-260.9,-2028.25,-767.2,0.0,0.0,0.0,0.0,2518.585503136386,4771.088290421799,0.0,4771.088290421799,1724.0600153464027,1918.0561791142718,2853.032111307527,4771.088290421799,934.9759321932552,1651.973463263299,2586.949395456554,4771.088290421799,934.9759321932552,3119.1148271585,2184.1388949652446,0.47358807994411733,0.3096097812913515,0.21680213876453114,0.0,1,-30,scissors
4828.750818017016,999.9,617.95,-4683.5,2998.9329677403593,-1076.45,-2794.55,159.2,2282.6366191314814,-339.9,-1998.65,-1048.95,0.0,0.0,0.0,0.0,2527.580101222214,4828.750818017016,0.0,4828.750818017016,1729.6111318821065,2056.2272347040694,2772.5235833129473,4828.750818017016,716.2963486088779,1829.8178502766568,2546.1141988855347,4828.750818017016,716.2963486088779,2998.9329677403593,2282.6366191314814,0.47760611183816376,0.29662096230800183,0.22577292585383446,0.0,1,-30,scissors
4992.190070750512,1052.05,990.5,-4778.5,2996.751834069681,-1032.25,-2804.45,223.7,2193.3264645282516,-356.1,-1945.6,-947.9,0.0,0.0,0.0,0.0,2545.567092337111,4992.190070750512,0.0,4992.190070750512,1788.401307812479,2094.382350604541,2897.8077201459705,4992.190070750512,803.4253695414295,1995.4382366808309,2798.8636062222604,4992.190070750512,803.4253695414295,2996.751834069681,2193.3264645282516,0.4902827041740954,0.29431082793798347,0.21540646788792123,0.0,1,-29,scissors
4466.169233526648,973.65,869.7,-4271.1,2783.6144156473974,-316.7,-2755.55,234.85,1801.7051375016945,-221.25,-1751.0,-362.2,0.0,0.0,0.0,0.0,2262.872196668935,4466.169233526648,0.0,4466.169233526648,1617.0154549486258,1742.1299776904725,2724.0392558361755,4466.169233526648,981.909278145703,1682.5548178792505,2664.4640960249535,4466.169233526648,981.909278145703,2783.6144156473974,1801.7051375016945,0.4934181921653685,0.30753111242263503,0.1990506954119965,0.0,1,-30,scissors
4584.612855247431,873.7,1384.95,-4282.2,4198.349597758624,-1987.35,-3697.0,-93.65,2575.1064939143776,-1445.1,-1858.85,-1042.85,0.0,0.0,0.0,0.0,2839.5172367301084,4584.612855247431,0.0,4584.612855247431,1804.4774369433417,1480.6848757015923,3103.9279795458388,4584.612855247431,1623.243103844247,386.26325748880663,2009.5063613330535,4584.612855247431,1623.243103844247,4198.349597758624,2575.1064939143776,0.40364368949270013,0.36963586128757764,0.22672044921972218,0.0,1,-29,scissors
4696.560864345314,432.3,1138.8,-4535.85,3174.3470954670347,-562.1,-3122.25,109.9,1677.389766124737,-265.95,-1620.55,-341.65,0.0,0.0,0.0,0.0,2387.0744314842714,4696.560864345314,0.0,4696.560864345314,1743.2227695217393,1599.8017675015085,3096.759096843806,4696.560864345314,1496.9573293422977,1522.2137688782796,3019.1710982205773,4696.560864345314,1496.9573293422977,3174.3470954670347,1677.389766124737,0.4918741538177567,0.3324516250518884,0.17567422113035497,0.0,1,-30,scissors
5962.202417102258,952.6,655.0,-5849.05,2251.3150701312334,-967.55,-2023.8,191.05,2432.1788015069947,367.65,-1843.6,-1543.2,0.0,0.0,0.0,0.0,2661.424072185121,5962.202417102258,0.0,5962.202417102258,2133.0177309374544,3071.5330742390097,2890.669342863248,5962.202417102258,-180.8637313757613,3710.8873469710243,3530.023615595263,5962.202417102258,180.8637313757613,2251.3150701312334,2432.1788015069947,0.5600575345558406,0.21147654498770144,0.2284659204564581,0.0,1,-30,scissors
6043.051978305332,712.0,886.3,-5935.15,2129.4968625241036,-944.75,-1891.35,254.95,2565.337078241376,438.2,-1874.85,-1695.25,0.0,0.0,0.0,0.0,2684.471479767703,6043.051978305332,0.0,6043.051978305332,2168.446444015576,3239.4460970113023,2803.60588129403,6043.051978305332,-435.84021571727226,3913.555115781229,3477.7149000639565,6043.051978305332,435.84021571727226,2129.4968625241036,2565.337078241376,0.5627785603097802,0.19831621220170093,0.23890522748851886,0.0,1,-29,scissors
6111.994520817243,1270.0,889.85,-5912.0,2364.5635802405486,-763.05,-2223.4,255.75,2058.6054921961127,19.4,-1706.05,-1151.9,0.0,0.0,0.0,0.0,2633.790898313476,6111.994520817243,0.0,6111.994520817243,2204.4317031745604,2903.0182163864038,3208.9763044308393,6111.994520817243,305.95808804443595,3747.4309405766944,4053.3890286211304,6111.994520817243,305.95808804443595,2364.5635802405486,2058.6054921961127,0.5801518378633439,0.22444488491423856,0.1954032772224175,0.0,1,-30,scissors
4731.4695137980125,271.0,1467.4,-4490.0,3105.0105961977,-500.2,-3062.85,99.2,1687.8356851305164,-434.9,-1590.0,-362.7,0.0,0.0,0.0,0.0,2381.0789487815573,4731.4695137980125,0.0,4731.4695137980125,1746.3201325342136,1657.1473013654143,3074.3222124325985,4731.4695137980125,1417.1749110671838,1626.4589176003124,3043.6338286674963,4731.4695137980125,1417.1749110671838,3105.0105961977,1687.8356851305164,0.4967778909871084,0.32600878246672504,0.17721332654616656,0.0,1,-30,scissors
4645.816831839155,497.85,1691.9,-4298.05,3757.881883787728,-1017.8,-3607.55,-267.1,1693.3337193241032,-653.25,-1527.65,-327.0,0.0,0.0,0.0,0.0,2524.2581087377466,4645.816831839155,0.0,4645.816831839155,1808.6703247404532,1290.6343336877653,3355.1824981513905,4645.816831839155,2064.5481644636247,887.9349480514275,2952.483112515052,4645.816831839155,2064.5481644636247,3757.881883787728,1693.3337193241032,0.46011705535951436,0.3721768656283384,0.1677060790121472,0.0,1,-29,scissors
4600.828982096596,-204.9,1351.9,-4392.95,2927.259654096302,-349.9,-2905.75,55.1,1642.3905024384426,-290.5,-1602.5,-212.25,0.0,0.0,0.0,0.0,2292.6197846578348,4600.828982096596,0.0,4600.828982096596,1688.8976478373286,1657.9799152193684,2942.8490668772274,4600.828982096596,1284.8691516578592,1673.5693280002938,2958.438479658153,4600.828982096596,1284.8691516578592,2927.259654096302,1642.3905024384426,0.5016999561904301,0.31920465766777645,0.17909538614179363,0.0,1,-30,scissors
4599.343456679442,274.4,1176.5,-4437.85,3048.6087453951845,-577.3,-2992.3,82.95,1874.5532627802286,-476.45,-1763.65,-420.1,0.0,0.0,0.0,0.0,2380.6263662137135,4599.343456679442,0.0,4599.343456679442,1680.208161802605,1712.643987032243,2886.699469647199,4599.343456679442,1174.055482614956,1550.7347112842576,2724.7901938992136,4599.343456679442,1174.055482614956,3048.6087453951845,1874.5532627802286,0.482997197917549,0.3201477548788839,0.19685504720356717,0.0,1,-30,scissors
4075.3389067659145,726.45,1444.8,-3740.75,5308.525540580925,-2008.55,-4912.5,-116.25,1945.8904728940938,484.7,-1750.05,699.2,0.0,0.0,0.0,0.0,2832.4387300602334,5308.525540580925,0.0,5308.525540580925,2030.0544151770348,356.35191953954154,3718.9869872263725,4075.3389067659145,3362.635067686831,1233.1866338150103,2129.4484338718207,4075.3389067659145,3362.635067686831,5308.525540580925,1945.8904728940938,0.35970230031059225,0.46854725260624047,0.17175044708316722,0.0,2,-29,scissors
4146.6483679593575,2261.75,1498.75,-3135.75,6214.81121233783,1207.2,-6040.05,-827.25,14292.217822559942,-3373.25,3689.35,-13389.45,0.0,0.0,0.0,0.0,6163.419350714283,14292.217822559942,0.0,14292.217822559942,5199.4016244411,6112.027489090735,-1965.3791211313774,4146.6483679593575,-8077.406610222112,2068.162844378472,10145.569454600583,4146.6483679593575,8077.406610222112,6214.81121233783,14292.217822559942,0.1681959368657432,0.25208455155731013,0.5797195115769467,0.0,3,-30,scissors
8286.698003577781,6650.45,1359.4,-4753.2,3878.692726293229,1062.05,-3723.0,-235.75,2603.9228075156143,-2090.25,-1552.35,-38.45,0.0,0.0,0.0,0.0,3692.328384346656,8286.698003577781,0.0,8286.698003577781,2998.369534580087,3505.9640424000827,4780.733961177699,8286.698003577781,1274.7699187776147,4408.005277284552,5682.775196062167,8286.698003577781,1274.7699187776147,3878.692726293229,2603.9228075156143,0.5610753663398822,0.2626183482715575,0.17630628538856036,0.0,1,-30,scissors
11573.14180883912,3079.45,2058.55,-10964.35,3855.13227950741,467.8,-3822.5,-178.05,1982.278880480746,-501.0,-1161.0,-1526.6,0.0,0.0,0.0,0.0,4352.638242206819,11573.14180883912,0.0,11573.14180883912,4385.978998750306,4850.144204906228,6722.997603932892,11573.14180883912,1872.8533990266642,7718.00952933171,9590.862928358374,11573.14180883912,1872.8533990266642,3855.13227950741,1982.278880480746,0.6647199448265803,0.2214250337947239,0.11385502137869585,0.0,1,-30,scissors
4893.483069859341,1352.15,1593.15,-4424.9,5495.166759298575,-62.65,-5459.0,-626.3,5099.520007314414,1734.55,-66.45,-4795.0,0.0,0.0,0.0,0.0,3872.0424591180827,5495.166759298575,0.0,5495.166759298575,2245.9567756107404,2248.91815893759,2644.5649109217507,4893.483069859341,395.6467519841608,601.6836894392336,206.0369374550728,4893.483069859341,395.6467519841608,5495.166759298575,5099.520007314414,0.3159497294726145,0.3547976821869732,0.3292525883404122,0.0,2,-30,scissors
3336.319970791171,2230.25,1321.35,-2100.25,6754.890920473846,2358.75,-6136.65,-1551.25,13625.041386634392,-9980.35,2278.55,-8991.25,0.0,0.0,0.0,0.0,5929.063069474852,13625.041386634392,0.0,13625.041386634392,5044.456847750256,5103.235218475858,-1766.9152476846875,3336.319970791171,-6870.150466160546,3418.570949682675,10288.721415843222,3336.319970791171,6870.150466160546,6754.890920473846,13625.041386634392,0.140676525603508,0.28482117837684506,0.5745022960196469,0.0,3,-30,scissors
20152.41458057818,15314.65,-2759.45,12804.95,3289.3958522044745,1242.25,-3044.0,104.9,3383.0838572225784,-1962.75,-2053.85,1837.0,0.0,0.0,0.0,0.0,6706.223572501309,20152.41458057818,0.0,20152.41458057818,7881.805891854849,10123.051292798142,10029.363287780037,20152.41458057818,-93.68800501810392,16863.018728373707,16769.330723355604,20152.41458057818,93.68800501810392,3289.3958522044745,3383.0838572225784,0.7512579308872366,0.12262474612733441,0.12611732298542894,0.0,1,-30,scissors
12191.03511519838,2862.1,-669.1,-11831.4,3663.8652083557877,501.6,-3627.45,117.95,2324.7822527066915,-682.25,-1874.5,-1193.9,0.0,0.0,0.0,0.0,4544.920644065215,12191.03511519838,0.0,12191.03511519838,4605.014748187548,5425.976079774641,6765.059035423738,12191.03511519838,1339.0829556490962,8527.169906842591,9866.252862491689,12191.03511519838,1339.0829556490962,3663.8652083557877,2324.7822527066915,0.6705856971956984,0.20153625856702717,0.1278780442372743,0.0,1,-30,scissors
4333.826382655401,1767.7,1235.65,-3759.05,5889.466849596829,588.9,-5859.95,-1.6,7021.0021823810885,-1113.6,-1370.25,-6795.35,0.0,0.0,0.0,0.0,4311.073853658329,7021.0021823810885,0.0,7021.0021823810885,2665.5633290973446,2732.68085771983,1601.1455249355708,4333.826382655401,-1131.5353327842595,1555.6404669414278,2687.1757997256873,4333.826382655401,1131.5353327842595,5889.466849596829,7021.0021823810885,0.25131942352238784,0.34153131270292975,0.40714926377468247,0.0,3,-30,scissors
4601.6273200358155,2812.2,1224.7,-3430.25,5254.488090194895,1038.7,-5150.8,2.6,4408.517373789061,-1092.55,-1496.85,-4000.1,0.0,0.0,0.0,0.0,3566.1581960049434,5254.488090194895,0.0,5254.488090194895,2082.6489983772517,1877.828301814991,2723.7990182208255,4601.6273200358155,845.9707164058345,652.86077015908,193.1099462467546,4601.6273200358155,845.9707164058345,5254.488090194895,4408.517373789061,0.3225899600577784,0.3683577537363132,0.30905228620590824,0.0,2,-30,scissors
5305.073947411101,-486.95,1184.15,-5148.25,3209.8274879656697,-656.1,-3140.05,-112.3,2122.0763246170013,-546.25,-1948.05,-640.25,0.0,0.0,0.0,0.0,2659.244439998443,5305.073947411101,0.0,5305.073947411101,1914.6596336457212,2108.6613920312166,3196.412555379885,5305.073947411101,1087.7511633486683,2095.246459445431,3182.9976227940992,5305.073947411101,1087.7511633486683,3209.8274879656697,2122.0763246170013,0.4987388398388648,0.3017612295889156,0.1994999305722196,0.0,1,-30,scissors
4645.298679579172,666.4,971.4,-4493.45,3123.3059508315864,-1006.6,-2956.2,-51.75,2182.73621688467,-634.1,-1913.4,-837.35,0.0,0.0,0.0,0.0,2487.835211823857,4645.298679579172,0.0,4645.298679579172,1683.8112359122515,1852.3644728161275,2792.934206763044,4645.298679579172,940.5697339469166,1521.9927287475857,2462.5624626945023,4645.298679579172,940.5697339469166,3123.3059508315864,2182.73621688467,0.46680128345133204,0.31385780054759527,0.21934091600107267,0.0,1,-30,scissors
4650.230906632487,618.15,1209.8,-4447.35,3279.6496295336183,-1005.6,-3121.65,-13.1,2184.0552768874695,-677.7,-1988.45,-597.4,0.0,0.0,0.0,0.0,2528.4839532633937,4650.230906632487,0.0,4650.230906632487,1701.3173000911738,1777.318276993169,2872.912629639318,4650.230906632487,1095.5943526461488,1370.5812770988687,2466.1756297450174,4650.230906632487,1095.5943526461488,3279.6496295336183,2184.0552768874695,0.4597844985955572,0.32427036221653005,0.21594513918791272,0.0,1,-29,scissors
7363.8496436986,-1954.5,332.35,-7091.95,3042.009738232276,54.65,-3038.75,129.75,1920.4431318057818,-343.85,-1888.2,-67.6,0.0,0.0,0.0,0.0,3081.575628434164,7363.8496436986,0.0,7363.8496436986,2701.1003882659716,3121.1415186360528,4242.708125062547,7363.8496436986,1121.5666064264942,4321.839905466324,5443.406511892817,7363.8496436986,1121.5666064264942,3042.009738232276,1920.4431318057818,0.5974094531180125,0.24679012500644087,0.1558004218755466,0.0,1,-30,scissors
4096.785282083991,837.65,1418.05,-3751.15,5825.3839519382755,-1236.65,-5636.25,-799.05,3490.0309121123846,2935.05,-1374.75,1294.55,0.0,0.0,0.0,0.0,3353.0500365336625,5825.3839519382755,0.0,5825.3839519382755,2117.031259364539,880.71612112905,3216.0691609549403,4096.785282083991,2335.353039825891,1728.5986698542847,606.7543699716061,4096.785282083991,2335.353039825891,5825.3839519382755,3490.0309121123846,0.3054521433804185,0.43433470187343803,0.26021315474614354,0.0,2,-30,scissors
4388.157744714745,681.8,1354.7,-4117.75,4606.319212234427,-839.8,-4504.65,-470.15,1676.1250557461397,430.8,-1619.55,-29.4,0.0,0.0,0.0,0.0,2667.650503173828,4606.319212234427,0.0,4606.319212234427,1924.7118908855996,728.9817941132287,3659.1759506015164,4388.157744714745,2930.1941564882873,218.16146751968245,2712.032688968605,4388.157744714745,2930.1941564882873,4606.319212234427,1676.1250557461397,0.41123806693323856,0.4316831615267887,0.15707877153997268,0.0,2,-30,scissors
5482.575703763697,-408.95,1280.85,-5315.15,3344.8289649846074,-368.0,-3323.55,-80.45,1873.7361400421353,-288.8,-1833.4,-257.15,0.0,0.0,0.0,0.0,2675.28520219761,5482.575703763697,0.0,5482.575703763697,2008.0339030137147,2005.7414394106122,3476.8342643530846,5482.575703763697,1471.0928249424721,2137.7467387790894,3608.8395637215617,5482.575703763697,1471.0928249424721,3344.8289649846074,1873.7361400421353,0.512335628670547,0.3125675126372509,0.17509685869220193,0.0,1,-30,scissors
4870.627943602344,211.8,1341.15,-4677.55,3648.757946548387,-678.4,-3580.55,-181.3,1662.1314599032173,-313.5,-1617.5,-219.3,0.0,0.0,0.0,0.0,2545.379337513487,4870.627943602344,0.0,4870.627943602344,1863.0155809961445,1442.0007284785875,3428.6272151237563,4870.627943602344,1986.6264866451695,1221.8699970539574,3208.4964836991267,4870.627943602344,1986.6264866451695,3648.757946548387,1662.1314599032173,0.4783793786469889,0.35837074387827406,0.16324987747473713,0.0,1,-30,scissors
5328.127337536144,-124.65,1496.95,-5112.0,3544.7796348997495,-464.4,-3510.3,-166.1,1657.2339002084166,-234.2,-1626.0,-218.4,0.0,0.0,0.0,0.0,2632.535218161078,5328.127337536144,0.0,5328.127337536144,1998.7409215282528,1720.2908014224056,3607.836536113739,5328.127337536144,1887.5457346913329,1783.3477026363948,3670.893437327728,5328.127337536144,1887.5457346913329,3544.7796348997495,1657.2339002084166,0.5059882295950855,0.33663173909748373,0.1573800313074306,0.0,1,-30,scissors
5697.107221652055,-458.05,1699.3,-5418.45,3468.5021533076783,-362.75,-3440.15,-253.55,1591.4972046786634,-237.4,-1563.05,-182.7,0.0,0.0,0.0,0.0,2689.276644909599,5697.107221652055,0.0,5697.107221652055,2126.7090623528575,1910.05113651152,3787.056085140535,5697.107221652055,1877.004948629015,2228.605068344377,4105.610016973392,5697.107221652055,1877.004948629015,3468.5021533076783,1591.4972046786634,0.5296133471835105,0.32243820655947,0.14794844625701964,0.0,1,-30,scissors
5116.04630769699,71.4,1709.8,-4821.35,3595.397202674553,-593.2,-3538.95,-225.45,1724.5393493626057,-255.65,-1688.35,-241.15,0.0,0.0,0.0,0.0,2608.995714933537,5116.04630769699,0.0,5116.04630769699,1926.6170009133737,1622.5942271925212,3493.4520805044685,5116.04630769699,1870.857853311947,1520.6491050224372,3391.5069583343843,5116.04630769699,1870.857853311947,3595.397202674553,1724.5393493626057,0.4902313827513626,0.34451927058513243,0.16524934666350513,0.0,1,-30,scissors
5148.256363809013,-216.25,1022.05,-5041.15,3432.2973024637595,-445.9,-3403.15,20.2,1880.2540878828052,-186.9,-1851.35,-270.05,0.0,0.0,0.0,0.0,2615.2019385388944,5148.256363809013,0.0,5148.256363809013,1901.5414193260185,1798.1065746140293,3350.1497891949834,5148.256363809013,1552.0432145809543,1715.9590613452538,3268.0022759262083,5148.256363809013,1552.0432145809543,3432.2973024637595,1880.2540878828052,0.4921471156721963,0.32811015966718937,0.1797427246606143,0.0,1,-30,scissors
4230.434730615756,635.4,1230.3,-3997.4,4771.989221750192,-1439.7,-4549.55,27.2,2184.6585831658,-231.25,-1936.75,984.0,0.0,0.0,0.0,0.0,2796.770633882937,4771.989221750192,0.0,4771.989221750192,1881.0561098290068,821.5520460156818,3408.8826846000748,4230.434730615756,2587.330638584392,541.5544911344359,2045.7761474499562,4230.434730615756,2587.330638584392,4771.989221750192,2184.6585831658,0.3781535281588654,0.4265624399027792,0.1952840319383554,0.0,2,-30,scissors
4321.679515535598,2045.05,1464.85,-3514.1,6248.158073784625,979.85,-6027.95,-1320.3,12445.505340182053,-4156.9,2747.6,-11404.45,0.0,0.0,0.0,0.0,5753.835732375569,12445.505340182053,0.0,12445.505340182053,4477.178067205178,5259.513390966512,-937.8338754309152,4321.679515535598,-6197.347266397428,1926.4785582490276,8123.825824646456,4321.679515535598,6197.347266397428,6248.158073784625,12445.505340182053,0.1877738484615774,0.27147794812022585,0.5407482034181967,0.0,3,-30,scissors
1926.0714972451049,1847.7,541.6,49.25,4748.089371789457,2724.4,-3863.0,-446.35,11848.77916453843,-8937.0,-5256.2,5735.5,0.0,0.0,0.0,0.0,4630.735008393248,11848.77916453843,0.0,11848.77916453843,4496.466526984404,4513.380644997038,-2587.309147751934,1926.0714972451049,-7100.689792748973,2822.017874544352,9922.707667293325,1926.0714972451049,7100.689792748973,4748.089371789457,11848.77916453843,0.1039830336736006,0.25633562291858114,0.6396813434078182,0.0,3,-31,scissors
10538.519267311704,9657.25,-2000.75,3714.15,3518.164289441299,1312.45,-3263.25,-78.45,3167.5571143232764,-2235.3,-1964.4,1085.35,0.0,0.0,0.0,0.0,4306.06016776907,10538.519267311704,0.0,10538.519267311704,3850.4113323679608,5093.9560460968405,5444.563221214863,10538.519267311704,350.6071751180225,7020.354977870405,7370.962152988427,10538.519267311704,350.6071751180225,3518.164289441299,3167.5571143232764,0.6118423138970915,0.2042565682067575,0.1839011178961509,0.0,1,-30,scissors
9533.438931728675,-2950.55,526.6,-9050.05,3302.934040364718,16.5,-3302.65,40.05,1869.9938649631983,62.35,-1817.65,-434.9,0.0,0.0,0.0,0.0,3676.591709264148,9533.438931728675,0.0,9533.438931728675,3578.526296133665,4050.2493781635776,5483.189553565097,9533.438931728675,1432.9401754015196,6230.504891363957,7663.445066765476,9533.438931728675,1432.9401754015196,3302.934040364718,1869.9938649631983,0.6482524907312013,0.22459211557555464,0.127155393693244,0.0,1,-30,scissors
4109.139948030487,716.25,1537.6,-3742.7,5489.517253365728,-1715.5,-5169.85,-681.55,2923.427828337823,931.55,-1923.75,1994.45,0.0,0.0,0.0,0.0,3130.521257433509,5489.517253365728,0.0,5489.517253365728,2022.7214144579866,771.5252615012914,3337.6146865291958,4109.139948030487,2566.089425027905,1380.3773053352406,1185.7121196926641,4109.139948030487,2566.089425027905,5489.517253365728,2923.427828337823,0.3281514171380582,0.43838683736220585,0.2334617454997361,0.0,2,-30,scissors
3795.631228135842,890.9,1571.9,-3338.0,7253.171853920187,-1340.0,-6983.45,-1429.8,5000.775247149186,3124.2,-190.65,-3900.1,0.0,0.0,0.0,0.0,4012.3945823013037,7253.171853920187,0.0,7253.171853920187,2628.0139981874427,771.6173106824208,3024.0139174534215,3795.631228135842,2252.3966067710007,3457.5406257843447,1205.144019013344,3795.631228135842,2252.3966067710007,7253.171853920187,5000.775247149186,0.23649414023725343,0.45192289200032637,0.31158296776242017,0.0,2,-30,scissors
4979.104917804002,801.05,790.8,-4850.2,2307.2509248020683,-978.9,-2066.9,305.1,2900.3540133059623,735.6,-2245.55,-1681.8,0.0,0.0,0.0,0.0,2546.677463978008,4979.104917804002,0.0,4979.104917804002,1773.7447387424552,2786.104003153948,2193.000914650054,4979.104917804002,-593.103088503894,2671.8539930019338,2078.7509044980397,4979.104917804002,593.103088503894,2307.2509248020683,2900.3540133059623,0.48878440519382155,0.22649618546492867,0.2847194093412499,0.0,1,-30,scissors
5501.753837641229,-469.4,941.7,-5400.2,1350.663868251461,-766.35,-1060.0,336.75,3608.7552247970493,2428.9,-2054.25,-1704.0,0.0,0.0,0.0,0.0,2615.293232672435,5501.753837641229,0.0,5501.753837641229,2106.992387032465,3879.922597093409,1621.8312405478207,5501.753837641229,-2258.0913565455885,4151.089969389768,1892.9986128441801,5501.753837641229,2258.0913565455885,1350.663868251461,3608.7552247970493,0.5259213162895761,0.12911208687594147,0.3449665968344825,0.0,1,-30,scissors
5368.224349354263,-676.05,859.0,-5255.75,1224.241008747869,-621.25,-1006.85,314.75,3232.5462587564,2183.25,-2101.3,-1125.75,0.0,0.0,0.0,0.0,2456.252904214633,5368.224349354263,0.0,5368.224349354263,2039.193511516791,3688.2647996813967,1679.959549672866,5368.224349354263,-2008.3052500085312,4143.9833406063935,2135.6780905978626,5368.224349354263,2008.3052500085312,1224.241008747869,3232.5462587564,0.5463835116635424,0.12460453549461657,0.3290119528418411,0.0,1,-29,scissors
4981.136269216091,-830.35,573.0,-4877.9,1043.620243431489,-508.8,-884.85,217.5,3257.964849795037,2309.35,-2181.5,-722.7,0.0,0.0,0.0,0.0,2320.680340610654,4981.136269216091,0.0,4981.136269216091,1934.7459609928683,3597.740437789819,1383.3958314262716,4981.136269216091,-2214.3446063635483,3937.516025784602,1723.171419421054,4981.136269216091,2214.3446063635483,1043.620243431489,3257.964849795037,0.5366030148625915,0.11242610896993196,0.3509708761674766,0.0,1,-29,scissors
5094.88945807463,-1009.1,566.7,-4961.7,1034.534495558268,-400.7,-926.9,224.85,3216.34783761023,2062.0,-2277.15,-952.7,0.0,0.0,0.0,0.0,2336.442947810782,5094.88945807463,0.0,5094.88945807463,1970.8621864238157,3638.351400063296,1456.538058011334,5094.88945807463,-2181.8133420519616,4060.3549625163623,1878.5416204644002,5094.88945807463,2181.8133420519616,1034.534495558268,3216.34783761023,0.5451544903812523,0.11069545872365662,0.3441500508950912,0.0,1,-30,scissors
5944.947258386739,1838.4,-101.15,-5652.65,2462.8983023056394,-221.85,-2433.25,309.75,1914.428299780381,-37.75,-1900.75,-225.3,0.0,0.0,0.0,0.0,2580.5684651181896,5944.947258386739,0.0,5944.947258386739,2146.8562629371704,2698.23862793074,3246.7086304559984,5944.947258386739,548.4700025252585,3482.0489560810997,4030.518958606358,5944.947258386739,548.4700025252585,2462.8983023056394,1914.428299780381,0.5759338822768322,0.23860036418301725,0.18546575354015074,0.0,1,-30,scissors
4807.533173312484,1068.0,452.1,-4665.55,2731.6387082665233,-383.5,-2687.85,300.4,2029.4184339361857,-324.2,-1962.3,-403.5,0.0,0.0,0.0,0.0,2392.1475788787984,4807.533173312484,0.0,4807.533173312484,1717.795408980448,2052.656449491073,2754.876723821411,4807.533173312484,702.2202743303376,2075.8944650459607,2778.1147393762985,4807.533173312484,702.2202743303376,2731.6387082665233,2029.4184339361857,0.5024285725262171,0.28547974343067545,0.21209168404310738,0.0,1,-30,scissors
5578.941283747302,18.65,965.95,-5494.65,3821.947755072013,-71.7,-3814.5,227.45,1959.1236746310835,11.65,-1676.8,-1013.1,0.0,0.0,0.0,0.0,2840.0031783625996,5578.941283747302,0.0,5578.941283747302,2080.1180164873654,1858.058601653186,3720.8826820941154,5578.941283747302,1862.8240804409295,1756.9935286752889,3619.8176091162186,5578.941283747302,1862.8240804409295,3821.947755072013,1959.1236746310835,0.4911034366309965,0.33643868642389624,0.17245787694510734,0.0,1,-30,scissors
6864.808788487849,2309.5,1013.3,-6384.75,4187.195227416558,441.0,-4154.65,277.5,3210.2218015271155,-857.95,-1399.65,-2758.7,0.0,0.0,0.0,0.0,3565.5564543578807,6864.808788487849,0.0,6864.808788487849,2455.1454271156445,2943.9176812992037,3920.891107188646,6864.808788487849,976.9734258894423,2677.613561071291,3654.586986960733,6864.808788487849,976.9734258894423,4187.195227416558,3210.2218015271155,0.4813280112349342,0.2935863785229722,0.22508561024209353,0.0,1,-30,scissors
4188.191974468219,1947.65,1427.3,-3422.05,6168.817344921148,632.9,-6135.35,-105.95,15103.172183435505,1392.3,1608.9,-14952.55,0.0,0.0,0.0,0.0,6365.045375706218,15103.172183435505,0.0,15103.172183435505,5514.659076346053,6561.273406491288,-2373.0814320230693,4188.191974468219,-8934.354838514357,1980.625370452929,10914.980208967285,4188.191974468219,8934.354838514357,6168.817344921148,15103.172183435505,0.16449969038922715,0.2422927481580091,0.5932075614527638,0.0,3,-31,scissors
5754.391426119707,1962.85,1350.6,-5237.95,4440.265013768885,291.9,-4430.65,9.4,3029.2412288393275,205.3,-1178.35,-2783.1,0.0,0.0,0.0,0.0,3305.9744171819802,5754.391426119707,0.0,5754.391426119707,2138.189018290541,2171.6838205950744,3582.7076055246325,5754.391426119707,1411.0237849295577,1314.1264123508217,2725.1501972803794,5754.391426119707,1411.0237849295577,4440.265013768885,3029.2412288393275,0.43515093433668817,0.33577581474101187,0.22907325092229988,0.0,1,-30,scissors
7351.546542224976,2596.1,1672.5,-6671.45,3794.6164816091755,453.15,-3767.4,-21.6,1765.7769890334396,-629.45,-1360.1,-933.75,0.0,0.0,0.0,0.0,3227.985003216898,7351.546542224976,0.0,7351.546542224976,2733.2567779128995,2661.3535248246208,4690.1930174003555,7351.546542224976,2028.839492575736,3556.930060615801,5585.769553191537,7351.546542224976,2028.839492575736,3794.6164816091755,1765.7769890334396,0.569360338949738,0.29388430226810164,0.13675535878216036,0.0,1,-30,scissors
7581.470024507121,5438.2,951.7,-5196.05,3956.98136146735,1094.5,-3796.65,212.65,4503.6530519679245,-3874.0,-2149.9,-808.05,0.0,0.0,0.0,0.0,4010.5261094855987,7581.470024507121,0.0,7581.470024507121,2696.386532961161,4064.070857503848,3517.3991670032733,7581.470024507121,-546.6716905005746,3624.488663039771,3077.8169725391963,7581.470024507121,546.6716905005746,3956.98136146735,4503.6530519679245,0.47259822137646806,0.24666223666443624,0.28073954195909573,0.0,1,-30,scissors
10242.684573269842,2622.05,3035.05,9424.75,3317.663745393737,1571.65,-2892.95,409.45,6183.691735120696,-2366.15,-2175.3,5282.75,0.0,0.0,0.0,0.0,4936.010013446068,10242.684573269842,0.0,10242.684573269842,3764.9948226604697,6554.3562814984,3688.3282917714414,10242.684573269842,-2866.027989726959,6925.020827876106,4058.9928381491463,10242.684573269842,2866.027989726959,3317.663745393737,6183.691735120696,0.5187734903985196,0.16803368187848927,0.31319282772299123,0.0,1,-31,scissors
2943.020397482831,2635.9,1083.2,-734.9,5215.368823247307,2199.8,-4717.25,329.4,9418.123360176378,-8950.05,-2460.25,-1595.25,0.0,0.0,0.0,0.0,4394.1281452266285,9418.123360176378,0.0,9418.123360176378,3439.8052278911346,3572.887467205951,-629.86706972312,2943.020397482831,-4202.754536929071,2272.348425764476,6475.102962693547,2943.020397482831,4202.754536929071,5215.368823247307,9418.123360176378,0.16744051949644745,0.29672375559374603,0.5358357249098066,0.0,3,-30,scissors
3809.831042841664,1388.25,1381.45,-3267.9,6741.804145961228,85.7,-6735.95,-267.5,10876.426282906532,4425.15,1298.95,-9850.25,0.0,0.0,0.0,0.0,5357.015367927355,10876.426282906532,0.0,10876.426282906532,3983.495004269509,3972.2265898934843,-162.39554705182036,3809.831042841664,-4134.622136945304,2931.973103119564,7066.5952400648675,3809.831042841664,4134.622136945304,6741.804145961228,10876.426282906532,0.1777963465277354,0.3146250142534896,0.5075786392187751,0.0,3,-30,scissors
5145.284074762053,1803.9,1469.4,-4589.2,4977.383968009701,286.8,-4965.15,-198.45,5050.1711963556245,179.5,-990.65,-4948.8,0.0,0.0,0.0,0.0,3793.209809781845,5145.284074762053,0.0,5145.284074762053,2190.819814783904,2609.035651553988,2536.248423208065,5145.284074762053,-72.78722834592372,167.90010675235226,95.11287840642854,5145.284074762053,72.78722834592372,4977.383968009701,5050.1711963556245,0.33911148689254605,0.3280456537873369,0.3328428593201169,0.0,1,-30,scissors
8072.695066859642,7653.75,1037.7,-2347.7,3803.6195833705556,1226.35,-3600.1,53.55,3747.62791709636,-3322.55,-1731.0,94.95,0.0,0.0,0.0,0.0,3905.9856418316394,8072.695066859642,0.0,8072.695066859642,2857.1728704140523,4008.351700292723,4064.3433665669186,8072.695066859642,55.99166627419572,4269.075483489087,4325.067149763282,8072.695066859642,55.99166627419572,3803.6195833705556,3747.62791709636,0.5166874514593774,0.24344812885608297,0.23986441968453956,0.0,1,-30,scissors
3709.533838974919,3503.8,841.4,-880.95,4857.080411883254,1725.55,-4534.05,-236.85,8259.142830978284,-5154.65,-1618.8,-6246.8,0.0,0.0,0.0,0.0,4206.439270459114,8259.142830978284,0.0,8259.142830978284,2949.1009811575445,3555.798129034975,153.73570993994417,3709.533838974919,-3402.0624190950302,1147.5465729083348,4549.608992003365,3709.533838974919,3402.0624190950302,4857.080411883254,8259.142830978284,0.2204675736689074,0.2886693530793044,0.49086307325178835,0.0,3,-30,scissors
4090.860021438035,1242.3,1185.05,-3713.15,5932.875560805232,-319.5,-5924.1,44.4,3763.804066034788,2628.65,-1276.45,-2372.15,0.0,0.0,0.0,0.0,3446.884912069514,5932.875560805232,0.0,5932.875560805232,2155.011994995049,960.8942633337952,3129.9657581042397,4090.860021438035,2169.0714947704446,1842.0155393671976,327.055955403247,4090.860021438035,2169.0714947704446,5932.875560805232,3763.804066034788,0.29670703590317127,0.4303070534811624,0.27298591061566624,0.0,2,-30,scissors
7834.868091742195,-1511.55,20.3,-7687.65,3409.698406750955,115.85,-3407.55,35.0,1853.052397397332,-282.95,-1739.75,-571.85,0.0,0.0,0.0,0.0,3274.4047239726206,7834.868091742195,0.0,7834.868091742195,2896.4676436136456,3139.1110411942864,4695.757050547909,7834.868091742195,1556.6460093536232,4425.1696849912405,5981.815694344863,7834.868091742195,1556.6460093536232,3409.698406750955,1853.052397397332,0.5981902629798206,0.2603296395973763,0.1414800974228031,0.0,1,-30,scissors
15925.570690716237,8953.35,-3017.25,12820.2,3535.4230885425864,1473.7,-3212.55,83.35,4975.6569890317,-3014.15,-2677.5,2916.0,0.0,0.0,0.0,0.0,6109.162692072631,15925.570690716237,0.0,15925.570690716237,5949.636659487106,8682.902295602675,7242.668395113562,15925.570690716237,-1440.2339004891132,12390.14760217365,10949.913701684538,15925.570690716237,1440.2339004891132,3535.4230885425864,4975.6569890317,0.6517084047942269,0.14467707224143092,0.20361452296434213,0.0,1,-30,scissors
3732.780180040073,3639.6,352.15,750.3,4537.685797848943,2044.8,-4050.6,-45.0,7331.445731573002,-6793.55,-2676.15,660.3,0.0,0.0,0.0,0.0,3900.477927365505,7331.445731573002,0.0,7331.445731573002,2618.1780182045486,3263.270056882066,469.510123158007,3732.780180040073,-2793.759933724059,804.9056178088704,3598.6655515329294,3732.780180040073,2793.759933724059,4537.685797848943,7331.445731573002,0.23925146158699712,0.29084165340437057,0.46990688500863226,0.0,3,-30,scissors
5040.2172795426195,2590.0,549.05,-4288.85,4838.318349385456,667.4,-4751.2,624.5,3736.046891100271,-976.7,-2439.65,-2655.6,0.0,0.0,0.0,0.0,3403.6456300070868,5040.2172795426195,0.0,5040.2172795426195,2026.8168854656467,1968.9729106287177,3071.2443689139022,5040.2172795426195,1102.271458285185,201.8989301571637,1304.1703884423487,5040.2172795426195,1102.271458285185,4838.318349385456,3736.046891100271,0.3702072591743434,0.3553776505645934,0.2744150902610631,0.0,1,-30,scissors
8753.550510078752,3231.6,-618.5,-8111.65,3690.8632709706276,588.15,-3640.8,145.35,2333.5825488934393,-876.95,-2111.4,-467.5,0.0,0.0,0.0,0.0,3694.4990824857045,8753.550510078752,0.0,8753.550510078752,3205.2859407566557,3698.134894000782,5055.41561607797,8753.550510078752,1357.2807220771883,5062.687239108125,6419.9679611853135,8753.550510078752,1357.2807220771883,3690.8632709706276,2333.5825488934393,0.5923367630253447,0.24975397128041574,0.1579092656942397,0.0,1,-30,scissors
6257.977984541013,4358.95,-517.7,4460.25,3868.7852505663845,1858.3,-3391.65,104.55,7374.121329690745,-5092.95,-3164.35,4292.6,0.0,0.0,0.0,0.0,4375.221141199536,7374.121329690745,0.0,7374.121329690745,2825.650943473138,4881.657031832687,1376.3209527083259,6257.977984541013,-3505.336079124361,2389.1927339746285,1116.1433451497323,6257.977984541013,3505.336079124361,3868.7852505663845,7374.121329690745,0.3575806675011454,0.2210622689522898,0.42135706354656477,0.0,3,-31,scissors
5633.843712777272,4746.5,684.3,-2956.8,4131.725569299103,1166.7,-3963.5,-25.2,3015.3520449526286,-2192.5,-2032.05,-395.05,0.0,0.0,0.0,0.0,3195.2303317572514,5633.843712777272,0.0,5633.843712777272,2065.533322357315,2258.7350942153985,3375.1086185618738,5633.843712777272,1116.3735243464744,1502.1181434781693,2618.4916678246436,5633.843712777272,1116.3735243464744,4131.725569299103,3015.3520449526286,0.4408010634462523,0.3232729052608561,0.2359260312928914,0.0,1,-30,scissors
9563.46872152045,4189.75,-207.55,-8594.35,3793.2474276666953,589.35,-3746.15,-88.05,2197.5182138039268,-861.0,-1795.7,-929.1,0.0,0.0,0.0,0.0,3888.558590747768,9563.46872152045,0.0,9563.46872152045,3542.3930710851005,3983.869753828841,5579.598967691609,9563.46872152045,1595.7292138627686,5770.221293853755,7365.950507716523,9563.46872152045,1595.7292138627686,3793.2474276666953,2197.5182138039268,0.6148466390782478,0.24387233335587052,0.14128102756588173,0.0,1,-30,scissors
12086.35137148511,-235.65,85.7,-12083.75,3412.099357433778,422.85,-3385.75,-17.8,2519.8663660003876,-295.0,-2131.2,-1311.75,0.0,0.0,0.0,0.0,4504.579273729819,12086.35137148511,0.0,12086.35137148511,4552.666808290361,5597.0591900258605,6489.29218145925,12086.35137148511,892.2329914333905,8674.252014051333,9566.485005484723,12086.35137148511,892.2329914333905,3412.099357433778,2519.8663660003876,0.6707813669731213,0.18936837105591325,0.13985026197096556,0.0,1,-30,scissors
4570.281934410612,1163.6,866.0,-4334.0,4860.3715763303535,18.4,-4860.3,18.9,5319.5523709707,-639.65,-1725.95,-4990.95,0.0,0.0,0.0,0.0,3687.5514704279167,5319.5523709707,0.0,5319.5523709707,2145.704013795918,2514.731364525479,2055.5505698851325,4570.281934410612,-459.1807946403469,290.08964191974155,749.2704365600885,4570.281934410612,459.1807946403469,4860.3715763303535,5319.5523709707,0.309845297825786,0.329512117682139,0.3606425844920749,0.0,3,-30,scissors
24999.101102889683,7921.3,-8235.8,22234.65,3348.704521527691,1441.6,-3019.55,133.9,4618.177582661801,-3117.2,-2465.65,2351.85,0.0,0.0,0.0,0.0,8241.495801769794,24999.101102889683,0.0,24999.101102889683,9820.990656594216,13134.287082011897,11864.814020877788,24999.101102889683,-1269.4730611341101,21650.39658136199,20380.92352022788,24999.101102889683,1269.4730611341101,3348.704521527691,4618.177582661801,0.7583302140832654,0.10158060508896287,0.14008918082777175,0.0,1,-31,scissors
4567.491609461368,3701.7,897.9,-2520.55,5258.95064342688,1409.1,-5065.9,87.5,3973.2748822602243,-1973.0,-2077.3,-2753.0,0.0,0.0,0.0,0.0,3449.929283787118,5258.95064342688,0.0,5258.95064342688,2043.1230084096994,1640.907924147356,2926.5836853140117,4567.491609461368,1285.6757611666553,691.4590339655115,594.2167272011438,4567.491609461368,1285.6757611666553,5258.95064342688,3973.2748822602243,0.3309844371974677,0.3810911913572566,0.28792437144527566,0.0,2,-31,scissors
6243.342093182145,-2598.75,-377.7,-5664.2,2860.1987020135507,60.55,-2856.25,137.5,2173.4649082743435,-321.95,-2138.05,-221.45,0.0,0.0,0.0,0.0,2819.2514258675096,6243.342093182145,0.0,6243.342093182145,2241.1655676219048,2778.304149721468,3465.0379434606757,6243.342093182145,686.7337937392072,3383.143391168594,4069.877184907801,6243.342093182145,686.7337937392072,2860.1987020135507,2173.4649082743435,0.5536347375669953,0.25363104153910654,0.19273422089389813,0.0,1,-30,scissors
4291.833342815165,399.65,962.4,-4163.4,3957.673151297363,-1142.6,-3786.1,-151.95,2030.9819903189687,608.15,-1859.75,544.4,0.0,0.0,0.0,0.0,2570.122121107874,4291.833342815165,0.0,4291.833342815165,1716.5217148617608,1182.5710909183858,3109.262251896779,4291.833342815165,1926.6911609783942,334.16019151780256,2260.851352496197,4291.833342815165,1926.6911609783942,3957.673151297363,2030.9819903189687,0.41747367834851484,0.38496936768041323,0.19755695397107198,0.0,1,-30,scissors
3784.158787300026,748.55,1249.65,-3492.55,6080.811477303008,-1425.6,-5875.45,-650.4,2758.611544328052,2422.9,-1192.2,-564.05,0.0,0.0,0.0,0.0,3155.8954522327717,6080.811477303008,0.0,6080.811477303008,2183.3093677263214,230.97942716253465,3553.179360137491,3784.158787300026,3322.1999329749565,2296.6526900029826,1025.547242971974,3784.158787300026,3322.1999329749565,6080.811477303008,2758.611544328052,0.29976902313278175,0.48170254443955685,0.21852843242766135,0.0,2,-30,scissors
8025.2466044664325,3195.25,523.3,-7343.1,4155.201874157259,605.75,-4110.7,30.25,3180.2507845294213,-408.2,-1673.25,-2673.5,0.0,0.0,0.0,0.0,3840.1748157882785,8025.2466044664325,0.0,8025.2466044664325,2863.411875138724,3525.147757419297,4500.098847047135,8025.2466044664325,974.951089627838,3870.0447303091732,4844.995819937011,8025.2466044664325,974.951089627838,4155.201874157259,3180.2507845294213,0.522453207824803,0.2705086404578378,0.20703815171735915,0.0,1,-30,scissors
5291.703546354424,866.2,1403.4,-5028.15,4390.622026547036,-224.8,-4365.7,-409.5,1965.2897375450775,496.9,-1555.05,-1094.2,0.0,0.0,0.0,0.0,2911.9038276116344,5291.703546354424,0.0,5291.703546354424,2075.169652700885,1433.1856286762331,3858.517917678191,5291.703546354424,2425.332289001958,901.0815198073888,3326.413808809347,5291.703546354424,2425.332289001958,4390.622026547036,1965.2897375450775,0.45431647640426365,0.37695458765788437,0.16872893593785196,0.0,1,-30,scissors
7227.562127543422,5818.75,232.65,4280.85,3438.178474497797,1583.5,-3036.75,302.9,5910.317230276223,-1174.0,-2580.6,5185.95,0.0,0.0,0.0,0.0,4144.01445807936,7227.562127543422,0.0,7227.562127543422,2752.233273971199,4849.850441660924,2377.7116858824984,7227.562127543422,-2472.138755778426,3789.383653045625,1317.2448972671991,7227.562127543422,2472.138755778426,3438.178474497797,5910.317230276223,0.4360241862484478,0.20741834453512625,0.356557469216426,0.0,1,-31,scissors
1748.1466628975957,-1193.35,626.85,1113.1,2743.064779129359,1395.05,-2337.2,340.2,3022.786286689815,481.75,-1832.15,2355.5,0.0,0.0,0.0,0.0,1878.4994321791924,3022.786286689815,0.0,3022.786286689815,1183.4924593876597,1013.9340852290259,734.2125776685698,1748.1466628975957,-279.72150756045585,994.9181162317634,1274.6396237922193,1748.1466628975957,279.72150756045585,2743.064779129359,3022.786286689815,0.2326520084264308,0.36506063458683213,0.4022873569867371,0.0,3,-31,scissors
1880.5134092848155,304.9,1118.5,-1480.65,2465.003712471849,858.95,-2254.6,505.2,2743.5526102118033,161.95,-2129.0,1722.85,0.0,0.0,0.0,0.0,1772.267432992117,2743.5526102118033,0.0,2743.5526102118033,1069.5708828570137,1079.5311535123847,800.9822557724308,1880.5134092848155,-278.5488977399541,584.4903031870338,863.0392009269879,1880.5134092848155,278.5488977399541,2465.003712471849,2743.5526102118033,0.26526941903315726,0.3477189258494394,0.3870116551174033,0.0,3,-30,scissors
1773.3664102491623,3.15,843.8,-1559.75,2497.09220394442,649.55,-2309.5,692.65,2809.740990287183,224.25,-2035.9,1923.4,0.0,0.0,0.0,0.0,1770.0499011201914,2809.740990287183,0.0,2809.740990287183,1088.8796676719614,1043.0075982959627,730.3588119531996,1773.3664102491623,-312.6487863427633,723.7257936952576,1036.374580038021,1773.3664102491623,312.6487863427633,2497.09220394442,2809.740990287183,0.250468420286749,0.3526866957767848,0.39684488393646616,0.0,3,-31,scissors
1817.5454258422265,-7.75,1272.5,-1297.75,4811.520725820476,-1362.1,-1404.25,4395.85,3125.2015475005765,-100.55,-2332.1,2078.0,0.0,0.0,0.0,0.0,2438.56692479082,4811.520725820476,0.0,4811.520725820476,1763.1401813075568,65.61312376116302,1751.932302081063,1817.5454258422265,1686.3191783199,2993.97529997825,1307.65612165835,1817.5454258422265,1686.3191783199,4811.520725820476,3125.2015475005765,0.18633335498862055,0.49327339316648117,0.3203932518448982,0.0,2,-32,scissors
1904.8422100006078,68.2,1359.05,-1332.95,2803.9480643371407,593.95,-2572.35,944.65,3027.2979755055494,232.9,-2280.0,1977.85,0.0,0.0,0.0,0.0,1934.0220624608246,3027.2979755055494,0.0,3027.2979755055494,1193.0335570153832,1064.0960605845085,840.7461494160998,1904.8422100006078,-223.34991116840865,899.105854336533,1122.4557655049416,1904.8422100006078,223.34991116840865,2803.9480643371407,3027.2979755055494,0.2462280869196641,0.3624503720460967,0.3913215410342391,0.0,3,-30,scissors
2255.926710356522,1063.1,-431.85,-1942.3,2545.019829490529,895.6,-2359.25,330.1,2786.8911900180096,15.35,-2134.6,1791.65,0.0,0.0,0.0,0.0,1896.9594324662653,2786.8911900180096,0.0,2786.8911900180096,1111.2238080500547,1248.8990354420014,1007.0276749145207,2255.926710356522,-241.87136052748065,289.0931191340069,530.9644796614875,2255.926710356522,241.87136052748065,2545.019829490529,2786.8911900180096,0.2973082438857902,0.3354077828356233,0.36728397327858653,0.0,3,-31,scissors
6372.930207330062,1024.55,3062.85,-5493.95,2636.2345310119886,1088.6,-2377.2,337.05,2960.1222293175665,-27.7,-2016.35,2167.0,0.0,0.0,0.0,0.0,2992.3217419149046,6372.930207330062,0.0,6372.930207330062,2264.4170283956864,3348.40895281782,3024.521254512242,6372.930207330062,-323.88769830557794,3736.6956763180738,3412.807978012496,6372.930207330062,323.88769830557794,2636.2345310119886,2960.1222293175665,0.5324402551755492,0.22024992283458114,0.24730982198986962,0.0,1,-31,scissors
6863.362627203957,-3033.05,1800.7,5887.6,3087.0329577929683,1575.2,-2621.8,417.95,10557.857335416122,315.05,227.65,10550.7,0.0,0.0,0.0,0.0,5127.063230103262,10557.857335416122,0.0,10557.857335416122,3967.2648351254684,7167.093502413555,-303.7308752095978,6863.362627203957,-7470.824377623154,3776.329669410989,3694.4947082121644,6863.362627203957,7470.824377623154,3087.0329577929683,10557.857335416122,0.3346634476295373,0.1505263744197472,0.5148101779507155,0.0,3,-31,scissors
1153.8039489011987,-46.3,1040.15,497.2,3492.43681617864,2128.1,-2750.45,321.45,12689.624841775269,-4870.65,-2801.0,11377.95,0.0,0.0,0.0,0.0,4333.966401713777,12689.624841775269,0.0,12689.624841775269,4985.52650197962,5175.4959872489135,-4021.692038347715,1153.8039489011987,-9197.188025596628,2338.6328672774416,11535.82089287407,1153.8039489011987,9197.188025596628,3492.43681617864,12689.624841775269,0.0665558891068555,0.2014573079522276,0.731986802940917,0.0,3,-31,scissors
5027.203463656509,1328.25,143.0,-4846.45,3689.1487802066213,173.65,-3684.6,58.2,4628.166251875575,1883.3,-2238.25,-3586.55,0.0,0.0,0.0,0.0,3336.129623934676,5027.203463656509,0.0,5027.203463656509,1986.4209505868782,2983.1104676627315,2044.0929959937775,5027.203463656509,-939.0174716689535,1338.0546834498873,399.03721178093383,5027.203463656509,939.0174716689535,3689.1487802066213,4628.166251875575,0.3767242306466016,0.27645424459373896,0.34682152475965944,0.0,1,-30,scissors
3655.9026672629016,950.0,933.35,-3404.7,5706.986290065887,-711.15,-5638.55,-520.3,4320.7656885093875,3612.75,-1401.15,-1911.5,0.0,0.0,0.0,0.0,3420.913661459544,5706.986290065887,0.0,5706.986290065887,2109.1308545143556,1134.8410328532009,2521.0616344097007,3655.9026672629016,1386.2206015564998,2051.0836228029857,664.8630212464859,3655.9026672629016,1386.2206015564998,5706.986290065887,4320.7656885093875,0.2671729711020461,0.4170659401873784,0.3157610887105755,0.0,2,-30,scissors
6541.325440229984,3834.5,995.45,-5205.25,4379.1321631688625,1114.1,-4186.45,-639.7,6663.966013756372,-6044.4,-2801.9,151.75,0.0,0.0,0.0,0.0,4396.105904288805,6663.966013756372,0.0,6663.966013756372,2695.88536306296,4413.079645408747,2128.2457948212373,6541.325440229984,-2284.83385058751,2162.193277061122,122.64057352638793,6541.325440229984,2284.83385058751,4379.1321631688625,6663.966013756372,0.37199544225312686,0.24903472860473044,0.3789698291421427,0.0,3,-31,scissors
2393.043712513417,1211.8,1237.1,-1651.6,2561.14695107485,833.05,-2377.25,462.8,2776.0642670874895,159.95,-2196.9,1689.55,0.0,0.0,0.0,0.0,1932.5637326689393,2776.0642670874895,0.0,2776.0642670874895,1123.994484716316,1303.9805142630285,1089.0631982503892,2393.043712513417,-214.91731601263928,168.10323856143305,383.0205545740723,2393.043712513417,214.91731601263928,2561.14695107485,2776.0642670874895,0.309568537386415,0.3313146816040337,0.35911678100955124,0.0,3,-30,scissors
1783.8213839956063,35.6,919.1,-1528.4,2414.931349438323,678.6,-2244.55,577.4,2947.3774770972245,212.3,-2287.0,1847.05,0.0,0.0,0.0,0.0,1786.5325526327883,2947.3774770972245,0.0,2947.3774770972245,1110.6475474394986,1158.133755827254,625.6876281683524,1783.8213839956063,-532.4461276589013,631.1099654427169,1163.5560931016182,1783.8213839956063,532.4461276589013,2414.931349438323,2947.3774770972245,0.24962061023836557,0.33793553689792444,0.4124438528637101,0.0,3,-30,scissors
1854.042640421196,-64.15,1162.0,-1443.3,2314.557708288994,569.6,-2072.05,859.85,3009.6833541919323,121.65,-2319.4,1914.1,0.0,0.0,0.0,0.0,1794.5709257255305,3009.6833541919323,0.0,3009.6833541919323,1114.7764529449894,1274.584143162067,579.4584972591288,1854.042640421196,-695.1256459029382,460.51506786779805,1155.6407137707363,1854.042640421196,695.1256459029382,2314.557708288994,3009.6833541919323,0.2582849490431287,0.32243887314640923,0.41927617781046206,0.0,3,-32,scissors
1698.1719207724523,-45.05,1194.1,-1206.6,4349.508780023326,-329.05,-1124.05,4188.85,2652.483453765546,-207.9,-1856.95,1882.6,0.0,0.0,0.0,0.0,2175.041038640331,4349.508780023326,0.0,4349.508780023326,1574.362481563693,0.573297257336435,1697.5986235151158,1698.1719207724523,1697.0253262577799,2651.3368592508737,954.3115329930938,1698.1719207724523,1697.0253262577799,4349.508780023326,2652.483453765546,0.1951884919185271,0.49993410500685376,0.3048774030746192,0.0,2,-31,scissors
2130.461019357078,640.05,1087.5,-1716.55,2593.931333420374,1027.9,-2358.95,327.5,2815.6405075044645,298.65,-1885.85,2069.35,0.0,0.0,0.0,0.0,1885.0082150704789,2815.6405075044645,0.0,2815.6405075044645,1116.0366819091591,1176.0850967205845,954.3759226364934,2130.461019357078,-221.7091740840906,463.470314063296,685.1794881473866,2130.461019357078,221.7091740840906,2593.931333420374,2815.6405075044645,0.2825532804478284,0.344021223976919,0.37342549557525273,0.0,3,-30,scissors
8450.964352368313,-5625.0,5446.25,-3180.65,2704.7892200687284,1306.2,-2333.75,404.15,3765.797843087172,942.75,-1818.65,3159.9,0.0,0.0,0.0,0.0,3730.3878538810536,8450.964352368313,0.0,8450.964352368313,3051.751236727316,4755.986487693379,3694.9778646749355,8450.964352368313,-1061.0086230184438,5746.175132299585,4685.166509281142,8450.964352368313,1061.0086230184438,2704.7892200687284,3765.797843087172,0.566359630914519,0.181267292170082,0.2523730769153989,0.0,1,-30,scissors
9681.885344936698,-325.9,1656.25,9533.6,3210.7447099543747,1583.9,-2778.15,286.4,5080.361134063208,-1266.2,-2154.35,4423.3,0.0,0.0,0.0,0.0,4493.2477972385705,9681.885344936698,0.0,9681.885344936698,3503.5964239600626,5775.750884522766,3906.1344604139326,9681.885344936698,-1869.6164241088331,6471.140634982323,4601.52421087349,9681.885344936698,1869.6164241088331,3210.7447099543747,5080.361134063208,0.5386908190822975,0.17864275769119678,0.28266642322650565,0.0,1,-31,scissors
6528.79914915446,3823.7,-1214.0,-5150.8,3641.981158998492,630.45,-3566.6,382.0,3565.1912073548033,-1962.0,-2649.65,-1356.65,0.0,0.0,0.0,0.0,3433.992878876939,6528.79914915446,0.0,6528.79914915446,2314.6600759501325,3226.0045987553854,3302.794550399075,6528.79914915446,76.78995164368871,2886.817990155968,2963.6079417996566,6528.79914915446,76.78995164368871,3641.981158998492,3565.1912073548033,0.47530668957659966,0.26514186891598723,0.25955144150741305,0.0,1,-30,scissors
3368.5239976137914,1869.4,835.95,-2674.6,5902.778558865308,1554.7,-5689.45,-236.35,6594.400464977844,-4924.0,-2850.05,-3334.3,0.0,0.0,0.0,0.0,3966.4257553642356,6594.400464977844,0.0,6594.400464977844,2585.813848613866,2030.0729518631642,1338.4510457506271,3368.5239976137914,-691.6219061125366,2534.2545612515164,3225.876467364053,3368.5239976137914,691.6219061125366,5902.778558865308,6594.400464977844,0.21231482733908258,0.3720464545997318,0.41563871806118574,0.0,3,-31,scissors
3643.692962846897,3195.45,440.95,1694.45,4072.30895469634,1952.55,-3573.4,45.4,6436.228598721459,-4067.25,-3030.1,3962.45,0.0,0.0,0.0,0.0,3538.057629066174,6436.228598721459,0.0,6436.228598721459,2302.9236884136308,3003.8063034360084,639.886659410889,3643.692962846897,-2363.919644025119,428.61599184944316,2792.535635874562,3643.692962846897,2363.919644025119,4072.30895469634,6436.228598721459,0.2574642180014889,0.2877503267075935,0.45478545529091774,0.0,3,-31,scissors
7443.470306752086,7324.65,180.25,-1312.35,3973.4533119819084,1246.35,-3769.7,-155.9,2742.4829593818813,-1837.9,-1929.25,-649.1,0.0,0.0,0.0,0.0,3539.851644528969,7443.470306752086,0.0,7443.470306752086,2673.6022306713003,3106.2499770760296,4337.220329676056,7443.470306752086,1230.9703526000271,3470.0169947701775,4700.987347370205,7443.470306752086,1230.9703526000271,3973.4533119819084,2742.4829593818813,0.5256908377965761,0.2806228700377242,0.19368629216569969,0.0,1,-30,scissors
4587.0060807677155,292.15,815.6,-4504.45,2967.8438141182564,-770.25,-2865.95,-33.8,2238.498468281808,-541.75,-1924.3,-1007.2,0.0,0.0,0.0,0.0,2448.3370907919452,4587.0060807677155,0.0,4587.0060807677155,1649.4073967572217,1928.8303674656333,2658.175713302082,4587.0060807677155,729.3453458364484,1619.162266649459,2348.5076124859074,4587.0060807677155,729.3453458364484,2967.8438141182564,2238.498468281808,0.46837975232446355,0.30304689510281757,0.22857335257271882,0.0,1,-30,scissors
5252.054793364213,757.8,997.1,-5100.55,2518.0004711079782,-985.0,-2310.9,172.75,3533.4717803457834,-1152.6,-2672.25,-2004.0,0.0,0.0,0.0,0.0,2825.8817612044936,5252.054793364213,0.0,5252.054793364213,1901.8016349153743,3133.763051301009,2118.291742063204,5252.054793364213,-1015.4713092378051,2734.0543222562346,1718.5830130184295,5252.054793364213,1015.4713092378051,2518.0004711079782,3533.4717803457834,0.4646385833855267,0.2227623697562911,0.3125990468581822,0.0,1,-30,scissors
3977.084916430626,539.35,1217.6,-3747.5,4291.5856099465145,-2488.75,-3496.25,8.15,4793.641941937257,-2805.25,-2791.95,-2704.55,0.0,0.0,0.0,0.0,3265.5781170785995,4793.641941937257,0.0,4793.641941937257,1907.7416486863171,2239.5706242106844,1737.5142922199416,3977.084916430626,-502.05633199074236,314.50069351588854,816.5570255066309,3977.084916430626,502.05633199074236,4291.5856099465145,4793.641941937257,0.304470202047145,0.32854715582380445,0.3669826421290505,0.0,3,-30,scissors
4594.459575129593,436.65,665.75,-4524.95,2799.290492696319,-236.6,-2785.45,146.0,1780.296933800651,-327.9,-1727.8,-276.85,0.0,0.0,0.0,0.0,2293.5117504066407,4594.459575129593,0.0,4594.459575129593,1663.862871865247,1787.7330081169628,2806.72656701263,4594.459575129593,1018.9935588956678,1795.169082433274,2814.162641328942,4594.459575129593,1018.9935588956678,2799.290492696319,1780.296933800651,0.5008105555067456,0.30513147493140197,0.19405796956185242,0.0,1,-30,scissors
8813.632949158933,8737.5,-255.1,1127.45,3824.7095866875957,1415.55,-3553.1,10.1,5004.961551800373,-4334.65,-2183.3,1222.15,0.0,0.0,0.0,0.0,4410.826021911726,8813.632949158933,0.0,8813.632949158933,3143.907780840014,4996.942457135855,3816.6904920230777,8813.632949158933,-1180.2519651127773,4988.923362471338,3808.67139735856,8813.632949158933,1180.2519651127773,3824.7095866875957,5004.961551800373,0.4995454879298865,0.21677966710132804,0.2836748449687854,0.0,1,-30,scissors
2318.5838468772267,2087.95,933.55,-380.5,5674.800109915767,3247.55,-4648.35,222.75,12010.3260898695,-11462.25,-2909.15,2098.0,0.0,0.0,0.0,0.0,5000.927511665624,12010.3260898695,0.0,12010.3260898695,4521.891645643544,4327.054913415481,-2008.4710665382536,2318.5838468772267,-6335.525979953733,3356.2162630385405,9691.742242992274,2318.5838468772267,6335.525979953733,5674.800109915767,12010.3260898695,0.11590769119671725,0.28368738082476735,0.6004049279785154,0.0,3,-31,scissors
4216.112848643878,1472.3,863.35,-3855.2,5243.992818692642,-172.6,-5203.15,630.0,2901.6130332971693,1359.05,-2123.7,-1436.05,0.0,0.0,0.0,0.0,3090.4296751584225,5243.992818692642,0.0,5243.992818692642,1967.9560539809336,936.8665316242027,3279.246317019675,4216.112848643878,2342.3797853954725,1027.8799700487634,1314.499815346709,4216.112848643878,2342.3797853954725,5243.992818692642,2901.6130332971693,0.3410620279223593,0.424212275468121,0.23472569660951967,0.0,2,-30,scissors
5105.061659519893,840.35,1152.95,-4901.65,2485.7669063087956,-1026.65,-2263.3,50.0,3422.7902740308236,-416.6,-2422.3,-2382.1,0.0,0.0,0.0,0.0,2753.404709964878,5105.061659519893,0.0,5105.061659519893,1846.0251171485254,3021.0425136209597,2084.019145898932,5105.061659519893,-937.0233677220281,2619.294753211097,1682.271385489069,5105.061659519893,937.0233677220281,2485.7669063087956,3422.7902740308236,0.46352263808550437,0.22569937660385783,0.3107779853106379,0.0,1,-30,scissors
5045.768636689558,-217.05,635.35,-5000.9,1355.2735397328468,-573.75,-1215.45,173.95,3537.331127064584,2133.4,-2287.8,-1651.45,0.0,0.0,0.0,0.0,2484.5933258717473,5045.768636689558,0.0,5045.768636689558,1943.9935072637381,3613.9131120106476,1431.8555246789103,5045.768636689558,-2182.0575873317375,3690.4950969567108,1508.4375096249737,5045.768636689558,2182.0575873317375,1355.2735397328468,3537.331127064584,0.5077056860924306,0.1363677433264993,0.35592657058107,0.0,1,-29,scissors
4983.917750123893,-596.7,915.7,-4862.6,1157.221185642572,-560.25,-975.9,270.0,3512.5528611680706,2519.8,-1940.35,-1491.2,0.0,0.0,0.0,0.0,2413.422949233634,4983.917750123893,0.0,4983.917750123893,1950.524499170013,3669.6247128246955,1314.293037299197,4983.917750123893,-2355.3316755254987,3826.696564481321,1471.3648889558222,4983.917750123893,2355.3316755254987,1157.221185642572,3512.5528611680706,0.5162706511623358,0.11987343391364946,0.36385591492401465,0.0,1,-30,scissors
5157.206553939836,-600.4,968.2,-5029.8,1220.6371840149718,-597.05,-1024.65,289.1,3708.5853431598416,2376.05,-2147.65,-1869.65,0.0,0.0,0.0,0.0,2521.6072702786623,5157.206553939836,0.0,5157.206553939836,2025.2362158777414,3822.5773565423533,1334.6291973974835,5157.206553939836,-2487.94815914487,3936.5693699248645,1448.6212107799947,5157.206553939836,2487.94815914487,1220.6371840149718,3708.5853431598416,0.5113015233107567,0.12101777291037864,0.3676807037788647,0.0,1,-30,scissors
4800.882860995464,-280.75,949.6,-4697.65,1585.9068304916277,-1089.55,-1138.9,175.75,4857.018028842388,1320.4,-2865.25,-3692.9,0.0,0.0,0.0,0.0,2810.9519300823704,4857.018028842388,0.0,4857.018028842388,2094.5403934732785,4035.9970296731126,764.8858313223523,4800.882860995464,-3271.1111983507603,3214.9760305038367,56.13516784692365,4800.882860995464,3271.1111983507603,1585.9068304916277,4857.018028842388,0.426980163696252,0.1410471318914688,0.43197270441227903,0.0,3,-30,scissors
4260.234967698378,284.3,811.8,-4172.5,3430.8765359598706,-1101.25,-3233.95,315.8,2097.2501919179795,-392.75,-2055.55,137.55,0.0,0.0,0.0,0.0,2447.090423894057,4260.234967698378,0.0,4260.234967698378,1609.8111676252606,1463.3043118282433,2796.9306558701346,4260.234967698378,1333.6263440418911,829.3584317385071,2162.984775780398,4260.234967698378,1333.6263440418911,3430.8765359598706,2097.2501919179795,0.4352347308154496,0.3505056967306825,0.21425957245386784,0.0,1,-30,scissors
4153.693105237796,666.4,1132.05,-3940.5,4838.507105761032,-749.25,-4757.6,463.7,5031.139106107085,3858.75,-1214.55,-2991.2,0.0,0.0,0.0,0.0,3505.8348292764786,5031.139106107085,0.0,5031.139106107085,2050.1930841586523,2173.1625527919246,1980.5305524458713,4153.693105237796,-192.63200034605325,684.8140005232362,877.4460008692895,4153.693105237796,192.63200034605325,4838.507105761032,5031.139106107085,0.296198573771302,0.3450324488589488,0.35876897736974916,0.0,3,-31,scissors
4080.247230254559,1047.5,1168.5,-3766.4,5706.471974433941,-726.5,-5648.65,358.85,4214.8184782977305,3787.15,-1336.4,-1279.15,0.0,0.0,0.0,0.0,3500.384420746557,5706.471974433941,0.0,5706.471974433941,2119.325971150919,1294.296867059174,2785.9503631953844,4080.247230254559,1491.6534961362104,1626.224744179382,134.57124804317164,4080.247230254559,1491.6534961362104,5706.471974433941,4214.8184782977305,0.29141422339723544,0.4075603768411865,0.30102539976157816,0.0,2,-32,scissors
3982.965141072666,909.55,1165.1,-3698.55,5686.705960395701,-1023.8,-5583.2,344.0,3492.5145600984974,3142.3,-1462.55,-429.6,0.0,0.0,0.0,0.0,3290.5464153917164,5686.705960395701,0.0,5686.705960395701,2066.973094896914,894.386870387731,3088.578270684935,3982.965141072666,2194.191400297204,1703.7408193230353,490.4505809741686,3982.965141072666,2194.191400297204,5686.705960395701,3492.5145600984974,0.3026066675767072,0.4320487574492046,0.26534457497408814,0.0,2,-33,scissors
3952.667508784416,881.65,1124.65,-3685.3,5482.706786113954,-981.8,-5373.8,467.35,3228.397409319367,2775.4,-1568.15,-510.5,0.0,0.0,0.0,0.0,3165.9429260544343,5482.706786113954,0.0,5482.706786113954,2000.8389194200238,849.1790659949143,3103.488442789502,3952.667508784416,2254.309376794587,1530.039277329538,724.270099465049,3952.667508784416,2254.309376794587,5482.706786113954,3228.397409319367,0.31212403390594595,0.4329442218456851,0.2549317442483689,0.0,2,-32,scissors
3936.2375912792663,872.7,1098.75,-3677.65,5513.524411390595,-1081.65,-5383.9,492.55,3242.6667856102636,2878.3,-1468.7,-270.55,0.0,0.0,0.0,0.0,3173.107197070031,5513.524411390595,0.0,5513.524411390595,2008.3182364922575,832.6899827494676,3103.5476085297987,3936.2375912792663,2270.857625780331,1577.2868201113283,693.5708056690028,3936.2375912792663,2270.857625780331,5513.524411390595,3242.6667856102636,0.31012485135342194,0.4343947485040568,0.2554804001425214,0.0,2,-32,scissors
3961.5303526541356,861.95,1132.35,-3697.1,5583.480828972192,-1050.25,-5471.95,360.55,3253.637942749623,2932.2,-1403.75,133.6,0.0,0.0,0.0,0.0,3199.6622810939875,5583.480828972192,0.0,5583.480828972192,2031.2425946189733,815.8437332157832,3145.686619438352,3961.5303526541356,2329.842886222569,1621.9504763180566,707.8924099045125,3961.5303526541356,2329.842886222569,5583.480828972192,3253.637942749623,0.3095272254248392,0.43625548092712774,0.25421729364803314,0.0,2,-32,scissors
3949.4150835914934,863.45,1240.4,-3648.8,5732.25734113534,-1237.85,-5593.95,185.0,3457.9048801261147,3195.0,-1320.4,75.0,0.0,0.0,0.0,0.0,3284.8943262132366,5732.25734113534,0.0,5732.25734113534,2076.75449620004,837.531311291134,3111.883772300359,3949.4150835914934,2274.352461009225,1782.8422575438462,491.5102034653787,3949.4150835914934,2274.352461009225,5732.25734113534,3457.9048801261147,0.3005739828580957,0.4362588847525711,0.2631671323893333,0.0,2,-32,scissors
3918.7531374788077,846.55,1196.9,-3634.2,5517.570335301581,-857.2,-5444.25,262.55,2986.98500833198,2492.2,-1590.4,-426.2,0.0,0.0,0.0,0.0,3105.827120278092,5517.570335301581,0.0,5517.570335301581,2008.5840530881678,694.0839052546039,3224.6692322242043,3918.7531374788077,2530.5853269696004,1598.8171978227729,931.7681291468275,3918.7531374788077,2530.5853269696004,5517.570335301581,2986.98500833198,0.31543554951055414,0.4441305102976517,0.24043394019179415,0.0,2,-32,scissors
4066.2125811373908,947.65,1190.9,-3770.65,5539.602835267165,-950.85,-5453.6,203.3,3491.551689793522,2916.8,-1512.45,-1181.4,0.0,0.0,0.0,0.0,3274.3417765495196,5539.602835267165,0.0,5539.602835267165,2032.6682741762218,1009.0807178318742,3057.1318633055166,4066.2125811373908,2048.0511454736425,1473.390254129774,574.6608913438686,4066.2125811373908,2048.0511454736425,5539.602835267165,3491.551689793522,0.3104603045915338,0.42295545282880964,0.2665842425796565,0.0,2,-32,scissors
4071.3561898954504,843.35,1106.75,-3826.2,5030.528603188734,-884.05,-4943.25,298.25,2522.1263712391574,1806.3,-1612.2,-706.55,0.0,0.0,0.0,0.0,2906.0027910808353,5030.528603188734,0.0,5030.528603188734,1901.5698644752426,781.4769789729366,3289.8792109225133,4071.3561898954504,2508.402231949577,959.1724132932841,1549.229818656293,4071.3561898954504,2508.402231949577,5030.528603188734,2522.1263712391574,0.35025398137876385,0.4327704552305093,0.216975563390727,0.0,2,-32,scissors
4273.016398283536,829.2,1137.5,-4034.5,4954.831646484066,-796.6,-4887.25,174.85,2370.3407255076218,1779.55,-1524.25,-358.3,0.0,0.0,0.0,0.0,2899.5471925688057,4954.831646484066,0.0,4954.831646484066,1923.4113738528106,844.2627386535455,3428.7536596299897,4273.016398283536,2584.4909209764446,681.8152482005307,1902.6756727759139,4273.016398283536,2584.4909209764446,4954.831646484066,2370.3407255076218,0.36842100804866773,0.4272073635482387,0.20437162840309367,0.0,2,-32,scissors
4285.207319372074,809.5,1229.6,-4024.4,5003.444886525683,-899.2,-4916.7,227.95,2507.4878170192574,1771.3,-1612.55,-741.4,0.0,0.0,0.0,0.0,2949.0350057292535,5003.444886525683,0.0,5003.444886525683,1929.8787393858356,894.6251249328247,3390.58219443925,4285.207319372074,2495.9570695064253,718.2375671536083,1777.719502352817,4285.207319372074,2495.9570695064253,5003.444886525683,2507.4878170192574,0.3632719949955634,0.4241595027530373,0.21256850225139937,0.0,2,-31,scissors
4834.571129376421,532.45,1246.2,-4640.75,4189.135414975267,-526.8,-4155.85,15.75,1762.6572709973996,382.55,-1660.5,-450.95,0.0,0.0,0.0,0.0,2696.5909538372716,4834.571129376421,0.0,4834.571129376421,1932.7754070074964,1204.0464926992768,3630.524636677144,4834.571129376421,2426.478143977867,645.4357144011537,3071.913858379021,4834.571129376421,2426.478143977867,4189.135414975267,1762.6572709973996,0.44821139098764545,0.38837327265135374,0.16341533636100086,0.0,1,-30,scissors
4629.957356985051,474.15,1199.95,-4446.55,3525.238625611038,-671.95,-3457.45,147.75,1811.5665354880014,-26.2,-1782.5,-322.15,0.0,0.0,0.0,0.0,2491.690629521023,4629.957356985051,0.0,4629.957356985051,1754.3871461658998,1458.142633431007,3171.814723554044,4629.957356985051,1713.6720901230367,1104.7187313740128,2818.3908214970497,4629.957356985051,1713.6720901230367,3525.238625611038,1811.5665354880014,0.4645397488486629,0.35369947053666667,0.1817607806146703,0.0,1,-30,scissors
5236.711581947205,857.5,1097.05,-5048.2,4285.860718105524,-405.65,-4263.5,163.15,1808.0929967786503,250.8,-1709.65,-532.35,0.0,0.0,0.0,0.0,2832.666324207845,5236.711581947205,0.0,5236.711581947205,2059.4268957221607,1379.4719303101656,3857.239651637039,5236.711581947205,2477.7677213268735,950.8508638416806,3428.618585168554,5236.711581947205,2477.7677213268735,4285.860718105524,1808.0929967786503,0.46217158876025144,0.37825322748736256,0.15957518375238597,0.0,1,-30,scissors
10325.89389484029,5254.05,-528.35,-8873.55,3844.3224718407796,862.25,-3734.55,297.45,3553.0790903806237,-2813.3,-2169.15,-67.1,0.0,0.0,0.0,0.0,4430.823864265423,10325.89389484029,0.0,10325.89389484029,3724.8647812009253,5017.325256690066,5308.568638150224,10325.89389484029,291.2433814601559,6481.57142299951,6772.814804459666,10325.89389484029,291.2433814601559,3844.3224718407796,3553.0790903806237,0.5826170375513334,0.21690788155929785,0.2004750808893687,0.0,1,-30,scissors
1231.376772153836,710.75,458.95,894.7,4228.678970139493,2629.45,-3297.8,303.7,14202.032776067657,-12373.4,-2833.95,6369.1,0.0,0.0,0.0,0.0,4915.522129590247,14202.032776067657,0.0,14202.032776067657,5577.775504939991,5602.365289041001,-4370.988516887164,1231.376772153836,-9973.353805928164,2997.3021979856567,12970.65600391382,1231.376772153836,9973.353805928164,4228.678970139493,14202.032776067657,0.06262695699919892,0.2150676397469495,0.7223054032538516,0.0,3,-30,scissors
3868.3911155026713,882.3,925.9,-3650.85,5727.550710818718,-1474.6,-5518.15,424.75,2014.8825337969456,837.75,-1802.0,-332.75,0.0,0.0,0.0,0.0,2902.7060900295837,5727.550710818718,0.0,5727.550710818718,2128.7454058741187,77.86146924044988,3790.5296462622214,3868.3911155026713,3712.668177021772,1859.1595953160463,1853.5085817057256,3868.3911155026713,3712.668177021772,5727.550710818718,2014.8825337969456,0.33317109927096045,0.4932940619179553,0.17353483881108425,0.0,2,-30,scissors
6838.903510980397,-1665.05,-1022.7,-6553.8,1252.3716041974121,3.45,-1226.1,255.15,2562.4404763818416,1678.05,-1924.95,211.7,0.0,0.0,0.0,0.0,2663.4288978899126,6838.903510980397,0.0,6838.903510980397,2575.3506113750655,4074.4861915824135,2764.417319397984,6838.903510980397,-1310.0688721844294,5586.531906782985,4276.463034598555,6838.903510980397,1310.0688721844294,1252.3716041974121,2562.4404763818416,0.6419266078773946,0.1175525659038239,0.24052082621878149,0.0,1,-31,scissors
5219.203419584257,-1766.65,-24.9,-4911.05,1054.5965022225325,-79.4,-1019.4,258.25,2717.167418470934,1642.2,-2076.3,-612.5,0.0,0.0,0.0,0.0,2247.741835069431,5219.203419584257,0.0,5219.203419584257,1970.1448848380942,3440.887167916329,1778.3162516679279,5219.203419584257,-1662.5709162484015,4164.606917361724,2502.036001113323,5219.203419584257,1662.5709162484015,1054.5965022225325,2717.167418470934,0.5804940916872511,0.11729510989303146,0.30221079841971743,0.0,1,-30,scissors
4796.80801314791,471.7,4294.65,-2083.95,2723.965085587552,1139.85,-2420.25,512.95,2895.720985350626,19.25,-1787.8,2277.85,0.0,0.0,0.0,0.0,2604.1235210215223,4796.80801314791,0.0,4796.80801314791,1709.4381881593351,2484.281956455492,2312.526056692418,4796.80801314791,-171.755899763074,2072.842927560358,1901.087027797284,4796.80801314791,171.755899763074,2723.965085587552,2895.720985350626,0.4605011988127834,0.26150498081202955,0.277993820375187,0.0,1,-31,scissors
1594.2078942220803,296.9,-174.2,-1556.6,2587.591083421026,801.85,-2414.7,471.05,2749.0600625486522,-129.45,-1958.45,1924.85,0.0,0.0,0.0,0.0,1732.7147600479395,2749.0600625486522,0.0,2749.0600625486522,1093.761387797636,877.8384366748535,716.3694575472268,1594.2078942220803,-161.46897912762643,993.3831891989455,1154.852168326572,1594.2078942220803,161.46897912762643,2587.591083421026,2749.0600625486522,0.23001591649423775,0.37334348720926147,0.39664059629650084,0.0,3,-31,scissors
1580.906784886446,155.95,1453.5,-601.9,3301.122827539139,1848.4,-2384.4,1339.95,3453.242170048316,11.8,480.35,3419.65,0.0,0.0,0.0,0.0,2083.8179456184753,3453.242170048316,0.0,3453.242170048316,1409.997406741728,866.5130636978117,714.3937211886348,1580.906784886446,-152.11934250917693,1720.216042652693,1872.33538516187,1580.906784886446,152.11934250917693,3301.122827539139,3453.242170048316,0.18966469554244508,0.3960426142888611,0.4142926901686938,0.0,3,-30,scissors
1480.706630295144,-13.6,1011.75,-1081.05,17657.518053438314,-5353.45,-3612.55,16434.05,2450.6635565699344,-450.65,-1513.35,1874.15,0.0,0.0,0.0,0.0,5397.222060075848,17657.518053438314,0.0,17657.518053438314,7132.07830749429,-6863.073933286618,8343.78056358176,1480.706630295144,15206.85449686838,16176.81142314317,969.9569262747905,1480.706630295144,15206.85449686838,17657.518053438314,2450.6635565699344,0.06858651607315631,0.8178984418694721,0.11351504205737158,0.0,2,-29,scissors
4197.698939299959,576.65,716.8,-4095.65,3242.9259122742847,-1005.4,-3080.9,117.45,1975.3761591150178,-570.5,-1760.6,-690.6,0.0,0.0,0.0,0.0,2354.0002526723156,4197.698939299959,0.0,4197.698939299959,1571.153005691577,1465.0745930703463,2732.6243462296134,4197.698939299959,1267.5497531592669,954.7730270256748,2222.3227801849416,4197.698939299959,1267.5497531592669,3242.9259122742847,1975.3761591150178,0.44580485224402955,0.34440585855851547,0.20978928919745496,0.0,1,-30,scissors
5025.629841124394,1002.8,1531.1,-4680.5,3004.145550318759,-1013.15,-2817.45,245.75,3247.8077552404484,-1758.45,-2438.5,-1228.75,0.0,0.0,0.0,0.0,2819.3957866709006,5025.629841124394,0.0,5025.629841124394,1805.1406174388121,2634.6460230230414,2390.9838181013524,5025.629841124394,-243.6622049216894,2021.4842908056353,1777.8220858839459,5025.629841124394,243.6622049216894,3004.145550318759,3247.8077552404484,0.4456300410963745,0.26638203516169046,0.287987923741935,0.0,1,-30,scissors
4127.590111069654,621.35,1656.95,-3729.0,4210.680749296959,-2245.55,-3546.6,-330.1,2014.5261049437906,-959.05,-1719.45,-426.65,0.0,0.0,0.0,0.0,2588.199241327601,4210.680749296959,0.0,4210.680749296959,1734.2178837854344,965.7177333582426,3161.872377711412,4127.590111069654,2196.154644353169,83.09063822730513,2113.0640061258637,4127.590111069654,2196.154644353169,4210.680749296959,2014.5261049437906,0.3986932347751203,0.40671914685527805,0.19458761836960162,0.0,2,-30,scissors
10870.171395727852,-1450.5,2790.6,-10405.25,3557.415173268366,191.3,-3548.45,-164.65,1414.8284507317487,-266.55,-1363.95,-265.2,0.0,0.0,0.0,0.0,3960.6037549319917,10870.171395727852,0.0,10870.171395727852,4185.45218638842,4363.792336595618,6506.379059132234,10870.171395727852,2142.5867225366173,7312.756222459486,9455.342944996102,10870.171395727852,2142.5867225366173,3557.415173268366,1414.8284507317487,0.686143582414148,0.22455005558423066,0.08930636200162133,0.0,1,-30,scissors
4349.301964108723,843.45,1711.9,-3908.25,5618.234191229482,-1203.75,-5416.25,-883.05,1725.7718352957322,1071.95,-1115.65,-764.55,0.0,0.0,0.0,0.0,2923.3269976584847,5618.234191229482,0.0,5618.234191229482,2195.216873627986,228.41980408748668,4120.882160021237,4349.301964108723,3892.46235593375,1268.9322271207593,2623.530128812991,4349.301964108723,3892.46235593375,5618.234191229482,1725.7718352957322,0.371947952417948,0.4804657668924443,0.14758628068960764,0.0,2,-30,scissors
10227.447499987473,10132.95,-476.15,1302.8,3629.06483443049,1333.65,-3374.6,-59.7,2985.8139300699904,-2200.25,-1787.95,936.6,0.0,0.0,0.0,0.0,4210.5815661219885,10227.447499987473,0.0,10227.447499987473,3733.962046628046,4792.098297813487,5435.349202173986,10227.447499987473,643.2509043604996,6598.382665556983,7241.633569917482,10227.447499987473,643.2509043604996,3629.06483443049,2985.8139300699904,0.6072467270481541,0.21547289711887208,0.17728037583297382,0.0,1,-31,scissors
6570.002475265896,-182.35,1906.2,-6284.75,3938.356986739521,-298.25,-3910.7,-357.95,1473.0646124661334,63.4,-1436.7,-319.05,0.0,0.0,0.0,0.0,2995.3560186178875,6570.002475265896,0.0,6570.002475265896,2497.8429153680972,2052.355050496254,4517.647424769642,6570.002475265896,2465.2923742733874,2631.6454885263747,5096.937862799762,6570.002475265896,2465.2923742733874,3938.356986739521,1473.0646124661334,0.548349047194181,0.3287052492475295,0.1229457035582896,0.0,1,-31,scissors
4924.842823380254,229.35,1577.7,-4659.65,3717.419575458224,-658.5,-3656.3,-130.6,1583.6334124411496,-218.6,-1553.55,-215.85,0.0,0.0,0.0,0.0,2556.473952819907,4924.842823380254,0.0,4924.842823380254,1899.9305009798013,1395.52833018159,3529.3144931986644,4924.842823380254,2133.786163017074,1207.4232479220304,3341.2094109391046,4924.842823380254,2133.786163017074,3717.419575458224,1583.6334124411496,0.48160502651982123,0.3635299678447477,0.15486500563543099,0.0,1,-31,scissors
5013.762987517459,128.1,1176.25,-4872.15,3649.306214200173,-574.35,-3603.25,64.4,1705.8822893154147,-62.4,-1682.65,-273.55,0.0,0.0,0.0,0.0,2592.237872758262,5013.762987517459,0.0,5013.762987517459,1903.0568021705817,1535.1695313163502,3478.5934562011084,5013.762987517459,1943.4239248847584,1364.4567733172858,3307.880698202044,5013.762987517459,1943.4239248847584,3649.306214200173,1705.8822893154147,0.4835361600305783,0.3519455383079043,0.16451830166151732,0.0,1,-31,scissors
4946.277737096857,-89.55,706.1,-4894.8,3439.5111622147706,-327.85,-3410.05,307.1,1858.5657971941698,-295.2,-1809.85,-302.6,0.0,0.0,0.0,0.0,2561.0886741264494,4946.277737096857,0.0,4946.277737096857,1838.0333595343768,1682.6661860381282,3263.611551058729,4946.277737096857,1580.9453650206008,1506.7665748820864,3087.711939902687,4946.277737096857,1580.9453650206008,3439.5111622147706,1858.5657971941698,0.4828296055371805,0.33574698105561873,0.18142341340720075,0.0,1,-31,scissors
4676.998672225597,312.4,1152.1,-4522.1,3103.611042801594,-578.15,-3041.15,222.6,1923.71825249957,-303.95,-1863.3,-369.35,0.0,0.0,0.0,0.0,2426.08199188169,4676.998672225597,0.0,4676.998672225597,1707.6236905909243,1748.5529409617868,2928.4457312638106,4676.998672225597,1179.892790302024,1573.387629424003,2753.280419726027,4676.998672225597,1179.892790302024,3103.611042801594,1923.71825249957,0.48194977414985024,0.31981720456966156,0.1982330212804883,0.0,1,-30,scissors
4599.1269717741,275.7,842.7,-4512.85,3086.058173868406,-452.3,-3039.55,283.4,1936.6107907888977,-245.95,-1902.5,-265.45,0.0,0.0,0.0,0.0,2405.4489841078507,4599.1269717741,0.0,4599.1269717741,1679.3931976623307,1724.839794347296,2874.287177426804,4599.1269717741,1149.4473830795082,1513.0687979056938,2662.516180985202,4599.1269717741,1149.4473830795082,3086.058173868406,1936.6107907888977,0.47799049181247294,0.320736190442736,0.20127331774479112,0.0,1,-30,scissors
4364.958324256946,736.7,1331.4,-4091.15,4046.486839222389,-1683.4,-3679.7,-5.3,2305.2967547584844,-1344.45,-1808.05,-487.65,0.0,0.0,0.0,0.0,2679.185479559455,4364.958324256946,0.0,4364.958324256946,1734.1547439942537,1311.884119896521,3053.074204360425,4364.958324256946,1741.1900844639044,318.4714850345572,2059.6615694984616,4364.958324256946,1741.1900844639044,4046.486839222389,2305.2967547584844,0.4073027378618339,0.3775855451306569,0.21511171700750914,0.0,1,-30,scissors
4752.274009355941,-425.1,915.2,-4643.9,3134.4502209318944,-303.65,-3114.25,184.45,1812.255304861873,-210.2,-1784.3,-237.4,0.0,0.0,0.0,0.0,2424.744883787427,4752.274009355941,0.0,4752.274009355941,1744.677959659517,1715.03954664296,3037.2344627129814,4752.274009355941,1322.1949160700215,1617.823788424047,2940.0187044940685,4752.274009355941,1322.1949160700215,3134.4502209318944,1812.255304861873,0.48997670240806296,0.3231731966824397,0.18685010090949736,0.0,1,-30,scissors
4249.18694899389,855.45,1369.15,-3930.55,5244.01453778496,-328.3,-5232.6,-108.65,5298.551467618297,-709.35,-961.35,-5162.1,0.0,0.0,0.0,0.0,3697.9382385992867,5298.551467618297,0.0,5298.551467618297,2175.484830389587,2151.861939413613,2097.3250095802764,4249.18694899389,-54.53692983333622,994.8275887910704,1049.3645186244066,4249.18694899389,54.53692983333622,5244.01453778496,5298.551467618297,0.2872673010490439,0.3545228583760298,0.3582098405749263,0.0,3,-31,scissors
20760.521851401038,6427.05,2267.2,19610.0,3199.812399969723,1484.15,-2820.75,281.9,4778.619887321025,-1307.35,-2387.55,3927.55,0.0,0.0,0.0,0.0,7184.738534672946,20760.521851401038,0.0,20760.521851401038,8024.827158863649,11169.66466937617,9590.857182024869,20760.521851401038,-1578.807487351302,17560.709451431314,15981.901964080012,20760.521851401038,1578.807487351302,3199.812399969723,4778.619887321025,0.7223826500857512,0.11134060009726508,0.16627674981698382,0.0,1,-31,scissors
2135.5090850895485,1855.7,354.2,995.65,4227.623368395061,2494.65,-3413.0,-30.85,11609.13510365867,-5607.45,-5632.7,8461.75,0.0,0.0,0.0,0.0,4493.066889285819,11609.13510365867,0.0,11609.13510365867,4371.916512415172,4758.510410176578,-2623.0013250870297,2135.5090850895485,-7381.511735263608,2092.114283305513,9473.62601856912,2135.5090850895485,7381.511735263608,4227.623368395061,11609.13510365867,0.11882246234648153,0.23523038230725346,0.6459471553462651,0.0,3,-32,scissors
4338.384186825781,3448.55,1018.0,-2427.5,4906.236064693586,1315.95,-4724.6,132.6,4206.231017490599,-2640.9,-1769.55,-2754.4,0.0,0.0,0.0,0.0,3362.7128172524917,4906.236064693586,0.0,4906.236064693586,1959.1936531544836,1819.1895698113972,2519.194617014384,4338.384186825781,700.005047202987,567.8518778678044,132.1531693351826,4338.384186825781,700.005047202987,4906.236064693586,4206.231017490599,0.32253603136785725,0.364752829882023,0.31271113875011963,0.0,2,-31,scissors
13548.514898227775,7077.15,710.05,-11531.35,3599.385537491087,781.35,-3513.35,37.95,2298.452924795285,-1370.65,-1842.65,-94.05,0.0,0.0,0.0,0.0,4861.588340128536,13548.514898227775,0.0,13548.514898227775,5178.333546784261,6123.7911427659865,7424.723755461788,13548.514898227775,1300.9326126958017,9949.129360736688,11250.06197343249,13548.514898227775,1300.9326126958017,3599.385537491087,2298.452924795285,0.6967123679721905,0.185093085102508,0.11819454692530157,0.0,1,-30,scissors
11051.553888028597,7722.3,1530.6,-7756.3,3775.9025507155243,872.1,-3672.8,-86.15,2204.97436096205,-1437.6,-1651.25,-261.9,0.0,0.0,0.0,0.0,4258.107699926542,11051.553888028597,0.0,11051.553888028597,4145.1860817189245,4740.312849137561,6311.241038891036,11051.553888028597,1570.9281897534743,7275.651337313073,8846.579527066548,11051.553888028597,1570.9281897534743,3775.9025507155243,2204.97436096205,0.6488535910105826,0.2216889999506508,0.1294574090387667,0.0,1,-31,scissors
12218.179930742548,6176.9,1043.9,-10490.0,3750.3820875345486,767.3,-3671.05,2.9,2335.7818669559024,-1402.2,-1477.2,-1143.5,0.0,0.0,0.0,0.0,4576.08597130825,12218.179930742548,0.0,12218.179930742548,4610.935704531221,5401.789855081951,6816.390075660597,12218.179930742548,1414.6002205786463,8467.797843208,9882.398063786646,12218.179930742548,1414.6002205786463,3750.3820875345486,2335.7818669559024,0.6675016601168395,0.20489027692274528,0.12760806296041513,0.0,1,-31,scissors
4250.813362463706,1914.45,1376.2,-3537.0,5755.028806400538,731.9,-5695.75,-378.3,5231.270287893753,-1017.25,-444.2,-5112.15,0.0,0.0,0.0,0.0,3809.2781141894993,5755.028806400538,0.0,5755.028806400538,2264.5949210083663,1863.5274219784606,2387.2859404852456,4250.813362463706,523.7585185067846,1504.2154439368323,980.4569254300477,4250.813362463706,523.7585185067846,5755.028806400538,5231.270287893753,0.2789776195803015,0.377698125070151,0.34332425534954747,0.0,2,-31,scissors
10946.736591902629,5201.65,-544.8,-9616.5,3569.975169731577,717.8,-3488.5,244.65,2222.24388231805,-1123.1,-1889.05,-329.4,0.0,0.0,0.0,0.0,4184.738910988064,10946.736591902629,0.0,10946.736591902629,4106.883659934553,4799.502652244551,6147.233939658077,10946.736591902629,1347.7312874135268,7376.761422171052,8724.492709584578,10946.736591902629,1347.7312874135268,3569.975169731577,2222.24388231805,0.6539677160718003,0.21327347091820512,0.1327588130099945,0.0,1,-31,scissors
4871.100977448527,2850.2,1167.55,-3773.7,4820.263961133249,1180.1,-4672.85,82.35,4637.845050775198,-4137.05,-2081.65,247.3,0.0,0.0,0.0,0.0,3582.302497339244,4871.100977448527,0.0,4871.100977448527,2070.0610723314467,2344.341033545238,2526.7599439032897,4871.100977448527,182.4189103580511,50.83701631527856,233.25592667332967,4871.100977448527,182.4189103580511,4820.263961133249,4637.845050775198,0.33994204712377996,0.336394257932817,0.3236636949434029,0.0,1,-31,scissors
14578.297190773003,7989.3,-4713.3,11246.45,3396.737745617109,1449.8,-3071.75,-16.1,4146.733592238595,-2192.8,-2395.65,2578.35,0.0,0.0,0.0,0.0,5530.442132157176,14578.297190773003,0.0,14578.297190773003,5452.449336569831,7664.146518697244,6914.150672075759,14578.297190773003,-749.9958466214857,11181.559445155894,10431.563598534409,14578.297190773003,749.9958466214857,3396.737745617109,4146.733592238595,0.6590023384390186,0.15354729623995697,0.18745036532102455,0.0,1,-31,scissors
3374.3749850898316,3323.3,581.4,63.7,4555.703899783216,1916.75,-4131.1,-120.5,5245.365215359175,-4837.8,-2024.05,-113.0,0.0,0.0,0.0,0.0,3293.861025058056,5245.365215359175,0.0,5245.365215359175,2015.9748879521035,2032.0181503328954,1342.3568347569367,3374.3749850898316,-689.6613155759587,1181.3289146933844,1870.990230269343,3374.3749850898316,689.6613155759587,4555.703899783216,5245.365215359175,0.25611091052561613,0.34577232198973235,0.3981167674846514,0.0,3,-31,scissors
10007.819808904436,3346.75,1215.75,-9352.95,3681.805545177529,505.9,-3646.6,45.45,1906.2360694572958,-562.3,-1698.95,-656.6,0.0,0.0,0.0,0.0,3898.9653558848154,10007.819808904436,0.0,10007.819808904436,3759.593128482789,4116.125166592102,5891.6946423123345,10007.819808904436,1775.5694757202332,6326.014263726907,8101.58373944714,10007.819808904436,1775.5694757202332,3681.805545177529,1906.2360694572958,0.6416971488217611,0.23607580531720287,0.12222704586103601,0.0,1,-30,scissors
6338.546317965974,889.75,1471.65,-6100.8,4481.368669837375,44.25,-4462.05,-413.3,1741.7315967163254,-129.05,-1414.5,-1008.05,0.0,0.0,0.0,0.0,3140.4116461299186,6338.546317965974,0.0,6338.546317965974,2441.5529026833674,1799.4546224224623,4539.091695543512,6338.546317965974,2739.6370731210495,1857.1776481285988,4596.814721249648,6338.546317965974,2739.6370731210495,4481.368669837375,1741.7315967163254,0.5045951798848785,0.35675009957372805,0.1386547205413935,0.0,1,-30,scissors
18182.476757787976,-709.55,-548.35,-18160.35,3263.5137861666835,519.7,-3221.8,-20.95,1756.4157153134333,-572.45,-1653.2,155.65,0.0,0.0,0.0,0.0,5800.601564817023,18182.476757787976,0.0,18182.476757787976,7241.375307736252,8337.689343467362,9844.787414320614,18182.476757787976,1507.0980708532502,14918.962971621291,16426.061042474543,18182.476757787976,1507.0980708532502,3263.5137861666835,1756.4157153134333,0.7836461681867617,0.14065410930657626,0.07569972250666206,0.0,1,-31,scissors
16624.718996497355,8474.25,-6137.2,12919.1,3345.116740489037,1448.85,-3014.65,50.25,4205.505871473728,-1982.95,-2409.1,2819.65,0.0,0.0,0.0,0.0,6043.83540211503,16624.718996497355,0.0,16624.718996497355,6307.645794659927,8742.554063741023,7882.164932756332,16624.718996497355,-860.3891309846908,13279.602256008318,12419.213125023627,16624.718996497355,860.3891309846908,3345.116740489037,4205.505871473728,0.6876725576725485,0.13836895439435773,0.1739584879330937,0.0,1,-31,scissors
8168.117549043966,6146.3,-1200.45,5244.05,3545.8484940138096,1518.25,-3203.8,60.2,4044.910595427296,-2079.8,-2256.25,2635.35,0.0,0.0,0.0,0.0,3939.719159621268,8168.117549043966,0.0,8168.117549043966,2896.8491217076003,4333.589825228726,3834.5277238152394,8168.117549043966,-499.0621014134863,4622.269055030157,4123.206953616671,8168.117549043966,499.0621014134863,3545.8484940138096,4044.910595427296,0.5183185157434662,0.2250064249728576,0.25667505928367623,0.0,1,-31,scissors
15186.989323595377,14393.35,-1278.3,-4673.55,3383.548460566214,990.15,-3228.45,212.4,2496.3035958192268,-1372.1,-1980.9,651.85,0.0,0.0,0.0,0.0,5266.710344995205,15186.989323595377,0.0,15186.989323595377,5860.282098802538,7149.872229424196,8037.1170941711825,15186.989323595377,887.2448647469873,11803.440863029162,12690.68572777615,15186.989323595377,887.2448647469873,3383.548460566214,2496.3035958192268,0.7208954133023051,0.1606101455618068,0.118494441135888,0.0,1,-30,scissors
6719.165021414491,3554.2,764.85,-5650.65,4015.982256248152,817.45,-3931.7,40.3,2518.069386454631,-1606.65,-1917.65,-286.3,0.0,0.0,0.0,0.0,3313.3041660293184,6719.165021414491,0.0,6719.165021414491,2434.3391051777817,2610.626075810485,4108.538945604007,6719.165021414491,1497.9128697935212,2703.182765166339,4201.09563495986,6719.165021414491,1497.9128697935212,4015.982256248152,2518.069386454631,0.5069837151011384,0.3030194373205499,0.18999684757831176,0.0,1,-30,scissors
19092.108816209904,13106.2,-964.5,-13849.4,3475.038419931498,900.7,-3355.3,81.2,2706.44599290287,-1810.65,-2004.0,174.3,0.0,0.0,0.0,0.0,6318.398307261068,19092.108816209904,0.0,19092.108816209904,7487.000940057738,9161.758194590639,9930.350621619265,19092.108816209904,768.5924270286282,15617.070396278406,16385.662823307033,19092.108816209904,768.5924270286282,3475.038419931498,2706.44599290287,0.7554172706344485,0.1374968089594005,0.10708592040615092,0.0,1,-30,scissors
17363.196841235775,8594.85,1713.05,14989.15,3275.9239959895285,1447.05,-2927.65,258.05,4487.987516415348,-1745.65,-2265.65,3458.55,0.0,0.0,0.0,0.0,6281.777088410163,17363.196841235775,0.0,17363.196841235775,6605.138548293301,9287.630180830798,8075.566660404977,17363.196841235775,-1212.0635204258197,14087.272845246247,12875.209324820426,17363.196841235775,1212.0635204258197,3275.9239959895285,4487.987516415348,0.6910145249053312,0.13037409437982075,0.178611380714848,0.0,1,-31,scissors
3484.025323530241,2548.25,-226.7,2365.05,3886.593363409658,2011.1,-3325.15,-66.8,6040.081463233753,-3860.55,-2399.3,3977.7,0.0,0.0,0.0,0.0,3352.675037543413,6040.081463233753,0.0,6040.081463233753,2165.9238721924817,2818.756711677168,665.2686118530728,3484.025323530241,-2153.488099824095,402.56803987941703,2556.056139703512,3484.025323530241,2153.488099824095,3886.593363409658,6040.081463233753,0.25979443910578576,0.28981285987214706,0.4503927010220672,0.0,3,-31,scissors
10128.111522144689,4696.65,866.15,-8931.4,3900.789684474158,709.1,-3832.3,-163.75,2753.937817471556,-1138.0,-1742.25,-1803.8,0.0,0.0,0.0,0.0,4195.709756022601,10128.111522144689,0.0,10128.111522144689,3706.853626826499,4490.629827571043,5637.481694573646,10128.111522144689,1146.851867002602,6227.321837670531,7374.173704673132,10128.111522144689,1146.851867002602,3900.789684474158,2753.937817471556,0.6034802280833776,0.23242728354093672,0.16409248837568552,0.0,1,-31,scissors
8025.892216133979,3999.8,909.15,-6898.55,3981.03345690538,794.65,-3898.6,-134.45,2660.9250999417477,-1625.85,-1731.05,-1200.25,0.0,0.0,0.0,0.0,3666.9626932452766,8025.892216133979,0.0,8025.892216133979,2896.4475682674365,3352.891929585174,4673.000286548806,8025.892216133979,1320.108356963632,4044.858759228599,5364.967116192231,8025.892216133979,1320.108356963632,3981.03345690538,2660.9250999417477,0.5471757478551705,0.27141218700142744,0.181412065143402,0.0,1,-31,scissors
12243.970668149283,11665.15,-130.6,-3717.8,3559.8327910170165,1126.9,-3375.8,-80.5,2888.059727135157,-2118.45,-1877.35,573.25,0.0,0.0,0.0,0.0,4672.965796575364,12243.970668149283,0.0,12243.970668149283,4571.150808771985,5786.0988021337125,6457.87186601557,12243.970668149283,671.7730638818593,8684.137877132267,9355.910941014125,12243.970668149283,671.7730638818593,3559.8327910170165,2888.059727135157,0.6550428144114823,0.19044825845001265,0.1545089271385051,0.0,1,-31,scissors
9868.661143488513,7319.2,938.75,-6552.75,3826.031367487726,979.75,-3686.6,-295.95,2448.6027924103983,-1776.15,-1536.05,-693.9,0.0,0.0,0.0,0.0,4035.823825846659,9868.661143488513,0.0,9868.661143488513,3635.6962404714773,4245.616284205593,5623.04485928292,9868.661143488513,1377.4285750773279,6042.6297760007865,7420.058351078114,9868.661143488513,1377.4285750773279,3826.031367487726,2448.6027924103983,0.6113163984194854,0.2370043597409185,0.15167924183959614,0.0,1,-31,scissors
7090.669786769089,750.25,3854.85,-5903.8,2170.926172742869,-1288.85,-1594.25,714.25,1105.2476340169203,797.95,-408.2,-646.7,0.0,0.0,0.0,0.0,2591.7108983822195,7090.669786769089,0.0,7090.669786769089,2708.5157043031572,3012.4956240215697,4078.174162747519,7090.669786769089,1065.6785387259486,4919.74361402622,5985.422152752169,7090.669786769089,1065.6785387259486,2170.926172742869,1105.2476340169203,0.683975765892251,0.2094105262760972,0.10661370783165192,0.0,1,-32,scissors
7096.611145821645,746.45,3859.7,-5908.25,2173.534246912158,-1288.1,-1598.65,713.7,1101.7926994221734,795.3,-403.85,-646.8,0.0,0.0,0.0,0.0,2592.9845230389938,7096.611145821645,0.0,7096.611145821645,2711.356352599237,3012.43479916583,4084.1763466558145,7096.611145821645,1071.7415474899844,4923.076898909487,5994.818446399471,7096.611145821645,1071.7415474899844,2173.534246912158,1101.7926994221734,0.6842126401803946,0.20955912266348223,0.10622823715612324,0.0,1,-31,scissors
7097.833169355279,750.0,3862.1,-5907.7,2173.001933386163,-1287.15,-1598.2,714.8,1097.590308357358,793.85,-401.4,-642.95,0.0,0.0,0.0,0.0,2592.1063527747,7097.833169355279,0.0,7097.833169355279,2712.4627283669806,3011.210772163237,4086.6223971920426,7097.833169355279,1075.4116250288048,4924.831235969116,6000.2428609979215,7097.833169355279,1075.4116250288048,2173.001933386163,1097.590308357358,0.6845623021753582,0.20957877857327206,0.10585891925136974,0.0,1,-31,scissors
7100.406275171865,749.75,3865.5,-5908.6,2174.106440586569,-1286.95,-1598.9,716.95,1097.1455577998756,793.5,-406.75,-639.25,0.0,0.0,0.0,0.0,2592.914568389577,7100.406275171865,0.0,7100.406275171865,2713.549917848959,3011.7226961925853,4088.683578979279,7100.406275171865,1076.9608827866934,4926.299834585296,6003.260717371989,7100.406275171865,1076.9608827866934,2174.106440586569,1097.1455577998756,0.6845970131192779,0.20961994535910183,0.10578304152162034,0.0,1,-31,scissors
7099.669470123239,751.85,3864.35,-5908.2,2172.9191011172043,-1287.5,-1596.1,718.6,1101.7268547602896,794.15,-407.2,-646.0,0.0,0.0,0.0,0.0,2593.578856500183,7099.669470123239,0.0,7099.669470123239,2712.6592546779993,3014.238611883162,4085.4308582400768,7099.669470123239,1071.1922463569147,4926.750369006035,5997.942615362949,7099.669470123239,1071.1922463569147,2172.9191011172043,1101.7268547602896,0.6843506466296196,0.20945180591591653,0.1061975474544639,0.0,1,-31,scissors
7098.804047337832,753.45,3865.2,-5906.4,2170.1091355044796,-1286.5,-1592.9,719.0,1099.1005106449547,794.0,-404.9,-643.15,0.0,0.0,0.0,0.0,2592.003423371817,7098.804047337832,0.0,7098.804047337832,2712.770148202531,3013.897711239154,4084.906336098679,7098.804047337832,1071.0086248595248,4928.694911833352,5999.703536692878,7098.804047337832,1071.0086248595248,2170.1091355044796,1099.1005106449547,0.6846831280515178,0.20930808925027242,0.10600878269820974,0.0,1,-31,scissors
7097.091713864207,751.75,3863.15,-5905.9,2177.834794583832,-1292.4,-1597.35,721.9,1101.529348224549,797.55,-408.0,-640.95,0.0,0.0,0.0,0.0,2594.113964168147,7097.091713864207,0.0,7097.091713864207,2711.426426077761,3010.393133752462,4086.6985801117453,7097.091713864207,1076.3054463592828,4919.256919280375,5995.562365639658,7097.091713864207,1076.3054463592828,2177.834794583832,1101.529348224549,0.683961056828514,0.20988233599850697,0.10615660717297898,0.0,1,-31,scissors
7100.028970363431,746.4,3860.1,-5912.1,2173.784102665212,-1287.4,-1596.75,719.95,1102.1591933563861,796.45,-406.65,-644.25,0.0,0.0,0.0,0.0,2593.9930665962574,7100.028970363431,0.0,7100.028970363431,2712.7155893265967,3014.2020305273027,4085.8269398361285,7100.028970363431,1071.6249093088256,4926.2448676982185,5997.869777007045,7100.028970363431,1071.6249093088256,2173.784102665212,1102.1591933563861,0.6842760165585011,0.20950172637870343,0.10622225706279537,0.0,1,-32,scissors
7096.81250580146,746.9,3857.15,-5910.1,2175.291964311917,-1292.0,-1595.2,719.7,1099.144525301382,796.75,-405.95,-639.15,0.0,0.0,0.0,0.0,2592.81224885369,7096.81250580146,0.0,7096.81250580146,2711.7365344358714,3010.3325333954626,4086.479972405998,7096.81250580146,1076.1474390105352,4921.520541489543,5997.667980500079,7096.81250580146,1076.1474390105352,2175.291964311917,1099.144525301382,0.6842775165208199,0.20974252621585276,0.10597995726332725,0.0,1,-26,scissors
7099.409015368815,751.95,3859.95,-5910.75,2172.475144276684,-1290.1,-1595.55,713.8,1099.50313664855,795.25,-408.75,-639.85,0.0,0.0,0.0,0.0,2592.846824073512,7099.409015368815,0.0,7099.409015368815,2712.8741748866464,3013.21850387034,4086.1905114984743,7099.409015368815,1072.9720076281342,4926.933871092131,5999.905878720265,7099.409015368815,1072.9720076281342,2172.475144276684,1099.50313664855,0.6845187449422131,0.2094681340318824,0.10601312102590457,0.0,1,-26,scissors
7101.035428900493,755.4,3865.25,-5908.8,2176.1845262982642,-1295.7,-1596.0,713.95,1103.3804704180693,799.1,-405.95,-643.5,0.0,0.0,0.0,0.0,2595.150106404207,7101.035428900493,0.0,7101.035428900493,2712.8728047229265,3014.1156865101493,4086.9197423903443,7101.035428900493,1072.804055880195,4924.850902602228,5997.654958482423,7101.035428900493,1072.804055880195,2176.1845262982642,1103.3804704180693,0.684067889885911,0.20963956197831907,0.10629254813576983,0.0,1,-26,scissors
7098.853633510132,751.9,3863.3,-5907.9,2172.721393782461,-1284.75,-1598.45,717.7,1098.6897389618234,793.4,-406.15,-642.4,0.0,0.0,0.0,0.0,2592.5661915636038,7098.853633510132,0.0,7098.853633510132,2712.7459555285286,3012.410989344747,4086.4426441653845,7098.853633510132,1074.0316548206374,4926.132239727671,6000.163894548308,7098.853633510132,1074.0316548206374,2172.721393782461,1098.6897389618234,0.6845392854973491,0.20951455365466193,0.10594616084798901,0.0,1,-26,scissors
7100.226366285796,750.7,3863.15,-5909.8,2177.3314733866314,-1291.05,-1600.05,716.8,1101.6536536044348,796.7,-410.85,-640.4,0.0,0.0,0.0,0.0,2594.8028733192155,7100.226366285796,0.0,7100.226366285796,2712.7301637122596,3012.274273251799,4087.952093033996,7100.226366285796,1075.6778197821966,4922.894892899165,5998.572712681361,7100.226366285796,1075.6778197821966,2177.3314733866314,1101.6536536044348,0.6840814806485994,0.2097781199272217,0.10614039942417894,0.0,1,-26,scissors
7100.142092240127,751.4,3862.4,-5910.1,2173.622631116082,-1285.95,-1600.5,713.7,1095.6278531052412,793.6,-406.15,-636.9,0.0,0.0,0.0,0.0,2592.3481441153626,7100.142092240127,0.0,7100.142092240127,2713.668083231926,3011.0736571146426,4089.068435125484,7100.142092240127,1077.994778010841,4926.519461124044,6004.514239134885,7100.142092240127,1077.994778010841,2173.622631116082,1095.6278531052412,0.6847211193794966,0.20961908955498623,0.10565979106551714,0.0,1,-26,scissors
7104.318780854361,747.8,3857.3,-5918.9,2172.4218541756572,-1284.6,-1598.5,716.95,1099.1732961639852,795.05,-405.1,-641.85,0.0,0.0,0.0,0.0,2593.978482798501,7104.318780854361,0.0,7104.318780854361,2714.960704624173,3015.535111421344,4088.7836694330167,7104.318780854361,1073.248558011672,4931.8969266787035,6005.145484690375,7104.318780854361,1073.248558011672,2172.4218541756572,1099.1732961639852,0.6846933029673691,0.20937161473983687,0.10593508229279408,0.0,1,-26,scissors
7098.951233985201,747.0,3861.6,-5909.75,2170.0618568372656,-1285.6,-1594.8,716.25,1102.2385086722384,797.4,-408.4,-642.1,0.0,0.0,0.0,0.0,2592.8128998736765,7098.951233985201,0.0,7098.951233985201,2712.4016977576644,3015.563942910087,4083.3872910751143,7098.951233985201,1067.8233481650273,4928.889377147935,5996.712725312962,7098.951233985201,1067.8233481650273,2170.0618568372656,1102.2385086722384,0.6844835616880672,0.20923818461245242,0.10627825369948021,0.0,1,-27,scissors
7103.324442118634,745.5,3862.2,-5914.8,2173.6044885167125,-1288.55,-1595.6,719.9,1102.919187882775,796.9,-411.75,-641.75,0.0,0.0,0.0,0.0,2594.96202962953,7103.324442118634,0.0,7103.324442118634,2713.986624719434,3016.3195707423483,4087.0048713762853,7103.324442118634,1070.6853006339375,4929.719953601922,6000.405254235859,7103.324442118634,1070.6853006339375,2173.6044885167125,1102.919187882775,0.6843379942569661,0.20940619397300267,0.10625581177003131,0.0,1,-27,scissors
7096.602296345766,750.7,3858.4,-5908.55,2174.5981347136303,-1287.95,-1600.15,713.85,1099.1953602522165,793.6,-411.2,-639.8,0.0,0.0,0.0,0.0,2592.5989478279034,7096.602296345766,0.0,7096.602296345766,2711.6689705274957,3010.599760942176,4086.00253540359,7096.602296345766,1075.4027744614139,4922.004161632136,5997.40693609355,7096.602296345766,1075.4027744614139,2174.5981347136303,1099.1953602522165,0.6843135439720966,0.20969287754046215,0.1059935784874411,0.0,1,-26,scissors
7101.557887006203,749.3,3862.35,-5912.1,2172.3331115415976,-1286.65,-1596.55,717.35,1104.1509985051864,797.45,-409.45,-644.65,0.0,0.0,0.0,0.0,2594.510499263247,7101.557887006203,0.0,7101.557887006203,2713.1331553367922,3016.6878869848956,4084.870000021307,7101.557887006203,1068.1821130364112,4929.224775464605,5997.4068885010165,7101.557887006203,1068.1821130364112,2172.3331115415976,1104.1509985051864,0.6842868711672977,0.20932013111514355,0.10639299771755865,0.0,1,-26,scissors
7100.098371325569,751.2,3863.2,-5909.55,2170.892819786366,-1286.5,-1595.25,716.15,1100.6056707558798,794.9,-406.9,-643.35,0.0,0.0,0.0,0.0,2592.8992154669536,7100.098371325569,0.0,7100.098371325569,2713.070216273596,3014.905611147541,4085.192760178027,7100.098371325569,1070.2871490304863,4929.205551539203,5999.492700569689,7100.098371325569,1070.2871490304863,2170.892819786366,1100.6056707558798,0.6845713794979607,0.20931133833092422,0.1061172821711152,0.0,1,-26,scissors
7105.058411793671,750.1,3863.35,-5915.55,2176.6546688668827,-1290.85,-1599.85,715.55,1101.7020536424538,797.3,-404.85,-643.55,0.0,0.0,0.0,0.0,2595.853783575752,7105.058411793671,0.0,7105.058411793671,2714.755998919692,3015.0528982846217,4090.0055135090506,7105.058411793671,1074.9526152244289,4928.403742926788,6003.356358151217,7105.058411793671,1074.9526152244289,2176.6546688668827,1101.7020536424538,0.6842698977065027,0.2096280116621757,0.10610209063132157,0.0,1,-28,scissors
7103.653580200825,750.75,3866.15,-5911.95,2174.113460700706,-1288.7,-1599.4,712.7,1101.6860419375387,799.85,-403.9,-640.95,0.0,0.0,0.0,0.0,2594.863270709767,7103.653580200825,0.0,7103.653580200825,2714.2731111563567,3015.6130807188283,4088.0404994819955,7103.653580200825,1072.4274187631675,4929.540119500119,6001.967538263286,7103.653580200825,1072.4274187631675,2174.113460700706,1101.6860419375387,0.6843957502872375,0.20946320035833965,0.10614104935442291,0.0,1,-27,scissors
7102.78657658387,750.8,3864.7,-5911.85,2173.5947402862384,-1289.1,-1598.35,712.75,1095.1688146126148,796.75,-403.9,-633.6,0.0,0.0,0.0,0.0,2592.887532870681,7102.78657658387,0.0,7102.78657658387,2714.830701329973,3012.1803254551232,4090.6062511287473,7102.78657658387,1078.4259256736236,4929.191836297631,6007.617761971254,7102.78657658387,1078.4259256736236,2173.5947402862384,1095.1688146126148,0.6848336542310528,0.20957279410802018,0.10559355166092696,0.0,1,-28,scissors
7100.322658513485,751.35,3861.9,-5910.65,2176.8540379409915,-1292.9,-1597.95,716.7,1097.7042657291627,795.7,-403.95,-639.25,0.0,0.0,0.0,0.0,2593.7202405459097,7100.322658513485,0.0,7100.322658513485,2713.332419167889,3010.586443150828,4089.7362153626573,7100.322658513485,1079.1497722118288,4923.468620572494,6002.618392784323,7100.322658513485,1079.1497722118288,2176.8540379409915,1097.7042657291627,0.6843763012215858,0.20981966404006058,0.10580403473835374,0.0,1,-28,scissors
7101.382821324309,746.5,3860.35,-5913.55,2177.245430010131,-1292.8,-1598.25,717.4,1100.895829540652,795.85,-409.45,-641.05,0.0,0.0,0.0,0.0,2594.881020218773,7101.382821324309,0.0,7101.382821324309,2713.317951725964,3012.516610427415,4088.866210896894,7101.382821324309,1076.349600469479,4924.137391314178,6000.486991783657,7101.382821324309,1076.349600469479,2177.245430010131,1100.895829540652,0.6841722959542087,0.2097635125700839,0.10606419147570743,0.0,1,-27,scissors
7096.067729735955,753.55,3865.35,-5903.0,2174.143990171764,-1292.0,-1595.3,716.0,1100.786379139931,794.8,-409.55,-642.1,0.0,0.0,0.0,0.0,2592.749524761912,7096.067729735955,0.0,7096.067729735955,2711.2455428680514,3011.3550593520613,4084.712670383894,7096.067729735955,1073.3576110318331,4921.923739564191,5995.281350596024,7096.067729735955,1073.3576110318331,2174.143990171764,1100.786379139931,0.6842222572953297,0.2096369095247845,0.10614083317988596,0.0,1,-27,scissors
7100.171900735925,750.2,3863.3,-5909.7,2173.9759048802725,-1290.15,-1597.15,714.7,1098.1293878682968,794.6,-406.55,-639.7,0.0,0.0,0.0,0.0,2593.0692983711238,7100.171900735925,0.0,7100.171900735925,2713.3220810880684,3012.1626918619745,4088.0092088739502,7100.171900735925,1075.8465170119757,4926.195995855653,6002.042512867629,7100.171900735925,1075.8465170119757,2173.9759048802725,1098.1293878682968,0.6845335665726333,0.2095948521551168,0.1058715812722498,0.0,1,-26,scissors
7100.576942932173,748.15,3862.3,-5911.1,2174.0360312101548,-1288.65,-1597.95,715.8,1098.0936799745275,792.6,-406.1,-642.4,0.0,0.0,0.0,0.0,2593.176663529214,7100.576942932173,0.0,7100.576942932173,2713.4928820806763,3012.317295848273,4088.2596470839003,7100.576942932173,1075.9423512356273,4926.540911722018,6002.483262957645,7100.576942932173,1075.9423512356273,2174.0360312101548,1098.0936799745275,0.6845442737083481,0.20959197090060336,0.10586375539104846,0.0,1,-26,scissors
7098.708630448217,749.8,3861.3,-5909.3,2179.2308052383987,-1293.0,-1602.2,714.25,1104.1534698582439,802.8,-404.15,-641.35,0.0,0.0,0.0,0.0,2595.523226386215,7098.708630448217,0.0,7098.708630448217,2711.683182668044,3011.8156475340315,4086.892982914186,7098.708630448217,1075.0773353801549,4919.477825209819,5994.555160589974,7098.708630448217,1075.0773353801549,2179.2308052383987,1104.1534698582439,0.6837454350516305,0.2099028418513301,0.10635172309703937,0.0,1,-27,scissors
7103.819120374617,750.15,3861.75,-5915.1,2174.065450946682,-1286.6,-1599.35,716.45,1096.768865805371,791.65,-405.4,-641.75,0.0,0.0,0.0,0.0,2593.6633592816675,7103.819120374617,0.0,7103.819120374617,2715.0207245930437,3013.2612676166527,4090.557852757964,7103.819120374617,1077.2965851413112,4929.753669427935,6007.050254569246,7103.819120374617,1077.2965851413112,2174.065450946682,1096.768865805371,0.6847283298112816,0.20955547711758593,0.10571619307113246,0.0,1,-27,scissors
7102.90871984851,752.65,3865.1,-5911.5,2175.1778657158134,-1293.05,-1596.15,715.35,1099.6643965319602,793.15,-408.95,-642.6,0.0,0.0,0.0,0.0,2594.437745524071,7102.90871984851,0.0,7102.90871984851,2714.200801037016,3013.6976253323282,4089.211094516182,7102.90871984851,1075.5134691838532,4927.730854132697,6003.24432331655,7102.90871984851,1075.5134691838532,2175.1778657158134,1099.6643965319602,0.6844362263174807,0.20960012140091186,0.10596365228160738,0.0,1,-28,scissors
7101.888996245999,752.05,3867.7,-5908.65,2176.0621711017357,-1292.5,-1598.85,713.0,1095.0993995980457,791.45,-405.7,-638.95,0.0,0.0,0.0,0.0,2593.2626417364454,7101.888996245999,0.0,7101.888996245999,2714.372490392414,3010.4631123711542,4091.4258838748447,7101.888996245999,1080.96277150369,4925.826825144263,6006.789596647954,7101.888996245999,1080.96277150369,2176.0621711017357,1095.0993995980457,0.6846480647531504,0.2097803492866275,0.10557158596022195,0.0,1,-26,scissors
7103.582553015063,751.35,3865.75,-5912.05,2174.992529872229,-1290.35,-1596.6,718.65,1097.9601245036179,795.1,-407.55,-638.15,0.0,0.0,0.0,0.0,2594.133801847727,7103.582553015063,0.0,7103.582553015063,2714.7225134414853,3013.2750738232257,4090.307479191837,7103.582553015063,1077.0324053686113,4928.590023142834,6005.622428511446,7103.582553015063,1077.0324053686113,2174.992529872229,1097.9601245036179,0.6845813569789061,0.20960681830704378,0.10581182471405025,0.0,1,-26,scissors
7101.650314891603,751.75,3862.35,-5911.9,2174.9928907929793,-1292.5,-1595.85,716.45,1100.2889779507927,798.15,-406.3,-639.15,0.0,0.0,0.0,0.0,2594.233045908844,7101.650314891603,0.0,7101.650314891603,2713.5993955933372,3013.473201024708,4088.1771138668946,7101.650314891603,1074.7039128421866,4926.657424098623,6001.36133694081,7101.650314891603,1074.7039128421866,2174.9928907929793,1100.2889779507927,0.6843689627355418,0.20959883444386246,0.10603220282059565,0.0,1,-25,scissors
7102.069597131529,751.3,3865.35,-5910.5,2176.569058173896,-1291.25,-1598.2,718.25,1094.4604618258259,791.4,-407.45,-636.8,0.0,0.0,0.0,0.0,2593.2747792828127,7102.069597131529,0.0,7102.069597131529,2714.516200289783,3009.980500391729,4092.0890967398,7102.069597131529,1082.10859634807,4925.500538957633,6007.609135305704,7102.069597131529,1082.10859634807,2176.569058173896,1094.4604618258259,0.6846622708349916,0.20982823297034497,0.10550949619466339,0.0,1,-25,scissors
7102.995101539913,751.95,3863.1,-5913.0,2178.020125595721,-1291.45,-1599.25,719.95,1095.5326626805795,793.45,-403.35,-638.7,0.0,0.0,0.0,0.0,2594.1369724540536,7102.995101539913,0.0,7102.995101539913,2714.696869246531,3010.253819312386,4092.7412822275273,7102.995101539913,1082.4874629151414,4924.974975944192,6007.462438859333,7102.995101539913,1082.4874629151414,2178.020125595721,1095.5326626805795,0.6845239068872758,0.20989833504582775,0.10557775806689629,0.0,1,-26,scissors
7102.255145726603,749.45,3866.05,-5910.5,2179.363760366773,-1295.2,-1600.0,715.6,1099.1061743525963,797.4,-405.75,-638.4,0.0,0.0,0.0,0.0,2595.181270111493,7102.255145726603,0.0,7102.255145726603,2713.84531792759,3010.998779856213,4091.25636587039,7102.255145726603,1080.2575860141767,4922.89138535983,6003.148971374007,7102.255145726603,1080.2575860141767,2179.363760366773,1099.1061743525963,0.68417717362586,0.20994330776296255,0.10587951861117749,0.0,1,-27,scissors
7099.44003936226,746.2,3865.1,-5908.15,2177.2395670894834,-1291.65,-1597.1,722.0,1097.0302571032396,793.65,-405.2,-639.85,0.0,0.0,0.0,0.0,2593.4274658887457,7099.44003936226,0.0,7099.44003936226,2713.0440609532825,3009.6153646880075,4089.824674674252,7099.44003936226,1080.2093099862439,4922.200472272776,6002.40978225902,7099.44003936226,1080.2093099862439,2177.2395670894834,1097.0302571032396,0.6843684788509539,0.20988051485212464,0.1057510062969215,0.0,1,-25,scissors
7102.0888698325925,746.9,3865.55,-5910.95,2177.452404187058,-1293.6,-1596.85,719.7,1101.6695012570694,796.2,-407.0,-643.5,0.0,0.0,0.0,0.0,2595.30269381918,7102.0888698325925,0.0,7102.0888698325925,2713.496668844446,3013.1529834513017,4088.9358863812913,7102.0888698325925,1075.7829029299887,4924.636465645534,6000.419368575524,7102.0888698325925,1075.7829029299887,2177.452404187058,1101.6695012570694,0.6841291467413906,0.20974936848144443,0.10612148477716497,0.0,1,-25,scissors
7105.540556847171,749.0,3864.45,-5915.55,2176.861835303288,-1290.8,-1598.4,719.5,1095.7308816493219,791.45,-405.75,-640.0,0.0,0.0,0.0,0.0,2594.5333184499455,7105.540556847171,0.0,7105.540556847171,2715.770961339177,3012.2048015966025,4093.3357552505686,7105.540556847171,1081.1309536539661,4928.678721543883,6009.809675197848,7105.540556847171,1081.1309536539661,2176.861835303288,1095.7308816493219,0.6846646086908069,0.20975466183296237,0.10558072947623057,0.0,1,-26,scissors
7103.960919972744,753.8,3863.75,-5913.5,2171.996152160496,-1288.85,-1595.55,714.6,1100.5638941015648,797.2,-404.65,-641.85,0.0,0.0,0.0,0.0,2594.130241558701,7103.960919972744,0.0,7103.960919972744,2714.637272354373,3016.2643309569057,4087.6965890158376,7103.960919972744,1071.4322580589312,4931.964767812247,6003.397025871179,7103.960919972744,1071.4322580589312,2171.996152160496,1100.5638941015648,0.6846187602847843,0.20931834082234024,0.1060628988928755,0.0,1,-26,scissors
7098.373366659435,752.05,3863.0,-5907.5,2173.7826271271924,-1290.1,-1596.3,716.1,1101.893026795251,797.25,-409.8,-640.8,0.0,0.0,0.0,0.0,2593.5122551454697,7098.373366659435,0.0,7098.373366659435,2712.064727041053,3013.2418831637474,4085.1314834956884,7098.373366659435,1071.8896003319414,4924.590739532243,5996.480339864184,7098.373366659435,1071.8896003319414,2173.7826271271924,1101.893026795251,0.6842432836567885,0.20954042368745865,0.10621629265575284,0.0,1,-27,scissors
7102.691737116289,747.35,3864.2,-5912.5,2169.6448246199193,-1288.25,-1593.55,713.0,1102.2287614193344,796.85,-407.4,-643.4,0.0,0.0,0.0,0.0,2593.6413307888856,7102.691737116289,0.0,7102.691737116289,2713.9728908417014,3017.6378369578515,4085.053900158437,7102.691737116289,1067.4160632005849,4933.046912496369,6000.462975696954,7102.691737116289,1067.4160632005849,2169.6448246199193,1102.2287614193344,0.6846254773935844,0.20913115461111165,0.10624336799530401,0.0,1,-27,scissors
7096.153961654159,747.95,3857.65,-5908.85,2174.5796915726037,-1289.85,-1598.75,713.5,1101.4070830079131,796.0,-411.0,-640.75,0.0,0.0,0.0,0.0,2593.0351840586686,7096.153961654159,0.0,7096.153961654159,2711.179152229492,3011.490676544734,4084.6632851094246,7096.153961654159,1073.1726085646906,4921.574270081555,5994.746878646245,7096.153961654159,1073.1726085646906,2174.5796915726037,1101.4070830079131,0.6841551943914546,0.20965582196313565,0.10618898364540985,0.0,1,-27,scissors
7097.437836818298,745.65,3860.15,-5909.05,2171.4372509929917,-1289.15,-1594.3,715.15,1101.5061086984492,795.05,-410.45,-642.45,0.0,0.0,0.0,0.0,2592.595299127435,7097.437836818298,0.0,7097.437836818298,2711.820318059869,3013.7533472618775,4083.68448955642,7097.437836818298,1069.9311422945425,4926.000585825306,5995.931728119849,7097.437836818298,1069.9311422945425,2171.4372509929917,1101.5061086984492,0.6843950769338175,0.20938837346922326,0.10621654959695914,0.0,1,-27,scissors
7098.0675646615255,751.3,3859.6,-5909.45,2170.464739980818,-1285.25,-1596.75,713.75,1102.377399078918,796.5,-408.8,-643.2,0.0,0.0,0.0,0.0,2592.7274259303153,7098.0675646615255,0.0,7098.0675646615255,2711.9999193083986,3014.9901118798125,4083.077452781713,7098.0675646615255,1068.0873409019002,4927.602824680707,5995.690165582608,7098.0675646615255,1068.0873409019002,2170.464739980818,1102.377399078918,0.6844209203860503,0.20928392995283895,0.10629514966111082,0.0,1,-27,scissors
7096.681496657434,746.65,3857.8,-5909.55,2166.215280160308,-1284.4,-1589.2,719.2,1102.6661122026014,797.95,-409.5,-641.45,0.0,0.0,0.0,0.0,2591.390722255086,7096.681496657434,0.0,7096.681496657434,2711.550569251893,3016.5661643498634,4080.1153323075705,7096.681496657434,1063.5491679577065,4930.466216497126,5994.015384454832,7096.681496657434,1063.5491679577065,2166.215280160308,1102.6661122026014,0.684640243143433,0.2089819244119253,0.1063778324446416,0.0,1,-26,scissors
7099.901565162718,748.35,3862.55,-5910.1,2172.71418909621,-1287.75,-1597.75,713.85,1103.6832550600739,798.95,-409.35,-642.05,0.0,0.0,0.0,0.0,2594.0747523297505,7099.901565162718,0.0,7099.901565162718,2712.494729363607,3015.4353155632907,4084.466249599427,7099.901565162718,1069.030934036136,4927.187376066508,5996.218310102644,7099.901565162718,1069.030934036136,2172.71418909621,1103.6832550600739,0.6842421906680083,0.20939201801575738,0.10636579131623432,0.0,1,-27,scissors
7097.798029142559,748.45,3860.5,-5908.9,2172.945448578956,-1290.2,-1596.4,713.15,1100.412073952299,797.0,-408.1,-639.65,0.0,0.0,0.0,0.0,2592.7888879184534,7097.798029142559,0.0,7097.798029142559,2712.061883892325,3012.632327257951,4085.165701884608,7097.798029142559,1072.5333746266572,4924.852580563604,5997.385955190261,7097.798029142559,1072.5333746266572,2172.945448578956,1100.412073952299,0.6843787072499397,0.20951816195913306,0.10610313079092734,0.0,1,-26,scissors
8919.664263440636,1760.35,4119.8,-7712.9,5172.027978704292,210.45,-5036.1,-1159.0,1064.7680733380391,-425.2,-46.0,-975.1,0.0,0.0,0.0,0.0,3789.1150788707414,8919.664263440636,0.0,8919.664263440636,3536.044496018732,2406.2021790371914,6513.462084403444,8919.664263440636,4107.2599053662525,3747.6362847363444,7854.896190102597,8919.664263440636,4107.2599053662525,5172.027978704292,1064.7680733380391,0.5885057643920211,0.3412424715961448,0.07025176401183418,0.0,1,-41,scissors
6302.531649464364,1363.75,3389.2,-5135.7,5407.5033770216,159.1,-5252.05,-1277.4,1036.9009728513133,-417.55,-26.25,-948.75,0.0,0.0,0.0,0.0,3186.733999834319,6302.531649464364,0.0,6302.531649464364,2711.875146909415,965.9646226470386,5336.567026817324,6302.531649464364,4370.602404170286,895.0282724427643,5265.630676613051,6302.531649464364,4370.602404170286,5407.5033770216,1036.9009728513133,0.49443502735026185,0.42421985779976773,0.08134511484997042,0.0,1,-46,scissors
6307.25808632404,1367.15,3392.15,-5138.65,5408.154544296973,155.3,-5251.75,-1281.85,1036.9963910255426,-418.55,-24.9,-948.45,0.0,0.0,0.0,0.0,3188.102255411639,6307.25808632404,0.0,6307.25808632404,2713.3474571853526,968.0499665263051,5339.208119797735,6307.25808632404,4371.15815327143,899.1035420270673,5270.261695298497,6307.25808632404,4371.15815327143,5408.154544296973,1036.9963910255426,0.4945934588216074,0.424088855299176,0.0813176858792166,0.0,1,-50,scissors
6307.490073317595,1366.05,3390.6,-5140.25,5408.2305183858425,155.9,-5252.7,-1278.2,1042.0941872019055,-416.9,-28.25,-954.65,0.0,0.0,0.0,0.0,3189.4536947263355,6307.490073317595,0.0,6307.490073317595,2712.420006967307,970.6768710668289,5336.813202250766,6307.490073317595,4366.136331183937,899.2595549317521,5265.395886115689,6307.490073317595,4366.136331183937,5408.2305183858425,1042.0941872019055,0.49440207297466315,0.42391511494023154,0.08168281208510539,0.0,1,-42,scissors
6304.469736623375,1366.1,3386.4,-5139.3,5409.503404657399,160.2,-5253.65,-1279.15,1037.5691085416913,-419.05,-30.25,-948.7,0.0,0.0,0.0,0.0,3187.8855624556163,6304.469736623375,0.0,6304.469736623375,2712.7088842496605,966.2677202538334,5338.2020163695415,6304.469736623375,4371.934296115708,894.9663319659758,5266.900628081684,6304.469736623375,4371.934296115708,5409.503404657399,1037.5691085416913,0.49440841061489244,0.4242234624390405,0.08136812694606702,0.0,1,-43,scissors
6307.416551964837,1368.2,3392.4,-5138.4,5408.95554358695,156.6,-5253.45,-1278.1,1040.1378634584937,-416.45,-26.9,-952.75,0.0,0.0,0.0,0.0,3189.12748975257,6307.416551964837,0.0,6307.416551964837,2712.9344732188924,969.2994359181903,5338.117116046646,6307.416551964837,4368.817680128456,898.4610083778871,5267.278688506343,6307.416551964837,4368.817680128456,5408.95554358695,1040.1378634584937,0.4944468802385665,0.4240153114736882,0.08153780828774529,0.0,1,-40,scissors
6304.20523043944,1364.85,3392.55,-5135.25,5409.509261938646,153.85,-5254.15,-1277.9,1038.587663608614,-413.25,-25.15,-952.5,0.0,0.0,0.0,0.0,3188.0755389966753,6304.20523043944,0.0,6304.20523043944,2712.4322944593578,966.6418160547041,5337.5634143847365,6304.20523043944,4370.921598330032,894.6959685007942,5265.617566830826,6304.20523043944,4370.921598330032,5409.509261938646,1038.587663608614,0.4943582071163414,0.42419864239172655,0.08144315049193203,0.0,1,-46,scissors
6308.26469423248,1362.6,3390.7,-5142.05,5410.659059902037,158.6,-5256.2,-1273.75,1039.3731596496034,-415.4,-24.05,-952.45,0.0,0.0,0.0,0.0,3189.5742284460302,6308.26469423248,0.0,6308.26469423248,2713.6781517403483,968.4893969900231,5339.775297242457,6308.26469423248,4371.285900252434,897.6056343304426,5268.891534582876,6308.26469423248,4371.285900252434,5410.659059902037,1039.3731596496034,0.49444410463727356,0.4240894452030143,0.08146645015971214,0.0,1,-39,scissors
6307.916139463175,1363.9,3391.5,-5140.75,5408.811398079988,160.5,-5253.5,-1276.8,1039.9610918202661,-416.9,-25.45,-952.4,0.0,0.0,0.0,0.0,3189.1721573408577,6307.916139463175,0.0,6307.916139463175,2713.083561114892,969.5329166017264,5338.383222861448,6307.916139463175,4368.850306259722,899.1047413831866,5267.9550476429085,6307.916139463175,4368.850306259722,5408.811398079988,1039.9610918202661,0.49447911779735465,0.423998073107307,0.08152280909533817,0.0,1,-45,scissors
5442.418342060815,1472.6,2954.1,-4327.2,6296.582981467012,144.4,-6069.6,-1669.15,1894.589932544771,-455.3,349.0,-1805.65,0.0,0.0,0.0,0.0,3408.39781401815,6296.582981467012,0.0,6296.582981467012,2568.445202383399,520.2126465692868,4922.205695491528,5442.418342060815,4401.9930489222415,854.1646394061972,3547.8284095160443,5442.418342060815,4401.9930489222415,6296.582981467012,1894.589932544771,0.39919183726713847,0.46184331502988424,0.13896484770297726,0.0,2,-50,scissors
17891.790506612244,-70.6,8068.1,-15969.25,3777.9806080762246,439.65,-3741.05,-290.5,1211.7733709320403,-540.45,-1022.7,-361.1,0.0,0.0,0.0,0.0,5720.386121405128,17891.790506612244,0.0,17891.790506612244,7158.324353473766,7662.791634734031,10228.998871878213,17891.790506612244,2566.2072371441845,14113.80989853602,16680.017135680202,17891.790506612244,2566.2072371441845,3777.9806080762246,1211.7733709320403,0.7819310675403058,0.16511038450443882,0.05295854795525526,0.0,1,-47,scissors
8559.633280404014,-2391.55,1024.05,-8154.7,3166.5591467711447,119.5,-3164.3,-4.7,1700.0515977463742,-366.65,-1659.1,-55.95,0.0,0.0,0.0,0.0,3356.5610062303836,8559.633280404014,0.0,8559.633280404014,3206.1888203057647,3546.562865689622,5013.070414714392,8559.633280404014,1466.5075490247705,5393.074133632869,6859.581682657639,8559.633280404014,1466.5075490247705,3166.5591467711447,1700.0515977463742,0.63752999457747,0.23584847265500605,0.12662153276752391,0.0,1,-46,scissors
2715.623763060708,1331.6,1134.6,-2077.05,9203.32613868486,1852.95,-8564.25,-2814.5,30555.138974033485,-2759.3,-15459.35,-26210.9,0.0,0.0,0.0,0.0,10618.522218944763,30555.138974033485,0.0,30555.138974033485,11986.245092846066,12033.718299204666,-9318.094536143959,2715.623763060708,-21351.812835348625,6487.702375624152,27839.51521097278,2715.623763060708,21351.812835348625,9203.32613868486,30555.138974033485,0.06393600981066126,0.21668095496059195,0.7193830352287468,0.0,3,-43,scissors
5914.704922901903,4440.85,116.45,-3905.0,4412.957074626945,1045.8,-4222.55,-742.0,3951.225925583097,-2476.7,-2502.55,-1793.15,0.0,0.0,0.0,0.0,3569.7219807779866,5914.704922901903,0.0,5914.704922901903,2185.0887111454977,2726.486886929028,3188.218035972876,5914.704922901903,461.73114904384784,1501.7478482749584,1963.4789973188063,5914.704922901903,461.73114904384784,4412.957074626945,3951.225925583097,0.4142272811966193,0.309054675573445,0.2767180432299356,0.0,1,-41,scissors
8088.574639731032,3472.7,-189.65,-7302.7,3615.5797481178593,605.45,-3557.65,-221.3,2670.9273019870834,-1361.2,-2104.05,-924.1,0.0,0.0,0.0,0.0,3593.770422458994,8088.574639731032,0.0,8088.574639731032,2914.213696378305,3571.961096800128,4516.613542930904,8088.574639731032,944.6524461307758,4472.9948916131725,5417.647337743949,8088.574639731032,944.6524461307758,3615.5797481178593,2670.9273019870834,0.56268025561553,0.251517161858933,0.1858025825255369,0.0,1,-39,scissors
11249.779696842956,6735.55,-126.95,-9009.65,3503.2025665810415,712.6,-3425.2,-180.65,3978.0088442586452,-2179.85,-2235.8,-2464.55,0.0,0.0,0.0,0.0,4682.747776920661,11249.779696842956,0.0,11249.779696842956,4090.9051213019607,5862.29298726028,5387.486709582676,11249.779696842956,-474.8062776776037,7746.577130261914,7271.77085258431,11249.779696842956,474.8062776776037,3503.2025665810415,3978.0088442586452,0.6005971404379549,0.1870270796906299,0.21237577987141523,0.0,1,-39,scissors
6659.792464671853,5460.65,445.9,-3786.2,3763.3055449963135,1021.0,-3607.75,-322.75,3588.426328489969,-2919.45,-1808.9,-1039.95,0.0,0.0,0.0,0.0,3502.8810845395337,6659.792464671853,0.0,6659.792464671853,2361.747459128545,3242.4566240827535,3417.335840589099,6659.792464671853,174.87921650634462,2896.4869196755394,3071.366136181884,6659.792464671853,174.87921650634462,3763.3055449963135,3588.426328489969,0.47530820372876764,0.26858644742510673,0.2561053488461256,0.0,1,-42,scissors
4824.010415618938,3486.3,833.2,-3228.4,4261.894905731488,998.45,-4138.35,-202.25,11773.531366799005,-3463.8,-3542.05,-10680.45,0.0,0.0,0.0,0.0,5214.859172037358,11773.531366799005,0.0,11773.531366799005,4221.132572715865,6167.823438343227,-1343.813022724289,4824.010415618938,-7511.636461067517,562.1155098874506,6949.520951180067,4824.010415618938,7511.636461067517,4261.894905731488,11773.531366799005,0.23126273675259568,0.20431495679616007,0.5644223064512442,0.0,3,-45,scissors
4212.52051864439,2991.6,648.4,-2894.0,4611.741984597577,1055.5,-4403.6,-873.15,7785.104165327526,-2812.45,-2462.4,-6828.95,0.0,0.0,0.0,0.0,4152.341667142373,7785.104165327526,0.0,7785.104165327526,2768.2835311232657,3692.94134968717,519.5791689572206,4212.52051864439,-3173.3621807299487,399.22146595318736,3572.583646683136,4212.52051864439,3173.3621807299487,4611.741984597577,7785.104165327526,0.2536231876087061,0.2776591110680062,0.46871770132328777,0.0,3,-44,scissors
4792.586160414855,3545.15,421.6,-3197.35,3920.0140529084842,800.85,-3808.5,-469.55,4849.024517106508,-1459.75,-2520.05,-3877.05,0.0,0.0,0.0,0.0,3390.406182607462,4849.024517106508,0.0,4849.024517106508,1991.7965957426727,2860.7983123064396,1931.7878481084158,4792.586160414855,-929.0104641980238,872.5721075063707,56.4383566916531,4792.586160414855,929.0104641980238,3920.0140529084842,4849.024517106508,0.353393214727521,0.28905194848170934,0.3575548367907695,0.0,3,-43,scissors
6115.235454583904,4041.25,368.25,-4574.8,3552.7811577692205,682.15,-3466.9,-370.85,3703.4441800842633,-1763.45,-2018.45,-2555.7,0.0,0.0,0.0,0.0,3342.865198109347,6115.235454583904,0.0,6115.235454583904,2181.448285203974,3132.9492384494733,2982.286216134431,6115.235454583904,-150.66302231504278,2562.454296814684,2411.791274499641,6115.235454583904,150.66302231504278,3552.7811577692205,3703.4441800842633,0.45733488281568685,0.26569880530768913,0.27696631187662396,0.0,1,-43,scissors
5715.118907993079,5215.8,509.3,-2280.05,3543.438487190091,880.5,-3431.4,-78.55,4396.219002165383,-2841.95,-2870.3,-1735.35,0.0,0.0,0.0,0.0,3413.694099337138,5715.118907993079,0.0,5715.118907993079,2117.3127039128644,3283.949711484185,2431.1691965088935,5715.118907993079,-852.7805149752921,2171.680420802988,1318.8999058276959,5715.118907993079,852.7805149752921,3543.438487190091,4396.219002165383,0.41854357344898196,0.2595017585112669,0.3219546680397512,0.0,1,-44,scissors
2996.7559748000835,2435.0,952.75,-1464.1,4033.2097782039555,1168.1,-3856.95,162.05,9277.640770152722,-6590.9,-4932.8,-4278.1,0.0,0.0,0.0,0.0,4076.90163078919,9277.640770152722,0.0,9277.640770152722,3348.0381613332065,4120.593483374425,-1123.8375085743419,2996.7559748000835,-5244.430991948767,1036.453803403872,6280.884795352638,2996.7559748000835,5244.430991948767,4033.2097782039555,9277.640770152722,0.18376430474605193,0.24732076853073487,0.5689149267232132,0.0,3,-46,scissors
3022.148873732067,2462.3,720.15,-1597.45,4612.411872870852,1625.4,-4262.75,-679.25,6068.185326355812,-4760.7,-2017.75,-3176.05,0.0,0.0,0.0,0.0,3425.6865182396828,6068.185326355812,0.0,6068.185326355812,2252.1815962530372,2238.961163608514,783.1877101235532,3022.148873732067,-1455.7734534849606,1590.2629991387848,3046.0364526237454,3022.148873732067,1455.7734534849606,4612.411872870852,6068.185326355812,0.22055060041549154,0.3366049292829761,0.4428444703015324,0.0,3,-42,scissors
4359.846252736443,207.65,-20.55,-4354.85,3295.8933147934263,-211.95,-3288.5,-61.3,3076.158058764211,-481.7,-3037.85,-46.7,0.0,0.0,0.0,0.0,2682.97440657352,4359.846252736443,0.0,4359.846252736443,1623.3078749259082,2070.055498353614,2289.7907543828287,4359.846252736443,219.73525602921518,1063.9529379430164,1283.6881939722316,4359.846252736443,219.73525602921518,3295.8933147934263,3076.158058764211,0.4062511966247648,0.30711188548036483,0.28663691789487045,0.0,1,-47,scissors
4233.026875062335,3037.2,757.25,-2849.65,4190.90421597774,767.45,-4106.65,-331.85,13329.613268771152,126.15,-5380.25,-12194.9,0.0,0.0,0.0,0.0,5438.386089952806,13329.613268771152,0.0,13329.613268771152,4869.7179465019135,6685.8679639278735,-2452.841088865539,4233.026875062335,-9138.709052793412,42.1226590845954,9096.586393708818,4233.026875062335,9138.709052793412,4190.90421597774,13329.613268771152,0.1945902150494003,0.19265385661567236,0.6127559283349274,0.0,3,-44,scissors
2944.1957467192974,1597.05,1015.55,-2255.3,6005.840506124018,961.6,-5750.75,-1440.25,16093.213890177438,303.35,-3736.7,-15650.45,0.0,0.0,0.0,0.0,6260.812535755189,16093.213890177438,0.0,16093.213890177438,6060.916755399359,6515.784565386359,-3571.588818667061,2944.1957467192974,-10087.373384053419,3061.644759404721,13149.018143458141,2944.1957467192974,10087.373384053419,6005.840506124018,16093.213890177438,0.11756444271031682,0.23981873246583257,0.6426168248238505,0.0,3,-44,scissors
3255.3777553457603,2043.8,825.8,-2395.5,5085.902894521287,1025.15,-4867.8,-1058.3,5124.308761677032,-2680.2,-2514.35,-3571.15,0.0,0.0,0.0,0.0,3366.3973528860197,5124.308761677032,0.0,5124.308761677032,2085.1803469621036,1646.8918112507527,1608.4859440950077,3255.3777553457603,-38.405867155745,1830.5251391755264,1868.9310063312714,3255.3777553457603,38.405867155745,5085.902894521287,5124.308761677032,0.24175531095244282,0.37769627003190304,0.3805484190156541,0.0,3,-43,scissors
5484.403083745759,4760.15,374.4,-2698.05,4026.6561850374064,1046.1,-3883.85,-188.0,4460.463510107442,-2264.95,-3112.0,-2254.15,0.0,0.0,0.0,0.0,3492.880694722652,5484.403083745759,0.0,5484.403083745759,2084.916650146668,2959.1052044078974,2525.2978793378625,5484.403083745759,-433.8073250700354,1457.746898708353,1023.9395736383176,5484.403083745759,433.8073250700354,4026.6561850374064,4460.463510107442,0.39254154114339435,0.2882045320873132,0.3192539267692923,0.0,1,-42,scissors
6532.631383676871,3795.7,258.95,-5310.45,4291.6791871014775,680.8,-4233.05,-190.55,7566.869493059861,-2838.95,-2936.15,-6370.0,0.0,0.0,0.0,0.0,4597.795015959553,7566.869493059861,0.0,7566.869493059861,2906.562442554348,4903.910844817628,1628.7205388592438,6532.631383676871,-3275.1903059583838,2240.952196575394,1034.23810938299,6532.631383676871,3275.1903059583838,4291.6791871014775,7566.869493059861,0.35520457964096086,0.23335529162372903,0.41144012873531005,0.0,3,-44,scissors
3460.8149690499204,1912.0,840.3,-2759.6,5508.776289703549,1193.6,-5325.4,-749.7,12385.973637748466,-7694.75,-2138.55,-9467.3,0.0,0.0,0.0,0.0,5338.891224125484,12385.973637748466,0.0,12385.973637748466,4519.987870637031,5169.006158547418,-1708.1911894974983,3460.8149690499204,-6877.197348044917,2047.9613206536287,8925.158668698547,3460.8149690499204,6877.197348044917,5508.776289703549,12385.973637748466,0.16205682152743267,0.25795507243200544,0.579988106040562,0.0,3,-43,scissors
2276.584805141245,2056.25,591.75,-777.5,4827.1773587159605,2101.2,-4323.9,-436.45,7652.52306955033,-6952.8,-3194.3,-127.0,0.0,0.0,0.0,0.0,3689.071308351884,7652.52306955033,0.0,7652.52306955033,2855.1970372059995,2550.9652579878066,-274.3804528465621,2276.584805141245,-2825.345710834369,2550.5925535747156,5375.938264409085,2276.584805141245,2825.345710834369,4827.1773587159605,7652.52306955033,0.15427899157080294,0.3271268671187961,0.5185941413104009,0.0,3,-44,scissors
10403.11780321169,10254.35,-1165.55,-1309.45,3217.8687380003553,1034.05,-3046.5,-65.25,2994.2558357628695,-1723.1,-2243.6,981.2,0.0,0.0,0.0,0.0,4153.810594243729,10403.11780321169,0.0,10403.11780321169,3825.1972969081694,5089.752450487102,5313.365352724588,10403.11780321169,223.61290223748574,7185.249065211334,7408.86196744882,10403.11780321169,223.61290223748574,3217.8687380003553,2994.2558357628695,0.6261189314715102,0.19366968383558558,0.18021138469290415,0.0,1,-43,scissors
8555.640680130273,7853.35,-356.15,-3375.95,3471.6776243626073,1013.55,-3313.85,-208.95,3113.2670677280485,-2285.25,-2113.75,-46.1,0.0,0.0,0.0,0.0,3785.146343055232,8555.640680130273,0.0,8555.640680130273,3067.3536418475783,4098.615061747856,4457.025618382417,8555.640680130273,358.4105566345588,5083.9630557676655,5442.373612402224,8555.640680130273,358.4105566345588,3471.6776243626073,3113.2670677280485,0.5650799140056809,0.22929612950977712,0.20562395648454193,0.0,1,-43,scissors
6926.849935035405,6214.45,232.1,-3050.9,4116.520744815943,1046.45,-3960.0,-411.2,4642.378709777995,-3143.45,-1889.4,-2846.15,0.0,0.0,0.0,0.0,3921.437347407336,6926.849935035405,0.0,6926.849935035405,2498.398970912956,3726.3539499987287,3200.4959850366768,6926.849935035405,-525.8579649620524,2810.3291902194624,2284.47122525741,6926.849935035405,525.8579649620524,4116.520744815943,4642.378709777995,0.441601466590758,0.26243698293035245,0.2959615504788895,0.0,1,-42,scissors
6866.682260014657,6025.9,263.9,-3281.8,3689.7731640983025,985.05,-3549.9,-205.7,3860.333988141441,-2815.5,-2041.2,-1675.9,0.0,0.0,0.0,0.0,3604.1973530636,6866.682260014657,0.0,6866.682260014657,2434.4904766283926,3518.621542028898,3348.060717985759,6866.682260014657,-170.56082404313838,3176.9090959163545,3006.348271873216,6866.682260014657,170.56082404313838,3689.7731640983025,3860.333988141441,0.4762976043874176,0.2559358438683971,0.2677665517441853,0.0,1,-42,scissors
6855.359215424091,901.1,314.45,-6788.6,3398.2111639802497,214.7,-3382.55,-245.15,2672.5768698018774,-808.05,-2419.0,-798.85,0.0,0.0,0.0,0.0,3231.536812301554,6855.359215424091,0.0,6855.359215424091,2445.15518604953,3064.8624606228595,3790.4967548012314,6855.359215424091,725.6342941783723,3457.1480514438417,4182.782345622214,6855.359215424091,725.6342941783723,3398.2111639802497,2672.5768698018774,0.5303482223479291,0.26289435656776466,0.2067574210843063,0.0,1,-44,scissors
3030.4507045157493,1223.35,865.5,-2634.0,6778.351847978976,488.85,-6751.7,-348.75,7514.845896290888,526.05,-3656.45,-6544.2,0.0,0.0,0.0,0.0,4330.9121121964035,7514.845896290888,0.0,7514.845896290888,3023.8797594407565,1883.4723764138307,1146.978328101919,3030.4507045157493,-736.4940483119117,3747.901143463227,4484.395191775138,3030.4507045157493,736.4940483119117,6778.351847978976,7514.845896290888,0.17493143626613963,0.3912773840925026,0.4337911796413577,0.0,3,-42,scissors
7096.386304662395,727.05,-601.15,-7033.4,3166.8752947503317,331.9,-3149.0,-52.35,2787.4679056448344,-908.65,-2596.2,-451.75,0.0,0.0,0.0,0.0,3262.6823762643903,7096.386304662395,0.0,7096.386304662395,2528.704702459097,3358.4894577784485,3737.8968468839457,7096.386304662395,379.40738910549726,3929.511009912063,4308.918399017561,7096.386304662395,379.40738910549726,3166.8752947503317,2787.4679056448344,0.5437539948944866,0.24265887156139965,0.2135871335441137,0.0,1,-42,scissors
10069.440102979906,2180.35,-2449.25,-9520.55,3036.9099237547366,573.65,-2981.8,51.15,2603.947304094305,-947.0,-2422.2,129.15,0.0,0.0,0.0,0.0,3927.574332707237,10069.440102979906,0.0,10069.440102979906,3731.40814168181,4818.238741659738,5251.201361320169,10069.440102979906,432.96261966043176,7032.53017922517,7465.492798885602,10069.440102979906,432.96261966043176,3036.9099237547366,2603.947304094305,0.6409452278933155,0.19330696674946352,0.165747805357221,0.0,1,-43,scissors
8876.73872461052,1710.05,-865.6,-8667.35,3138.81763726407,437.6,-3107.6,-59.2,2780.1621117301775,-828.85,-2545.65,-749.65,0.0,0.0,0.0,0.0,3698.929618401192,8876.73872461052,0.0,8876.73872461052,3226.826871128883,4259.041599538314,4617.697125072207,8876.73872461052,358.6555255338926,5737.921087346451,6096.576612880343,8876.73872461052,358.6555255338926,3138.81763726407,2780.1621117301775,0.599953205411851,0.2121436443159993,0.18790315027214965,0.0,1,-42,scissors
3118.5711235275685,1232.05,737.6,-2768.3,7433.237380509249,671.55,-7384.25,-524.3,10984.261811564762,-2583.85,-7780.85,-7310.0,0.0,0.0,0.0,0.0,5384.017578900395,10984.261811564762,0.0,10984.261811564762,4173.785158368423,3334.7977772915406,-216.22665376397254,3118.5711235275685,-3551.0244310555127,4314.666256981681,7865.6906880371935,3118.5711235275685,3551.0244310555127,7433.237380509249,10984.261811564762,0.14480687877715334,0.34515291190911085,0.5100402093137357,0.0,3,-43,scissors
3622.363781082734,3172.55,302.5,-1721.9,3636.5412306888534,845.1,-3516.95,-375.9,6114.5661469150855,-1062.8,-4668.45,-3803.15,0.0,0.0,0.0,0.0,3343.367789671668,6114.5661469150855,0.0,6114.5661469150855,2180.678675432486,3050.1943486544824,572.1694324282507,3622.363781082734,-2478.024916226232,14.177449606119353,2492.2023658323515,3622.363781082734,2478.024916226232,3636.5412306888534,6114.5661469150855,0.27086189801440186,0.27192201542430183,0.4572160865612963,0.0,3,-47,scissors
3784.905241548327,2842.05,286.75,-2483.15,3712.110456667474,563.4,-3645.15,-418.6,5454.060737652268,409.3,-4437.0,-3145.2,0.0,0.0,0.0,0.0,3237.769108967017,5454.060737652268,0.0,5454.060737652268,1994.959589069144,2763.4277612665605,1021.4774802817665,3784.905241548327,-1741.9502809847936,72.79478488085306,1669.1554961039405,3784.905241548327,1741.9502809847936,3712.110456667474,5454.060737652268,0.2922463827845239,0.2866256310855186,0.42112798612995755,0.0,3,-47,scissors
4925.147448046606,4705.15,-165.2,-1446.15,3481.796034376511,985.45,-3324.35,-317.0,5689.681746152415,-2752.45,-3938.1,-3047.6,0.0,0.0,0.0,0.0,3524.156307143883,5689.681746152415,0.0,5689.681746152415,2183.6751517666235,3566.5165799112547,1358.6308681353512,4925.147448046606,-2207.885711775904,1443.3514136700946,764.5342981058093,4925.147448046606,2207.885711775904,3481.796034376511,5689.681746152415,0.3493848611412856,0.24699500610390757,0.4036201327548068,0.0,3,-46,scissors
4166.9890826590845,3169.7,452.45,-2666.85,3626.7493896049673,668.35,-3541.9,-401.95,5623.699182477669,-550.65,-3114.9,-4649.75,0.0,0.0,0.0,0.0,3354.35941368543,5623.699182477669,0.0,5623.699182477669,2069.7942736102873,3081.9694377658925,1085.0196448931915,4166.9890826590845,-1996.9497928727014,540.2396930541172,1456.7100998185842,4166.9890826590845,1996.9497928727014,3626.7493896049673,5623.699182477669,0.31056519060377163,0.27030119184666196,0.4191336175495665,0.0,3,-48,scissors
4367.008703048346,3530.3,273.15,-2556.0,3668.146132244461,736.75,-3563.15,-465.25,4976.701142323095,-646.4,-3024.1,-3899.3,0.0,0.0,0.0,0.0,3252.9639944039754,4976.701142323095,0.0,4976.701142323095,1934.3291036199946,2837.7818565634907,1529.2268464848562,4367.008703048346,-1308.555010078634,698.8625708038853,609.6924392747487,4367.008703048346,1308.555010078634,3668.146132244461,4976.701142323095,0.3356176636569637,0.28190798749653523,0.3824743488465011,0.0,3,-47,scissors
5247.0564381374825,4038.95,1.95,-3349.4,3550.4892522017303,781.4,-3442.9,-376.6,4350.867143742727,-1464.1,-3143.3,-2627.95,0.0,0.0,0.0,0.0,3287.103208520485,5247.0564381374825,0.0,5247.0564381374825,1990.441539184041,3023.7171648392396,2223.339273298243,5247.0564381374825,-800.3778915409971,1696.5671859357521,896.189294394755,5247.0564381374825,800.3778915409971,3550.4892522017303,4350.867143742727,0.39906386454010717,0.2700317747096078,0.33090436075028495,0.0,1,-45,scissors
4656.797153355512,3586.95,148.65,-2966.05,3714.008728113062,798.4,-3597.75,-461.1,5131.1189169614845,-1556.3,-3242.7,-3659.4,0.0,0.0,0.0,0.0,3375.4811996075146,5131.1189169614845,0.0,5131.1189169614845,2014.4793734601044,3036.9536711019673,1619.8434822535446,4656.797153355512,-1417.1101888484227,942.7884252424501,474.3217636059726,4656.797153355512,1417.1101888484227,3714.008728113062,5131.1189169614845,0.34489876242659734,0.275072538438735,0.38002869913466764,0.0,3,-46,scissors
4627.812981852227,3894.65,137.25,-2495.9,3696.7754479410837,914.0,-3558.15,-412.7,5159.301687970959,-2896.95,-3273.95,-2739.95,0.0,0.0,0.0,0.0,3370.9725294410673,5159.301687970959,0.0,5159.301687970959,2015.4014760100997,3045.1696109410514,1582.6433709111752,4627.812981852227,-1462.5262400298757,931.0375339111429,531.4887061187328,4627.812981852227,1462.5262400298757,3696.7754479410837,5159.301687970959,0.3432105231824266,0.2741623830848925,0.38262709373268095,0.0,3,-46,scissors
4668.684567145225,4595.25,-416.95,711.65,3598.8564232266895,1754.3,-3141.75,-60.05,6254.009232884135,3773.25,-2594.75,4259.4,0.0,0.0,0.0,0.0,3630.387555814012,6254.009232884135,0.0,6254.009232884135,2299.030198032588,3661.918688401335,1006.7658787438895,4668.684567145225,-2655.1528096574452,1069.8281439185353,1585.32466573891,4668.684567145225,2655.1528096574452,3598.8564232266895,6254.009232884135,0.32150042491113623,0.24782866621658436,0.43067090887227943,0.0,3,-45,scissors
1969.1064293227016,-78.0,1464.3,-1314.2,2561.0856628586243,1152.85,-2246.4,428.7,2549.755636330666,308.35,-1628.4,1937.65,0.0,0.0,0.0,0.0,1769.986932127998,2561.0856628586243,0.0,2561.0856628586243,1049.5688100220573,978.8882013973716,990.21822792533,1969.1064293227016,11.330026527958125,591.9792335359227,580.6492070079646,1969.1064293227016,11.330026527958125,2561.0856628586243,2549.755636330666,0.27812443040967944,0.3617379338190246,0.360137635771296,0.0,2,-43,nail cutter
1971.0158637108937,-75.1,1463.65,-1317.95,2558.7299373908145,1150.0,-2245.3,428.05,2549.133727857368,307.7,-1624.15,1940.5,0.0,0.0,0.0,0.0,1769.719882239769,2558.7299373908145,0.0,2558.7299373908145,1049.1009655439552,980.7098270887236,990.30603662217,1971.0158637108937,9.596209533446654,587.7140736799208,578.1178641464742,1971.0158637108937,9.596209533446654,2558.7299373908145,2549.133727857368,0.2784361360647035,0.3614597376496202,0.3601041262856763,0.0,2,-34,nail cutter
1973.355501423907,-74.1,1466.85,-1317.95,2561.785577970959,1155.75,-2246.25,425.85,2550.473713842195,309.2,-1625.55,1940.85,0.0,0.0,0.0,0.0,1771.4036983092653,2561.785577970959,0.0,2561.785577970959,1050.0368086363721,981.0218186475718,992.3336827763355,1973.355501423907,11.311864128763773,588.4300765470518,577.1182124182881,1973.355501423907,11.311864128763773,2561.785577970959,2550.473713842195,0.2785016627360828,0.3615473960588546,0.3599509412050626,0.0,2,-34,nail cutter
1969.0611024038842,-66.8,1463.85,-1315.25,2555.2854967693925,1147.2,-2241.8,433.3,2549.243102373722,303.1,-1627.75,1938.35,0.0,0.0,0.0,0.0,1768.3974253867495,2555.2854967693925,0.0,2555.2854967693925,1048.3806767513006,981.5093540041069,987.5517483997771,1969.0611024038842,6.0423943956702715,586.2243943655083,580.181999969838,1969.0611024038842,6.0423943956702715,2555.2854967693925,2549.243102373722,0.2783680119265681,0.3612431035137011,0.36038888455973084,0.0,2,-37,nail cutter
1972.5298128292002,-66.55,1470.0,-1313.6,2556.401540251453,1147.1,-2244.15,427.95,2547.983984937896,301.15,-1627.45,1937.25,0.0,0.0,0.0,0.0,1769.2288345046372,2556.401540251453,0.0,2556.401540251453,1048.5230576422068,982.0561287578219,990.4736840713786,1972.5298128292002,8.417555313556932,583.8717274222527,575.4541721086957,1972.5298128292002,8.417555313556932,2556.401540251453,2547.983984937896,0.27872734356908174,0.361231047447745,0.3600416089831733,0.0,2,-36,nail cutter
1968.4742549751572,-68.9,1464.4,-1313.65,2554.2558725585814,1145.4,-2242.0,430.95,2547.6747486678905,305.2,-1622.75,1940.15,0.0,0.0,0.0,0.0,1767.6012190504073,2554.2558725585814,0.0,2554.2558725585814,1047.8673940015092,980.9465655422332,987.527689432924,1968.4742549751572,6.581123890690833,585.7816175834241,579.2004936927333,1968.4742549751572,6.581123890690833,2554.2558725585814,2547.6747486678905,0.2784104007396905,0.36126019899595646,0.36032940026435306,0.0,2,-35,nail cutter
1969.750356644212,-65.35,1465.65,-1314.35,2555.1213112100963,1148.45,-2241.05,432.9,2552.4496376030615,300.3,-1627.75,1943.0,0.0,0.0,0.0,0.0,1769.3303263643425,2555.1213112100963,0.0,2555.1213112100963,1048.980614671906,983.5393415185888,986.2110151256231,1969.750356644212,2.6716736070347906,585.3709545658844,582.6992809588496,1969.750356644212,2.6716736070347906,2555.1213112100963,2552.4496376030615,0.27831862814046954,0.3610294348569176,0.36065193700261294,0.0,2,-36,nail cutter
1971.874277812863,-68.25,1465.95,-1317.05,2554.231826303165,1149.35,-2239.4,433.8,2547.3588915777063,306.2,-1626.6,1936.35,0.0,0.0,0.0,0.0,1768.3662489234337,2554.231826303165,0.0,2554.231826303165,1047.968147318164,982.5006715437021,989.373606269161,1971.874277812863,6.872934725458435,582.3575484903017,575.4846137648433,1971.874277812863,6.872934725458435,2554.231826303165,2547.3588915777063,0.27877062783421186,0.36110051125695247,0.3601288609088356,0.0,2,-35,nail cutter
1968.6644946511328,-66.5,1466.2,-1312.05,2555.0174676506617,1148.7,-2240.9,432.4,2550.5710326317126,302.95,-1626.7,1941.0,0.0,0.0,0.0,0.0,1768.563248733377,2555.0174676506617,0.0,2555.0174676506617,1048.5588784038998,982.1090298160918,986.555464835041,1968.6644946511328,4.44643501894916,586.3529729995289,581.9065379805797,1968.6644946511328,4.44643501894916,2555.0174676506617,2550.5710326317126,0.27828584813987656,0.36117134480213436,0.360542807057989,0.0,2,-35,nail cutter
1971.1777786389534,-66.9,1467.05,-1314.85,2555.2176663642567,1144.6,-2243.6,430.45,2548.131626800311,302.75,-1622.85,1941.05,0.0,0.0,0.0,0.0,1768.6317679508804,2555.2176663642567,0.0,2555.2176663642567,1048.262922956327,982.0458695375037,989.1319091014498,1971.1777786389534,7.086039563945633,584.0398877253033,576.9538481613577,1971.1777786389534,7.086039563945633,2555.2176663642567,2548.131626800311,0.2786303251980401,0.3611856510590538,0.36018402374290603,0.0,2,-30,nail cutter
1970.7377482810848,-68.15,1467.7,-1313.4,2557.7634453756664,1148.25,-2243.7,435.3,2552.147712711786,304.25,-1628.75,1941.15,0.0,0.0,0.0,0.0,1770.1622265921344,2557.7634453756664,0.0,2557.7634453756664,1049.4667489593835,982.5610078086024,988.1767404724828,1970.7377482810848,5.615732663880408,587.0256970945816,581.4099644307012,1970.7377482810848,5.615732663880408,2557.7634453756664,2552.147712711786,0.2783272796520877,0.36123291511815264,0.3604398052297596,0.0,2,-30,nail cutter
1969.9753285257152,-68.35,1468.5,-1311.35,2553.8862880911515,1144.4,-2242.75,427.5,2547.9249424777017,303.4,-1625.45,1938.5,0.0,0.0,0.0,0.0,1767.9466397736421,2553.8862880911515,0.0,2553.8862880911515,1047.9167662143248,982.0069914561325,987.9683370695825,1969.9753285257152,5.961345613449794,583.9109595654363,577.9496139519865,1969.9753285257152,5.961345613449794,2553.8862880911515,2547.9249424777017,0.27856826730612466,0.36113735429511273,0.3602943783987626,0.0,2,-31,nail cutter
1969.9964447937464,-66.15,1465.9,-1314.4,2552.5153466727675,1149.45,-2238.45,428.3,2553.2138928221425,307.7,-1628.7,1942.05,0.0,0.0,0.0,0.0,1768.931421072164,2553.2138928221425,0.0,2553.2138928221425,1048.647734009669,985.3474954715605,984.6489493221854,1969.9964447937464,-0.6985461493750336,582.5189018790211,583.2174480283961,1969.9964447937464,0.6985461493750336,2552.5153466727675,2553.2138928221425,0.2784161699722247,0.3607425528579376,0.3608412771698377,0.0,3,-31,nail cutter
1969.0907812998364,-67.4,1464.85,-1314.15,2552.6648604938327,1144.3,-2241.2,428.6,2548.86965437623,301.55,-1624.65,1940.7,0.0,0.0,0.0,0.0,1767.6563240424748,2552.6648604938327,0.0,2552.6648604938327,1047.821238366853,982.6477875911169,986.4429937087198,1969.0907812998364,3.795206117602902,583.5740791939963,579.7788730763934,1969.0907812998364,3.795206117602902,2552.6648604938327,2548.86965437623,0.2784889170080158,0.36102391988960164,0.3604871631023825,0.0,2,-28,nail cutter
1968.9668261552808,-63.85,1466.5,-1312.3,2556.8333803750297,1145.9,-2245.35,427.45,2549.929406866002,301.5,-1629.3,1938.2,0.0,0.0,0.0,0.0,1768.9324033490782,2556.8333803750297,0.0,2556.8333803750297,1048.794532669128,981.0314263231264,987.9353998321544,1968.9668261552808,6.9039735090277645,587.8665542197489,580.9625807107211,1968.9668261552808,6.9039735090277645,2556.8333803750297,2549.929406866002,0.27827050123954455,0.36135261239127014,0.36037688636918525,0.0,2,-28,nail cutter
1967.6421257433985,-65.85,1467.85,-1308.7,2553.4495868334666,1149.2,-2239.5,429.05,2547.8565721994632,303.05,-1626.6,1937.5,0.0,0.0,0.0,0.0,1767.237071194082,2553.4495868334666,0.0,2553.4495868334666,1047.7101193542815,981.0245555546974,986.6175701887007,1967.6421257433985,5.593014634003339,585.807461090068,580.2144464560647,1967.6421257433985,5.593014634003339,2553.4495868334666,2547.8565721994632,0.27835005243720745,0.3612205782198987,0.3604293693428939,0.0,2,-28,nail cutter
1973.6296803098599,-71.05,1468.85,-1316.3,2558.105224575408,1147.7,-2244.7,433.6,2548.3684707082684,302.3,-1626.35,1938.5,0.0,0.0,0.0,0.0,1770.0258438983842,2558.105224575408,0.0,2558.105224575408,1048.9676312007023,981.9464632213599,991.6832170885,1973.6296803098599,9.736753867139669,584.4755442655483,574.7387903984086,1973.6296803098599,9.736753867139669,2558.105224575408,2548.3684707082684,0.278757184127189,0.3613090217571799,0.35993379411563103,0.0,2,-29,nail cutter
1972.8290213548664,-68.65,1468.65,-1315.45,2557.263086289716,1146.0,-2245.55,428.7,2548.515178000712,304.9,-1625.2,1939.25,0.0,0.0,0.0,0.0,1769.6518214113235,2557.263086289716,0.0,2557.263086289716,1048.7979043174075,982.0405565329311,990.7884648219351,1972.8290213548664,8.747908289004044,584.4340649348494,575.6861566458454,1972.8290213548664,8.747908289004044,2557.263086289716,2548.515178000712,0.27870299082074607,0.36126641627309786,0.36003059290615613,0.0,2,-35,nail cutter
1970.9000304429446,-66.0,1467.3,-1314.2,2554.8492734406077,1150.2,-2239.9,432.6,2547.942737778854,302.9,-1625.75,1938.35,0.0,0.0,0.0,0.0,1768.4230104156018,2554.8492734406077,0.0,2554.8492734406077,1048.145285722653,981.9967473905956,988.9032830523495,1970.9000304429446,6.906535661753878,583.9492429976631,577.0427073359092,1970.9000304429446,6.906535661753878,2554.8492734406077,2547.942737778854,0.27862395179699656,0.36117620874546663,0.3601998394575367,0.0,2,-40,nail cutter
1969.8313411305041,-68.6,1465.7,-1314.25,2554.3869802753065,1145.75,-2242.65,427.4,2548.9955634523967,303.6,-1625.6,1939.75,0.0,0.0,0.0,0.0,1768.3034712145518,2554.3869802753065,0.0,2554.3869802753065,1048.2029949826356,982.2199621537973,987.6113789767069,1969.8313411305041,5.391416822909832,584.5556391448024,579.1642223218926,1969.8313411305041,5.391416822909832,2554.3869802753065,2548.9955634523967,0.2784916974371958,0.3611352663523355,0.3603730362104687,0.0,2,-41,nail cutter
1972.4620617390847,-66.15,1471.4,-1311.95,2554.1616892828065,1150.1,-2239.85,429.05,2547.9363826438052,301.2,-1625.4,1938.9,0.0,0.0,0.0,0.0,1768.640033416424,2554.1616892828065,0.0,2554.1616892828065,1048.0908904750343,983.1183775500419,989.3436841890427,1972.4620617390847,6.225306639001246,581.6996275437218,575.4743209047206,1972.4620617390847,6.225306639001246,2554.1616892828065,2547.9363826438052,0.2788105584618234,0.36103469912261005,0.3601547424155666,0.0,2,-40,nail cutter
1967.002982331242,-64.6,1463.65,-1312.5,2553.659761009677,1149.3,-2239.65,429.25,2546.775028835488,303.15,-1624.35,1937.95,0.0,0.0,0.0,0.0,1766.8594430441017,2553.659761009677,0.0,2553.659761009677,1047.5176357827522,980.0591250785264,986.9438572527158,1967.002982331242,6.884732174189139,586.6567786784349,579.7720465042457,1967.002982331242,6.884732174189139,2553.659761009677,2546.775028835488,0.2783191088112696,0.3613275197219432,0.3603533714667872,0.0,2,-41,nail cutter
1964.973555165565,-60.1,1464.25,-1309.0,2553.9113615198157,1145.3,-2242.5,426.55,2550.9725150420572,306.2,-1626.9,1940.85,0.0,0.0,0.0,0.0,1767.4643579318595,2553.9113615198157,0.0,2553.9113615198157,1048.2514084490988,981.0173543439032,983.9562008216617,1964.973555165565,2.9388464777584886,588.9378063542508,585.9989598764923,1964.973555165565,2.9388464777584886,2553.9113615198157,2550.9725150420572,0.2779368005848806,0.3612394431121926,0.36082375630292685,0.0,2,-40,nail cutter
1969.892483106629,-65.7,1471.45,-1308.05,2556.1582320936236,1145.55,-2244.95,426.45,2545.815343853517,305.2,-1619.35,1940.55,0.0,0.0,0.0,0.0,1767.9665147634423,2556.1582320936236,0.0,2556.1582320936236,1047.9473601046031,979.7747974332613,990.117685673368,1969.892483106629,10.342888240106731,586.2657489869946,575.9228607468879,1969.892483106629,10.342888240106731,2556.1582320936236,2545.815343853517,0.27855342092978,0.36145455962377815,0.3599920194464419,0.0,2,-41,nail cutter
1975.4628653811744,-68.8,1470.3,-1317.55,2556.6951490156193,1148.35,-2243.95,427.4,2547.271334192728,301.0,-1623.2,1939.9,0.0,0.0,0.0,0.0,1769.8573371473803,2556.6951490156193,0.0,2556.6951490156193,1048.5889199398323,983.0195252791416,992.4433401020331,1975.4628653811744,9.423814822891472,581.2322836344449,571.8084688115534,1975.4628653811744,9.423814822891472,2556.6951490156193,2547.271334192728,0.2790426696997489,0.3611442424416603,0.35981308785859084,0.0,2,-41,nail cutter
1970.5536246192337,-67.35,1468.25,-1312.55,2552.544343885136,1142.65,-2241.55,430.45,2549.5874082878586,305.3,-1626.15,1939.8,0.0,0.0,0.0,0.0,1768.1713441980569,2552.544343885136,0.0,2552.544343885136,1048.0029291141489,983.798344510978,986.7552801082554,1970.5536246192337,2.9569355972776066,581.9907192659025,579.0337836686249,1970.5536246192337,2.9569355972776066,2552.544343885136,2549.5874082878586,0.27861463074340315,0.36090172373012114,0.3604836455264758,0.0,2,-41,nail cutter
1968.9191565424924,-64.25,1466.15,-1312.6,2554.8641666436984,1146.1,-2243.3,425.9,2549.870340821274,303.95,-1626.25,1940.3,0.0,0.0,0.0,0.0,1768.4134160018662,2554.8641666436984,0.0,2554.8641666436984,1048.4116880331935,981.9626653600342,986.9564911824582,1968.9191565424924,4.993825822424242,585.945010101206,580.9511842787817,1968.9191565424924,4.993825822424242,2554.8641666436984,2549.870340821274,0.2783454279873568,0.3611802737308857,0.3604742982817576,0.0,2,-40,nail cutter
1971.3246796253527,-68.4,1467.85,-1314.1,2556.69867064932,1146.2,-2244.7,429.25,2551.023898359245,303.6,-1628.6,1939.9,0.0,0.0,0.0,0.0,1769.7618121584792,2556.69867064932,0.0,2556.69867064932,1049.085855388173,982.824953667639,988.4997259577137,1971.3246796253527,5.674772290074998,585.3739910239672,579.6992187338922,1971.3246796253527,5.674772290074998,2556.69867064932,2551.023898359245,0.27847316317965953,0.3611642331025125,0.360362603717828,0.0,2,-42,nail cutter
1971.3027202842286,-57.7,1467.25,-1315.25,2554.432990900329,1148.2,-2240.75,431.05,2548.5396195664684,299.1,-1625.6,1939.85,0.0,0.0,0.0,0.0,1768.5688326877566,2554.432990900329,0.0,2554.432990900329,1048.1976970831724,982.7046744751838,988.5980458090446,1971.3027202842286,5.893371333860614,583.1302706161005,577.2368992822398,1971.3027202842286,5.893371333860614,2554.432990900329,2548.5396195664684,0.27865790178044275,0.36108758444791017,0.360254513771647,0.0,2,-41,nail cutter
1972.2642704516045,-65.1,1470.2,-1313.05,2556.42661394768,1147.5,-2243.85,428.6,2547.7638484561317,301.95,-1625.05,1938.85,0.0,0.0,0.0,0.0,1769.113683213854,2556.42661394768,0.0,2556.42661394768,1048.474023994162,981.800752480028,990.4635179715763,1972.2642704516045,8.66276549154827,584.1623434960754,575.4995780045272,1972.2642704516045,8.66276549154827,2556.42661394768,2547.7638484561317,0.27870796110579754,0.36125810316829904,0.36003393572590336,0.0,2,-41,nail cutter
1971.6463203373978,-61.8,1472.9,-1309.25,2557.163503767407,1145.35,-2244.75,434.0,2551.255213615447,298.2,-1624.05,1944.85,0.0,0.0,0.0,0.0,1770.0162594300627,2557.163503767407,0.0,2557.163503767407,1049.231543548996,982.8690150927191,988.7773052446789,1971.6463203373978,5.9082901519600455,585.517183430009,579.608893278049,1971.6463203373978,5.9082901519600455,2557.163503767407,2551.255213615447,0.2784785605546159,0.3611779680191754,0.36034347142620876,0.0,2,-41,nail cutter
1969.378714848924,-67.9,1467.05,-1312.1,2552.7922545714528,1142.5,-2241.35,433.35,2548.9324785093854,301.9,-1625.4,1940.1,0.0,0.0,0.0,0.0,1767.7758619824403,2552.7922545714528,0.0,2552.7922545714528,1047.8706509714063,982.7594693934284,986.6192454554955,1969.378714848924,3.85977606206734,583.4135397225289,579.5537636604615,1969.378714848924,3.85977606206734,2552.7922545714528,2548.9324785093854,0.2785108051877685,0.3610175234133854,0.3604716713988462,0.0,2,-40,nail cutter
1970.1264610425392,-68.15,1466.7,-1313.6,2552.5594238920276,1145.55,-2240.0,430.9,2550.919984044972,302.8,-1628.05,1940.35,0.0,0.0,0.0,0.0,1768.4014672448845,2552.5594238920276,0.0,2552.5594238920276,1048.2337111284578,984.243510597742,985.8829504447972,1970.1264610425392,1.6394398470556553,582.4329628494884,580.7935230024327,1970.1264610425392,1.6394398470556553,2552.5594238920276,2550.919984044972,0.27851798609282086,0.3608568912619199,0.3606251226452593,0.0,2,-39,nail cutter
1969.4703075954205,-66.85,1467.4,-1311.9,2557.4675706643866,1149.5,-2243.85,429.45,2550.486195806596,304.7,-1627.85,1939.65,0.0,0.0,0.0,0.0,1769.3560185166007,2557.4675706643866,0.0,2557.4675706643866,1049.0413029829106,981.2444663688148,988.2258412266056,1969.4703075954205,6.981374857790797,587.997263068966,581.0158882111753,1969.4703075954205,6.981374857790797,2557.4675706643866,2550.486195806596,0.27827501743354516,0.3613557056776688,0.36036927688878606,0.0,2,-40,nail cutter
1968.0380242769702,-65.4,1465.05,-1312.45,2557.095426455571,1147.7,-2243.8,432.3,2546.831573740203,305.95,-1622.6,1939.05,0.0,0.0,0.0,0.0,1767.991256118186,2557.095426455571,0.0,2557.095426455571,1048.2234283728055,978.887085780801,989.1509384961689,1968.0380242769702,10.263852715368103,589.057402178601,578.7935494632329,1968.0380242769702,10.263852715368103,2557.095426455571,2546.831573740203,0.2782872960296773,0.3615820238938777,0.3601306800764451,0.0,2,-40,nail cutter
1974.2472958066828,-66.95,1473.4,-1312.35,2555.834224866707,1151.15,-2241.6,427.05,2548.5041519487463,305.5,-1622.8,1941.15,0.0,0.0,0.0,0.0,1769.6464181555339,2555.834224866707,0.0,2555.834224866707,1048.5967529676452,983.4586114443609,990.7886843623216,1974.2472958066828,7.330072917960479,581.586929060024,574.2568561420635,1974.2472958066828,7.330072917960479,2555.834224866707,2548.5041519487463,0.27890420305888003,0.3610656624178349,0.36003013452328514,0.0,2,-41,nail cutter
1973.550433229412,-66.95,1470.1,-1315.0,2555.0329811961333,1144.35,-2243.9,428.45,2549.3810709660493,305.2,-1624.95,1940.55,0.0,0.0,0.0,0.0,1769.4911213478986,2555.0329811961333,0.0,2555.0329811961333,1048.5756265505872,983.9492614996641,989.6011717297479,1973.550433229412,5.651910230084013,581.4825479667213,575.8306377366373,1973.550433229412,5.651910230084013,2555.0329811961333,2549.3810709660493,0.2788302254557334,0.36098414826318165,0.3601856262810851,0.0,2,-41,nail cutter
1971.6734231357889,-63.65,1467.95,-1314.75,2556.236558888868,1147.0,-2243.65,429.85,2549.8101444029126,302.3,-1625.15,1941.4,0.0,0.0,0.0,0.0,1769.4300316068923,2556.236558888868,0.0,2556.236558888868,1048.7900955375353,982.6235043249167,989.049918810872,1971.6734231357889,6.42641448595532,584.563135753079,578.1367212671237,1971.6734231357889,6.42641448595532,2556.236558888868,2549.8101444029126,0.2785746522773256,0.36116666288401417,0.3602586848386603,0.0,2,-40,nail cutter
1970.5369610844655,-66.3,1470.15,-1310.45,2557.579760730836,1148.1,-2245.0,427.85,2548.285561411829,297.4,-1624.2,1940.95,0.0,0.0,0.0,0.0,1769.1005708067826,2557.579760730836,0.0,2557.579760730836,1048.7042161024794,980.6213808827292,989.9155802017362,1970.5369610844655,9.29419931900702,587.0427996463704,577.7486003273634,1970.5369610844655,9.29419931900702,2557.579760730836,2548.285561411829,0.2784659325763797,0.361423737425577,0.36011032999804327,0.0,2,-41,nail cutter
1972.142189346397,-66.05,1469.1,-1314.05,2556.986694333782,1147.95,-2243.5,432.55,2549.802300669603,300.6,-1626.05,1940.9,0.0,0.0,0.0,0.0,1769.7327960874454,2556.986694333782,0.0,2556.986694333782,1048.951960805409,982.4788978411088,989.6632915052878,1972.142189346397,7.18439366417897,584.8445049873851,577.6601113232061,1972.142189346397,7.18439366417897,2556.986694333782,2549.802300669603,0.27859321386065194,0.3612108421094431,0.360195944029905,0.0,2,-40,nail cutter
1971.7231924131745,-67.05,1468.85,-1313.65,2557.3531424111143,1147.15,-2244.5,431.65,2548.831856949375,302.15,-1624.3,1940.85,0.0,0.0,0.0,0.0,1769.477047943416,2557.3531424111143,0.0,2557.3531424111143,1048.8201924908074,981.6009534757177,990.122238937457,1971.7231924131745,8.521285461739353,585.6299499979398,577.1086645362004,1971.7231924131745,8.521285461739353,2557.3531424111143,2548.831856949375,0.278574281975686,0.36131482256062764,0.3601108954636863,0.0,2,-41,nail cutter
1970.6042734400023,-69.35,1466.3,-1314.7,2554.343217932939,1147.05,-2241.15,431.5,2551.417354138676,300.75,-1625.45,1943.5,0.0,0.0,0.0,0.0,1769.091211377904,2554.343217932939,0.0,2554.343217932939,1048.6832381374556,983.8392048228695,986.7650686171326,1970.6042734400023,2.925863794263023,583.7389444929365,580.8130806986735,1970.6042734400023,2.925863794263023,2554.343217932939,2551.417354138676,0.27847691808738684,0.36096827590130587,0.36055480601130735,0.0,2,-40,nail cutter
1972.0898413865427,-66.1,1470.1,-1312.85,2554.998104206733,1147.0,-2242.65,427.7,2549.6119538078733,299.7,-1622.15,1944.05,0.0,0.0,0.0,0.0,1769.174974850287,2554.998104206733,0.0,2554.998104206733,1048.5411774763475,983.3518454938417,988.7379958927011,1972.0898413865427,5.386150398859627,582.9082628201902,577.5221124213306,1972.0898413865427,5.386150398859627,2554.998104206733,2549.6119538078733,0.2786736571312607,0.3610437266702442,0.36028261619849516,0.0,2,-39,nail cutter
1968.2957507701935,-67.0,1468.05,-1309.4,2554.5506155682256,1143.45,-2243.35,430.85,2547.9634259541485,301.7,-1623.2,1940.7,0.0,0.0,0.0,0.0,1767.702448073142,2554.5506155682256,0.0,2554.5506155682256,1047.9678967297716,980.8542805780583,987.4414701921353,1968.2957507701935,6.587189614077033,586.254864798032,579.667675183955,1968.2957507701935,6.587189614077033,2554.5506155682256,2547.9634259541485,0.27836921209727705,0.3612811955927277,0.3603495923099952,0.0,2,-40,nail cutter
1973.6600631821073,-63.15,1468.4,-1317.25,2558.705458820925,1146.75,-2247.2,426.65,2548.6722307899854,305.0,-1622.5,1941.7,0.0,0.0,0.0,0.0,1770.2594381982544,2558.705458820925,0.0,2558.705458820925,1049.1382053714376,981.813417575584,991.8466456065235,1973.6600631821073,10.033228030939426,585.0453956388176,575.0121676078782,1973.6600631821073,10.033228030939426,2558.705458820925,2548.6722307899854,0.2787246915049456,0.3613461117068157,0.35992919678823865,0.0,2,-40,nail cutter
1968.207851701644,-67.65,1466.25,-1311.25,2553.4529631461787,1146.55,-2240.9,428.85,2550.1633271224023,300.7,-1623.55,1943.45,0.0,0.0,0.0,0.0,1767.956035492556,2553.4529631461787,0.0,2553.4529631461787,1048.1678066704985,982.4591078389337,985.7487438627102,1968.207851701644,3.2896360237764384,585.2451114445348,581.9554754207584,1968.207851701644,3.2896360237764384,2553.4529631461787,2550.1633271224023,0.2783168546316958,0.3610741602003103,0.36060898516799395,0.0,2,-41,nail cutter
1975.0029499977968,-64.8,1469.55,-1317.9,2555.6166418303037,1148.8,-2242.7,426.3,2545.9191434529102,299.85,-1626.6,1935.45,0.0,0.0,0.0,0.0,1769.1346838202528,2555.6166418303037,0.0,2555.6166418303037,1048.1134527708411,982.6527258102014,992.3502241875954,1975.0029499977968,9.697498377393458,580.6136918325069,570.9161934551134,1975.0029499977968,9.697498377393458,2555.6166418303037,2545.9191434529102,0.27909166103354466,0.36113935603700464,0.35976898292945064,0.0,2,-40,nail cutter
1967.4274834158437,-65.5,1465.3,-1311.25,2553.258961601819,1145.25,-2242.2,424.35,2548.9376179106466,304.0,-1624.3,1940.7,0.0,0.0,0.0,0.0,1767.4060157320773,2553.258961601819,0.0,2553.258961601819,1047.8655817561068,981.5530698623354,985.874413553508,1967.4274834158437,4.3213436911723875,585.8314781859754,581.510134494803,1967.4274834158437,4.3213436911723875,2553.258961601819,2548.9376179106466,0.2782930840315313,0.36115908552911563,0.3605478304393531,0.0,2,-39,nail cutter
1968.8884078332119,-66.7,1468.1,-1310.25,2559.095104719635,1149.7,-2246.25,426.05,2550.701441270616,304.5,-1627.45,1940.3,0.0,0.0,0.0,0.0,1769.671238455866,2559.095104719635,0.0,2559.095104719635,1049.3595655360853,980.2473721920965,988.6410356411154,1968.8884078332119,8.393663449018732,590.2066968864231,581.8130334374043,1968.8884078332119,8.393663449018732,2559.095104719635,2550.701441270616,0.27814324562781134,0.3615212601512053,0.3603354942209833,0.0,2,-40,nail cutter
2080.0198418524765,-97.9,1534.9,-1400.35,2599.480860191127,1146.45,-2284.5,473.3,2589.318910930054,244.75,-1593.1,2026.5,0.0,0.0,0.0,0.0,1817.2049032434143,2599.480860191127,0.0,2599.480860191127,1069.9790962925836,1034.928946295702,1045.0908955567747,2080.0198418524765,10.161949261073005,519.4610183386503,509.2990690775773,2080.0198418524765,10.161949261073005,2599.480860191127,2589.318910930054,0.2861564810522991,0.357620769065651,0.3562227498820499,0.0,2,-39,nail cutter
2078.751710762976,-102.05,1537.1,-1395.75,2599.090083567709,1145.15,-2284.5,474.3,2589.40018392291,237.75,-1594.8,2026.1,0.0,0.0,0.0,0.0,1816.8104945633986,2599.090083567709,0.0,2599.090083567709,1069.8445865378292,1034.5309055590885,1044.2208052038875,2078.751710762976,9.68989964479897,520.3383728047329,510.6484731599339,2078.751710762976,9.68989964479897,2599.090083567709,2589.40018392291,0.28604410269857633,0.35764463208259667,0.35631126521882706,0.0,2,-39,nail cutter
2083.2062961934425,-101.05,1537.6,-1401.9,2600.4154120063204,1146.7,-2284.95,475.65,2585.2744892950923,238.0,-1596.25,2019.65,0.0,0.0,0.0,0.0,1817.2240493737138,2600.4154120063204,0.0,2600.4154120063204,1069.6190899113585,1034.0326867411072,1049.1736094523353,2083.2062961934425,15.140922711228086,517.2091158128778,502.06819310164974,2083.2062961934425,15.140922711228086,2600.4154120063204,2585.2744892950923,0.286591834522468,0.35774556980226585,0.35566259567526615,0.0,2,-40,nail cutter
2080.9820782505553,-101.2,1536.4,-1399.9,2593.4982889911457,1146.1,-2278.25,471.45,2589.0442416073156,238.85,-1597.8,2023.15,0.0,0.0,0.0,0.0,1815.8811522122542,2593.4982889911457,0.0,2593.4982889911457,1068.8980814559902,1038.2640154333624,1042.7180628171927,2080.9820782505553,4.4540473838301295,512.5162107405904,508.06216335676027,2080.9820782505553,4.4540473838301295,2593.4982889911457,2589.0442416073156,0.28649756011225375,0.3570578236675257,0.3564446162202206,0.0,2,-39,nail cutter
2087.144424207391,-99.35,1541.45,-1403.65,2599.979693670702,1146.45,-2285.45,471.45,2590.1736027726015,241.1,-1594.6,2026.85,0.0,0.0,0.0,0.0,1819.3244301626737,2599.979693670702,0.0,2599.979693670702,1070.6656829693675,1038.669166654645,1048.4752575527457,2087.144424207391,9.806090898100592,512.8352694633113,503.0291785652107,2087.144424207391,9.806090898100592,2599.979693670702,2590.1736027726015,0.28680212138150235,0.3572726846522677,0.3559251939662299,0.0,2,-38,nail cutter
2081.2037178037135,-101.05,1536.3,-1400.35,2594.17245668055,1145.85,-2279.05,471.9,2590.96356062759,243.3,-1594.85,2027.4,0.0,0.0,0.0,0.0,1816.5849337779632,2594.17245668055,0.0,2594.17245668055,1069.3816596500578,1038.9974108753765,1042.2063069283365,2081.2037178037135,3.2088960529599717,512.9687388768366,509.7598428238766,2081.2037178037135,3.2088960529599717,2594.17245668055,2590.96356062759,0.28641706741938855,0.35701227182444933,0.3565706607561622,0.0,2,-38,nail cutter
2079.579648029861,-100.9,1538.25,-1395.8,2600.585086571866,1149.4,-2284.15,473.9,2588.0192416208965,238.75,-1595.9,2023.35,0.0,0.0,0.0,0.0,1817.045994055656,2600.585086571866,0.0,2600.585086571866,1069.919777593766,1033.5069015394454,1046.0727464904153,2079.579648029861,12.565844950969677,521.0054385420053,508.43959359103565,2079.579648029861,12.565844950969677,2600.585086571866,2588.0192416208965,0.28612094229219653,0.35780397071393705,0.3560750869938664,0.0,2,-37,nail cutter
2079.960531476499,-102.85,1536.0,-1398.7,2598.0497700198125,1146.25,-2282.65,474.85,2587.408422050914,240.75,-1596.7,2021.7,0.0,0.0,0.0,0.0,1816.3546808868064,2598.0497700198125,0.0,2598.0497700198125,1069.3693767102125,1034.6595917538004,1045.3009397226988,2079.960531476499,10.641347968898572,518.0892385433135,507.44789057441494,2079.960531476499,10.641347968898572,2598.0497700198125,2587.408422050914,0.2862822654302561,0.35759119589343585,0.3561265386763081,0.0,2,-38,nail cutter
2078.3638059781542,-101.3,1530.1,-1402.9,2600.048754350579,1146.25,-2285.35,472.8,2585.7484893160045,240.6,-1589.2,2025.5,0.0,0.0,0.0,0.0,1816.0402624111846,2600.048754350579,0.0,2600.048754350579,1069.338106751796,1032.0317704717897,1046.3320355063647,2078.3638059781542,14.30026503457475,521.684948372425,507.3846833378502,2078.3638059781542,14.30026503457475,2600.048754350579,2585.7484893160045,0.28611202199045394,0.3579282915922875,0.3559596864172585,0.0,2,-37,nail cutter
2078.917536243321,-100.75,1535.0,-1398.4,2601.24100190659,1147.5,-2286.1,472.7,2587.8919302204254,237.15,-1594.6,2024.4,0.0,0.0,0.0,0.0,1817.0126170925842,2601.24100190659,0.0,2601.24100190659,1069.9764147290155,1032.7842322785782,1046.1333039647432,2078.917536243321,13.349071686164734,522.323465663269,508.9743939771042,2078.917536243321,13.349071686164734,2601.24100190659,2587.8919302204254,0.2860350991356644,0.3579007896583646,0.35606411120597103,0.0,2,-38,nail cutter
2083.6858532417978,-103.15,1537.7,-1402.35,2603.0562974127165,1147.45,-2287.35,476.75,2587.3025204834476,238.05,-1596.3,2022.2,0.0,0.0,0.0,0.0,1818.5111677844905,2603.0562974127165,0.0,2603.0562974127165,1070.4965770113836,1033.9660381562646,1049.7198150855334,2083.6858532417978,15.753776929268952,519.3704441709187,503.6166672416498,2083.6858532417978,15.753776929268952,2603.0562974127165,2587.3025204834476,0.28645491572377474,0.357855418147369,0.3556896661288562,0.0,2,-38,nail cutter
2083.6047669843724,-104.6,1538.95,-1400.75,2599.4098392712144,1145.9,-2284.55,474.0,2589.3630037134617,238.0,-1597.05,2024.25,0.0,0.0,0.0,0.0,1818.0944024922621,2599.4098392712144,0.0,2599.4098392712144,1070.1953182719988,1036.77896571331,1046.8258012710626,2083.6047669843724,10.046835557752729,515.805072286842,505.7582367290893,2083.6047669843724,10.046835557752729,2599.4098392712144,2589.3630037134617,0.28650943044103566,0.3574360379345425,0.3560545316244218,0.0,2,-36,nail cutter
2087.460622981904,-100.6,1539.7,-1405.95,2600.679773155473,1147.95,-2284.8,474.8,2589.635077090979,238.7,-1597.45,2024.2,0.0,0.0,0.0,0.0,1819.443868307089,2600.679773155473,0.0,2600.679773155473,1070.7162331611194,1038.207963458705,1049.252659523199,2087.460622981904,11.044696064494019,513.2191501735688,502.17445410907476,2087.460622981904,11.044696064494019,2600.679773155473,2589.635077090979,0.28682674131137015,0.3573454254974199,0.35582783319121003,0.0,2,-37,nail cutter
2083.469319428534,-102.85,1535.6,-1404.35,2603.8666752543227,1148.65,-2287.2,479.0,2590.5747668229924,237.6,-1599.2,2024.15,0.0,0.0,0.0,0.0,1819.4776903764623,2603.8666752543227,0.0,2603.8666752543227,1071.2197985111807,1035.0887054986017,1048.3806139299322,2083.469319428534,13.291908431330285,520.3973558257885,507.1054473944582,2083.469319428534,13.291908431330285,2603.8666752543227,2590.5747668229924,0.28627299615273794,0.35777666978642164,0.3559503340608404,0.0,2,-37,nail cutter
2084.3808181328095,-100.3,1535.45,-1406.05,2598.1048761549255,1142.15,-2284.85,474.45,2587.897653018759,237.6,-1595.05,2024.0,0.0,0.0,0.0,0.0,1817.5958368266233,2598.1048761549255,0.0,2598.1048761549255,1069.7415693523958,1037.0867974983216,1047.294020634488,2084.3808181328095,10.207223136166704,513.724058022116,503.51683488594927,2084.3808181328095,10.207223136166704,2598.1048761549255,2587.897653018759,0.2866947612748678,0.357354592191822,0.35595064653331027,0.0,2,-37,nail cutter
2079.785016534161,-100.35,1535.7,-1398.95,2600.626859047641,1147.0,-2285.9,471.5,2588.533390261752,238.7,-1595.6,2024.25,0.0,0.0,0.0,0.0,1817.2363164608885,2600.626859047641,0.0,2600.626859047641,1070.0326593196403,1033.8457738741363,1045.9392426600248,2079.785016534161,12.093468785888945,520.8418425134801,508.7483737275911,2079.785016534161,12.093468785888945,2600.626859047641,2588.533390261752,0.28611922919642513,0.35777224396885604,0.3561085268347189,0.0,2,-37,nail cutter
2079.6513013002927,-102.1,1535.95,-1398.35,2600.3615464969484,1145.95,-2284.9,477.4,2585.775622999799,241.3,-1594.35,2021.4,0.0,0.0,0.0,0.0,1816.4471176992602,2600.3615464969484,0.0,2600.3615464969484,1069.4794007375976,1032.5326889015716,1047.118612398721,2079.6513013002927,14.585923497149452,520.7102451966557,506.12432169950625,2079.6513013002927,14.585923497149452,2600.3615464969484,2585.775622999799,0.28622513711470043,0.3578911713365218,0.3558836915487777,0.0,2,-37,nail cutter
2083.56276003388,-98.75,1538.05,-1402.1,2596.5595665225937,1146.75,-2280.9,473.9,2589.355327586386,236.75,-1598.3,2023.4,0.0,0.0,0.0,0.0,1817.3694135357148,2596.5595665225937,0.0,2596.5595665225937,1069.6716819869785,1038.1792605488363,1045.3834994850436,2083.56276003388,7.20423893620773,512.9968064887139,505.79256755250617,2083.56276003388,7.20423893620773,2596.5595665225937,2589.355327586386,0.2866179468680892,0.35718653939913003,0.3561955137327808,0.0,2,-37,nail cutter
2079.4059025356255,-102.55,1534.95,-1399.05,2597.736811630462,1147.1,-2282.85,470.1,2585.9901923634593,234.65,-1595.5,2021.55,0.0,0.0,0.0,0.0,1815.7832266323867,2597.736811630462,0.0,2597.736811630462,1069.0224296666925,1033.8296416343112,1045.5762609013143,2079.4059025356255,11.746619267002643,518.3309090948364,506.5842898278338,2079.4059025356255,11.746619267002643,2597.736811630462,2585.9901923634593,0.28629600054079174,0.3576606465916519,0.3560433528675563,0.0,2,-37,nail cutter
2080.6209325583554,-99.95,1535.4,-1400.55,2597.212799810597,1146.45,-2281.95,473.15,2585.397034789821,240.35,-1594.45,2020.95,0.0,0.0,0.0,0.0,1815.8076917896933,2597.212799810597,0.0,2597.212799810597,1068.8949113160686,1034.4025837687896,1046.2183487895654,2080.6209325583554,11.81576502077587,516.5918672522416,504.77610223146576,2080.6209325583554,11.81576502077587,2597.212799810597,2585.397034789821,0.2864594282156137,0.3575836818450109,0.35595688993937546,0.0,2,-37,nail cutter
2076.263213684623,-94.7,1537.2,-1392.45,2596.999458028438,1148.25,-2280.75,473.4,2587.630283676553,238.75,-1594.0,2024.35,0.0,0.0,0.0,0.0,1815.2232388474035,2596.999458028438,0.0,2596.999458028438,1068.990642509719,1033.447019666369,1042.8161940182538,2076.263213684623,9.369174351884794,520.7362443438146,511.36706999192984,2076.263213684623,9.369174351884794,2596.999458028438,2587.630283676553,0.28595149748674575,0.3576694318431919,0.35637907067006236,0.0,2,-37,nail cutter
2080.235797331639,-98.7,1537.6,-1397.65,2595.5253538542056,1144.6,-2281.0,472.95,2585.607269579044,239.4,-1594.3,2021.45,0.0,0.0,0.0,0.0,1815.3421051912223,2595.5253538542056,0.0,2595.5253538542056,1068.6007149515208,1035.1588565282386,1045.0769408034005,2080.235797331639,9.918084275161618,515.2895565225667,505.3714722474051,2080.235797331639,9.918084275161618,2595.5253538542056,2585.607269579044,0.28647985844967133,0.35744300570563825,0.3560771358446903,0.0,2,-37,nail cutter
2079.4266048600994,-99.65,1534.85,-1399.4,2602.249778076655,1146.65,-2286.75,477.15,2587.525932720289,236.2,-1596.05,2022.9,0.0,0.0,0.0,0.0,1817.3005789142608,2602.249778076655,0.0,2602.249778076655,1070.12660331752,1032.3513797518665,1047.0752251082324,2079.4266048600994,14.723845356365928,522.8231732165555,508.09932786018953,2079.4266048600994,14.723845356365928,2602.249778076655,2587.525932720289,0.28605980609196263,0.35798285218609227,0.3559573417219451,0.0,2,-38,nail cutter
2081.115629295979,-102.3,1537.1,-1399.25,2599.6855531006054,1146.55,-2284.9,472.25,2587.7127632331994,236.6,-1595.85,2023.25,0.0,0.0,0.0,0.0,1817.128486407446,2599.6855531006054,0.0,2599.6855531006054,1069.7944706865821,1034.5714197142863,1046.5442095816925,2081.115629295979,11.972789867405936,518.5699238046263,506.5971339372204,2081.115629295979,11.972789867405936,2599.6855531006054,2587.7127632331994,0.2863192730815707,0.35766396990455995,0.3560167570138693,0.0,2,-37,nail cutter
2081.2385753440185,-101.85,1536.75,-1399.85,2596.786357211544,1146.0,-2281.15,475.75,2584.528239350462,234.7,-1594.2,2020.7,0.0,0.0,0.0,0.0,1815.6382929765061,2596.786357211544,0.0,2596.786357211544,1068.698971741977,1034.4902287414684,1046.74834660255,2081.2385753440185,12.2581178610817,515.5477818675254,503.2896640064437,2081.2385753440185,12.2581178610817,2596.786357211544,2584.528239350462,0.2865711996980542,0.3575583263550866,0.35587047394685917,0.0,2,-38,nail cutter
2077.1579886951304,-98.1,1536.7,-1394.1,2600.600437399025,1144.9,-2286.25,474.75,2584.874606726601,238.9,-1593.25,2021.4,0.0,0.0,0.0,0.0,1815.658258205189,2600.600437399025,0.0,2600.600437399025,1069.208239206142,1030.7160790113533,1046.4419096837769,2077.1579886951304,15.725830672423854,523.4424487038946,507.7166180314707,2077.1579886951304,15.725830672423854,2600.600437399025,2584.874606726601,0.28600618801861405,0.35807955952704523,0.3559142524543408,0.0,2,-38,nail cutter
2085.1368672103995,-98.5,1537.05,-1405.55,2595.0730245023933,1143.65,-2281.2,471.8,2586.7624180623934,236.45,-1593.95,2023.55,0.0,0.0,0.0,0.0,1816.7430774437967,2595.0730245023933,0.0,2595.0730245023933,1069.0320303012643,1038.4131303852,1046.7237368252,2085.1368672103995,8.310606439999901,509.9361572919938,501.6255508519939,2085.1368672103995,8.310606439999901,2595.0730245023933,2586.7624180623934,0.2869333717434938,0.3571051207958539,0.35596150746065225,0.0,2,-38,nail cutter
2078.3346993446457,-99.9,1535.45,-1397.1,2595.031400099043,1142.75,-2280.95,474.95,2588.2489611704664,236.55,-1596.6,2023.35,0.0,0.0,0.0,0.0,1815.4037651535386,2595.031400099043,0.0,2595.031400099043,1068.8700169881995,1035.7761302080348,1042.5585691366111,2078.3346993446457,6.782438928576539,516.6967007543972,509.91426182582063,2078.3346993446457,6.782438928576539,2595.031400099043,2588.2489611704664,0.286208327210458,0.3573628426235481,0.35642883016599397,0.0,2,-37,nail cutter
2080.611672681858,-101.65,1534.5,-1401.4,2594.988359800483,1140.25,-2282.65,472.55,2587.2538090608737,239.2,-1591.35,2025.9,0.0,0.0,0.0,0.0,1815.713460385804,2594.988359800483,0.0,2594.988359800483,1068.8229871680392,1036.4385609711246,1044.173111710734,2080.611672681858,7.7345507396094035,514.3766871186249,506.6421363790155,2080.611672681858,7.7345507396094035,2594.988359800483,2587.2538090608737,0.28647301984529105,0.3572959633246727,0.3562310168300361,0.0,2,-37,nail cutter
2079.6095366678815,-98.45,1534.4,-1400.25,2597.9563516348767,1146.95,-2283.0,470.95,2587.6185992143432,242.1,-1591.95,2025.55,0.0,0.0,0.0,0.0,1816.2961218792752,2597.9563516348767,0.0,2597.9563516348767,1069.3685795348133,1034.635892123674,1044.9736445442074,2079.6095366678815,10.337752420533434,518.3468149669952,508.0090625464618,2079.6095366678815,10.337752420533434,2597.9563516348767,2587.6185992143432,0.28624318353388356,0.357589866588885,0.3561669498772315,0.0,2,-37,nail cutter
2083.8025884185863,-96.45,1539.75,-1400.75,2596.5678105915126,1147.15,-2280.25,476.1,2586.941718033091,239.0,-1591.7,2025.25,0.0,0.0,0.0,0.0,1816.8280292607974,2596.5678105915126,0.0,2596.5678105915126,1069.253094848141,1037.0882479300824,1046.7143404885037,2083.8025884185863,9.626092558421533,512.7652221729263,503.1391296145048,2083.8025884185863,9.626092558421533,2596.5678105915126,2586.941718033091,0.286736355183051,0.3572941094001015,0.35596953541684756,0.0,2,-37,nail cutter
2079.8102449502453,-98.7,1535.75,-1399.05,2592.8274706389548,1144.85,-2278.6,469.1,2589.6873044829176,239.35,-1596.55,2024.9,0.0,0.0,0.0,0.0,1815.5812550180294,2592.8274706389548,0.0,2592.8274706389548,1068.8199226493473,1038.335039397104,1041.4752055531414,2079.8102449502453,3.1401661560371394,513.0172256887095,509.8770595326723,2079.8102449502453,3.1401661560371394,2592.8274706389548,2589.6873044829176,0.2863835258270487,0.35702443273644713,0.3565920414365042,0.0,2,-37,nail cutter
2079.4254164311833,-99.85,1535.2,-1399.0,2599.193069973833,1143.15,-2285.95,472.7,2589.122149011128,242.3,-1596.9,2023.55,0.0,0.0,0.0,0.0,1816.9351588540362,2599.193069973833,0.0,2599.193069973833,1069.8545104452562,1034.6772477342392,1044.7481686969443,2079.4254164311833,10.070920962705259,519.7676535426499,509.69673257994464,2079.4254164311833,10.070920962705259,2599.193069973833,2589.122149011128,0.2861171746138017,0.3576342635712406,0.3562485618149576,0.0,2,-37,nail cutter
2080.9481024283136,-99.25,1536.8,-1399.55,2598.948703322172,1146.1,-2284.7,470.25,2587.8371833444235,242.15,-1593.95,2024.25,0.0,0.0,0.0,0.0,1816.9334972737274,2598.948703322172,0.0,2598.948703322172,1069.6718329631112,1034.9182912252827,1046.0298112030314,2080.9481024283136,11.111519977748685,518.0006008938585,506.88908091610983,2080.9481024283136,11.111519977748685,2598.948703322172,2587.8371833444235,0.2863269494385368,0.3576009671270086,0.3560720834344545,0.0,2,-37,nail cutter
2077.974288219178,-99.15,1534.1,-1398.1,2594.6628769456734,1144.05,-2280.45,472.2,2586.007868317496,237.85,-1593.85,2022.5,0.0,0.0,0.0,0.0,1814.661258370587,2594.6628769456734,0.0,2594.6628769456734,1068.375794369134,1034.6596397955007,1043.3146484236777,2077.974288219178,8.655008628177256,516.6885887264953,508.033580098318,2077.974288219178,8.655008628177256,2594.6628769456734,2586.007868317496,0.2862757826886413,0.35745829489899705,0.3562659224123616,0.0,2,-37,nail cutter
2080.917296530547,-99.25,1537.35,-1398.9,2596.6922589132505,1145.25,-2282.25,471.75,2584.5290373683174,237.05,-1591.95,2022.2,0.0,0.0,0.0,0.0,1815.5346482030288,2596.6922589132505,0.0,2596.6922589132505,1068.6619662219223,1034.377037492807,1046.5402590377403,2080.917296530547,12.163221544933094,515.7749623827035,503.6117408377704,2080.917296530547,12.163221544933094,2596.6922589132505,2584.5290373683174,0.28654331915259607,0.35756578117131943,0.3558908996760844,0.0,2,-37,nail cutter
2079.5607474897192,-99.9,1536.7,-1397.55,2600.025155166773,1145.65,-2286.15,470.25,2588.1765168743805,238.3,-1594.7,2024.55,0.0,0.0,0.0,0.0,1816.9406048827182,2600.025155166773,0.0,2600.025155166773,1069.8444683473494,1033.8560545986631,1045.7046928910559,2079.5607474897192,11.84863829239248,520.4644076770537,508.61576938466123,2079.5607474897192,11.84863829239248,2600.025155166773,2588.1765168743805,0.2861349377493758,0.35774768148442065,0.35611738076620353,0.0,2,-37,nail cutter
2077.733059129589,-97.85,1535.95,-1395.8,2594.62874463766,1145.6,-2279.55,472.6,2589.6540275681614,238.4,-1595.75,2025.6,0.0,0.0,0.0,0.0,1815.5039578338528,2594.62874463766,0.0,2594.62874463766,1069.0138547229483,1036.3791710300452,1041.353888099544,2077.733059129589,4.974717069498638,516.895685508071,511.92096843857234,2077.733059129589,4.974717069498638,2594.62874463766,2589.6540275681614,0.2861096846090894,0.3572876739598809,0.3566026414310295,0.0,2,-37,nail cutter
2079.320349296856,-99.3,1537.05,-1396.85,2594.3231911232647,1147.9,-2278.5,470.4,2586.374462447385,238.3,-1592.6,2023.9,0.0,0.0,0.0,0.0,1815.0045007168765,2594.3231911232647,0.0,2594.3231911232647,1068.4630836521596,1035.685810310488,1043.6345389863675,2079.320349296856,7.948728675879465,515.0028418264087,507.05411315052925,2079.320349296856,7.948728675879465,2594.3231911232647,2586.374462447385,0.28640705139788664,0.35734390604797106,0.3562490425541423,0.0,2,-37,nail cutter
2079.538580430765,-99.35,1538.25,-1395.85,2599.5124288027555,1146.85,-2285.15,469.35,2586.600609873894,237.55,-1595.3,2022.15,0.0,0.0,0.0,0.0,1816.4129047768538,2599.5124288027555,0.0,2599.5124288027555,1069.4653953541992,1033.3133807509516,1046.2251996798134,2079.538580430765,12.911818928861521,519.9738483719907,507.0620294431292,2079.538580430765,12.911818928861521,2599.5124288027555,2586.600609873894,0.2862150140755353,0.35778104498796565,0.3560039409364989,0.0,2,-37,nail cutter
2079.149327850215,-102.15,1536.45,-1397.05,2600.648797896402,1145.4,-2286.5,472.6,2586.8215777281584,235.85,-1593.5,2024.05,0.0,0.0,0.0,0.0,1816.6549258686937,2600.648797896402,0.0,2600.648797896402,1069.689381756223,1032.6610538409857,1046.488274009229,2079.149327850215,13.827220168243457,521.4994700461871,507.6722498779436,2079.149327850215,13.827220168243457,2600.648797896402,2586.8215777281584,0.28612331630015,0.3578897622305479,0.35598692146930216,0.0,2,-37,nail cutter
2079.4265086797373,-97.35,1541.35,-1392.4,2599.551056432629,1143.55,-2285.95,473.7,2587.287044859924,235.7,-1595.8,2022.85,0.0,0.0,0.0,0.0,1816.5661524930727,2599.551056432629,0.0,2599.551056432629,1069.5891976555833,1033.581248553516,1045.845260126221,2079.4265086797373,12.26401157270493,520.1245477528919,507.86053618018695,2079.4265086797373,12.26401157270493,2599.551056432629,2587.287044859924,0.28617544505961323,0.35775617816958943,0.35606837677079733,0.0,2,-37,nail cutter
2081.6357594449614,-99.85,1535.55,-1401.9,2596.097380203601,1150.85,-2278.65,472.25,2588.4634307828264,238.3,-1595.8,2024.05,0.0,0.0,0.0,0.0,1816.5491426078472,2596.097380203601,0.0,2596.097380203601,1069.3068812275994,1037.0009050120932,1044.634854432868,2081.6357594449614,7.63394942077457,514.4616207586396,506.827671337865,2081.6357594449614,7.63394942077457,2596.097380203601,2588.4634307828264,0.2864821697662077,0.35728422084918526,0.356233609384607,0.0,2,-37,nail cutter
2080.0896831627238,-101.1,1536.2,-1398.8,2599.6804063192076,1146.85,-2285.3,469.55,2586.0180824000436,238.35,-1596.2,2020.6,0.0,0.0,0.0,0.0,1816.4470429704938,2599.6804063192076,0.0,2599.6804063192076,1069.4252414071536,1033.2136796217796,1046.876003540944,2080.0896831627238,13.66232391916401,519.5907231564838,505.9283992373198,2080.0896831627238,13.66232391916401,2599.6804063192076,2586.0180824000436,0.28628548396339243,0.3577974398400114,0.35591707619659607,0.0,2,-37,nail cutter
2083.044850693331,-96.5,1537.4,-1402.2,2597.9630963506775,1146.0,-2284.5,466.0,2587.1461057505044,239.65,-1595.3,2022.6,0.0,0.0,0.0,0.0,1817.0385131986282,2597.9630963506775,0.0,2597.9630963506775,1069.4972228472213,1036.113930046579,1046.9309206467522,2083.044850693331,10.816990600173085,514.9182456573467,504.1012550571736,2083.044850693331,10.816990600173085,2597.9630963506775,2587.1461057505044,0.2865988854339743,0.3574446933127117,0.35595642125331395,0.0,2,-37,nail cutter
2078.8664777950507,-101.4,1534.25,-1399.1,2598.652853403086,1146.05,-2283.8,473.1,2591.23820306046,239.6,-1597.95,2025.75,0.0,0.0,0.0,0.0,1817.1893835646492,2598.652853403086,0.0,2598.652853403086,1070.103836905527,1035.7259137262126,1043.1405640688383,2078.8664777950507,7.414650342625919,519.7863756080351,512.3717252654092,2078.8664777950507,7.414650342625919,2598.652853403086,2591.23820306046,0.28600025079899605,0.35750991020890405,0.35648983899209985,0.0,2,-37,nail cutter
2081.1011093889697,-93.05,1537.85,-1399.05,2592.974805122487,1142.3,-2278.7,475.6,2584.2276317112623,241.4,-1591.95,2021.3,0.0,0.0,0.0,0.0,1814.57588655568,2592.974805122487,0.0,2592.974805122487,1067.9407787563264,1036.1769679888725,1044.9241414000974,2081.1011093889697,8.747173411224594,511.87369573351725,503.12652232229266,2081.1011093889697,8.747173411224594,2592.974805122487,2584.2276317112623,0.2867200436212111,0.3572425414023766,0.3560374149764121,0.0,2,-36,nail cutter
2081.9294386457964,-102.25,1537.75,-1399.75,2596.2813021704715,1145.0,-2281.4,474.2,2587.7122202826185,236.65,-1594.7,2024.15,0.0,0.0,0.0,0.0,1816.4807402747217,2596.2813021704715,0.0,2596.2813021704715,1069.2231062018811,1036.6801783789715,1045.2492602668249,2081.9294386457964,8.569081887852917,514.3518635246751,505.78278163682216,2081.9294386457964,8.569081887852917,2596.2813021704715,2587.7122202826185,0.28653337639172116,0.35732298788064965,0.35614363572762914,0.0,2,-38,nail cutter
2081.011073372749,-99.05,1540.35,-1395.75,2598.116041480827,1142.45,-2285.55,470.4,2590.5236285353585,240.9,-1593.1,2028.5,0.0,0.0,0.0,0.0,1817.4126858472337,2598.116041480827,0.0,2598.116041480827,1070.0083223725624,1036.7093302136402,1044.3017431591088,2081.011073372749,7.592412945468368,517.1049681080781,509.5125551626097,2081.011073372749,7.592412945468368,2598.116041480827,2590.5236285353585,0.28626011714046,0.3573921407219693,0.3563477421375706,0.0,2,-37,nail cutter
2081.9820370262564,-99.95,1539.2,-1398.4,2601.056322919594,1146.85,-2285.5,476.15,2587.6509777209135,236.15,-1597.4,2022.0,0.0,0.0,0.0,0.0,1817.6723344166912,2601.056322919594,0.0,2601.056322919594,1070.0876037484861,1034.288345913788,1047.6936911124687,2081.9820370262564,13.405345198680607,519.0742858933377,505.66894069465707,2081.9820370262564,13.405345198680607,2601.056322919594,2587.6509777209135,0.28635277073939525,0.357745490437128,0.35590173882347664,0.0,2,-37,nail cutter
2015.0980292531676,-31.15,1525.15,-1316.65,2562.8739185726636,1158.8,-2233.6,486.35,2698.4014490064296,242.6,-1644.1,2125.9,0.0,0.0,0.0,0.0,1819.0933492080653,2698.4014490064296,0.0,2698.4014490064296,1080.961460629834,1075.3127798434666,939.7852494097008,2015.0980292531676,-135.52753043376606,547.775889319496,683.303419753262,2015.0980292531676,135.52753043376606,2562.8739185726636,2698.4014490064296,0.27693713878543286,0.3522185818128025,0.37084427940176456,0.0,3,-32,nail cutter
2010.6764297121504,-32.25,1519.8,-1316.05,2555.2697029863602,1158.7,-2225.75,482.55,2701.8422205969023,242.4,-1653.95,2122.65,0.0,0.0,0.0,0.0,1816.9470883238532,2701.8422205969023,0.0,2701.8422205969023,1080.1605734711263,1078.6244736613462,932.0519560508044,2010.6764297121504,-146.57251761054204,544.5932732742099,691.1657908847519,2010.6764297121504,146.57251761054204,2555.2697029863602,2701.8422205969023,0.2766558864913086,0.3515883483078771,0.37175576520081427,0.0,3,-44,nail cutter
2009.382408851038,-28.25,1519.25,-1314.8,2558.4147772595434,1154.1,-2231.95,481.6,2701.8784604419197,245.95,-1650.85,2124.7,0.0,0.0,0.0,0.0,1817.4189116381253,2701.8784604419197,0.0,2701.8784604419197,1080.6485380294055,1076.4230460167073,932.9593628343309,2009.382408851038,-143.46368318237637,549.0323684085054,692.4960515908817,2009.382408851038,143.46368318237637,2558.4147772595434,2701.8784604419197,0.27640606081289854,0.3519297010827189,0.37166423810438254,0.0,3,-42,nail cutter
2010.7033881206844,-33.85,1520.45,-1315.3,2557.379434597064,1159.15,-2228.1,481.8,2699.2524154847024,241.8,-1647.55,2124.4,0.0,0.0,0.0,0.0,1816.8338095506126,2699.2524154847024,0.0,2699.2524154847024,1079.9931624662295,1076.2881845041613,934.4152036165228,2010.7033881206844,-141.87298088763828,546.6760464763797,688.549027364018,2010.7033881206844,141.87298088763828,2557.379434597064,2699.2524154847024,0.2766768453931987,0.35190057301245714,0.37142258159434416,0.0,3,-51,nail cutter
2011.768631701966,-30.85,1523.95,-1312.95,2565.095641004444,1160.65,-2235.45,485.15,2701.262646430369,245.8,-1647.35,2126.65,0.0,0.0,0.0,0.0,1819.5317297841948,2701.262646430369,0.0,2701.262646430369,1081.7769753089294,1073.9678185639452,937.8008131380204,2011.768631701966,-136.1670054259248,553.3270093024782,689.494014728403,2011.768631701966,136.1670054259248,2565.095641004444,2701.262646430369,0.2764129636723306,0.3524389818292255,0.3711480544984439,0.0,3,-44,nail cutter
2015.91114511528,-33.85,1522.75,-1320.6,2562.070482051577,1158.7,-2234.05,480.25,2699.992378692947,243.95,-1645.8,2126.45,0.0,0.0,0.0,0.0,1819.493501464951,2699.992378692947,0.0,2699.992378692947,1081.1839965412048,1076.916520878325,938.9946242369549,2015.91114511528,-137.92189664137004,546.159336936297,684.081233577667,2015.91114511528,137.92189664137004,2562.070482051577,2699.992378692947,0.2769879561938783,0.35203072723105994,0.3709813165750619,0.0,3,-37,nail cutter
2016.2698101940623,-33.75,1522.75,-1321.15,2556.396470131345,1157.75,-2226.7,486.4,2702.88854514943,241.15,-1648.25,2128.55,0.0,0.0,0.0,0.0,1818.8887063687093,2702.88854514943,0.0,2702.88854514943,1080.8201565104916,1081.3809426060736,934.8888675879889,2016.2698101940623,-146.49207501808496,540.1266599372825,686.6187349553675,2016.2698101940623,146.49207501808496,2556.396470131345,2702.88854514943,0.2771293541949869,0.35136790684063085,0.3715027389643822,0.0,3,-38,nail cutter
2011.9799272110047,-34.15,1521.05,-1316.55,2558.431225380116,1161.15,-2227.55,485.1,2700.245507819613,246.3,-1647.35,2125.3,0.0,0.0,0.0,0.0,1817.6641651026835,2700.245507819613,0.0,2700.245507819613,1080.433627832624,1076.8971048252508,935.0828223857536,2011.9799272110047,-141.81428243949722,546.4512981691112,688.2655806086084,2011.9799272110047,141.81428243949722,2558.431225380116,2700.245507819613,0.2767260264353267,0.35188447823577806,0.3713894953288952,0.0,3,-38,nail cutter
2008.8598644504798,-34.1,1521.85,-1310.85,2561.289154898369,1158.85,-2232.85,481.3,2697.867013957508,244.25,-1645.95,2123.6,0.0,0.0,0.0,0.0,1817.0040083265892,2697.867013957508,0.0,2697.867013957508,1080.2999872605333,1072.7188617548095,936.1410026956705,2008.8598644504798,-136.57785905913897,552.4292904478891,689.0071495070281,2008.8598644504798,136.57785905913897,2561.289154898369,2697.867013957508,0.27639728025429405,0.35240554549701375,0.37119717424869214,0.0,3,-39,nail cutter
2005.7463828959035,-29.45,1519.0,-1309.5,2560.8530790539307,1160.0,-2230.45,487.3,2700.114465629189,243.05,-1646.65,2126.05,0.0,0.0,0.0,0.0,1816.6784818947558,2700.114465629189,0.0,2700.114465629189,1080.5464296112245,1072.5038847355809,933.2424981603226,2005.7463828959035,-139.26138657525826,555.1066961580273,694.3680827332855,2005.7463828959035,139.26138657525826,2560.8530790539307,2700.114465629189,0.27601834926837937,0.3524086821878103,0.37157296854381033,0.0,3,-42,nail cutter
2015.8786260586228,-30.45,1524.9,-1318.15,2559.618147302445,1160.1,-2228.3,490.4,2696.5364238222332,241.85,-1643.8,2123.85,0.0,0.0,0.0,0.0,1818.008299295825,2696.5364238222332,0.0,2696.5364238222332,1080.058294117267,1076.3984512892055,939.4801747694171,2015.8786260586228,-136.91827651978838,543.7395212438221,680.6577977636105,2015.8786260586228,136.91827651978838,2559.618147302445,2696.5364238222332,0.27720976670450836,0.35198108670541683,0.37080914659007486,0.0,3,-42,nail cutter
2011.3440928891307,-32.7,1522.1,-1314.4,2565.2027025168986,1159.45,-2236.0,486.05,2694.5380350813384,244.1,-1642.45,2122.1,0.0,0.0,0.0,0.0,1817.771207621842,2694.5380350813384,0.0,2694.5380350813384,1080.4092435813525,1070.3397127267851,941.0043801623456,2011.3440928891307,-129.3353325644398,553.8586096277679,683.1939421922077,2011.3440928891307,129.3353325644398,2565.2027025168986,2694.5380350813384,0.27662228398926736,0.352795045350194,0.3705826706605386,0.0,3,-42,nail cutter
2015.76838017169,-28.5,1524.1,-1318.95,2562.8828909062545,1157.75,-2234.6,484.3,2695.1318005804465,243.6,-1642.4,2122.95,0.0,0.0,0.0,0.0,1818.4457679145976,2695.1318005804465,0.0,2695.1318005804465,1080.3293773328987,1074.008644922941,941.7597352487489,2015.76838017169,-132.24890967419196,547.1145107345644,679.3634204087564,2015.76838017169,132.24890967419196,2562.8828909062545,2695.1318005804465,0.2771279209612315,0.3523452467110665,0.3705268323277021,0.0,3,-41,nail cutter
2010.5393486574692,-30.9,1518.65,-1317.2,2558.502443813568,1158.45,-2228.95,485.5,2697.9089801177506,241.8,-1644.25,2125.25,0.0,0.0,0.0,0.0,1816.737693147197,2697.9089801177506,0.0,2697.9089801177506,1079.9042445620823,1074.972942480826,935.5664061766433,2010.5393486574692,-139.40653630418274,547.9630951560987,687.3696314602814,2010.5393486574692,139.40653630418274,2558.502443813568,2697.9089801177506,0.2766689099149122,0.3520737271902729,0.3712573628948148,0.0,3,-42,nail cutter
2010.7311841715689,-32.75,1520.9,-1314.85,2560.5026020295313,1160.75,-2230.3,484.35,2700.7282263308166,244.15,-1647.3,2126.2,0.0,0.0,0.0,0.0,1817.990503132979,2700.7282263308166,0.0,2700.7282263308166,1080.8316872405699,1075.478404236427,935.2527799351417,2010.7311841715689,-140.22562430128528,549.7714178579624,689.9970421592477,2010.7311841715689,140.22562430128528,2560.5026020295313,2700.7282263308166,0.27650463254709473,0.3521061575427603,0.37138920991014507,0.0,3,-41,nail cutter
2011.5218747257013,-29.2,1518.9,-1318.45,2559.264144729887,1159.1,-2229.05,487.5,2695.883385831071,239.1,-1644.1,2123.1,0.0,0.0,0.0,0.0,1816.667351321665,2695.883385831071,0.0,2695.883385831071,1079.6665438420912,1074.0705579134426,937.4513168122589,2011.5218747257013,-136.6192411011839,547.7422700041857,684.3615111053696,2011.5218747257013,136.6192411011839,2559.264144729887,2695.883385831071,0.2768148325644587,0.3521921807627531,0.3709929866727881,0.0,3,-46,nail cutter
2012.19678212644,-33.5,1522.0,-1315.8,2560.0101034956874,1157.8,-2230.8,486.5,2697.5512770844603,239.5,-1648.45,2121.8,0.0,0.0,0.0,0.0,1817.439540676647,2697.5512770844603,0.0,2697.5512770844603,1080.164868948282,1074.8689778576065,937.3278042688337,2012.19678212644,-137.54117358877284,547.8133213692474,685.3544949580203,2012.19678212644,137.54117358877284,2560.0101034956874,2697.5512770844603,0.2767900578108479,0.35214515341492125,0.37106478877423077,0.0,3,-46,nail cutter
2011.2209158866663,-32.1,1521.95,-1314.4,2560.6072648885456,1158.6,-2230.95,487.05,2699.222334766071,245.25,-1645.7,2125.4,0.0,0.0,0.0,0.0,1817.7626288853207,2699.222334766071,0.0,2699.222334766071,1080.5642565474427,1074.9179928820959,936.3029230045704,2011.2209158866663,-138.61506987752546,549.3863490018794,688.0014188794048,2011.2209158866663,138.61506987752546,2560.6072648885456,2699.222334766071,0.27660664873498597,0.3521646919403812,0.37122865932463284,0.0,3,-46,nail cutter
2012.4207319792747,-32.45,1521.8,-1316.4,2562.51137265769,1156.45,-2235.15,482.9,2699.8141625860103,243.45,-1645.0,2126.9,0.0,0.0,0.0,0.0,1818.686566805744,2699.8141625860103,0.0,2699.8141625860103,1081.0660175125,1074.8617609537973,937.5589710254774,2012.4207319792747,-137.30278992832018,550.0906406784154,687.3934306067356,2012.4207319792747,137.30278992832018,2562.51137265769,2699.8141625860103,0.27663105461786586,0.35224752569080187,0.3711214196913322,0.0,3,-45,nail cutter
2009.0907402354926,-34.4,1521.2,-1311.95,2560.5756296192467,1159.95,-2230.55,485.5,2698.6751105866742,244.7,-1643.85,2126.2,0.0,0.0,0.0,0.0,1817.0853701103533,2698.6751105866742,0.0,2698.6751105866742,1080.3522042514282,1073.59511060146,935.4956296340324,2009.0907402354926,-138.09948096742755,551.4848893837541,689.5843703511816,2009.0907402354926,138.09948096742755,2560.5756296192467,2698.6751105866742,0.2764166688703072,0.352291597265975,0.37129173386371783,0.0,3,-45,nail cutter
2012.0393684021196,-32.9,1519.9,-1318.0,2557.958966148597,1154.5,-2231.35,481.0,2698.271020950268,246.4,-1643.45,2125.8,0.0,0.0,0.0,0.0,1817.0673388752462,2698.271020950268,0.0,2698.271020950268,1079.9523298474019,1076.1757116018953,935.8636568002246,2012.0393684021196,-140.3120548016709,545.9195977464774,686.2316525481483,2012.0393684021196,140.3120548016709,2557.958966148597,2698.271020950268,0.27682509686839124,0.35193508124635026,0.3712398218852585,0.0,3,-45,nail cutter
2012.4383034021193,-35.75,1519.8,-1318.65,2561.6120119955713,1159.7,-2232.0,484.9,2698.9080722581125,245.8,-1646.2,2124.55,0.0,0.0,0.0,0.0,1818.2395969139507,2698.9080722581125,0.0,2698.9080722581125,1080.727518891415,1074.8671818323305,937.571121569789,2012.4383034021193,-137.29606026254123,549.1737085934519,686.4697688559932,2012.4383034021193,137.29606026254123,2561.6120119955713,2698.9080722581125,0.27670147361461284,0.3522104589988204,0.37108806738656674,0.0,3,-44,nail cutter
2014.771089354818,-29.5,1525.7,-1315.55,2560.4780295874443,1158.2,-2232.3,481.1,2698.681790708197,243.15,-1643.25,2126.85,0.0,0.0,0.0,0.0,1818.4827274126148,2698.681790708197,0.0,2698.681790708197,1080.5919639725155,1076.4874252377854,938.2836641170329,2014.771089354818,-138.20376112075246,545.7069402326263,683.9107013533787,2014.771089354818,138.20376112075246,2560.4780295874443,2698.681790708197,0.2769851837170716,0.3520074718046071,0.3710073444783213,0.0,3,-45,nail cutter
2009.138514388692,-34.9,1520.0,-1313.4,2561.3282208651044,1159.65,-2232.35,481.9,2698.2043204694487,243.3,-1646.45,2123.75,0.0,0.0,0.0,0.0,1817.1677639308114,2698.2043204694487,0.0,2698.2043204694487,1080.3878529170418,1073.0073069965183,936.1312073921738,2009.138514388692,-136.8760996043443,552.1897064764123,689.0658060807566,2009.138514388692,136.8760996043443,2561.3282208651044,2698.2043204694487,0.27641070822798147,0.35237916274232167,0.37121012902969686,0.0,3,-45,nail cutter
2013.4713357780886,-31.5,1523.9,-1315.6,2561.8407078700266,1156.85,-2233.0,488.3,2697.09064039383,242.8,-1645.15,2123.4,0.0,0.0,0.0,0.0,1818.1006710104862,2697.09064039383,0.0,2697.09064039383,1080.443468591124,1074.3606341509462,939.1107016271424,2013.4713357780886,-135.24993252380364,548.369372091938,683.6193046157416,2013.4713357780886,135.24993252380364,2561.8407078700266,2697.09064039383,0.2768646654009287,0.35226881942216315,0.3708665151769083,0.0,3,-45,nail cutter
2010.3176583565094,-32.25,1522.35,-1312.55,2558.8774951138244,1155.95,-2231.9,479.85,2698.9439360609176,242.8,-1647.8,2123.7,0.0,0.0,0.0,0.0,1817.034772382813,2698.9439360609176,0.0,2698.9439360609176,1080.1698982459839,1075.1920496518012,935.1256087047082,2010.3176583565094,-140.06644094709327,548.559836757315,688.6262777044083,2010.3176583565094,140.06644094709327,2558.8774951138244,2698.9439360609176,0.2765931737949393,0.3520677663969768,0.37133905980808385,0.0,3,-45,nail cutter
2011.0661140300683,-30.25,1523.25,-1312.7,2560.8709509657065,1158.95,-2231.55,484.85,2698.6909016224886,242.8,-1645.45,2125.2,0.0,0.0,0.0,0.0,1817.656991654566,2698.6909016224886,0.0,2698.6909016224886,1080.4943044455506,1074.4430323434253,936.623081686643,2011.0661140300683,-137.8199506567821,549.8048369356381,687.6247875924203,2011.0661140300683,137.8199506567821,2560.8709509657065,2698.6909016224886,0.27660143295235357,0.35222142608911766,0.3711771409585288,0.0,3,-44,nail cutter
2011.5496078894,-33.25,1523.05,-1313.6,2562.5766486097546,1161.0,-2232.8,483.2,2697.868966888496,244.2,-1647.25,2122.6,0.0,0.0,0.0,0.0,1817.9988058469125,2697.868966888496,0.0,2697.868966888496,1080.6420817339106,1073.4209630840705,938.1286448053295,2011.5496078894,-135.29231827874128,551.0270407203545,686.3193589990958,2011.5496078894,135.29231827874128,2562.5766486097546,2697.868966888496,0.27661591435318933,0.3523897596038273,0.3709943260429834,0.0,3,-44,nail cutter
2011.8089826074442,-29.35,1521.4,-1316.0,2560.74127988362,1157.85,-2232.2,483.8,2699.8502416800825,241.55,-1646.05,2126.35,0.0,0.0,0.0,0.0,1818.1001260427865,2699.8502416800825,0.0,2699.8502416800825,1080.7416827383884,1075.4589722019534,936.3500104054908,2011.8089826074442,-139.1089617964626,548.9322972761756,688.0412590726382,2011.8089826074442,139.1089617964626,2560.74127988362,2699.8502416800825,0.27663616455853257,0.3521177468725609,0.3712460885689066,0.0,3,-44,nail cutter
2009.0907309029128,-33.2,1520.45,-1312.85,2560.7067017719933,1156.0,-2232.75,485.5,2700.9864517431406,241.4,-1646.45,2127.5,0.0,0.0,0.0,0.0,1817.6959711045117,2700.9864517431406,0.0,2700.9864517431406,1080.8466145251261,1074.68524043703,934.4054904658828,2009.0907309029128,-140.27974997114734,551.6159708690805,691.8957208402278,2009.0907309029128,140.27974997114734,2560.7067017719933,2700.9864517431406,0.2763238136136294,0.3521912826015667,0.37148490378480387,0.0,3,-43,nail cutter
2009.2269315585036,-34.5,1523.1,-1309.95,2561.562512413078,1161.85,-2230.4,486.85,2700.2826157645054,245.8,-1647.55,2125.25,0.0,0.0,0.0,0.0,1817.7680149340217,2700.2826157645054,0.0,2700.2826157645054,1080.8560667396127,1073.9735174549653,935.2534141035383,2009.2269315585036,-138.7201033514275,552.3355808545743,691.0556842060018,2009.2269315585036,138.7201033514275,2561.562512413078,2700.2826157645054,0.27633159389035555,0.35229502491081804,0.37137338119882635,0.0,3,-44,nail cutter
2008.9752344167907,-37.95,1518.5,-1314.8,2561.3810503320274,1157.65,-2232.2,487.65,2701.545523399522,247.25,-1648.5,2125.95,0.0,0.0,0.0,0.0,1817.9754520370852,2701.545523399522,0.0,2701.545523399522,1081.0716460603135,1074.5698537421426,934.4053806746481,2008.9752344167907,-140.16447306749478,552.4058159152366,692.5702889827314,2008.9752344167907,140.16447306749478,2561.3810503320274,2701.545523399522,0.2762654512421614,0.3522298729971764,0.37150467576066215,0.0,3,-43,nail cutter
2011.9150466657384,-34.75,1522.55,-1314.7,2560.3934746440827,1160.15,-2230.4,484.75,2699.851532955099,244.9,-1647.3,2125.0,0.0,0.0,0.0,0.0,1818.04001356623,2699.851532955099,0.0,2699.851532955099,1080.686961646203,1075.6865524883774,936.228494177361,2011.9150466657384,-139.45805831101643,548.4784279783444,687.9364862893608,2011.9150466657384,139.45805831101643,2560.3934746440827,2699.851532955099,0.2766598963241748,0.35208156249840555,0.37125854117741963,0.0,3,-44,nail cutter
2013.3703192656833,-33.7,1522.25,-1317.3,2559.324466045679,1157.55,-2230.6,484.4,2696.717495400658,239.2,-1647.0,2121.9,0.0,0.0,0.0,0.0,1817.353070178005,2696.717495400658,0.0,2696.717495400658,1079.9303551917496,1075.3816743103314,937.9886449553521,2013.3703192656833,-137.39302935497926,545.9541467799957,683.3471761349749,2013.3703192656833,137.39302935497926,2559.324466045679,2696.717495400658,0.27696466255019986,0.3520675905033412,0.370967746946459,0.0,3,-44,nail cutter
2016.3659359104438,-32.15,1525.25,-1318.45,2559.578014536771,1158.4,-2231.25,480.7,2700.2470743433832,241.05,-1648.0,2125.4,0.0,0.0,0.0,0.0,1819.0477561976495,2700.2470743433832,0.0,2700.2470743433832,1080.829138345787,1078.517497858528,937.8484380519158,2016.3659359104438,-140.66905980661204,543.2120786263274,683.8811384329395,2016.3659359104438,140.66905980661204,2559.578014536771,2700.2470743433832,0.27711833417244197,0.3517744388260386,0.3711072270015195,0.0,3,-45,nail cutter
2011.2634772699475,-34.75,1521.3,-1315.15,2556.7470396971225,1158.2,-2227.25,484.65,2698.085953041526,242.7,-1650.4,2120.6,0.0,0.0,0.0,0.0,1816.5241175021488,2698.085953041526,0.0,2698.085953041526,1079.6717709716406,1076.3011953071752,934.9622819627718,2011.2634772699475,-141.3389133444034,545.483562427175,686.8224757715784,2011.2634772699475,141.3389133444034,2556.7470396971225,2698.085953041526,0.276801097476699,0.3518735335059621,0.37132536901733904,0.0,3,-44,nail cutter
2012.8271032306773,-33.35,1524.95,-1313.35,2559.417782426308,1157.0,-2231.35,482.75,2697.9599742212636,244.2,-1645.4,2124.15,0.0,0.0,0.0,0.0,1817.5512149695624,2697.9599742212636,0.0,2697.9599742212636,1080.1748329380148,1075.6846475128164,937.1424557178609,2012.8271032306773,-138.54219179495567,546.5906791956306,685.1328709905863,2012.8271032306773,138.54219179495567,2559.417782426308,2697.9599742212636,0.2768597504506063,0.3520420444478602,0.3710982051015334,0.0,3,-44,nail cutter
2012.4667599739382,-34.6,1521.9,-1316.3,2559.0706594386957,1159.8,-2229.4,483.2,2701.9304307291113,246.7,-1646.05,2128.4,0.0,0.0,0.0,0.0,1818.3669625354364,2701.9304307291113,0.0,2701.9304307291113,1080.9092828191697,1077.6632656321772,934.8034943417615,2012.4667599739382,-142.85977129041567,546.6038994647574,689.4636707551731,2012.4667599739382,142.85977129041567,2559.0706594386957,2701.9304307291113,0.2766860047280912,0.3518363883864317,0.37147760688547704,0.0,3,-45,nail cutter
2012.9701897941757,-35.65,1521.2,-1317.85,2562.1671910708715,1158.05,-2233.45,485.1,2696.561069213898,243.6,-1640.8,2126.0,0.0,0.0,0.0,0.0,1817.9246125197362,2696.561069213898,0.0,2696.561069213898,1080.369348044902,1073.6820339686012,939.2881558255744,2012.9701897941757,-134.39387814302654,549.1970012766958,683.5908794197223,2012.9701897941757,134.39387814302654,2562.1671910708715,2696.561069213898,0.2768225612782832,0.35234783299396244,0.3708296057277544,0.0,3,-44,nail cutter
2011.036295669474,-32.7,1520.05,-1316.3,2560.240340280576,1158.0,-2231.2,485.4,2698.2481566749934,242.75,-1643.05,2126.5,0.0,0.0,0.0,0.0,1817.3811981562608,2698.2481566749934,0.0,2698.2481566749934,1080.2942909055448,1074.5220560319456,936.5142396375284,2011.036295669474,-138.0078163944172,549.2040446111023,687.2118610055195,2011.036295669474,138.0078163944172,2560.240340280576,2698.2481566749934,0.27663930628721106,0.35218812966673535,0.3711725640460536,0.0,3,-44,nail cutter
2010.2872201503944,-32.75,1521.35,-1313.65,2560.6150149915156,1154.35,-2233.15,487.1,2699.470622640669,242.2,-1644.75,2126.8,0.0,0.0,0.0,0.0,1817.5932144456447,2699.470622640669,0.0,2699.470622640669,1080.5745268379912,1074.5714138997737,935.7158062506205,2010.2872201503944,-138.85560764915317,550.3277948411212,689.1834024902744,2010.2872201503944,138.85560764915317,2560.6150149915156,2699.470622640669,0.27650400598072217,0.35219858253218783,0.37129741148709006,0.0,3,-44,nail cutter
2011.9711534959938,-31.1,1517.85,-1320.3,2562.568785418257,1156.7,-2235.0,483.3,2697.5276870682906,246.3,-1643.15,2125.1,0.0,0.0,0.0,0.0,1818.0169064956353,2697.5276870682906,0.0,2697.5276870682906,1080.5901669671257,1073.4650275730137,938.5061259229803,2011.9711534959938,-134.95890165003357,550.5976319222632,685.5565335722968,2011.9711534959938,134.95890165003357,2562.568785418257,2697.5276870682906,0.2766711280719358,0.35238516983290896,0.37094370209515526,0.0,3,-44,nail cutter
2010.2324175328583,-28.9,1519.15,-1316.2,2557.8286690081495,1157.5,-2229.3,482.6,2700.2572997771895,244.8,-1645.85,2126.65,0.0,0.0,0.0,0.0,1817.0795965795494,2700.2572997771895,0.0,2700.2572997771895,1080.2544047905117,1076.3305241509493,933.9018933819093,2010.2324175328583,-142.42863076903996,547.5962514752912,690.0248822443311,2010.2324175328583,142.42863076903996,2557.8286690081495,2700.2572997771895,0.2765746229990279,0.35191478042885105,0.371510596572121,0.0,3,-44,nail cutter
2010.9339210923865,-34.1,1517.15,-1319.45,2556.0293880352783,1153.6,-2228.9,484.25,2697.5033558829914,244.25,-1644.45,2124.3,0.0,0.0,0.0,0.0,1816.116666252664,2697.5033558829914,0.0,2697.5033558829914,1079.4149851583077,1076.20394447005,934.7299766223366,2010.9339210923865,-141.47396784771308,545.0954669428918,686.5694347906049,2010.9339210923865,141.47396784771308,2556.0293880352783,2697.5033558829914,0.2768178331353712,0.35185368808234857,0.37132847878228026,0.0,3,-44,nail cutter
2014.5692846114773,-32.2,1522.05,-1319.4,2563.788106006423,1157.3,-2235.6,485.55,2703.3770390014042,240.05,-1650.05,2127.9,0.0,0.0,0.0,0.0,1820.433607404826,2703.3770390014042,0.0,2703.3770390014042,1082.108150108413,1077.0791088032292,937.4901758082478,2014.5692846114773,-139.5889329949814,549.2188213949455,688.8077543899269,2014.5692846114773,139.5889329949814,2563.788106006423,2703.3770390014042,0.27666063684181913,0.35208481314258255,0.3712545500155983,0.0,3,-44,nail cutter
2011.2249936295045,-38.25,1520.3,-1316.15,2563.6546262123534,1161.9,-2233.85,481.9,2702.210935511882,246.3,-1644.5,2130.0,0.0,0.0,0.0,0.0,1819.272638838435,2702.210935511882,0.0,2702.210935511882,1081.6981117432156,1074.8906514645166,936.3343421649879,2011.2249936295045,-138.5563092995285,552.4296325828489,690.9859418823773,2011.2249936295045,138.5563092995285,2563.6546262123534,2702.210935511882,0.27637762349265405,0.3522911535471107,0.3713312229602353,0.0,3,-43,nail cutter
2011.4287229479448,-36.35,1519.75,-1317.15,2557.284396581655,1156.25,-2229.4,482.25,2697.2023765375857,242.0,-1647.9,2121.5,0.0,0.0,0.0,0.0,1816.4788740167965,2697.2023765375857,0.0,2697.2023765375857,1079.5910861875766,1075.6733514519376,935.755371496007,2011.4287229479448,-139.9179799559306,545.8556736337102,685.7736535896408,2011.4287229479448,139.9179799559306,2557.284396581655,2697.2023765375857,0.276830734411468,0.3519562535465536,0.3712130120419784,0.0,3,-43,nail cutter
2010.6497345385646,-35.65,1520.9,-1314.65,2558.549111312894,1156.65,-2231.15,479.9,2697.378728970035,243.95,-1643.45,2124.95,0.0,0.0,0.0,0.0,1816.6443937053734,2697.378728970035,0.0,2697.378728970035,1079.8090693237564,1074.7396760978525,935.910058440712,2010.6497345385646,-138.82961765714072,547.8993767743295,686.7289944314703,2010.6497345385646,138.82961765714072,2558.549111312894,2697.378728970035,0.27669831001397616,0.35209823124688044,0.3712034587391434,0.0,3,-44,nail cutter
2013.305557410499,-30.75,1525.55,-1313.45,2558.6091128775415,1157.35,-2230.1,483.4,2697.5083220446236,244.15,-1644.15,2124.55,0.0,0.0,0.0,0.0,1817.355748083166,2697.5083220446236,0.0,2697.5083220446236,1079.965664632018,1076.1023832887904,937.2031741217086,2013.305557410499,-138.89920916708206,545.3035554670425,684.2027646341246,2013.305557410499,138.89920916708206,2558.6091128775415,2697.5083220446236,0.27695534563527374,0.35196866595549653,0.37107598840922973,0.0,3,-43,nail cutter
2014.5152307689311,-32.65,1519.45,-1322.3,2559.353891610146,1160.4,-2228.4,487.85,2697.5396507743867,243.85,-1645.15,2123.85,0.0,0.0,0.0,0.0,1817.852193288366,2697.5396507743867,0.0,2697.5396507743867,1080.154819739595,1076.3504949665858,938.1647358023454,2014.5152307689311,-138.1857591642406,544.838660841215,683.0244200054556,2014.5152307689311,138.1857591642406,2559.353891610146,2697.5396507743867,0.27704607093561545,0.35197497093815644,0.3709789581262281,0.0,3,-43,nail cutter
1588.1496387305576,29.25,1284.9,-932.95,2471.3766598800757,1169.05,-2135.3,426.05,2640.4421642028065,346.9,-1652.85,2029.7,0.0,0.0,0.0,0.0,1674.99211570336,2640.4421642028065,0.0,2640.4421642028065,1046.3582490985495,878.6075715266443,709.5420672039136,1588.1496387305576,-169.0655043227307,883.2270211495181,1052.2925254722488,1588.1496387305576,169.0655043227307,2471.3766598800757,2640.4421642028065,0.23703837526179405,0.36886392430007037,0.3940977004381355,0.0,3,-45,nail cutter
1873.8694685062778,-50.85,1462.4,-1170.55,2502.4892052714235,1172.8,-2164.4,449.85,2605.585605482959,321.75,-1636.75,2001.65,0.0,0.0,0.0,0.0,1745.4860698151651,2605.585605482959,0.0,2605.585605482959,1045.9480000608103,988.4829343589065,885.3865341473711,1873.8694685062778,-103.09640021153564,628.6197367651457,731.7161369766814,1873.8694685062778,103.09640021153564,2502.4892052714235,2605.585605482959,0.2683879151073242,0.3584229700464496,0.3731891148462263,0.0,3,-46,nail cutter
1848.3944032592178,-43.9,1467.1,-1123.5,2490.9385113848157,1173.45,-2152.05,443.25,2628.281034250333,333.15,-1641.1,2025.75,0.0,0.0,0.0,0.0,1741.9034872235916,2628.281034250333,0.0,2628.281034250333,1047.8891517347104,992.8684630623675,855.5259401968503,1848.3944032592178,-137.34252286551737,642.5441081255979,779.8866309911152,1848.3944032592178,137.34252286551737,2490.9385113848157,2628.281034250333,0.2652836992429129,0.35750237163757936,0.37721392911950774,0.0,3,-46,nail cutter
1846.653425117989,-37.85,1469.2,-1118.1,2489.214906853163,1171.8,-2151.15,442.3,2634.20164044061,334.8,-1648.45,2027.2,0.0,0.0,0.0,0.0,1742.5174931029405,2634.20164044061,0.0,2634.20164044061,1048.7932532702737,995.8200793527178,850.8333457652709,1846.653425117989,-144.9867335874469,642.5614817351741,787.548215322621,1846.653425117989,144.9867335874469,2489.214906853163,2634.20164044061,0.2649404428402052,0.35712911300829486,0.3779304441514999,0.0,3,-46,nail cutter
1835.7488294971074,-33.55,1460.85,-1111.2,2491.061649678707,1169.7,-2154.5,441.95,2632.627116589055,337.5,-1655.25,2019.15,0.0,0.0,0.0,0.0,1739.8593989412173,2632.627116589055,0.0,2632.627116589055,1048.5280790426675,988.6571482037275,847.0916812933797,1835.7488294971074,-141.56546691034782,655.3128201815996,796.8782870919474,1835.7488294971074,141.56546691034782,2491.061649678707,2632.627116589055,0.2637783303947209,0.357940079985002,0.3782815896202772,0.0,3,-47,nail cutter
1840.9771006180388,-37.05,1461.85,-1118.4,2489.6436497017,1173.05,-2151.6,439.2,2629.9878531088316,337.05,-1649.55,2020.45,0.0,0.0,0.0,0.0,1740.1521508571425,2629.9878531088316,0.0,2629.9878531088316,1047.8358963202497,990.6606520125854,850.3164486054534,1840.9771006180388,-140.34420340713177,648.666549083661,789.0107524907928,1840.9771006180388,140.34420340713177,2489.6436497017,2629.9878531088316,0.26448507673757626,0.35767614465140046,0.37783877861102333,0.0,3,-47,nail cutter
1836.9956185304306,-31.05,1465.2,-1107.6,2486.875377356091,1170.25,-2149.8,439.8,2629.5073212486022,339.5,-1655.0,2014.95,0.0,0.0,0.0,0.0,1738.344579283781,2629.5073212486022,0.0,2629.5073212486022,1047.1441271619176,989.813781211471,847.1818373189599,1836.9956185304306,-142.63194389251112,649.8797588256605,792.5117027181716,1836.9956185304306,142.63194389251112,2486.875377356091,2629.5073212486022,0.26418749775250183,0.35764994567140335,0.3781625565760948,0.0,3,-47,nail cutter
1836.5636532666108,-17.95,1459.1,-1115.2,2481.5738786101047,1166.05,-2145.85,440.3,2635.940815439527,344.0,-1659.85,2018.6,0.0,0.0,0.0,0.0,1738.5195868290605,2635.940815439527,0.0,2635.940815439527,1047.563546383565,995.4652950480167,841.0983582185941,1836.5636532666108,-154.36693682942223,645.0102253434939,799.3771621729161,1836.5636532666108,154.36693682942223,2481.5738786101047,2635.940815439527,0.26409878657398045,0.35685158473484957,0.37904962869117004,0.0,3,-47,nail cutter
1827.368806508418,-14.9,1451.65,-1109.85,2486.9352957003125,1167.8,-2151.15,440.05,2628.6401203854434,341.2,-1656.8,2012.05,0.0,0.0,0.0,0.0,1735.7360556485437,2628.6401203854434,0.0,2628.6401203854434,1046.7514250033942,984.5368155967742,842.8319909116437,1827.368806508418,-141.70482468513092,659.5664891918946,801.2713138770255,1827.368806508418,141.70482468513092,2486.9352957003125,2628.6401203854434,0.2631979673063881,0.3581960643738384,0.37860596831977333,0.0,3,-46,nail cutter
1844.9977201882932,-22.05,1457.25,-1131.35,2487.261130742005,1165.6,-2152.75,439.9,2598.988254109664,340.15,-1625.25,1999.4,0.0,0.0,0.0,0.0,1732.8117762599907,2598.988254109664,0.0,2598.988254109664,1040.9944593054738,978.3624217779759,866.6352984103173,1844.9977201882932,-111.7271233676588,642.263410553712,753.9905339213708,1844.9977201882932,111.7271233676588,2487.261130742005,2598.988254109664,0.2661855351898691,0.35884756279045754,0.3749669020196733,0.0,3,-44,nail cutter
1896.8862927176208,-39.85,1484.85,-1179.75,2505.5678787452557,1166.35,-2170.1,456.25,2577.036182322631,339.4,-1602.75,1989.25,0.0,0.0,0.0,0.0,1744.872588446377,2577.036182322631,0.0,2577.036182322631,1041.4943696263754,984.177298147498,912.708994570123,1896.8862927176208,-71.46830357737508,608.6815860276349,680.14988960501,1896.8862927176208,71.46830357737508,2505.5678787452557,2577.036182322631,0.2717800579362926,0.3589900912158,0.36922985084790727,0.0,3,-46,nail cutter
1918.8153513300856,-36.2,1489.3,-1209.35,2512.804872547807,1162.75,-2181.25,452.05,2576.5844305009687,334.05,-1589.15,2000.45,0.0,0.0,0.0,0.0,1752.0511635947153,2576.5844305009687,0.0,2576.5844305009687,1043.5629937964477,991.2974546416237,927.5178966884619,1918.8153513300856,-63.77955795316166,593.9895212177214,657.7690791708831,1918.8153513300856,63.77955795316166,2512.804872547807,2576.5844305009687,0.2737955647643898,0.35855186834159564,0.3676525668940146,0.0,3,-48,nail cutter
1931.4298615274643,-35.9,1496.5,-1220.5,2511.8359804135303,1163.4,-2179.1,455.35,2573.083015081325,331.7,-1584.15,2000.3,0.0,0.0,0.0,0.0,1754.08721425558,2573.083015081325,0.0,2573.083015081325,1043.2173412262184,996.3384480976295,935.0914134298348,1931.4298615274643,-61.24703466779465,580.406118886066,641.6531535538606,1931.4298615274643,61.24703466779465,2511.8359804135303,2573.083015081325,0.27527563136978156,0.3579975898575164,0.366726778772702,0.0,3,-47,nail cutter
1978.8301512509859,-11.25,1542.05,-1240.05,2541.6042301074335,1154.65,-2213.8,475.0,2560.4206622154884,325.45,-1545.25,2015.45,0.0,0.0,0.0,0.0,1770.2137608934768,2560.4206622154884,0.0,2560.4206622154884,1048.409242671187,998.8232916795203,980.0068595714654,1978.8301512509859,-18.81643210805487,562.7740788564477,581.5905109645025,1978.8301512509859,18.81643210805487,2541.6042301074335,2560.4206622154884,0.2794620337619868,0.3589402995071926,0.36159766673082067,0.0,3,-45,nail cutter
1974.6272306437993,-56.9,1497.8,-1285.5,2559.310866717836,1158.8,-2231.85,475.5,2522.798052758088,319.75,-1511.7,1994.25,0.0,0.0,0.0,0.0,1764.1840375299307,2559.310866717836,0.0,2559.310866717836,1044.5517644423333,969.0572083420257,1005.5700223017736,1974.6272306437993,36.512813959747746,584.6836360740365,548.1708221142887,1974.6272306437993,36.512813959747746,2559.310866717836,2522.798052758088,0.2798216042993613,0.3626762872060074,0.3575021084946313,0.0,2,-45,nail cutter
2006.9253056603777,-15.3,1550.05,-1274.7,2529.2925458515074,1140.0,-2208.65,468.6,2540.9974503135572,339.15,-1547.6,1986.6,0.0,0.0,0.0,0.0,1769.3038254563605,2540.9974503135572,0.0,2540.9974503135572,1044.0299205963822,1009.3151050612137,997.6102005991638,2006.9253056603777,-11.704904462049853,522.3672401911297,534.0721446531795,2006.9253056603777,11.704904462049853,2529.2925458515074,2540.9974503135572,0.2835755618657987,0.3573852762680713,0.35903916186613005,0.0,3,-45,nail cutter
1995.1998082898867,-50.25,1522.9,-1288.05,2558.7913347907056,1161.55,-2229.3,477.95,2530.997199228004,293.65,-1520.3,2002.1,0.0,0.0,0.0,0.0,1771.247085577149,2558.7913347907056,0.0,2558.7913347907056,1047.0096990761144,983.7028363635925,1011.4969719262942,1995.1998082898867,27.79413556270174,563.5915265008189,535.7973909381171,1995.1998082898867,27.79413556270174,2558.7913347907056,2530.997199228004,0.28160946947158483,0.361156745948426,0.3572337845799892,0.0,2,-46,nail cutter
1826.562810307929,-46.4,1484.3,-1063.5,2503.133725952331,1182.8,-2160.6,445.5,2674.7610748438824,300.15,-1619.15,2107.75,0.0,0.0,0.0,0.0,1751.1144027760356,2674.7610748438824,0.0,2674.7610748438824,1059.5695294624738,999.0950795997403,827.467730708189,1826.562810307929,-171.62734889155126,676.570915644402,848.1982645359533,1826.562810307929,171.62734889155126,2503.133725952331,2674.7610748438824,0.26077148463462546,0.35736296297719355,0.38186555238818104,0.0,3,-45,nail cutter
1849.7183846467008,-25.75,1498.0,-1084.8,2514.93500711251,1173.6,-2179.2,445.7,2604.700468384033,318.2,-1615.2,2018.5,0.0,0.0,0.0,0.0,1742.3384650358107,2604.700468384033,0.0,2604.700468384033,1047.359467366221,969.7419229591119,879.9764616875889,1849.7183846467008,-89.76546127152278,665.2166224658092,754.982083737332,1849.7183846467008,89.76546127152278,2514.93500711251,2604.700468384033,0.2654074426074102,0.3608562655277228,0.37373629186486707,0.0,3,-46,nail cutter
1879.5335192541793,-2.0,1491.2,-1144.1,2494.486248709341,1161.05,-2162.95,442.8,2626.810642680587,346.3,-1644.4,2018.95,0.0,0.0,0.0,0.0,1750.2076026610268,2626.810642680587,0.0,2626.810642680587,1049.0871553224456,1005.9289566127129,873.6045626414666,1879.5335192541793,-132.32439397124608,614.9527294551617,747.2771234264078,1879.5335192541793,132.32439397124608,2494.486248709341,2626.810642680587,0.26847293949536677,0.35631290895387324,0.37521415155075993,0.0,3,-46,nail cutter
1861.7630367476952,-3.15,1463.65,-1150.6,2497.4698746931863,1168.75,-2161.65,445.7,2612.8844487462507,328.6,-1651.6,1997.85,0.0,0.0,0.0,0.0,1743.029340046783,2612.8844487462507,0.0,2612.8844487462507,1046.1927883335247,988.5888054003799,873.1742313473153,1861.7630367476952,-115.41457405306437,635.7068379454911,751.1214119985555,1861.7630367476952,115.41457405306437,2497.4698746931863,2612.8844487462507,0.2670297903157679,0.3582082379958897,0.3747619716883424,0.0,3,-45,nail cutter
1913.397970235152,-38.9,1474.65,-1218.6,2516.836646467148,1172.25,-2180.45,453.8,2579.1165565945253,313.9,-1627.25,1976.2,0.0,0.0,0.0,0.0,1752.3377933242064,2579.1165565945253,0.0,2579.1165565945253,1044.5872082251683,987.8389401812647,925.5590300538872,1913.397970235152,-62.27991012737721,603.4386762319962,665.7185863593734,1913.397970235152,62.27991012737721,2516.836646467148,2579.1165565945253,0.27297790093960883,0.35906841935034084,0.3679536797100503,0.0,3,-46,nail cutter
1911.1501994872094,-43.6,1475.85,-1213.45,2513.454146687383,1169.75,-2178.75,449.65,2586.261694995307,316.45,-1628.3,1984.25,0.0,0.0,0.0,0.0,1752.7165102924748,2586.261694995307,0.0,2586.261694995307,1045.3032724636275,991.9788738975669,919.1713255896425,1911.1501994872094,-72.80754830792421,602.3039472001735,675.1114955080977,1911.1501994872094,72.80754830792421,2513.454146687383,2586.261694995307,0.2725983050117296,0.3585083685706772,0.3688933264175932,0.0,3,-45,nail cutter
1899.954215895741,-47.1,1472.85,-1199.3,2508.824909195538,1171.95,-2172.15,450.0,2588.848920369823,323.25,-1627.6,1987.1,0.0,0.0,0.0,0.0,1749.4070113652756,2588.848920369823,0.0,2588.848920369823,1044.5654137420088,989.9891135350128,909.9651023607282,1899.954215895741,-80.02401117428508,608.870693299797,688.8947044740821,1899.954215895741,80.02401117428508,2508.824909195538,2588.848920369823,0.2715140335485701,0.3585250449004426,0.36996092155098725,0.0,3,-45,nail cutter
1896.4402323827662,-47.25,1476.3,-1189.45,2509.328689610032,1171.45,-2173.6,447.1,2590.3261696164827,322.75,-1628.95,1988.0,0.0,0.0,0.0,0.0,1749.0237729023202,2590.3261696164827,0.0,2590.3261696164827,1044.8288208828913,988.7188561946084,907.7213761881576,1896.4402323827662,-80.99748000645059,612.8884572272659,693.8859372337165,1896.4402323827662,80.99748000645059,2509.328689610032,2590.3261696164827,0.27107124868231836,0.35867561214534927,0.37025313917233243,0.0,3,-45,nail cutter
1892.661748702076,-47.95,1476.05,-1183.7,2488.629940348705,1162.9,-2156.4,436.9,2631.3621786063586,339.85,-1680.7,1995.95,0.0,0.0,0.0,0.0,1753.163466914285,2631.3621786063586,0.0,2631.3621786063586,1049.426727207329,1017.6969934798647,874.9647552222114,1892.661748702076,-142.73223825765353,595.9681916466291,738.7004299042826,1892.661748702076,142.73223825765353,2488.629940348705,2631.3621786063586,0.2698923666304375,0.35487705329738917,0.37523058007217336,0.0,3,-45,nail cutter
1839.5574372658225,-23.2,1450.65,-1130.95,2499.6178977995814,1168.85,-2165.75,437.5,2628.305894012339,323.6,-1675.85,1998.7,0.0,0.0,0.0,0.0,1741.8703072694357,2628.305894012339,0.0,2628.305894012339,1049.2383431699784,984.1227167392904,855.4347205265321,1839.5574372658225,-128.68799621275775,660.0604605337589,788.7484567465167,1839.5574372658225,128.68799621275775,2499.6178977995814,2628.305894012339,0.26402043676683395,0.3587548807979273,0.3772246824352389,0.0,3,-46,nail cutter
1862.3307406312126,-34.25,1460.15,-1155.45,2515.035990299145,1172.65,-2180.5,442.4,2613.5581364301042,302.75,-1665.1,1991.6,0.0,0.0,0.0,0.0,1747.7312168401154,2613.5581364301042,0.0,2613.5581364301042,1049.536841567541,980.4264433810858,881.9042972501265,1862.3307406312126,-98.5221461309593,652.7052496679323,751.2273957988916,1862.3307406312126,98.5221461309593,2515.035990299145,2613.5581364301042,0.2663926127036702,0.35975726216733583,0.37385012512899396,0.0,3,-46,nail cutter
1852.8049904131842,-49.1,1440.0,-1164.85,2520.5942186317893,1175.9,-2184.95,443.45,2650.482086338257,273.2,-1692.8,2021.1,0.0,0.0,0.0,0.0,1755.9703238458078,2650.482086338257,0.0,2650.482086338257,1058.018162012283,991.346429059826,861.4585613533584,1852.8049904131842,-129.88786770646766,667.7892282186051,797.6770959250728,1852.8049904131842,129.88786770646766,2520.5942186317893,2650.482086338257,0.26378648961949647,0.35886059468125775,0.3773529156992457,0.0,3,-45,nail cutter
1858.0182709004775,-55.9,1435.15,-1178.75,2533.7373709601397,1184.05,-2195.4,445.05,2666.851549580516,253.75,-1702.75,2036.75,0.0,0.0,0.0,0.0,1764.6517978602833,2666.851549580516,0.0,2666.851549580516,1063.9748912373213,995.5662247604268,862.4520461400507,1858.0182709004775,-133.11417862037615,675.7191000596622,808.8332786800383,1858.0182709004775,133.11417862037615,2533.7373709601397,2666.851549580516,0.2632273224034063,0.358957128827399,0.3778155487691947,0.0,3,-46,nail cutter
1870.7071771124415,-90.85,1427.1,-1206.1,2525.474185672861,1177.8,-2189.85,442.0,2597.3956518982623,267.25,-1650.0,1988.1,0.0,0.0,0.0,0.0,1748.3942536708912,2597.3956518982623,0.0,2597.3956518982623,1048.3915671663938,971.3143216689216,899.3928554435201,1870.7071771124415,-71.92146622540122,654.7670085604195,726.6884747858207,1870.7071771124415,71.92146622540122,2525.474185672861,2597.3956518982623,0.2674893224432568,0.3611133730808182,0.37139730447592495,0.0,3,-44,nail cutter
1859.3251073978427,-97.5,1433.55,-1180.05,2551.6463964468117,1196.0,-2209.9,443.65,2756.873224324978,236.45,-1739.25,2125.9,0.0,0.0,0.0,0.0,1791.961182042408,2756.873224324978,0.0,2756.873224324978,1086.7197949233166,1032.2759676380044,827.049139759838,1859.3251073978427,-205.2268278781662,692.321289048969,897.5481169271352,1859.3251073978427,205.2268278781662,2551.6463964468117,2756.873224324978,0.259398072629935,0.35598516614329556,0.3846167612267695,0.0,3,-44,nail cutter
1924.567531291121,-105.05,1450.8,-1260.2,2506.614897127199,1187.9,-2160.1,453.85,2766.4934140532487,288.1,-1637.4,2211.2,0.0,0.0,0.0,0.0,1799.4189606178923,2766.4934140532487,0.0,2766.4934140532487,1082.6968471916894,1092.2230241085852,832.3445071825358,1924.567531291121,-259.87851692604954,582.0473658360781,841.9258827621277,1924.567531291121,259.87851692604954,2506.614897127199,2766.4934140532487,0.26738735856021195,0.34825337400391554,0.3843592674358725,0.0,3,-44,nail cutter
1922.3555576427584,-98.7,1454.2,-1253.4,2506.413032602568,1186.8,-2160.9,451.8,2735.155926085385,329.9,-1680.3,2132.8,0.0,0.0,0.0,0.0,1790.9811290826779,2735.155926085385,0.0,2735.155926085385,1075.6604367874359,1075.5492255627878,846.8063320799708,1922.3555576427584,-228.74289348281718,584.0574749598095,812.8003684426267,1922.3555576427584,228.74289348281718,2506.413032602568,2735.155926085385,0.26833833232896337,0.3498659187277879,0.38179574894324875,0.0,3,-45,nail cutter
1941.756628030403,-37.85,1411.7,-1332.7,2501.993773473467,1175.35,-2165.9,432.9,2708.318266470911,332.15,-1688.9,2091.0,0.0,0.0,0.0,0.0,1788.0171669936954,2708.318266470911,0.0,2708.318266470911,1069.7380426585007,1074.0405605139233,867.7160675164796,1941.756628030403,-206.32449299744394,560.2371454430643,766.5616384405082,1941.756628030403,206.32449299744394,2501.993773473467,2708.318266470911,0.271495803266699,0.3498279853878899,0.3786762113454111,0.0,3,-44,nail cutter
2050.2060664723435,-141.45,1410.35,-1481.3,2508.871910341379,1157.9,-2179.25,452.3,2618.824685808502,305.75,-1669.35,1994.5,0.0,0.0,0.0,0.0,1794.4756656555562,2618.824685808502,0.0,2618.824685808502,1057.7634723770002,1080.079420969733,970.1266455026102,2050.2060664723435,-109.95277546712305,458.6658438690356,568.6186193361586,2050.2060664723435,109.95277546712305,2508.871910341379,2618.824685808502,0.2856274545416257,0.34952715692369674,0.3648453885346776,0.0,3,-45,nail cutter
2008.7387821715397,-167.7,1440.95,-1389.45,2582.8567367355085,1172.0,-2248.75,490.6,2593.4685852155603,241.6,-1624.95,2006.8,0.0,0.0,0.0,0.0,1796.266026030652,2593.4685852155603,0.0,2593.4685852155603,1063.716735662295,1009.6753153257957,999.063466845744,2008.7387821715397,-10.611848480051776,574.1179545639689,584.7298030440206,2008.7387821715397,10.611848480051776,2582.8567367355085,2593.4685852155603,0.279571448919847,0.35947580972221677,0.3609527413579363,0.0,3,-44,nail cutter
1938.5336610438312,-172.9,1440.35,-1285.85,2558.090364412485,1220.2,-2196.1,481.75,2758.0338780551624,244.0,-1593.5,2237.85,0.0,0.0,0.0,0.0,1813.6644758778698,2758.0338780551624,0.0,2758.0338780551624,1089.8365262454054,1069.2385873432543,869.295073700577,1938.5336610438312,-199.94351364267732,619.5567033686539,819.5002170113312,1938.5336610438312,199.94351364267732,2558.090364412485,2758.0338780551624,0.2672122775224895,0.35261350685802706,0.3801742156194834,0.0,3,-44,nail cutter
1979.1857505044848,-71.65,1439.05,-1356.9,2515.763019940471,1181.0,-2175.25,450.1,2670.5248149942363,305.75,-1671.65,2060.05,0.0,0.0,0.0,0.0,1791.368396359798,2670.5248149942363,0.0,2670.5248149942363,1065.591346283051,1066.9737727791248,912.2119777253597,1979.1857505044848,-154.76179505376513,536.5772694359864,691.3390644897515,1979.1857505044848,154.76179505376513,2515.763019940471,2670.5248149942363,0.27621143625821837,0.3510951495310373,0.37269341421074437,0.0,3,-44,nail cutter
2027.762557598892,-142.1,1411.7,-1448.7,2518.2642737607985,1158.2,-2188.65,458.3,2622.583742228263,320.6,-1683.55,1985.15,0.0,0.0,0.0,0.0,1792.1526433969884,2622.583742228263,0.0,2622.583742228263,1058.7937757845893,1066.0410130331784,961.7215445657139,2027.762557598892,-104.3194684674645,490.5017161619064,594.8211846293709,2027.762557598892,104.3194684674645,2518.2642737607985,2622.583742228263,0.28286688707432167,0.3512904276093749,0.3658426853163034,0.0,3,-45,nail cutter
2018.9091825785529,-130.25,1371.35,-1475.95,2506.732870191796,1163.15,-2175.0,447.4,2644.383930615976,324.45,-1687.9,2009.6,0.0,0.0,0.0,0.0,1792.5064958465812,2644.383930615976,0.0,2644.383930615976,1060.6781076145628,1078.2801215013665,940.6290610771862,2018.9091825785529,-137.6510604241803,487.823687613243,625.4747480374233,2018.9091825785529,137.6510604241803,2506.732870191796,2644.383930615976,0.28157627144679387,0.3496128014040883,0.3688109271491179,0.0,3,-45,nail cutter
1993.4122453722412,-112.2,1355.5,-1457.3,2502.964271618754,1162.25,-2171.6,445.15,2674.173297020969,348.9,-1707.95,2027.9,0.0,0.0,0.0,0.0,1792.6374535029909,2674.173297020969,0.0,2674.173297020969,1064.8390944989349,1082.3106353872279,911.1016099850128,1993.4122453722412,-171.20902540221505,509.5520262465129,680.761051648728,1993.4122453722412,171.20902540221505,2502.964271618754,2674.173297020969,0.2779999159167567,0.3490616949243856,0.3729383891588578,0.0,3,-44,nail cutter
1985.959881895906,-54.4,1318.7,-1483.95,2501.899535852709,1162.75,-2171.65,437.55,2654.980098795469,326.6,-1689.25,2022.05,0.0,0.0,0.0,0.0,1785.7098791360208,2654.980098795469,0.0,2654.980098795469,1060.3558571564631,1069.520222419333,916.4396594765728,1985.959881895906,-153.08056294276003,515.9396539568031,669.0202168995631,1985.959881895906,153.08056294276003,2501.899535852709,2654.980098795469,0.2780350695680717,0.35026679936709565,0.37169813106483274,0.0,3,-44,nail cutter
2003.1668889535888,-144.4,1398.85,-1426.55,2533.6898221763454,1168.25,-2199.3,466.75,2628.983804153232,284.0,-1665.2,2014.45,0.0,0.0,0.0,0.0,1791.4601288207916,2628.983804153232,0.0,2628.983804153232,1061.4259241559878,1049.2304354652376,953.9364534883512,2003.1668889535888,-95.2939819768867,530.5229332227566,625.8169151996433,2003.1668889535888,95.2939819768867,2533.6898221763454,2628.983804153232,0.27954388388651313,0.35357887421197004,0.3668772419015168,0.0,3,-45,nail cutter
1991.2395040526892,-145.0,1400.2,-1408.35,2541.4844707375255,1172.05,-2204.65,474.3,2651.3963835119034,287.8,-1667.2,2041.45,0.0,0.0,0.0,0.0,1796.0300895755295,2651.3963835119034,0.0,2651.3963835119034,1066.6752703326893,1050.5757084135337,940.6637956391558,1991.2395040526892,-109.91191277437792,550.2449666848363,660.1568794592142,1991.2395040526892,109.91191277437792,2541.4844707375255,2651.3963835119034,0.27717234744704294,0.3537641832239814,0.36906346932897566,0.0,3,-44,nail cutter
1982.1942002488051,-136.45,1386.65,-1409.85,2535.061959795066,1173.3,-2197.5,470.0,2647.153190693731,290.45,-1667.7,2035.15,0.0,0.0,0.0,0.0,1791.1023376844005,2647.153190693731,0.0,2647.153190693731,1064.2911568581578,1047.1427155737354,935.05148467507,1982.1942002488051,-112.09123089866534,552.8677595462607,664.958990444926,1982.1942002488051,112.09123089866534,2535.061959795066,2647.153190693731,0.2766723819381888,0.3538410266205786,0.36948659144123264,0.0,3,-44,nail cutter
1975.715154697154,-134.0,1373.25,-1414.1,2528.248082170735,1172.4,-2190.45,468.45,2637.4844767315694,295.8,-1677.15,2013.95,0.0,0.0,0.0,0.0,1785.3619283998646,2637.4844767315694,0.0,2637.4844767315694,1060.8657126353535,1042.4757746289943,933.2393800681596,1975.715154697154,-109.23639456083447,552.5329274735809,661.7693220344154,1975.715154697154,109.23639456083447,2528.248082170735,2637.4844767315694,0.27665471119179375,0.3540245876695551,0.3693207011386512,0.0,3,-44,nail cutter
1977.9230558846316,-155.85,1379.3,-1409.05,2531.6337240011635,1170.0,-2194.5,473.75,2632.555511760388,288.4,-1670.2,2014.35,0.0,0.0,0.0,0.0,1785.528072911546,2632.555511760388,0.0,2632.555511760388,1060.5724224892806,1039.4224218219279,938.5006340627037,1977.9230558846316,-100.92178775922457,553.7106681165319,654.6324558757565,1977.9230558846316,100.92178775922457,2531.6337240011635,2632.555511760388,0.2769381066996275,0.35446568474739676,0.3685962085529757,0.0,3,-44,nail cutter
1978.7143022680157,-142.3,1385.0,-1406.0,2540.3159104725537,1170.0,-2203.95,476.35,2609.2931600339584,278.45,-1665.7,1989.05,0.0,0.0,0.0,0.0,1782.080843193632,2609.2931600339584,0.0,2609.2931600339584,1057.553483669868,1023.84577591471,954.8685263533055,1978.7143022680157,-68.97724956140473,561.601608204538,630.5788577659428,1978.7143022680157,68.97724956140473,2540.3159104725537,2609.2931600339584,0.2775848118542704,0.35636934207767246,0.36604584606805707,0.0,3,-44,nail cutter
2001.072096402326,-158.15,1380.15,-1440.3,2526.697775753958,1157.0,-2197.7,464.4,2613.010150190772,287.75,-1666.6,1991.85,0.0,0.0,0.0,0.0,1785.195005586764,2613.010150190772,0.0,2613.010150190772,1056.9565267919365,1043.69223541957,957.3798609827559,2001.072096402326,-86.31237443681403,525.625679351632,611.938053788446,2001.072096402326,86.31237443681403,2526.697775753958,2613.010150190772,0.2802315839642133,0.353840584340459,0.3659278316953277,0.0,3,-45,nail cutter
2003.2843869505896,-177.5,1432.35,-1389.25,2583.7771740225585,1168.05,-2250.6,496.35,2628.516049503978,257.9,-1642.9,2035.55,0.0,0.0,0.0,0.0,1803.8944026192817,2628.516049503978,0.0,2628.516049503978,1070.281432532502,1024.0116312160046,979.2727557345852,2003.2843869505896,-44.738875481419655,580.4927870719689,625.2316625533886,2003.2843869505896,44.738875481419655,2583.7771740225585,2628.516049503978,0.2776332672303033,0.35808320740267213,0.36428352536702446,0.0,3,-44,nail cutter
1891.6243925526019,-274.25,1389.7,-1253.7,2445.2532000796973,1166.75,-2104.6,434.3,2711.543316084034,461.75,-1724.05,2041.3,0.0,0.0,0.0,0.0,1762.1052271790834,2711.543316084034,0.0,2711.543316084034,1059.4708447371975,1078.9572542784695,812.6671382741329,1891.6243925526019,-266.2901160043366,553.6288075270954,819.918923531432,1891.6243925526019,266.2901160043366,2445.2532000796973,2711.543316084034,0.2683756286763962,0.34692213075070594,0.3847022405728978,0.0,3,-45,nail cutter
1890.358475263356,-236.55,1386.8,-1262.65,2452.4679498415467,1161.6,-2114.25,441.85,2715.3035212476707,442.2,-1720.9,2053.25,0.0,0.0,0.0,0.0,1764.5324865881432,2715.3035212476707,0.0,2715.3035212476707,1061.4409825327375,1076.59702333474,813.7614519286158,1890.358475263356,-262.835571406124,562.1094745781907,824.9450459843147,1890.358475263356,262.835571406124,2452.4679498415467,2715.3035212476707,0.26782710004372134,0.3474671008443118,0.3847057991119669,0.0,3,-45,nail cutter
2020.854139343065,-313.0,1600.45,-1193.5,2448.780045757479,1174.3,-2104.15,436.0,2740.7679411982326,472.25,-1707.35,2091.35,0.0,0.0,0.0,0.0,1802.600531574694,2740.7679411982326,0.0,2740.7679411982326,1071.7636594378585,1156.4210173919093,864.4331219511555,2020.854139343065,-291.9878954407536,427.92590641441393,719.9138018551675,2020.854139343065,291.9878954407536,2448.780045757479,2740.7679411982326,0.28026926986115325,0.33961768052102803,0.3801130496178188,0.0,3,-46,nail cutter
1874.8252298547725,-250.1,1376.65,-1247.9,2447.994669111843,1181.5,-2099.8,433.1,2711.5106181794677,466.25,-1714.1,2048.6,0.0,0.0,0.0,0.0,1758.5826292865208,2711.5106181794677,0.0,2711.5106181794677,1059.4203508153446,1069.1705894611987,805.6546403935738,1874.8252298547725,-263.51594906762466,573.1694392570705,836.6853883246952,1874.8252298547725,263.51594906762466,2447.994669111843,2711.5106181794677,0.2665250410518687,0.34800677379956624,0.385468185148565,0.0,3,-46,nail cutter
1898.4103705468951,-255.9,1383.75,-1274.25,2420.9351091055705,1183.55,-2088.4,314.2,2721.3459486989154,469.65,-1731.3,2046.4,0.0,0.0,0.0,0.0,1760.1728570878454,2721.3459486989154,0.0,2721.3459486989154,1058.0381092716898,1099.4106050701203,798.9997654767751,1898.4103705468951,-300.4108395933449,522.5247385586754,822.9355781520203,1898.4103705468951,300.4108395933449,2420.9351091055705,2721.3459486989154,0.2696340820877899,0.3438490571191595,0.3865168607930506,0.0,3,-43,nail cutter
1897.347578858444,-239.3,1393.85,-1264.85,2449.1105548749733,1165.5,-2106.5,449.9,2711.13915679369,448.25,-1720.75,2046.55,0.0,0.0,0.0,0.0,1764.3993226317768,2711.13915679369,0.0,2711.13915679369,1060.179936813335,1079.6880903885801,817.6594884698638,1897.347578858444,-262.0286019187165,551.7629760165294,813.7915779352459,1897.347578858444,262.0286019187165,2449.1105548749733,2711.13915679369,0.2688376087149537,0.3470176115265508,0.3841447797584954,0.0,3,-43,nail cutter
1875.9180185978278,-239.1,1370.2,-1258.75,2448.0366429038595,1167.35,-2106.6,438.65,2719.2807711782907,455.6,-1720.7,2055.75,0.0,0.0,0.0,0.0,1760.8088581699944,2719.2807711782907,0.0,2719.2807711782907,1061.2078483926132,1073.5810734361294,802.3369451616982,1875.9180185978278,-271.2441282744312,572.1186243060317,843.3627525804629,1875.9180185978278,271.2441282744312,2448.0366429038595,2719.2807711782907,0.26634322202176247,0.3475727407244106,0.386084037253827,0.0,3,-42,nail cutter
1901.2841016008101,-228.7,1394.35,-1272.15,2446.1735292084245,1166.5,-2106.25,432.15,2722.380576352248,456.75,-1723.8,2057.0,0.0,0.0,0.0,0.0,1767.4595517903708,2722.380576352248,0.0,2722.380576352248,1062.349883941247,1088.745574372317,812.5385272284932,1901.2841016008101,-276.20704714382373,544.8894276076144,821.0964747514381,1901.2841016008101,276.20704714382373,2446.1735292084245,2722.380576352248,0.26892894093034264,0.34600134508460767,0.3850697139850496,0.0,3,-41,nail cutter
2012.1953788089265,-340.9,1391.1,-1413.35,2448.883449145753,1172.65,-2107.65,423.95,2751.61364702605,482.5,-1736.1,2079.55,0.0,0.0,0.0,0.0,1803.1731187451824,2751.61364702605,0.0,2751.61364702605,1073.7323767865864,1157.462788344612,854.7325904643149,2012.1953788089265,-302.73019788029706,436.6880703368263,739.4182682171233,2012.1953788089265,302.73019788029706,2448.883449145753,2751.61364702605,0.2789797826246991,0.3395241732044448,0.38149604417085614,0.0,3,-42,nail cutter
1827.3310462256147,-331.05,1414.8,-1108.1,2467.4390235626897,1186.15,-2118.7,438.65,2843.256578731508,393.5,-1675.4,2263.25,0.0,0.0,0.0,0.0,1784.5066621299532,2843.256578731508,0.0,2843.256578731508,1092.4337452741988,1101.5743006972166,725.7567455283984,1827.3310462256147,-375.8175551688182,640.107977337075,1015.9255325058932,1827.3310462256147,375.8175551688182,2467.4390235626897,2843.256578731508,0.2559994710309105,0.34567523281442974,0.3983252961546598,0.0,3,-43,nail cutter
1915.203006211091,-92.05,1438.5,-1261.05,2474.58636998186,1178.0,-2130.8,442.25,2741.3547225778716,424.45,-1693.7,2113.35,0.0,0.0,0.0,0.0,1782.7860246927057,2741.3547225778716,0.0,2741.3547225778716,1071.599497613441,1090.9856794035513,824.2173268075396,1915.203006211091,-266.7683525960115,559.3833637707692,826.1517163667806,1915.203006211091,266.7683525960115,2474.58636998186,2741.3547225778716,0.26856882706117374,0.34701112972999637,0.38442004320882983,0.0,3,-43,nail cutter
1932.6166944068348,-90.45,1472.65,-1248.25,2511.436541603231,1181.3,-2168.1,459.55,2699.66390778556,323.95,-1667.95,2097.9,0.0,0.0,0.0,0.0,1785.9292859489065,2699.66390778556,0.0,2699.66390778556,1069.1506380487406,1060.4220302945816,872.1946641122531,1932.6166944068348,-188.22736618232875,578.8198471963963,767.047213378725,1932.6166944068348,188.22736618232875,2511.436541603231,2699.66390778556,0.2705337649161162,0.3515587881001746,0.37790744698370915,0.0,3,-43,nail cutter
2005.0729718641164,-19.1,1455.3,-1379.15,2505.444566339475,1179.7,-2162.75,456.15,2868.877364057237,347.3,-1640.2,2328.0,0.0,0.0,0.0,0.0,1844.8487255652071,2868.877364057237,0.0,2868.877364057237,1108.3952529018839,1184.2528847909396,820.8200870731771,2005.0729718641164,-363.43279771776224,500.3715944753585,863.8043921931207,2005.0729718641164,363.43279771776224,2505.444566339475,2868.877364057237,0.2717123827117344,0.3395189713416585,0.3887686459466071,0.0,3,-43,nail cutter
1873.763094684064,-207.9,1433.65,-1188.45,2470.6623226373936,1191.3,-2118.4,444.25,2761.2733050170896,542.55,-1678.45,2124.4,0.0,0.0,0.0,0.0,1776.424680584637,2761.2733050170896,0.0,2761.2733050170896,1074.3663399114714,1082.18703853188,791.576056152184,1873.763094684064,-290.610982379696,596.8992279533295,887.5102103330255,1873.763094684064,290.610982379696,2470.6623226373936,2761.2733050170896,0.2636986407534307,0.34770153072635157,0.3885998285202177,0.0,3,-42,nail cutter
1902.6665032264586,-260.9,1379.55,-1284.1,2413.5932968294387,1179.8,-2079.25,332.0,2726.5534113602102,471.0,-1739.05,2046.45,0.0,0.0,0.0,0.0,1760.7033028540268,2726.5534113602102,0.0,2726.5534113602102,1058.225099786865,1107.813308878615,794.8531943478436,1902.6665032264586,-312.96011453077153,510.92679360298007,823.8869081337516,1902.6665032264586,312.96011453077153,2413.5932968294387,2726.5534113602102,0.27015717244102333,0.3427030114780134,0.3871398160809633,0.0,3,-43,nail cutter
1803.3999424697784,-157.2,1482.95,-1014.1,2483.4828698825368,1182.45,-2138.35,443.8,2748.5072644073543,353.55,-1669.3,2154.7,0.0,0.0,0.0,0.0,1758.8475191899174,2748.5072644073543,0.0,2748.5072644073543,1072.3866276858703,1034.212168497298,769.1877739724805,1803.3999424697784,-265.0243945248176,680.0829274127584,945.107321937576,1803.3999424697784,265.0243945248176,2483.4828698825368,2748.5072644073543,0.25633261593085405,0.352998603174306,0.3906687808948399,0.0,3,-44,nail cutter
2065.3073094578444,-47.35,1435.1,-1484.5,2511.039464544514,1166.5,-2173.45,469.8,2678.0069800133083,286.0,-1638.65,2098.75,0.0,0.0,0.0,0.0,1813.5884385039167,2678.0069800133083,0.0,2678.0069800133083,1070.761733872165,1116.1374124633194,949.1698969945253,2065.3073094578444,-166.96751546879432,445.73215508666954,612.6996705554639,2065.3073094578444,166.96751546879432,2511.039464544514,2678.0069800133083,0.2846990068983868,0.3461424062969801,0.3691585868046331,0.0,3,-45,nail cutter
1978.9907459359176,-101.15,1440.4,-1353.3,2540.8442027208202,1193.5,-2190.05,484.9,2943.02621547957,273.6,-1542.15,2491.65,0.0,0.0,0.0,0.0,1865.715291034077,2943.02621547957,0.0,2943.02621547957,1130.2790309483892,1190.5863793473336,788.4043665885838,1978.9907459359176,-402.1820127587498,561.8534567849026,964.0354695436524,1978.9907459359176,402.1820127587498,2540.8442027208202,2943.02621547957,0.2651785558394413,0.34046515764371416,0.39435628651684457,0.0,3,-43,nail cutter
1892.0529835340237,-191.9,1409.4,-1247.65,2512.5315769159997,1216.0,-2146.65,475.45,2771.975885988188,340.0,-1632.25,2214.5,0.0,0.0,0.0,0.0,1794.140111609553,2771.975885988188,0.0,2771.975885988188,1084.0635094004692,1075.748646303106,816.3043372309178,1892.0529835340237,-259.4443090721884,620.478593381976,879.9229024541644,1892.0529835340237,259.4443090721884,2512.5315769159997,2771.975885988188,0.2636434260751006,0.350102475366593,0.38625409855830634,0.0,3,-44,nail cutter
1985.4832195211322,-21.45,1538.15,-1255.3,2489.3509826860495,1174.45,-2148.9,446.95,2702.9816171220996,343.4,-1679.0,2090.25,0.0,0.0,0.0,0.0,1794.4539548323205,2702.9816171220996,0.0,2702.9816171220996,1068.2768330875874,1099.5569269785913,885.9262925425412,1985.4832195211322,-213.63063443605006,503.8677631649173,717.4983976009673,1985.4832195211322,213.63063443605006,2489.3509826860495,2702.9816171220996,0.27661384319368926,0.34681176632903105,0.3765743904772796,0.0,3,-45,nail cutter
2037.065159733483,-52.8,1429.35,-1450.45,2507.497488533139,1171.7,-2168.75,459.55,2707.1010509399166,350.0,-1684.7,2089.9,0.0,0.0,0.0,0.0,1812.9159248016347,2707.1010509399166,0.0,2707.1010509399166,1074.5833632625408,1118.3343610701302,918.7307986633527,2037.065159733483,-199.60356240677766,470.43232879965603,670.0358912064337,2037.065159733483,199.60356240677766,2507.497488533139,2707.1010509399166,0.2809100427473456,0.3457823738858028,0.3733075833668516,0.0,3,-44,nail cutter
1960.307389798855,-158.25,1406.2,-1356.6,2574.4295120472807,1203.8,-2224.25,480.9,2698.311187113154,232.15,-1665.8,2110.0,0.0,0.0,0.0,0.0,1808.2620222398225,2698.311187113154,0.0,2698.311187113154,1080.7554618414601,1042.0945324323643,918.2128573664909,1960.307389798855,-123.88167506587342,614.1221222484257,738.0037973142992,1960.307389798855,123.88167506587342,2574.4295120472807,2698.311187113154,0.27102092585159476,0.3559259499431444,0.37305312420526077,0.0,3,-44,nail cutter
1878.1931563340336,-86.45,1344.8,-1308.3,2501.579584982257,1175.9,-2164.4,436.5,2675.5962073900464,342.0,-1744.95,1999.25,0.0,0.0,0.0,0.0,1763.8422371765841,2675.5962073900464,0.0,2675.5962073900464,1060.6327435672079,1026.1048893709112,852.0882669631219,1878.1931563340336,-174.01662240778933,623.3864286482235,797.4030510560128,1878.1931563340336,174.01662240778933,2501.579584982257,2675.5962073900464,0.26620764555174914,0.3545639644317883,0.37922839001646264,0.0,3,-43,nail cutter
1917.2699985917477,-103.35,1387.95,-1318.65,2506.820351560917,1153.15,-2178.95,454.5,2603.54342579493,370.0,-1713.9,1924.6,0.0,0.0,0.0,0.0,1756.9084439868986,2603.54342579493,0.0,2603.54342579493,1047.8074453698707,1006.9965364128805,910.2734621788672,1917.2699985917477,-96.72307423401298,589.5503529691694,686.2734272031823,1917.2699985917477,96.72307423401298,2506.820351560917,2603.54342579493,0.27281871248807726,0.35670901920652537,0.37047226830539737,0.0,3,-45,nail cutter
1884.5198891229566,-118.75,1414.2,-1239.9,2481.862173852529,1171.5,-2139.8,456.6,2622.361121680231,372.3,-1647.95,2005.6,0.0,0.0,0.0,0.0,1747.1857961639291,2622.361121680231,0.0,2622.361121680231,1046.0879611356863,1012.5094184753293,872.0104706476272,1884.5198891229566,-140.49894782770207,597.3422847295724,737.8412325572745,1884.5198891229566,140.49894782770207,2481.862173852529,2622.361121680231,0.2696507568428833,0.3551228179770054,0.3752264251801113,0.0,3,-45,nail cutter
1977.82730413957,-247.75,1407.4,-1367.35,2466.1727473962565,1173.1,-2116.0,477.9,2575.8293907011775,377.6,-1537.3,2032.0,0.0,0.0,0.0,0.0,1754.957360559251,2575.8293907011775,0.0,2575.8293907011775,1037.9311833493136,1043.7419737222453,934.0853304173243,1977.82730413957,-109.65664330492109,488.3454432566864,598.0020865616075,1977.82730413957,109.65664330492109,2466.1727473962565,2575.8293907011775,0.2817486265747929,0.35131519471936956,0.3669361787058376,0.0,3,-45,nail cutter
1950.9386625417008,-131.95,1410.65,-1341.2,2499.0613287792676,1170.35,-2157.2,471.25,2560.0240848476406,410.55,-1506.3,2028.85,0.0,0.0,0.0,0.0,1752.5060190421523,2560.0240848476406,0.0,2560.0240848476406,1039.2404820208974,1005.950709305037,944.987953236664,1950.9386625417008,-60.96275606837298,548.1226662375668,609.0854223059398,1950.9386625417008,60.96275606837298,2499.0613287792676,2560.0240848476406,0.2783069845899878,0.3564982518783519,0.3651947635316603,0.0,3,-45,nail cutter
1909.513677615324,-70.95,1443.85,-1247.6,2494.45016135821,1168.55,-2159.55,439.45,2760.8291413088205,157.15,-1701.05,2168.85,0.0,0.0,0.0,0.0,1791.1982450705887,2760.8291413088205,0.0,2760.8291413088205,1079.0200446961323,1087.946328782967,821.5673488323566,1909.513677615324,-266.3789799506103,584.9364837428861,851.3154636934964,1909.513677615324,266.3789799506103,2494.45016135821,2760.8291413088205,0.26651344747438505,0.34815383615730194,0.385332716368313,0.0,3,-45,nail cutter
1983.3372967047233,-170.65,1419.5,-1374.6,2491.718588143533,1174.9,-2149.05,458.1,2681.6701204659757,360.45,-1668.65,2068.1,0.0,0.0,0.0,0.0,1789.181501328558,2681.6701204659757,0.0,2681.6701204659757,1064.067809307136,1086.6444145135831,896.6928821911401,1983.3372967047233,-189.95153232244274,508.38129143880974,698.3328237612525,1983.3372967047233,189.95153232244274,2491.718588143533,2681.6701204659757,0.2771291363162422,0.34816459178307313,0.37470627190068473,0.0,3,-44,nail cutter
2017.6565050820716,-124.1,1460.2,-1386.85,2470.327756594254,1168.0,-2131.55,441.35,2721.4676986876034,464.55,-1662.9,2103.65,0.0,0.0,0.0,0.0,1802.3629900909823,2721.4676986876034,0.0,2721.4676986876034,1070.72335833085,1134.3982235877104,883.258281494361,2017.6565050820716,-251.13994209334942,452.6712515121824,703.8111936055318,2017.6565050820716,251.13994209334942,2470.327756594254,2721.4676986876034,0.2798626741914265,0.3426512542389634,0.37748607156961,0.0,3,-44,nail cutter
2046.5490349610488,-132.2,1428.7,-1459.35,2503.039227619096,1168.7,-2166.25,454.65,2798.490209916769,546.95,-1769.7,2097.75,0.0,0.0,0.0,0.0,1837.0196181242286,2798.490209916769,0.0,2798.490209916769,1093.909442436491,1171.0000086293608,875.5490263316881,2046.5490349610488,-295.4509822976729,456.49019265804714,751.94117495572,2046.5490349610488,295.4509822976729,2503.039227619096,2798.490209916769,0.27851485835665296,0.34063860871759993,0.380846532925747,0.0,3,-43,nail cutter
1972.4044774082215,-192.15,1419.6,-1355.8,2559.8181385598473,1202.45,-2206.3,488.9,2881.6514371103244,306.05,-1530.75,2422.2,0.0,0.0,0.0,0.0,1853.4685132695981,2881.6514371103244,0.0,2881.6514371103244,1118.6578131038038,1147.1188879793494,825.2855894288721,1972.4044774082215,-321.83329855047714,587.4136611516258,909.2469597021029,1972.4044774082215,321.83329855047714,2559.8181385598473,2881.6514371103244,0.26604235023243195,0.34527402546000335,0.38868362430756476,0.0,3,-43,nail cutter
1920.5178123360377,-215.45,1421.55,-1273.25,2481.653552069668,1195.3,-2126.6,455.45,2776.4308396752836,400.85,-1703.25,2155.65,0.0,0.0,0.0,0.0,1794.6505510202473,2776.4308396752836,0.0,2776.4308396752836,1080.7958672190243,1107.6475499708267,812.8702623652109,1920.5178123360377,-294.7772876056156,561.1357397336303,855.9130273392459,1920.5178123360377,294.7772876056156,2481.653552069668,2776.4308396752836,0.26753367267575234,0.34570150030863445,0.3867648270156132,0.0,3,-43,nail cutter
1752.7142700679995,-269.6,1150.25,-1294.7,2479.701765333888,1180.05,-2136.8,436.45,2744.3355429866806,345.9,-1662.8,2155.65,0.0,0.0,0.0,0.0,1744.187894597142,2744.3355429866806,0.0,2744.3355429866806,1070.4601911518191,1008.6740238603961,744.0402462076036,1752.7142700679995,-264.63377765279256,726.9874952658886,991.6212729186811,1752.7142700679995,264.63377765279256,2479.701765333888,2744.3355429866806,0.251222112522577,0.35542354310207913,0.39335434437534383,0.0,3,-42,nail cutter
2007.4730595950723,-123.6,1420.45,-1413.15,2504.66578109735,1176.1,-2164.25,454.05,2736.671860581754,346.3,-1691.4,2123.35,0.0,0.0,0.0,0.0,1812.2026753185442,2736.671860581754,0.0,2736.671860581754,1078.9297343633232,1119.739569539738,887.7334900553342,2007.4730595950723,-232.00607948440393,497.1927215022779,729.1988009866818,2007.4730595950723,232.00607948440393,2504.66578109735,2736.671860581754,0.276938265092535,0.3455278230202765,0.3775339118871885,0.0,3,-43,nail cutter
1966.5409663925134,-154.6,1423.9,-1347.55,2528.00025464793,1195.25,-2177.95,467.65,2746.9859519116585,337.7,-1645.8,2173.3,0.0,0.0,0.0,0.0,1810.3817932380252,2746.9859519116585,0.0,2746.9859519116585,1083.2903039870114,1092.763331828121,873.7776345643922,1966.5409663925134,-218.98569726372853,561.4592882554166,780.4449855191451,1966.5409663925134,218.98569726372853,2528.00025464793,2746.9859519116585,0.2715643978714545,0.34909766880255433,0.3793379333259913,0.0,3,-42,nail cutter
1930.9793065954902,-182.9,1445.75,-1266.9,2490.319260657155,1201.6,-2133.5,453.9,2828.3484164791294,375.35,-1626.55,2283.2,0.0,0.0,0.0,0.0,1812.4117459329436,2828.3484164791294,0.0,2828.3484164791294,1094.369741028734,1134.5042312087323,796.4750753867581,1930.9793065954902,-338.0291558219742,559.3399540616649,897.3691098836391,1930.9793065954902,338.0291558219742,2490.319260657155,2828.3484164791294,0.2663549426514991,0.3435090379221826,0.39013601942631826,0.0,3,-43,nail cutter
0.0,0.0,0.0,0.0,0.0,0.0,0.0,0.0,2769.165837395803,402.25,-1729.1,2125.25,0.0,0.0,0.0,0.0,692.2914593489508,2769.165837395803,0.0,2769.165837395803,1199.0839812383865,1384.5829186979015,-1384.5829186979015,0.0,-2769.165837395803,0.0,2769.165837395803,0.0,2769.165837395803,0.0,2769.165837395803,0.0,0.0,1.0,0.0,3,-42,nail cutter
0.0,0.0,0.0,0.0,2502.834292357367,1164.3,-2169.05,451.45,2745.3412542888,349.9,-1730.55,2102.3,0.0,0.0,0.0,0.0,1312.0438866615418,2745.3412542888,0.0,2745.3412542888,1314.8423342169494,121.25348096571656,-121.25348096571656,0.0,-242.50696193143312,2502.834292357367,2745.3412542888,0.0,242.50696193143312,2502.834292357367,2745.3412542888,0.0,0.4768960699031488,0.5231039300968511,0.0,3,-44,nail cutter
1966.325289721922,-219.4,1408.75,-1354.15,2554.4711982130466,1177.7,-2210.7,501.15,2793.5393146508604,361.1,-1718.7,2172.45,0.0,0.0,0.0,0.0,1828.5839506464572,2793.5393146508604,0.0,2793.5393146508604,1097.8095339985869,1102.6967030798678,863.628586642054,1966.325289721922,-239.06811643781384,588.1459084911246,827.2140249289384,1966.325289721922,239.06811643781384,2554.4711982130466,2793.5393146508604,0.2688316947420939,0.34924171751999233,0.38192658773791377,0.0,3,-42,nail cutter
1873.6159558458078,-178.5,1376.5,-1258.5,2516.1635881834072,1212.45,-2161.6,434.2,2928.60970897455,317.35,-1796.55,2290.95,0.0,0.0,0.0,0.0,1829.5973132509412,2928.60970897455,0.0,2928.60970897455,1121.2231563542275,1143.031038318475,730.5849175273324,1873.6159558458078,-412.4461207911427,642.5476323375995,1054.9937531287421,1873.6159558458078,412.4461207911427,2516.1635881834072,2928.60970897455,0.2560147993052979,0.343813850452225,0.40017135024247713,0.0,3,-43,nail cutter
1723.7387077222581,6.2,1374.3,-1040.45,2495.9840734668164,1180.9,-2157.15,426.75,2710.4481460636725,357.05,-1745.4,2042.7,0.0,0.0,0.0,0.0,1732.5427318131867,2710.4481460636725,0.0,2710.4481460636725,1065.4721382754692,969.1013901595572,754.6373175627009,1723.7387077222581,-214.4640725968561,772.2453657445583,986.7094383414144,1723.7387077222581,214.4640725968561,2495.9840734668164,2710.4481460636725,0.24872960938722205,0.3601619786391434,0.3911084119736346,0.0,3,-42,nail cutter
1875.1613143940442,-7.1,1378.35,-1271.35,2508.0633116012045,1175.75,-2173.05,431.1,2748.0336556345155,300.5,-1759.25,2089.6,0.0,0.0,0.0,0.0,1782.8145704074411,2748.0336556345155,0.0,2748.0336556345155,1077.565465838587,1057.5658292136775,817.5954851803667,1875.1613143940442,-239.970344033311,632.9019972071603,872.8723412404713,1875.1613143940442,239.970344033311,2508.0633116012045,2748.0336556345155,0.2629495721988488,0.3516999683018095,0.38535045949934166,0.0,3,-43,nail cutter
1845.9940472547576,-132.85,1384.9,-1213.3,2539.168230444765,1202.25,-2193.2,438.0,2708.334581897148,221.65,-1756.85,2049.25,0.0,0.0,0.0,0.0,1773.3742148991678,2708.334581897148,0.0,2708.334581897148,1073.6294877916498,1007.5801993535702,838.4138479011874,1845.9940472547576,-169.16635145238297,693.1741831900074,862.3405346423904,1845.9940472547576,169.16635145238297,2539.168230444765,2708.334581897148,0.26023752230993713,0.3579571938499652,0.3818052838400976,0.0,3,-44,nail cutter
1951.997228481639,-65.4,1430.9,-1326.1,2566.439589684511,1164.55,-2241.55,453.75,2610.764140055551,277.35,-1705.5,1957.15,0.0,0.0,0.0,0.0,1782.3002395554254,2610.764140055551,0.0,2610.764140055551,1061.4398436584497,998.1608894263395,953.8363390552997,1951.997228481639,-44.324550371040004,614.4423612028718,658.7669115739118,1951.997228481639,44.324550371040004,2566.439589684511,2610.764140055551,0.2738030867583431,0.35998979475038956,0.36620711849126725,0.0,3,-45,nail cutter
1838.525915645466,-222.4,1375.6,-1199.35,2480.287520631429,1198.85,-2126.55,438.6,2890.350385766404,432.95,-1715.7,2285.4,0.0,0.0,0.0,0.0,1802.290955510825,2890.350385766404,0.0,2890.350385766404,1106.0197022132465,1124.2943903902208,714.2315252552455,1838.525915645466,-410.06286513497525,641.7616049859628,1051.824470120938,1838.525915645466,410.06286513497525,2480.287520631429,2890.350385766404,0.25502623619452874,0.3440464916399193,0.40092727216555185,0.0,3,-44,nail cutter
1666.957482211229,-119.05,1313.35,-1019.65,2490.4378360039423,1186.15,-2147.7,427.45,2763.0993910824127,332.8,-1742.45,2118.45,0.0,0.0,0.0,0.0,1730.1236773243959,2763.0993910824127,0.0,2763.0993910824127,1077.315454282778,969.8095186448497,697.1479635663791,1666.957482211229,-272.6615550784704,823.4803537927132,1096.1419088711837,1666.957482211229,272.6615550784704,2490.4378360039423,2763.0993910824127,0.24087258963895977,0.3598641340853964,0.39926327627564384,0.0,3,-44,nail cutter
1825.9940614635086,-48.0,1320.5,-1260.25,2516.43724787645,1185.1,-2177.3,432.85,2760.5655652420214,220.8,-1716.4,2150.8,0.0,0.0,0.0,0.0,1775.7492186454951,2760.5655652420214,0.0,2760.5655652420214,1081.0055301569528,1035.06118941454,790.9328720489686,1825.9940614635086,-244.12831736557155,690.4431864129413,934.5715037785128,1825.9940614635086,244.12831736557155,2516.43724787645,2760.5655652420214,0.25707375262937454,0.3542782423122698,0.38864800505835556,0.0,3,-44,nail cutter
1927.9472853270652,-130.65,1386.25,-1333.5,2560.5569223315465,1196.65,-2217.8,453.7,2726.3002498807796,260.3,-1703.8,2112.35,0.0,0.0,0.0,0.0,1803.7011143848476,2726.3002498807796,0.0,2726.3002498807796,1083.1429614630097,1046.845306438149,881.1019788889159,1927.9472853270652,-165.74332754923307,632.6096370044813,798.3529645537144,1927.9472853270652,165.74332754923307,2560.5569223315465,2726.3002498807796,0.267221003240411,0.35490316298951013,0.377875833770079,0.0,3,-45,nail cutter
1940.6345379797815,-147.8,1369.1,-1367.4,2533.952246491634,1199.05,-2187.35,445.75,2767.1462854355927,283.8,-1678.25,2181.75,0.0,0.0,0.0,0.0,1810.433267476752,2767.1462854355927,0.0,2767.1462854355927,1087.8189760426367,1086.9142884618702,853.7202495179115,1940.6345379797815,-233.19403894395873,593.3177085118525,826.5117474558112,1940.6345379797815,233.19403894395873,2533.952246491634,2767.1462854355927,0.2679792971166088,0.34990964483646353,0.3821110580469277,0.0,3,-44,nail cutter
1948.2704085932219,-79.6,1408.65,-1343.55,2503.8517787600767,1185.3,-2160.0,445.8,2844.6238222302786,291.3,-1610.0,2327.0,0.0,0.0,0.0,0.0,1824.1865023958944,2844.6238222302786,0.0,2844.6238222302786,1100.7145886771164,1144.5212260317116,803.74918256151,1948.2704085932219,-340.7720434702019,555.5813701668549,896.3534136370567,1948.2704085932219,340.7720434702019,2503.8517787600767,2844.6238222302786,0.2670053755515616,0.3431463525620197,0.38984827188641863,0.0,3,-43,nail cutter
1846.2466499631082,-195.95,1389.5,-1199.8,2480.993892072288,1201.95,-2125.5,439.2,2935.915403243084,520.05,-1750.75,2298.7,0.0,0.0,0.0,0.0,1815.78898631962,2935.915403243084,0.0,2935.915403243084,1117.4969875397278,1150.5840805669518,695.6625693961562,1846.2466499631082,-454.92151117079584,634.7472421091798,1089.6687532799756,1846.2466499631082,454.92151117079584,2480.993892072288,2935.915403243084,0.2541934475692054,0.3415862072581677,0.4042203451726268,0.0,3,-43,nail cutter
1820.5724010596227,-257.85,1375.35,-1164.65,2470.278916438385,1192.25,-2119.05,436.4,2976.695477370838,592.35,-1747.2,2336.05,0.0,0.0,0.0,0.0,1816.8866987172114,2976.695477370838,0.0,2976.695477370838,1126.1847820848377,1163.494480996038,657.0779200635845,1820.5724010596227,-506.4165609324532,649.7065153787621,1156.1230763112153,1820.5724010596227,506.4165609324532,2470.278916438385,2976.695477370838,0.25050714531965773,0.33990547101567925,0.409587383664663,0.0,3,-43,nail cutter
1850.582260398062,-257.95,1380.7,-1204.9,2475.169161895809,1197.7,-2121.0,439.7,3013.062004838268,413.55,-1758.05,2411.8,0.0,0.0,0.0,0.0,1834.7033567830347,3013.062004838268,0.0,3013.062004838268,1136.3443687914616,1194.2375516702607,656.3447087278014,1850.582260398062,-537.8928429424591,624.5869014977468,1162.4797444402059,1850.582260398062,537.8928429424591,2475.169161895809,3013.062004838268,0.25216368814559614,0.33727102977504847,0.41056528207935544,0.0,3,-43,nail cutter
1854.8812098083263,-150.4,1375.05,-1235.8,2508.899692096119,1201.25,-2159.8,432.25,3009.263254103901,474.05,-1789.2,2372.7,0.0,0.0,0.0,0.0,1843.2610390020866,3009.263254103901,0.0,3009.263254103901,1140.2173332733319,1177.6223859080542,677.2588239002721,1854.8812098083263,-500.3635620077821,654.0184822877927,1154.3820442955748,1854.8812098083263,500.3635620077821,2508.899692096119,3009.263254103901,0.251576034343531,0.3402800307457265,0.4081439349107425,0.0,3,-43,nail cutter
1842.4905766380462,-212.4,1375.75,-1207.05,2511.753614509194,1209.4,-2156.9,440.5,3002.9661082836087,198.35,-1752.95,2430.15,0.0,0.0,0.0,0.0,1839.302574857712,3002.9661082836087,0.0,3002.9661082836087,1139.0069517991499,1166.8515352062307,675.6390414318155,1842.4905766380462,-491.2124937744147,669.2630378711478,1160.4755316455626,1842.4905766380462,491.2124937744147,2511.753614509194,3002.9661082836087,0.2504333166581606,0.3414002743272817,0.4081664090145578,0.0,3,-44,nail cutter
1822.0248941768057,-241.35,1372.7,-1173.55,2462.3248937741746,1186.4,-2113.15,436.0,2910.0435310317953,532.3,-1687.05,2310.6,0.0,0.0,0.0,0.0,1798.598329745694,2910.0435310317953,0.0,2910.0435310317953,1108.078081967151,1134.8717657172133,687.1531284595926,1822.0248941768057,-447.7186372576207,640.2999995973689,1088.0186368549896,1822.0248941768057,447.7186372576207,2462.3248937741746,2910.0435310317953,0.253256225145392,0.34225608534318025,0.4044876895114278,0.0,3,-43,nail cutter
1879.986910193792,-141.9,1375.65,-1273.5,2521.1997570601184,1197.05,-2174.3,442.65,2894.4017205633363,324.8,-1725.8,2300.8,0.0,0.0,0.0,0.0,1823.8970969543118,2894.4017205633363,0.0,2894.4017205633363,1113.7726245049457,1126.594436848505,753.3924733452873,1879.986910193792,-373.20196350321794,641.2128468663263,1014.4148103695443,1879.986910193792,373.20196350321794,2521.1997570601184,2894.4017205633363,0.2576881822627416,0.34557867344465565,0.39673314429260265,0.0,3,-44,nail cutter
1761.5767901229854,-216.25,1348.15,-1113.05,2469.7434937661037,1189.0,-2121.65,429.55,2901.538183016036,471.95,-1739.35,2273.95,0.0,0.0,0.0,0.0,1783.2146167262813,2901.538183016036,0.0,2901.538183016036,1107.0560128980565,1096.6857396864589,664.8910504365267,1761.5767901229854,-431.79468924993216,708.1667036431184,1139.9613928930505,1761.5767901229854,431.79468924993216,2469.7434937661037,2901.538183016036,0.24696645787888677,0.34624877322677344,0.40678476889433973,0.0,3,-43,nail cutter
1856.9652588295776,-146.35,1368.9,-1246.2,2522.152518683198,1189.05,-2179.95,441.85,2719.255882130257,257.1,-1712.95,2096.2,0.0,0.0,0.0,0.0,1774.5934149107584,2719.255882130257,0.0,2719.255882130257,1073.2193041873475,1027.0343111383183,829.9309476912597,1856.9652588295776,-197.10336344705865,665.1872598536206,862.2906233006793,1856.9652588295776,197.10336344705865,2522.152518683198,2719.255882130257,0.2616043262680203,0.35531413808526296,0.3830815356467166,0.0,3,-45,nail cutter
1875.0833594803191,-111.55,1349.55,-1297.0,2501.108557220178,1188.45,-2157.15,435.7,2905.7548610472977,333.8,-1742.15,2301.5,0.0,0.0,0.0,0.0,1820.4866944369487,2905.7548610472977,0.0,2905.7548610472977,1113.351439799236,1139.8648316537192,735.2185278265997,1875.0833594803191,-404.6463038271195,626.0251977398591,1030.6715015669786,1875.0833594803191,404.6463038271195,2501.108557220178,2905.7548610472977,0.2574975369512734,0.34346701967983023,0.3990354433688964,0.0,3,-45,nail cutter
1846.4957954189874,-178.8,1370.6,-1224.35,2498.6689486604664,1203.85,-2145.55,436.7,2946.844528474483,402.85,-1772.5,2319.45,0.0,0.0,0.0,0.0,1823.0023181384843,2946.844528474483,0.0,2946.844528474483,1122.8797915123025,1147.3356876165021,699.1601078024855,1846.4957954189874,-448.1755798140166,652.173153241479,1100.3487330554956,1846.4957954189874,448.1755798140166,2498.6689486604664,2946.844528474483,0.2532218112186074,0.3426584985382689,0.4041196902431237,0.0,3,-44,nail cutter
1681.2704140024591,-175.2,1303.55,-1047.25,2483.205725468593,1190.05,-2136.5,430.65,2796.6227695204084,401.5,-1750.25,2143.95,0.0,0.0,0.0,0.0,1740.274727247865,2796.6227695204084,0.0,2796.6227695204084,1083.9574818471287,997.3437290271374,683.9266849753219,1681.2704140024591,-313.41704405181554,801.9353114661337,1115.3523555179493,1681.2704140024591,313.41704405181554,2483.205725468593,2796.6227695204084,0.24152370710187845,0.3567261086121193,0.4017501842860023,0.0,3,-45,nail cutter
1338.8307977485429,-107.65,1032.6,-845.35,2481.054705664508,1180.2,-2140.85,423.7,2741.9179792619616,357.6,-1738.85,2089.65,0.0,0.0,0.0,0.0,1640.4508706687532,2741.9179792619616,0.0,2741.9179792619616,1084.193055478188,799.8470356729981,538.9837620755447,1338.8307977485429,-260.8632735974534,1142.2239079159654,1403.0871815134187,1338.8307977485429,260.8632735974534,2481.054705664508,2741.9179792619616,0.2040339673815939,0.37810560956529454,0.41786042305311155,0.0,3,-45,nail cutter
1910.6497036348658,-93.0,1437.5,-1255.2,2598.347271824919,1201.6,-2262.25,435.65,2693.252082520313,214.1,-1719.4,2061.9,0.0,0.0,0.0,0.0,1800.5622644950245,2693.252082520313,0.0,2693.252082520313,1082.5317249053492,1002.7772571651296,907.8724464697361,1910.6497036348658,-94.90481069539373,687.6975681900533,782.602378885447,1910.6497036348658,94.90481069539373,2598.347271824919,2693.252082520313,0.2652851474940129,0.36076887246018635,0.3739459800458007,0.0,3,-49,nail cutter
1911.3880564919307,-96.35,1437.3,-1256.3,2596.7387411905725,1198.4,-2261.2,440.3,2690.3135045009158,212.25,-1713.7,2063.0,0.0,0.0,0.0,0.0,1799.6100755458547,2690.3135045009158,0.0,2690.3135045009158,1081.648908955139,1002.4814099011371,908.9066465907936,1911.3880564919307,-93.57476331034331,685.3506846986418,778.9254480089851,1911.3880564919307,93.57476331034331,2596.7387411905725,2690.3135045009158,0.26552808334218897,0.36073630289091013,0.37373561376690095,0.0,3,-52,nail cutter
1912.3556115429997,-93.65,1435.35,-1260.2,2599.4598982288608,1201.05,-2264.5,432.1,2693.7633368579354,210.95,-1717.95,2064.1,0.0,0.0,0.0,0.0,1801.394711657449,2693.7633368579354,0.0,2693.7633368579354,1082.8856165069217,1003.3295250860374,909.0260864569627,1912.3556115429997,-94.30343862907466,687.1042866858611,781.4077253149358,1912.3556115429997,94.30343862907466,2599.4598982288608,2693.7633368579354,0.26539930410135604,0.3607565684254061,0.3738441274732378,0.0,3,-46,nail cutter
1847.1479292411855,-35.85,1437.6,-1159.3,2537.158574074549,1166.7,-2210.7,434.5,2616.999572506652,263.65,-1653.8,2011.0,0.0,0.0,0.0,0.0,1750.3265189555966,2616.999572506652,0.0,2616.999572506652,1053.9502091136862,963.494463836644,883.6534654045413,1847.1479292411855,-79.84099843210288,690.0106448333636,769.8516432654665,1847.1479292411855,79.84099843210288,2537.158574074549,2616.999572506652,0.2638290497854311,0.3623836105146324,0.37378733969993655,0.0,3,-46,nail cutter
1844.8011559515026,-29.05,1442.8,-1149.25,2535.5205530620333,1170.7,-2206.85,433.75,2620.583223730931,261.5,-1656.65,2013.6,0.0,0.0,0.0,0.0,1750.2262331861166,2620.583223730931,0.0,2620.583223730931,1054.3297329546087,964.9319133101999,879.8692426413024,1844.8011559515026,-85.06267066889768,690.7193971105307,775.7820677794284,1844.8011559515026,85.06267066889768,2535.5205530620333,2620.583223730931,0.2635089568668534,0.3621704018866128,0.3743206412465339,0.0,3,-48,nail cutter
1840.002780568551,-27.9,1435.0,-1151.35,2539.1061345481403,1172.5,-2209.7,435.35,2619.9096263039305,262.2,-1654.5,2014.4,0.0,0.0,0.0,0.0,1749.7546353551556,2619.9096263039305,0.0,2619.9096263039305,1054.7548896796577,960.4031361621705,879.5996444063805,1840.002780568551,-80.80349175579022,699.1033539795892,779.9068457353794,1840.002780568551,80.80349175579022,2539.1061345481403,2619.9096263039305,0.26289440007613946,0.36278031262834265,0.3743252872955178,0.0,3,-48,nail cutter
1840.3748551585898,-33.85,1435.75,-1150.85,2533.9296764117194,1165.75,-2207.8,432.95,2618.0189600153776,265.7,-1651.25,2014.15,0.0,0.0,0.0,0.0,1748.0808728964216,2618.0189600153776,0.0,2618.0189600153776,1053.4058494657625,962.2320693811241,878.1427857774659,1840.3748551585898,-84.08928360365826,693.5548212531296,777.6441048567879,1840.3748551585898,84.08928360365826,2533.9296764117194,2618.0189600153776,0.2631993295752451,0.3623873637226539,0.37441330670210105,0.0,3,-50,nail cutter
1839.1647948185612,-31.25,1436.3,-1148.3,2537.9761242966806,1168.85,-2210.65,433.75,2612.568373267961,262.6,-1648.35,2009.85,0.0,0.0,0.0,0.0,1747.4273230958006,2612.568373267961,0.0,2612.568373267961,1053.0140617523796,956.8785218949206,882.2862729236404,1839.1647948185612,-74.59224897128024,698.8113294781194,773.4035784493997,1839.1647948185612,74.59224897128024,2537.9761242966806,2612.568373267961,0.2631246476620606,0.36310181412871545,0.373773538209224,0.0,3,-50,nail cutter
1843.5445512653064,-26.2,1438.65,-1152.5,2536.7258232808686,1167.7,-2209.95,433.1,2617.0700172139072,264.25,-1650.1,2014.05,0.0,0.0,0.0,0.0,1749.3350979400207,2617.0700172139072,0.0,2617.0700172139072,1053.8022526143977,961.9443725991725,881.6001786661338,1843.5445512653064,-80.3441939330387,693.1812720155622,773.5254659486009,1843.5445512653064,80.3441939330387,2536.7258232808686,2617.0700172139072,0.263463608750008,0.362527143351217,0.3740092478987749,0.0,3,-50,nail cutter
1841.639905084596,-37.2,1432.1,-1157.3,2534.8787456207842,1165.85,-2208.65,433.9,2619.286179477149,265.3,-1649.6,2017.2,0.0,0.0,0.0,0.0,1748.9512075456323,2619.286179477149,0.0,2619.286179477149,1053.8722146800694,963.0236694704802,878.6162356141158,1841.639905084596,-84.4074338563646,693.2388405361883,777.6462743925529,1841.639905084596,84.4074338563646,2534.8787456207842,2619.286179477149,0.26324918287300836,0.3623426906771849,0.3744081264498067,0.0,3,-50,nail cutter
1838.889859398871,-31.1,1434.55,-1150.05,2539.3199468558505,1171.2,-2210.25,437.3,2616.6232504890727,257.65,-1651.35,2013.3,0.0,0.0,0.0,0.0,1748.7082641859483,2616.6232504890727,0.0,2616.6232504890727,1054.0939912516183,958.0965815160466,880.7932778828242,1838.889859398871,-77.30330363322219,700.4300874569794,777.7333910902016,1838.889859398871,77.30330363322219,2539.3199468558505,2616.6232504890727,0.2628926015076196,0.36302795595781445,0.37407944253456604,0.0,3,-50,nail cutter
1841.8720836420753,-32.0,1434.5,-1154.85,2536.404181612229,1168.7,-2209.15,432.6,2620.7490002859868,264.95,-1652.1,2017.1,0.0,0.0,0.0,0.0,1749.7563163850728,2620.7490002859868,0.0,2620.7490002859868,1054.463797456101,963.1084511579165,878.7636324841587,1841.8720836420753,-84.3448186737578,694.5320979701537,778.8769166439115,1841.8720836420753,84.3448186737578,2536.404181612229,2620.7490002859868,0.26316122799420866,0.3623939170644544,0.374444854941337,0.0,3,-51,nail cutter
1835.019202896798,-29.65,1430.5,-1148.95,2536.145631169472,1168.8,-2208.25,435.4,2618.573173027632,265.8,-1652.6,2013.75,0.0,0.0,0.0,0.0,1747.4345017734756,2618.573173027632,0.0,2618.573173027632,1053.8199855818286,958.7233723774793,876.2958305193192,1835.019202896798,-82.42754185816011,701.1264282726738,783.5539701308339,1835.019202896798,82.42754185816011,2536.145631169472,2618.573173027632,0.2625304698165271,0.3628384395231311,0.3746310906603417,0.0,3,-52,nail cutter
1840.5122174275289,-30.9,1433.1,-1154.45,2534.688413296593,1164.3,-2209.2,434.15,2618.8508691790757,264.95,-1652.75,2014.1,0.0,0.0,0.0,0.0,1748.5128749757994,2618.8508691790757,0.0,2618.8508691790757,1053.7221353582092,962.3373366550061,878.174880772523,1840.5122174275289,-84.16245588248285,694.176195869064,778.3386517515469,1840.5122174275289,84.16245588248285,2534.688413296593,2618.8508691790757,0.2631539412389232,0.36240631246877075,0.37443974629230603,0.0,3,-50,nail cutter
1843.2412593038384,-31.9,1436.3,-1154.8,2538.775868898237,1170.25,-2210.7,434.4,2619.8001121268776,262.95,-1653.05,2015.35,0.0,0.0,0.0,0.0,1750.4543100822384,2619.8001121268776,0.0,2619.8001121268776,1054.74081096472,962.1327512662394,881.108508037599,1843.2412593038384,-81.02424322864044,695.5346095943987,776.5588528230392,1843.2412593038384,81.02424322864044,2538.775868898237,2619.8001121268776,0.2632518382066826,0.36258813701612164,0.37416002477719573,0.0,3,-50,nail cutter
1840.9734286512664,-29.6,1436.05,-1151.55,2540.7148728261504,1169.95,-2212.8,435.85,2617.712203432608,266.2,-1650.5,2014.3,0.0,0.0,0.0,0.0,1749.8501262275063,2617.712203432608,0.0,2617.712203432608,1054.6244062421374,958.9853796288619,881.9880490224043,1840.9734286512664,-76.99733060645758,699.741444174884,776.7387747813416,1840.9734286512664,76.99733060645758,2540.7148728261504,2617.712203432608,0.26301872958403194,0.3629903548230822,0.3739909155928859,0.0,3,-50,nail cutter
1843.1050736461011,-31.0,1435.3,-1155.85,2535.4318981191354,1169.9,-2207.3,433.1,2617.6356879825735,259.75,-1651.65,2014.1,0.0,0.0,0.0,0.0,1749.0431649369525,2617.6356879825735,0.0,2617.6356879825735,1053.6673865894916,962.6544317547696,880.4506418913315,1843.1050736461011,-82.20378986343803,692.3268244730343,774.5306143364724,1843.1050736461011,82.20378986343803,2535.4318981191354,2617.6356879825735,0.26344476662937866,0.36240270522576407,0.3741525281448573,0.0,3,-50,nail cutter
1843.4865811825157,-31.5,1439.55,-1151.15,2535.09225128002,1165.6,-2208.85,434.8,2620.57923225,265.8,-1650.9,2017.75,0.0,0.0,0.0,0.0,1749.789516178134,2620.57923225,0.0,2620.57923225,1054.2198070483648,964.486781076248,878.9998001062677,1843.4865811825157,-85.48698096998032,691.6056700975041,777.0926510674844,1843.4865811825157,85.48698096998032,2535.09225128002,2620.57923225,0.26338690513031443,0.3621995999863363,0.37441349488334935,0.0,3,-51,nail cutter
1842.1939019820904,-27.15,1436.5,-1153.0,2535.5768677955716,1169.3,-2208.4,429.95,2617.9120372923153,262.25,-1650.9,2014.75,0.0,0.0,0.0,0.0,1748.9207017674944,2617.9120372923153,0.0,2617.9120372923153,1053.7311535344752,962.2645357394169,879.9293662426735,1842.1939019820904,-82.33516949674367,693.3829658134812,775.7181353102249,1842.1939019820904,82.33516949674367,2535.5768677955716,2617.9120372923153,0.2633329658858078,0.3624488041729203,0.3742182299412719,0.0,3,-51,nail cutter
1840.7306212479868,-29.5,1438.9,-1147.6,2536.658300796542,1165.15,-2210.5,436.75,2616.7140625219254,263.45,-1652.65,2011.6,0.0,0.0,0.0,0.0,1748.5257461416136,2616.7140625219254,0.0,2616.7140625219254,1053.6541059949006,960.3931914866853,880.3374297613018,1840.7306212479868,-80.05576172538349,695.927679548555,775.9834412739385,1840.7306212479868,80.05576172538349,2536.658300796542,2616.7140625219254,0.2631832309746993,0.3626852945108275,0.3741314745144732,0.0,3,-50,nail cutter
1839.8821647051204,-29.3,1436.7,-1149.0,2535.7009489488305,1167.25,-2208.5,435.7,2616.7332506390485,264.65,-1650.6,2013.15,0.0,0.0,0.0,0.0,1748.0790910732499,2616.7332506390485,0.0,2616.7332506390485,1053.4605537121554,960.4572331976694,879.4249315074512,1839.8821647051204,-81.03230169021799,695.8187842437101,776.8510859339281,1839.8821647051204,81.03230169021799,2535.7009489488305,2616.7332506390485,0.263129136161612,0.3626410500957386,0.3742298137426494,0.0,3,-52,nail cutter
1841.5926008485155,-27.95,1434.95,-1153.95,2539.3127524982033,1170.1,-2211.15,435.65,2617.777298587487,264.65,-1651.95,2013.4,0.0,0.0,0.0,0.0,1749.6706629835514,2617.777298587487,0.0,2617.777298587487,1054.3885469644006,960.0285734688998,881.5640273796157,1841.5926008485155,-78.46454608928389,697.7201516496878,776.1846977389716,1841.5926008485155,78.46454608928389,2539.3127524982033,2617.777298587487,0.26313417716397813,0.3628272460384271,0.37403857679759484,0.0,3,-50,nail cutter
1837.493942166885,-30.75,1433.65,-1148.95,2534.025005796115,1168.8,-2205.2,438.5,2616.427345159808,261.4,-1650.45,2013.3,0.0,0.0,0.0,0.0,1746.986573280702,2616.427345159808,0.0,2616.427345159808,1053.0325756010354,959.9481407652893,877.545801401596,1837.493942166885,-82.40233936369305,696.5310636292297,778.9334029929228,1837.493942166885,82.40233936369305,2534.025005796115,2616.427345159808,0.2629519268021931,0.3626280024919449,0.374420070705862,0.0,3,-51,nail cutter
1838.6236353587974,-30.4,1433.1,-1151.45,2537.025039785772,1169.7,-2208.2,438.35,2619.357019384719,263.5,-1651.65,2015.85,0.0,0.0,0.0,0.0,1748.7514236323223,2619.357019384719,0.0,2619.357019384719,1054.2222196216157,960.4778074788721,878.1458278799255,1838.6236353587974,-82.33197959894687,698.4014044269748,780.7333840259216,1838.6236353587974,82.33197959894687,2537.025039785772,2619.357019384719,0.26284805411906426,0.36269091843198203,0.37446102744895365,0.0,3,-51,nail cutter
1842.706853381731,-31.55,1438.15,-1151.65,2536.583788286916,1167.45,-2209.25,436.5,2619.5042827794728,266.75,-1651.85,2015.45,0.0,0.0,0.0,0.0,1749.6987311120301,2619.5042827794728,0.0,2619.5042827794728,1054.2587385670336,962.8136739371441,879.8931794445873,1842.706853381731,-82.92049449255683,693.876934905185,776.7974293977418,1842.706853381731,82.92049449255683,2536.583788286916,2619.5042827794728,0.26328916238777134,0.36243150651923617,0.3742793310929924,0.0,3,-50,nail cutter
1840.26106300166,-33.9,1434.6,-1152.1,2534.9419825708046,1167.3,-2207.75,434.95,2619.30121883681,262.65,-1654.5,2013.55,0.0,0.0,0.0,0.0,1748.6260661023186,2619.30121883681,0.0,2619.30121883681,1053.8569677368603,962.3101496338327,877.9509133678271,1840.26106300166,-84.35923626600561,694.6809195691446,779.0401558351502,1840.26106300166,84.35923626600561,2534.9419825708046,2619.30121883681,0.2631009995040843,0.3624191060215037,0.37447989447441205,0.0,3,-50,nail cutter
1841.1782986718042,-29.75,1436.55,-1151.25,2535.245129173903,1166.25,-2208.05,438.0,2617.9309525845024,264.55,-1651.6,2013.9,0.0,0.0,0.0,0.0,1748.5885951075525,2617.9309525845024,0.0,2617.9309525845024,1053.6507444641209,961.9320610412017,879.2462376306023,1841.1782986718042,-82.68582341059937,694.0668305020988,776.7526539126982,1841.1782986718042,82.68582341059937,2535.245129173903,2617.9309525845024,0.26323777700245105,0.36247021401537344,0.37429200898217546,0.0,3,-46,nail cutter
1841.2033605769896,-31.3,1437.75,-1149.75,2536.5476153622667,1170.15,-2208.4,433.35,2616.699870065346,263.6,-1649.8,2013.9,0.0,0.0,0.0,0.0,1748.6127115011504,2616.699870065346,0.0,2616.699870065346,1053.64085089588,960.6778076400346,880.5255529369549,1841.2033605769896,-80.1522547030795,695.3442547852771,775.4965094883567,1841.2033605769896,80.1522547030795,2536.5476153622667,2616.699870065346,0.263237729610857,0.3626514320007272,0.37411083838841586,0.0,3,-46,nail cutter
1944.431709394804,-13.4,1507.45,-1228.1,2545.1100192329604,1140.9,-2230.2,449.6,2546.4420526491467,298.45,-1600.05,1958.35,0.0,0.0,0.0,0.0,1758.9959453192278,2546.4420526491467,0.0,2546.4420526491467,1044.808579047146,972.8818714054951,971.5498379893088,1944.431709394804,-1.3320334161862775,600.6783098381563,602.0103432543426,1944.431709394804,1.3320334161862775,2545.1100192329604,2546.4420526491467,0.27635534274098666,0.3617276699820741,0.3619169872769393,0.0,3,-47,nail cutter
1901.7932379730455,-53.8,1452.2,-1226.8,2562.27381684706,1174.8,-2234.9,436.25,2599.293729554242,245.3,-1653.2,1990.75,0.0,0.0,0.0,0.0,1765.8401960935867,2599.293729554242,0.0,2599.293729554242,1056.6014069222904,969.4065753401139,932.3866626329316,1901.7932379730455,-37.0199127071819,660.4805788740146,697.5004915811965,1901.7932379730455,37.0199127071819,2562.27381684706,2599.293729554242,0.26924764230934034,0.3627556194659281,0.36799673822473167,0.0,3,-50,nail cutter
1908.931804046441,-57.9,1446.25,-1244.6,2622.1240717212445,1193.35,-2293.45,437.65,2616.1251370108425,235.6,-1680.75,1990.9,0.0,0.0,0.0,0.0,1786.795253194632,2622.1240717212445,0.0,2622.1240717212445,1071.5779142396182,951.4664346680195,957.4653693784214,1908.931804046441,5.998934710401954,713.1922676748036,707.1933329644016,1908.931804046441,5.998934710401954,2622.1240717212445,2616.1251370108425,0.2670887725710933,0.3668752850995544,0.3660359423293522,0.0,2,-50,nail cutter
1684.716256525116,3.2,1307.95,-1061.85,2500.7660176433938,1167.85,-2169.5,428.05,2703.061807469448,311.55,-1714.85,2066.1,0.0,0.0,0.0,0.0,1722.1360204094894,2703.061807469448,0.0,2703.061807469448,1064.851255320745,943.5060231755851,741.2102333495307,1684.716256525116,-202.29578982605426,816.0497611182777,1018.345550944332,1684.716256525116,202.29578982605426,2500.7660176433938,2703.061807469448,0.244567826896235,0.3630325926648874,0.39239958043887757,0.0,3,-48,nail cutter
1265.6029373385636,-70.95,1049.3,-704.05,2529.420476611194,1212.05,-2177.15,434.65,2900.1720798083693,192.5,-1810.05,2257.8,0.0,0.0,0.0,0.0,1673.7988734395317,2900.1720798083693,0.0,2900.1720798083693,1140.647421433352,818.1772702678693,447.4256670706941,1265.6029373385636,-370.7516031971754,1263.8175392726303,1634.5691424698057,1265.6029373385636,370.7516031971754,2529.420476611194,2900.1720798083693,0.1890315134962787,0.3777963584438051,0.43317212805991623,0.0,3,-48,nail cutter
1854.574028584462,-143.95,1394.65,-1213.95,2636.6933349367728,1255.1,-2274.1,453.15,2659.5469115997935,210.25,-1720.55,2017.1,0.0,0.0,0.0,0.0,1787.7035687802572,2659.5469115997935,0.0,2659.5469115997935,1081.8098430039972,938.7138026237412,915.8602259607208,1854.574028584462,-22.853576663020704,782.1193063523108,804.9728830153315,1854.574028584462,22.853576663020704,2636.6933349367728,2659.5469115997935,0.259351446874639,0.3687263063327353,0.3719222467926256,0.0,3,-48,nail cutter
1843.3185115437864,-67.85,1408.55,-1187.1,2535.128757085131,1188.3,-2197.05,433.35,2711.2645822567742,250.85,-1725.1,2076.55,0.0,0.0,0.0,0.0,1772.4279627214228,2711.2645822567742,0.0,2711.2645822567742,1073.5051295700393,1009.7271683577146,833.5913431860715,1843.3185115437864,-176.13582517164332,691.8102455413446,867.9460707129879,1843.3185115437864,176.13582517164332,2535.128757085131,2711.2645822567742,0.2599990733492938,0.3575785321611381,0.38242239448956816,0.0,3,-47,nail cutter
1879.4331006981868,-269.1,1376.9,-1250.6,2444.0697402079177,1169.05,-2101.45,436.7,2711.5707707895067,455.75,-1724.15,2042.6,0.0,0.0,0.0,0.0,1758.7684029239026,2711.5707707895067,0.0,2711.5707707895067,1058.9259345565695,1073.467065639888,805.9660350582988,1879.4331006981868,-267.501030581589,564.6366395097309,832.1376700913199,1879.4331006981868,267.501030581589,2444.0697402079177,2711.5707707895067,0.2671518742282501,0.34741210612845913,0.3854360196432909,0.0,3,-45,nail cutter
1891.7989203401085,-285.3,1384.95,-1256.75,2445.8336702441566,1191.8,-2091.05,435.0,2710.2393648901198,482.65,-1721.3,2037.05,0.0,0.0,0.0,0.0,1761.9679888685962,2710.2393648901198,0.0,2710.2393648901198,1059.277836229643,1078.1023074930358,813.6966128470726,1891.7989203401085,-264.4056946459632,554.0347499040481,818.4404445500113,1891.7989203401085,264.4056946459632,2445.8336702441566,2710.2393648901198,0.2684212954338177,0.3470315132987586,0.3845471912674237,0.0,3,-45,battery
1888.745547976222,-302.75,1369.85,-1264.6,2445.8695795156373,1194.0,-2089.0,439.0,2712.3444536046673,486.35,-1723.1,2037.45,0.0,0.0,0.0,0.0,1761.7398952741316,2712.3444536046673,0.0,2712.3444536046673,1059.6627229451321,1077.610211032626,811.135336943596,1888.745547976222,-266.47487408903,557.1240315394152,823.5989056284452,1888.745547976222,266.47487408903,2445.8695795156373,2712.3444536046673,0.2680227587856163,0.3470815394027069,0.38489570181167676,0.0,3,-46,battery
1895.7443795248344,-289.85,1389.8,-1256.3,2447.463263769244,1193.65,-2090.95,439.55,2715.3622051210773,486.8,-1721.45,2042.75,0.0,0.0,0.0,0.0,1764.642462103789,2715.3622051210773,0.0,2715.3622051210773,1060.8090083470622,1081.8216604383338,813.9227190865006,1895.7443795248344,-267.8989413518334,551.7188842444095,819.6178255962429,1895.7443795248344,267.8989413518334,2447.463263769244,2715.3622051210773,0.26857343912952586,0.34673642342984917,0.3846901374406249,0.0,3,-47,battery
1894.4975059366006,-286.4,1388.0,-1257.2,2445.0323090912316,1189.9,-2090.6,437.85,2716.987915873017,481.9,-1721.95,2045.65,0.0,0.0,0.0,0.0,1764.1294327252122,2716.987915873017,0.0,2716.987915873017,1060.744609445469,1083.2265563591927,811.2709495774077,1894.4975059366006,-271.95560678178526,550.5348031546309,822.4904099364162,1894.4975059366006,271.95560678178526,2445.0323090912316,2716.987915873017,0.2684748452682971,0.3464927606408911,0.38503239409081186,0.0,3,-46,battery
1890.4150695019334,-284.15,1387.1,-1252.55,2443.7577283765263,1189.95,-2088.65,439.9,2716.141562952859,483.7,-1722.9,2043.3,0.0,0.0,0.0,0.0,1762.5785902078298,2716.141562952859,0.0,2716.141562952859,1060.2255436184225,1081.3994520391332,809.0156174628005,1890.4150695019334,-272.3838345763329,553.3426588745929,825.7264934509258,1890.4150695019334,272.3838345763329,2443.7577283765263,2716.141562952859,0.268132025431988,0.34661684618675315,0.3852511283812588,0.0,3,-45,battery
1884.8131989669428,-286.05,1382.55,-1248.7,2444.308828176178,1192.35,-2089.15,434.05,2713.171670296592,487.0,-1723.45,2038.1,0.0,0.0,0.0,0.0,1760.5734243599281,2713.171670296592,0.0,2713.171670296592,1059.4800404856885,1076.8380205436786,807.9751784232647,1884.8131989669428,-268.8628421204139,559.4956292092352,828.3584713296491,1884.8131989669428,268.8628421204139,2444.308828176178,2713.171670296592,0.2676419473462436,0.3470898734406416,0.3852681792131148,0.0,3,-46,battery
1891.0291444078803,-285.8,1383.25,-1257.35,2452.022612049081,1193.6,-2097.2,435.3,2718.331837726954,484.9,-1722.1,2046.6,0.0,0.0,0.0,0.0,1765.3458985459788,2718.331837726954,0.0,2718.331837726954,1062.0675036158907,1078.6691850428767,812.359959365004,1891.0291444078803,-266.30922567787275,560.9934676412008,827.3026933190736,1891.0291444078803,266.30922567787275,2452.022612049081,2718.331837726954,0.2677986713489719,0.3472439330542362,0.38495739559679193,0.0,3,-46,battery
1892.5390887640867,-285.3,1386.55,-1256.1,2440.1798504413564,1189.9,-2085.3,436.05,2711.2931734690733,485.6,-1720.65,2038.3,0.0,0.0,0.0,0.0,1761.003028168629,2711.2931734690733,0.0,2711.2931734690733,1058.627167210401,1081.8262058959017,810.712882868185,1892.5390887640867,-271.1133230277169,547.6407616772697,818.7540847049866,1892.5390887640867,271.1133230277169,2440.1798504413564,2711.2931734690733,0.26867345746876,0.34641903100232646,0.38490751152891356,0.0,3,-46,battery
1891.6614298018553,-285.45,1383.05,-1258.6,2445.0365237558312,1190.85,-2090.2,437.2,2713.8789550199176,486.8,-1719.05,2042.8,0.0,0.0,0.0,0.0,1762.6442271444012,2713.8789550199176,0.0,2713.8789550199176,1059.960714373187,1080.2519305329708,811.4094992688845,1891.6614298018553,-268.8424312640864,553.3750939539759,822.2175252180623,1891.6614298018553,268.8424312640864,2445.0365237558312,2713.8789550199176,0.2682988150232776,0.34678531352253517,0.38491587145418715,0.0,3,-45,battery
1888.091583451396,-284.05,1385.85,-1250.45,2440.1540427809064,1190.9,-2082.55,446.2,2707.7925049752243,482.0,-1716.5,2038.0,0.0,0.0,0.0,0.0,1759.0095328018815,2707.7925049752243,0.0,2707.7925049752243,1057.7007710180164,1077.8650228228569,810.2265606285389,1888.091583451396,-267.638462194318,552.0624593295104,819.7009215238284,1888.091583451396,267.638462194318,2440.1540427809064,2707.7925049752243,0.2683458429648052,0.346807961707582,0.38484619532761294,0.0,3,-45,battery
1866.2139360212698,-293.95,1379.25,-1222.3,2443.496319313782,1189.85,-2088.0,441.8,2707.5502626913503,483.65,-1715.0,2038.55,0.0,0.0,0.0,0.0,1754.3151295066004,2707.5502626913503,0.0,2707.5502626913503,1057.5645190763728,1065.133939699419,801.0799963218506,1866.2139360212698,-264.05394337756843,577.2823832925121,841.3363266700806,1866.2139360212698,264.05394337756843,2443.496319313782,2707.5502626913503,0.2659462237759616,0.34821228498454165,0.38584149123949674,0.0,3,-46,battery
1894.2248579564148,-284.3,1393.65,-1251.0,2456.1618009610033,1191.4,-2099.9,451.35,2722.2772236677147,477.4,-1718.75,2056.4,0.0,0.0,0.0,0.0,1768.165970646283,2722.2772236677147,0.0,2722.2772236677147,1063.716161446975,1080.170140331563,814.0547176248515,1894.2248579564148,-266.11542270671134,561.9369430045886,828.0523657112999,1894.2248579564148,266.11542270671134,2456.1618009610033,2722.2772236677147,0.26782339573926645,0.3472753465647869,0.3849012576959467,0.0,3,-46,battery
1896.9258591204878,-287.05,1395.95,-1251.9,2458.055484524302,1189.45,-2102.95,452.6,2721.30810686699,482.0,-1714.85,2057.3,0.0,0.0,0.0,0.0,1769.0723626279448,2721.30810686699,0.0,2721.30810686699,1063.886060116863,1080.089240731588,816.8366183888998,1896.9258591204878,-263.252622342688,561.1296254038141,824.3822477465021,1896.9258591204878,263.252622342688,2458.055484524302,2721.30810686699,0.2680678726310858,0.3473650281994227,0.3845670991694915,0.0,3,-46,battery
1891.8580978762652,-287.85,1388.8,-1252.0,2452.65897038296,1187.45,-2098.6,448.75,2723.301774500946,482.05,-1716.5,2058.55,0.0,0.0,0.0,0.0,1766.9547106900427,2723.301774500946,0.0,2723.301774500946,1063.3108487151196,1081.2504509971257,810.6076468791396,1891.8580978762652,-270.6428041179861,560.8008725066948,831.4436766246808,1891.8580978762652,270.6428041179861,2452.65897038296,2723.301774500946,0.2676721262903004,0.3470178035045861,0.3853100702051136,0.0,3,-46,battery
1897.6798952931972,-287.55,1392.6,-1256.65,2454.260135458342,1194.0,-2095.7,453.65,2722.285184362579,480.25,-1717.25,2057.0,0.0,0.0,0.0,0.0,1768.5563037785296,2722.285184362579,0.0,2722.285184362579,1063.5145537275105,1082.852472098717,814.8274231944799,1897.6798952931972,-268.0250489042369,556.5802401651449,824.6052890693818,1897.6798952931972,268.0250489042369,2454.260135458342,2722.285184362579,0.2682526831685814,0.34692988430942273,0.38481743252199585,0.0,3,-46,battery
1893.1204887697984,-290.6,1392.15,-1249.55,2453.1406145999863,1189.5,-2098.45,446.65,2722.03304765023,482.5,-1715.2,2057.85,0.0,0.0,0.0,0.0,1767.0735377550036,2722.03304765023,0.0,2722.03304765023,1063.140679915417,1081.006460910021,812.1140278597775,1893.1204887697984,-268.89243305024365,560.0201258301879,828.9125588804316,1893.1204887697984,268.89243305024365,2453.1406145999863,2722.03304765023,0.26783272573575695,0.3470626097593827,0.3851046645048604,0.0,3,-46,battery
1895.222289073237,-286.15,1391.75,-1254.2,2452.8642726412727,1190.0,-2098.3,444.5,2725.13977164475,478.5,-1717.05,2061.35,0.0,0.0,0.0,0.0,1768.306583339815,2725.13977164475,0.0,2725.13977164475,1063.8567513143253,1083.7488940383573,811.47339503488,1895.222289073237,-272.2754990034773,557.6419835680356,829.9174825715129,1895.222289073237,272.2754990034773,2452.8642726412727,2725.13977164475,0.2679431138990779,0.3467815332124885,0.38527535288843356,0.0,3,-46,battery
1893.1919963384591,-284.65,1391.5,-1251.75,2454.138917217198,1191.8,-2097.65,449.75,2723.626681926141,483.2,-1713.75,2061.0,0.0,0.0,0.0,0.0,1767.7393988704496,2723.626681926141,0.0,2723.626681926141,1063.661804008277,1081.339880523701,811.8521158147582,1893.1919963384591,-269.4877647089429,560.9469208787389,830.4346855876818,1893.1919963384591,269.4877647089429,2454.138917217198,2723.626681926141,0.26774195302036197,0.34707306387827075,0.38518498310136723,0.0,3,-46,battery
1896.7727025134034,-287.35,1391.45,-1256.6,2458.5516818850892,1191.8,-2102.35,451.9,2725.8989989542897,482.2,-1717.1,2061.45,0.0,0.0,0.0,0.0,1770.3058458381956,2725.8989989542897,0.0,2725.8989989542897,1064.990288543098,1082.060009791302,814.7126927221016,1896.7727025134034,-267.34731706920047,561.7789793716859,829.1262964408863,1896.7727025134034,267.34731706920047,2458.5516818850892,2725.8989989542897,0.2678594643649455,0.34719306944402967,0.3849474661910248,0.0,3,-44,battery
1891.688569770405,-285.4,1390.65,-1250.25,2455.4535986249057,1188.25,-2101.85,446.7,2721.8698852994426,478.9,-1715.05,2058.6,0.0,0.0,0.0,0.0,1767.2530134236881,2721.8698852994426,0.0,2721.8698852994426,1063.435569120148,1079.052428222471,812.6361415479339,1891.688569770405,-266.4162866745369,563.7650288545008,830.1813155290376,1891.688569770405,266.4162866745369,2455.4535986249057,2721.8698852994426,0.2676029628187829,0.34735456383067226,0.3850424733505449,0.0,3,-47,battery
1891.4769982741002,-283.9,1393.45,-1247.15,2451.0395575143216,1189.45,-2096.5,444.4,2720.855267650229,479.65,-1715.45,2056.75,0.0,0.0,0.0,0.0,1765.8429558596627,2720.855267650229,0.0,2720.855267650229,1062.4886065228227,1080.646354205004,810.8306440690965,1891.4769982741002,-269.81571013590747,559.5625592402214,829.3782693761289,1891.4769982741002,269.81571013590747,2451.0395575143216,2720.855267650229,0.26778669530004656,0.34700701290861474,0.3852062917913387,0.0,3,-46,battery
1893.3475882679336,-287.6,1390.7,-1252.2,2454.7198658910143,1189.1,-2100.0,449.1,2726.94980197656,481.8,-1718.4,2061.85,0.0,0.0,0.0,0.0,1768.754314033877,2726.94980197656,0.0,2726.94980197656,1064.5072379798783,1082.7887621767397,810.5588260911939,1893.3475882679336,-272.2299360855459,561.3722776230807,833.6022137086266,1893.3475882679336,272.2299360855459,2454.7198658910143,2726.94980197656,0.2676103138301194,0.3469560252679614,0.38543366090191916,0.0,3,-46,battery
1891.8742096133137,-289.85,1388.0,-1252.45,2454.577112763011,1189.6,-2100.2,446.05,2727.4090722698716,482.15,-1719.75,2061.25,0.0,0.0,0.0,0.0,1768.4650986615488,2727.4090722698716,0.0,2727.4090722698716,1064.5447212616282,1082.353084560087,809.5211250532263,1891.8742096133137,-272.8319595068606,562.7029031496972,835.5348626565578,1891.8742096133137,272.8319595068606,2454.577112763011,2727.4090722698716,0.2674457939607016,0.34699258620098605,0.3855616198383125,0.0,3,-50,battery
1895.178574039924,-287.05,1388.75,-1257.25,2453.084361064658,1191.2,-2096.8,449.55,2724.4552597721254,480.4,-1719.45,2058.0,0.0,0.0,0.0,0.0,1768.1795487191766,2724.4552597721254,0.0,2724.4552597721254,1063.736986579036,1083.2747363736958,811.9038376662281,1895.178574039924,-271.3708987074674,557.9057870247341,829.2766857322015,1895.178574039924,271.3708987074674,2453.084361064658,2724.4552597721254,0.267956183439168,0.3468375656252795,0.3852062509355526,0.0,3,-47,battery
1896.6384559266955,-292.5,1390.6,-1256.15,2456.8261329406278,1189.05,-2102.65,448.35,2722.113683794268,484.05,-1716.45,2056.55,0.0,0.0,0.0,0.0,1768.8945681653977,2722.113683794268,0.0,2722.113683794268,1063.858897406019,1080.963003390168,815.6754525365275,1896.6384559266955,-265.28755085364037,560.1876770139322,825.4752278675726,1896.6384559266955,265.28755085364037,2456.8261329406278,2722.113683794268,0.2680541975282601,0.34722619668179483,0.38471960578994513,0.0,3,-53,battery
1891.4753857769335,-289.85,1387.05,-1252.9,2453.892415123369,1187.65,-2099.8,449.35,2723.8400416507575,476.8,-1718.1,2059.15,0.0,0.0,0.0,0.0,1767.301960637765,2723.8400416507575,0.0,2723.8400416507575,1063.619623291575,1080.711506152161,810.7638796247725,1891.4753857769335,-269.94762652738837,562.4170293464356,832.364655873824,1891.4753857769335,269.94762652738837,2453.892415123369,2723.8400416507575,0.2675653945823664,0.3471241007164722,0.38531050470116146,0.0,3,-49,battery
1895.8806462960688,-286.4,1393.45,-1253.25,2457.955415075709,1192.75,-2101.5,450.1,2721.544939919236,478.3,-1717.1,2056.6,0.0,0.0,0.0,0.0,1768.8452503227536,2721.544939919236,0.0,2721.544939919236,1063.8915627476492,1079.735085569798,816.1455607262708,1895.8806462960688,-263.5895248435272,562.0747687796402,825.6642936231674,1895.8806462960688,263.5895248435272,2457.955415075709,2721.544939919236,0.26795456611455065,0.3473954850809047,0.3846499488045446,0.0,3,-46,battery
1895.1783491270685,-284.05,1393.65,-1252.5,2451.946303449568,1190.5,-2095.35,451.95,2728.308181822574,483.95,-1720.85,2061.1,0.0,0.0,0.0,0.0,1768.8582085998028,2728.308181822574,0.0,2728.308181822574,1064.4211732763952,1085.7701137500374,809.4082353770311,1895.1783491270685,-276.3618783730062,556.7679543224995,833.1298326955057,1895.1783491270685,276.3618783730062,2451.946303449568,2728.308181822574,0.2678533445916022,0.3465436476944195,0.38560300771397826,0.0,3,-46,battery
1895.8112841208642,-287.2,1391.75,-1254.85,2454.9173753916853,1190.2,-2099.8,448.2,2725.8256088752264,481.0,-1718.1,2060.8,0.0,0.0,0.0,0.0,1769.138567096944,2725.8256088752264,0.0,2725.8256088752264,1064.3589522149807,1083.3597588022028,812.4515253186617,1895.8112841208642,-270.90823348354115,559.106091270821,830.0143247543622,1895.8112841208642,270.90823348354115,2454.9173753916853,2725.8256088752264,0.2679003385291327,0.34690857757683524,0.38519108389403206,0.0,3,-47,battery
1897.4140329669747,-286.75,1393.8,-1255.1,2456.1508005413675,1185.95,-2103.75,447.7,2726.0711445228276,484.4,-1720.35,2058.45,0.0,0.0,0.0,0.0,1769.9089945077926,2726.0711445228276,0.0,2726.0711445228276,1064.6606568693214,1083.6671884742175,813.7468444927574,1897.4140329669747,-269.92034398146006,558.7367675743928,828.6571115558529,1897.4140329669747,269.92034398146006,2456.1508005413675,2726.0711445228276,0.2680101122225554,0.3469317925615177,0.3850580952159268,0.0,3,-46,battery
1898.7140984097632,-286.95,1393.05,-1257.85,2456.853555871819,1192.55,-2099.55,453.7,2725.4570758865384,482.8,-1716.65,2061.1,0.0,0.0,0.0,0.0,1770.25618254203,2725.4570758865384,0.0,2725.4570758865384,1064.675195504112,1083.6588092122413,815.0552891975217,1898.7140984097632,-268.6035200147194,558.1394574620558,826.7429774767752,1898.7140984097632,268.6035200147194,2456.853555871819,2725.4570758865384,0.2681411477523089,0.3469629961048713,0.38489585614281985,0.0,3,-42,battery
1895.7493037055297,-286.5,1391.9,-1254.75,2455.730718645674,1189.85,-2100.5,450.3,2722.776409292544,482.25,-1714.95,2059.1,0.0,0.0,0.0,0.0,1768.5641079109369,2722.776409292544,0.0,2722.776409292544,1063.803805318063,1081.3974971761997,814.3518065293299,1895.7493037055297,-267.04569064686984,559.9814149401445,827.0271055870144,1895.7493037055297,267.04569064686984,2455.730718645674,2722.776409292544,0.2679785956338369,0.3471362315424393,0.3848851728237239,0.0,3,-42,battery
1890.7420672846945,-289.35,1388.95,-1249.8,2457.5641619294497,1193.0,-2100.6,451.5,2725.5613339273805,482.45,-1720.15,2058.4,0.0,0.0,0.0,0.0,1768.466890785381,2725.5613339273805,0.0,2725.5613339273805,1064.5786942240986,1079.3696196413127,811.3724476433817,1890.7420672846945,-267.99717199793076,566.8220946447552,834.819266642686,1890.7420672846945,267.99717199793076,2457.5641619294497,2725.5613339273805,0.26728547720294193,0.34741449991721907,0.385300022879839,0.0,3,-43,battery
1895.1477112615787,-290.55,1390.15,-1254.85,2452.9694357044077,1187.7,-2098.8,448.85,2726.689009586535,481.9,-1722.15,2058.35,0.0,0.0,0.0,0.0,1768.7015391381306,2726.689009586535,0.0,2726.689009586535,1064.2199392984558,1084.4336425718532,810.7140686897258,1895.1477112615787,-273.7195738821274,557.821724442829,831.5412983249564,1895.1477112615787,273.7195738821274,2452.9694357044077,2726.689009586535,0.2678727401607091,0.34671896041031797,0.38540829942897287,0.0,3,-42,battery
1892.7914696289183,-287.15,1389.45,-1252.85,2455.6167891183677,1188.7,-2101.05,450.15,2722.187699718739,482.6,-1718.95,2054.9,0.0,0.0,0.0,0.0,1767.6489896165062,2722.187699718739,0.0,2722.187699718739,1063.5656342030543,1079.6811901146448,813.1102795142733,1892.7914696289183,-266.57091060037146,562.8253194894494,829.3962300898208,1892.7914696289183,266.57091060037146,2455.6167891183677,2722.187699718739,0.26769900030316,0.34729983208531645,0.3850011676115236,0.0,3,-42,battery
1893.0366352767714,-288.55,1390.8,-1251.4,2456.211956448384,1191.1,-2100.75,448.45,2726.264664793204,482.7,-1717.9,2061.15,0.0,0.0,0.0,0.0,1768.8783141295899,2726.264664793204,0.0,2726.264664793204,1064.5846536570307,1081.5446718107958,811.4919634659761,1893.0366352767714,-270.0527083448196,563.1753211716127,833.2280295164323,1893.0366352767714,270.0527083448196,2456.211956448384,2726.264664793204,0.267547606321393,0.3471425842055464,0.38530980947306065,0.0,3,-42,battery
1895.5427731918899,-290.2,1394.45,-1250.75,2454.452796959029,1188.7,-2099.55,450.8,2724.536462409707,481.3,-1716.15,2060.65,0.0,0.0,0.0,0.0,1768.6330081401566,2724.536462409707,0.0,2724.536462409707,1063.9864898776214,1082.8132193212841,812.729553870606,1895.5427731918899,-270.0836654506779,558.9100237671391,828.9936892178171,1895.5427731918899,270.0836654506779,2454.452796959029,2724.536462409707,0.2679389625303313,0.3469420713147354,0.38511896615493324,0.0,3,-42,battery
1892.9882150980234,-287.6,1388.0,-1254.65,2452.866692260303,1191.6,-2096.2,450.1,2722.202472723144,483.1,-1719.55,2054.3,0.0,0.0,0.0,0.0,1767.0143450203677,2722.202472723144,0.0,2722.202472723144,1063.1306261425457,1081.1619977804323,811.826217317591,1892.9882150980234,-269.3357804628413,559.8784771622795,829.2142576251208,1892.9882150980234,269.3357804628413,2452.866692260303,2722.202472723144,0.26782298350218026,0.34703548094738723,0.38514153555043246,0.0,3,-41,battery
1892.9979113828942,-283.8,1388.75,-1254.7,2451.9772327654264,1187.5,-2097.7,449.1,2724.096046856645,479.3,-1721.4,2056.15,0.0,0.0,0.0,0.0,1767.2677977512412,2724.096046856645,0.0,2724.096046856645,1063.4132356621658,1082.5583627370565,810.4395486458377,1892.9979113828942,-272.1188140912186,558.9793213825321,831.0981354737507,1892.9979113828942,272.1188140912186,2451.9772327654264,2724.096046856645,0.26778594531508443,0.34685988675364354,0.3853541679312721,0.0,3,-42,battery
1894.8189979520469,-286.35,1393.05,-1252.1,2453.3859001388264,1189.05,-2097.9,451.75,2725.9085810973193,478.15,-1721.9,2058.4,0.0,0.0,0.0,0.0,1768.528369797048,2725.9085810973193,0.0,2725.9085810973193,1064.1015721480703,1083.6708394552697,811.1481584967769,1894.8189979520469,-272.52268095849286,558.5669021867795,831.0895831452724,1894.8189979520469,272.52268095849286,2453.3859001388264,2725.9085810973193,0.26785250244098313,0.346811781766946,0.38533571579207093,0.0,3,-42,battery
1892.829058578719,-290.0,1386.65,-1255.35,2453.3668350860207,1187.65,-2098.95,450.45,2728.302590439704,482.0,-1717.85,2064.05,0.0,0.0,0.0,0.0,1768.624621026111,2728.302590439704,0.0,2728.302590439704,1064.5789657302294,1083.8824069662014,808.9466516125178,1892.829058578719,-274.93575535368336,560.5377765073017,835.4735318609851,1892.829058578719,274.93575535368336,2453.3668350860207,2728.302590439704,0.26755664204772683,0.34679021284666944,0.3856531451056036,0.0,3,-42,battery
1896.482703585772,-289.35,1389.6,-1257.75,2454.810773257279,1191.1,-2098.35,452.0,2727.283843405376,484.75,-1717.2,2062.6,0.0,0.0,0.0,0.0,1769.6443300621067,2727.283843405376,0.0,2727.283843405376,1064.6895698179057,1084.4778868669346,812.0048167188377,1896.482703585772,-272.4730701480971,558.3280696715069,830.801139819604,1896.482703585772,272.4730701480971,2454.810773257279,2727.283843405376,0.2679186251396649,0.3467943715519273,0.3852870033084078,0.0,3,-42,battery
1897.2448221038842,-283.3,1394.05,-1255.35,2454.6346943078925,1186.6,-2101.25,449.4,2724.8064509245423,481.85,-1713.9,2062.75,0.0,0.0,0.0,0.0,1769.1714918340797,2724.8064509245423,0.0,2724.8064509245423,1064.1274033716907,1083.708289360267,813.536532743617,1897.2448221038842,-270.1717566166499,557.3898722040083,827.5616288206581,1897.2448221038842,270.1717566166499,2454.6346943078925,2724.8064509245423,0.26809792477170097,0.34686217611431225,0.3850398991139868,0.0,3,-42,battery
1893.2283921914968,-285.6,1388.65,-1254.75,2455.8358154607977,1194.25,-2097.5,453.2,2723.345136959324,482.9,-1715.85,2058.95,0.0,0.0,0.0,0.0,1768.1023361529046,2723.345136959324,0.0,2723.345136959324,1063.8736471102388,1080.3688568450116,812.8595353464852,1893.2283921914968,-267.50932149852633,562.6074232693009,830.1167447678272,1893.2283921914968,267.50932149852633,2455.8358154607977,2723.345136959324,0.2676921399683863,0.34724175253400297,0.3850661074976107,0.0,3,-41,battery
1895.8436525726484,-287.65,1389.85,-1256.9,2456.450801461328,1187.9,-2101.8,453.3,2723.0300820042366,482.95,-1719.05,2055.85,0.0,0.0,0.0,0.0,1768.8311340095531,2723.0300820042366,0.0,2723.0300820042366,1063.979816530125,1081.2114665577785,814.6321860148696,1895.8436525726484,-266.5792805429087,560.6071488886796,827.1864294315883,1895.8436525726484,266.5792805429087,2456.450801461328,2723.0300820042366,0.2679514759946567,0.34718560102075596,0.38486292298458746,0.0,3,-43,battery
1896.3641501568206,-286.9,1392.7,-1254.7,2456.1498829468856,1188.65,-2102.15,448.05,2726.879479368313,478.5,-1717.65,2063.15,0.0,0.0,0.0,0.0,1769.8483781180048,2726.879479368313,0.0,2726.879479368313,1064.8107585848616,1083.546873289124,812.8172768676968,1896.3641501568206,-270.72959642142723,559.7857327900649,830.5153292114921,1896.3641501568206,270.72959642142723,2456.1498829468856,2726.879479368313,0.267870990193712,0.3469435451807841,0.3851854646255039,0.0,3,-40,battery
1894.382185568688,-287.95,1392.8,-1251.35,2458.2774258614504,1190.15,-2103.2,450.8,2726.1222267169164,481.75,-1718.9,2060.35,0.0,0.0,0.0,0.0,1769.6954595367638,2726.1222267169164,0.0,2726.1222267169164,1064.9255941707675,1081.113493212077,813.2686923566109,1894.382185568688,-267.844800855466,563.8952402927623,831.7400411482283,1894.382185568688,267.844800855466,2458.2774258614504,2726.1222267169164,0.2676141501296164,0.34727407653870146,0.38511177333168206,0.0,3,-40,battery
1891.6899521327484,-283.7,1389.65,-1251.75,2452.9917427500645,1184.3,-2100.2,451.4,2727.5789438621205,479.9,-1718.85,2062.75,0.0,0.0,0.0,0.0,1768.0651596862333,2727.5789438621205,0.0,2727.5789438621205,1064.3223929353803,1083.1385766224023,808.5513755103461,1891.6899521327484,-274.58720111205594,561.3017906173161,835.888991729372,1891.6899521327484,274.58720111205594,2452.9917427500645,2727.5789438621205,0.2674802370502643,0.34684690907904386,0.38567285387069183,0.0,3,-40,battery
1894.7786803476547,-286.45,1391.85,-1253.35,2452.7297537641603,1188.35,-2098.6,446.75,2724.4878532487533,485.5,-1715.55,2060.1,0.0,0.0,0.0,0.0,1767.9990718401418,2724.4878532487533,0.0,2724.4878532487533,1063.6753126412193,1083.268389916124,811.5102904315306,1894.7786803476547,-271.758099484593,557.9510734165056,829.7091729010986,1894.7786803476547,271.758099484593,2452.7297537641603,2724.4878532487533,0.2679269902522573,0.3468228282511692,0.3852501814965736,0.0,3,-40,battery
1894.250497558335,-291.65,1390.05,-1253.35,2452.9686550178335,1192.0,-2097.0,445.85,2728.3800477572768,479.65,-1720.85,2062.2,0.0,0.0,0.0,0.0,1768.8998000833612,2728.3800477572768,0.0,2728.3800477572768,1064.5740749309293,1084.8309451488892,809.4195524094457,1894.250497558335,-275.4113927394433,558.7181574594986,834.1295501989418,1894.250497558335,275.4113927394433,2452.9686550178335,2728.3800477572768,0.26771591266349093,0.3466799892936608,0.3856040980428483,0.0,3,-43,battery
1895.781741788859,-275.0,1395.7,-1253.15,2444.3845922849373,1189.35,-2088.1,447.55,2710.142198298827,483.35,-1714.3,2042.65,0.0,0.0,0.0,0.0,1762.5771330931557,2710.142198298827,0.0,2710.142198298827,1059.1461870403496,1080.7696739013747,815.0120678874844,1895.781741788859,-265.7576060138899,548.6028504960782,814.3604565099681,1895.781741788859,265.7576060138899,2444.3845922849373,2710.142198298827,0.26889344389455766,0.34670604570865987,0.3844005103967826,0.0,3,-37,battery
1902.590615450418,-289.8,1394.9,-1261.0,2445.1185625650137,1190.25,-2088.35,448.0,2712.058800063155,486.35,-1711.65,2046.7,0.0,0.0,0.0,0.0,1764.9419945196466,2712.058800063155,0.0,2712.058800063155,1059.9101133968913,1084.7654264742798,817.8251889761382,1902.590615450418,-266.9402374981414,542.5279471145957,809.4681846127371,1902.590615450418,266.9402374981414,2445.1185625650137,2712.058800063155,0.2694976125785134,0.3463454564168958,0.3841569310045908,0.0,3,-37,battery
1898.412890416624,-278.05,1395.3,-1256.9,2453.8616780495186,1189.95,-2096.35,459.1,2708.453162784987,481.15,-1711.95,2042.9,0.0,0.0,0.0,0.0,1765.1819328127822,2708.453162784987,0.0,2708.453162784987,1060.38414605101,1076.5021875760463,821.9107028405776,1898.412890416624,-254.59148473546838,555.4487876328947,810.040272368363,1898.412890416624,254.59148473546838,2453.8616780495186,2708.453162784987,0.2688692954430398,0.34753665223325436,0.3835940523237059,0.0,3,-37,battery
1900.402206770977,-280.05,1395.85,-1258.85,2440.861092934213,1182.45,-2088.25,445.9,2713.5403709913735,482.45,-1714.8,2046.95,0.0,0.0,0.0,0.0,1763.7009176741408,2713.5403709913735,0.0,2713.5403709913735,1059.4891527856212,1086.540742414069,813.8614643569081,1900.402206770977,-272.67927805716045,540.458886163236,813.1381642203964,1900.402206770977,272.67927805716045,2440.861092934213,2713.5403709913735,0.2693770507979762,0.34598568675593094,0.3846372624460929,0.0,3,-37,battery
1898.1677988260155,-276.25,1398.2,-1253.7,2444.644458300634,1188.15,-2088.55,450.05,2713.3332826064693,482.4,-1717.05,2044.8,0.0,0.0,0.0,0.0,1764.0363849332798,2713.3332826064693,0.0,2713.3332826064693,1059.9773055384373,1083.4283115659255,814.7394872600901,1898.1677988260155,-268.68882430583517,546.4766594746186,815.1654837804538,1898.1677988260155,268.68882430583517,2444.644458300634,2713.3332826064693,0.2690091620329318,0.34645607074497736,0.3845347672220908,0.0,3,-38,battery
1897.564769645558,-276.65,1395.1,-1256.15,2445.906265579284,1190.3,-2088.9,449.6,2713.5816479332257,484.2,-1712.4,2048.6,0.0,0.0,0.0,0.0,1764.263170789517,2713.5816479332257,0.0,2713.5816479332257,1060.2165736045251,1082.62007599975,814.9446936458082,1897.564769645558,-267.6753823539416,548.341495933726,816.0168782876676,1897.564769645558,267.6753823539416,2445.906265579284,2713.5816479332257,0.2688891318856341,0.34659033670196837,0.38452053141239745,0.0,3,-37,battery
1898.1010543435245,-280.6,1396.3,-1254.75,2445.8302434960606,1186.5,-2091.7,446.2,2710.938377204469,482.6,-1712.55,2045.35,0.0,0.0,0.0,0.0,1763.7174187610135,2710.938377204469,0.0,2710.938377204469,1059.6300704179678,1081.6045940259664,816.4964603175579,1898.1010543435245,-265.10813370840833,547.729189152536,812.8373228609444,1898.1010543435245,265.10813370840833,2445.8302434960606,2710.938377204469,0.2690483512484831,0.34668680729113366,0.38426484146038326,0.0,3,-37,battery
1912.6896023662596,-298.85,1397.45,-1271.3,2447.0354456975074,1186.6,-2092.7,447.85,2709.7783691660097,482.4,-1715.6,2041.3,0.0,0.0,0.0,0.0,1767.3758543074441,2709.7783691660097,0.0,2709.7783691660097,1060.046361715388,1087.7162629173808,824.9733394488785,1912.6896023662596,-262.74292346850234,534.3458433312478,797.0887667997501,1912.6896023662596,262.74292346850234,2447.0354456975074,2709.7783691660097,0.27055501489746187,0.34613965101616595,0.38330533408637224,0.0,3,-37,battery
1929.471965331448,-249.75,1407.25,-1296.2,2443.026548157019,1187.45,-2088.7,442.35,2710.4124271040373,487.75,-1713.6,2042.55,0.0,0.0,0.0,0.0,1770.7277351481262,2710.4124271040373,0.0,2710.4124271040373,1060.1496895378443,1098.428922139233,831.043043192215,1929.471965331448,-267.3858789470182,513.5545828255711,780.9404617725893,1929.471965331448,267.3858789470182,2443.026548157019,2710.4124271040373,0.27241228663112943,0.34491843376935827,0.38266927959951225,0.0,3,-38,battery
1902.9943917416047,-277.1,1406.85,-1251.15,2443.8977602387545,1188.4,-2089.2,442.25,2711.6655384652436,485.4,-1719.1,2040.15,0.0,0.0,0.0,0.0,1764.6394226114007,2711.6655384652436,0.0,2711.6655384652436,1059.639648968319,1085.3810849840468,817.6133067575577,1902.9943917416047,-267.7677782264891,540.9033684971498,808.6711467236389,1902.9943917416047,267.7677782264891,2443.8977602387545,2711.6655384652436,0.26960102547826165,0.34623188864019505,0.38416708588154325,0.0,3,-39,battery
1886.550621504761,-281.65,1384.15,-1250.55,2446.5786943198864,1188.55,-2091.55,445.55,2714.9869074269955,486.95,-1722.95,2040.95,0.0,0.0,0.0,0.0,1762.0290558129107,2714.9869074269955,0.0,2714.9869074269955,1060.3052494900055,1077.479417305935,809.0712041988259,1886.550621504761,-268.4082131071091,560.0280728151254,828.4362859222344,1886.550621504761,268.4082131071091,2446.5786943198864,2714.9869074269955,0.2676673541904793,0.34712519158646327,0.3852074542230574,0.0,3,-37,battery
1888.7250918278182,-277.1,1384.55,-1254.4,2442.4798637859844,1184.95,-2089.85,440.6,2712.2497824684215,481.85,-1722.5,2038.9,0.0,0.0,0.0,0.0,1760.863684520556,2712.2497824684215,0.0,2712.2497824684215,1059.0946107580248,1079.2475052551279,809.4775865726906,1888.7250918278182,-269.76991868243704,553.7547719581662,823.5246906406032,1888.7250918278182,269.76991868243704,2442.4798637859844,2712.2497824684215,0.268153223391349,0.34677299061497446,0.38507378599367653,0.0,3,-35,battery
1887.881719679493,-279.65,1382.75,-1254.55,2442.021928648471,1186.7,-2086.1,451.0,2711.060225723508,488.25,-1721.25,2036.85,0.0,0.0,0.0,0.0,1760.2409685128682,2711.060225723508,0.0,2711.060225723508,1058.7283605906096,1078.460008377265,809.421711302228,1887.881719679493,-269.038297075037,554.1402089689782,823.1785060440152,1887.881719679493,269.038297075037,2442.021928648471,2711.060225723508,0.26812830650033975,0.3468306289211645,0.3850410645784957,0.0,3,-35,battery
1886.2198824633356,-280.85,1379.6,-1255.25,2438.027510611806,1173.95,-2090.5,442.3,2714.073179742949,484.2,-1720.15,2042.75,0.0,0.0,0.0,0.0,1759.5801432045228,2714.073179742949,0.0,2714.073179742949,1058.7147504239997,1081.1327757972394,805.0871066660966,1886.2198824633356,-276.04566913114286,551.8076281484705,827.8532972796133,1886.2198824633356,276.04566913114286,2438.027510611806,2714.073179742949,0.26799289162075024,0.3463933598062354,0.3856137485730142,0.0,3,-35,battery
1883.2902551120474,-275.65,1381.05,-1250.4,2441.4555392224534,1187.7,-2086.9,441.5,2714.974737451529,479.95,-1702.4,2059.75,0.0,0.0,0.0,0.0,1759.9301329465075,2714.974737451529,0.0,2714.974737451529,1059.381761758663,1078.4047266705613,804.8855284414858,1883.2902551120474,-273.51919822907576,558.165284110406,831.6844823394817,1883.2902551120474,273.51919822907576,2441.4555392224534,2714.974737451529,0.2675234402571152,0.34681142926039393,0.38566513048249085,0.0,3,-35,battery
1891.5673382145294,-273.1,1393.85,-1249.25,2444.9364311777103,1189.2,-2088.1,450.95,2714.362086199997,488.85,-1710.1,2050.45,0.0,0.0,0.0,0.0,1762.7164638980591,2714.362086199997,0.0,2714.362086199997,1060.0501584961544,1080.4964966184082,811.0708415961212,1891.5673382145294,-269.4256550222867,553.369092963181,822.7947479854677,1891.5673382145294,269.4256550222867,2444.9364311777103,2714.362086199997,0.2682744753559983,0.34675690635052486,0.3849686182934769,0.0,3,-36,battery
1896.484116727583,-277.2,1393.25,-1256.45,2444.0292234341223,1187.25,-2088.6,448.85,2716.797843509892,488.0,-1712.35,2052.0,0.0,0.0,0.0,0.0,1764.3277959178993,2716.797843509892,0.0,2716.797843509892,1060.6025512304254,1084.6263684016762,811.8577483259064,1896.484116727583,-272.76862007576983,547.5451067065394,820.3137267823092,1896.484116727583,272.76862007576983,2444.0292234341223,2716.797843509892,0.2687261575081813,0.3463116702418959,0.38496217224992285,0.0,3,-36,battery
1885.2639125597245,-278.9,1388.4,-1244.5,2437.2177133978,1187.45,-2083.2,436.2,2712.1919244404517,486.95,-1713.9,2044.85,0.0,0.0,0.0,0.0,1758.668387599494,2712.1919244404517,0.0,2712.1919244404517,1058.1324642185384,1080.119061801188,805.1448507585364,1885.2639125597245,-274.97421104265186,551.9538008380753,826.9280118807271,1885.2639125597245,274.97421104265186,2437.2177133978,2712.1919244404517,0.26799593457369014,0.3464578272093263,0.3855462382169836,0.0,3,-37,battery
1885.6908899657972,-281.4,1395.25,-1236.9,2440.5647819715828,1185.9,-2086.85,441.65,2710.4916763384463,485.45,-1715.45,2041.65,0.0,0.0,0.0,0.0,1759.1868370689565,2710.4916763384463,0.0,2710.4916763384463,1058.300335931781,1077.8088921663305,807.8819977994667,1885.6908899657972,-269.9268943668635,554.8738920057856,824.8007863726491,1885.6908899657972,269.9268943668635,2440.5647819715828,2710.4916763384463,0.2679776317999874,0.3468313783597162,0.38519098984029637,0.0,3,-36,battery
1913.4824594179065,-298.9,1402.15,-1267.3,2437.015550319694,1183.6,-2083.9,442.15,2707.3552565188043,483.8,-1712.15,2040.65,0.0,0.0,0.0,0.0,1764.4633165641012,2707.3552565188043,0.0,2707.3552565188043,1057.9353971295282,1091.9110828085086,821.5713766093979,1913.4824594179065,-270.3397061991104,523.5330909017873,793.8727971008977,1913.4824594179065,270.3397061991104,2437.015550319694,2707.3552565188043,0.271113947433034,0.3452913312849765,0.3835947212819894,0.0,3,-36,battery
1890.1983341702532,-282.6,1392.65,-1246.4,2442.982221589015,1187.25,-2089.5,438.85,2707.598677795511,482.8,-1712.4,2041.0,0.0,0.0,0.0,0.0,1760.1948083886946,2707.598677795511,0.0,2707.598677795511,1058.177610751846,1077.4073951883745,812.7909389818785,1890.1983341702532,-264.61645620649597,552.7838874187617,817.4003436252576,1890.1983341702532,264.61645620649597,2442.982221589015,2707.598677795511,0.2684643661545289,0.3469761145110627,0.3845595193344085,0.0,3,-38,battery
1887.911871619012,-284.15,1394.9,-1240.05,2440.4518121651163,1180.65,-2088.95,445.15,2709.8877961089092,483.25,-1715.95,2040.95,0.0,0.0,0.0,0.0,1759.5628699732592,2709.8877961089092,0.0,2709.8877961089092,1058.2133736215335,1078.6739277814022,809.2379438376092,1887.911871619012,-269.43598394379296,552.5399405461044,821.9759244898974,1887.911871619012,269.43598394379296,2440.4518121651163,2709.8877961089092,0.2682359215228984,0.34674120683766824,0.38502287163943344,0.0,3,-37,battery
1882.6628933507984,-277.4,1390.0,-1239.1,2439.528639409671,1183.05,-2086.8,443.8,2711.3176874907153,484.5,-1716.25,2042.3,0.0,0.0,0.0,0.0,1758.377305062796,2711.3176874907153,0.0,2711.3176874907153,1058.229673459452,1077.2259707159214,805.436922634877,1882.6628933507984,-271.78904808104426,556.8657460588727,828.6547941399169,1882.6628933507984,271.78904808104426,2439.528639409671,2711.3176874907153,0.26767049482641664,0.3468437394502412,0.3854857657233422,0.0,3,-35,battery
1887.6099312357942,-278.45,1390.6,-1245.7,2442.1465900924127,1182.45,-2090.95,440.25,2710.675005418392,484.6,-1718.95,2039.15,0.0,0.0,0.0,0.0,1760.1078816866498,2710.675005418392,0.0,2710.675005418392,1058.6537659095793,1078.069173280887,809.5407579549073,1887.6099312357942,-268.5284153259795,554.5366588566185,823.065074182598,1887.6099312357942,268.5284153259795,2442.1465900924127,2710.675005418392,0.26810997650708823,0.34687456029004726,0.38501546320286445,0.0,3,-35,battery
1891.770761746782,-274.55,1395.05,-1247.9,2438.3589604486046,1183.2,-2086.3,439.3,2709.4799214978507,486.05,-1713.8,2041.55,0.0,0.0,0.0,0.0,1759.9024109233092,2709.4799214978507,0.0,2709.4799214978507,1057.9043548574336,1081.445861398014,810.3249003487679,1891.770761746782,-271.12096104924603,546.5881987018226,817.7091597510687,1891.770761746782,271.12096104924603,2438.3589604486046,2709.4799214978507,0.26873233850993616,0.34637701291194783,0.3848906485781161,0.0,3,-38,battery
1894.085985376588,-284.6,1393.4,-1251.0,2439.5803091925463,1183.0,-2088.25,437.35,2706.2378355384803,483.6,-1715.2,2036.65,0.0,0.0,0.0,0.0,1759.9760325269035,2706.2378355384803,0.0,2706.2378355384803,1057.4467465578866,1080.3717558612611,813.7142295153269,1894.085985376588,-266.657526345934,545.4943238159583,812.1518501618923,1894.085985376588,266.657526345934,2439.5803091925463,2706.2378355384803,0.2690499686318363,0.34653601300608255,0.3844140183620813,0.0,3,-37,battery
1900.7187910103905,-283.4,1395.65,-1258.8,2439.266568048683,1186.5,-2086.7,433.5,2706.32471490396,486.35,-1714.5,2036.7,0.0,0.0,0.0,0.0,1761.5775184907584,2706.32471490396,0.0,2706.32471490396,1057.6300582424565,1083.8884689328336,816.830322077557,1900.7187910103905,-267.05814685527685,538.5477770382925,805.6059238935693,1900.7187910103905,267.05814685527685,2439.266568048683,2706.32471490396,0.26974668600432106,0.34617644447156354,0.3840768695241154,0.0,3,-35,battery
1921.1279811610677,-309.2,1389.8,-1289.8,2440.012289415773,1184.85,-2087.8,436.9,2708.366530309367,487.4,-1713.8,2039.75,0.0,0.0,0.0,0.0,1767.3767002215518,2708.366530309367,0.0,2708.366530309367,1058.9098584223204,1094.741111027331,826.3868701337367,1921.1279811610677,-268.3542408935941,518.8843082547053,787.2385491482994,1921.1279811610677,268.3542408935941,2440.012289415773,2708.366530309367,0.2717485158823586,0.3451460417450765,0.383105442372565,0.0,3,-33,battery
1897.7511935182652,-287.4,1393.9,-1255.35,2439.9364136181907,1182.5,-2088.75,438.3,2712.1722354968533,487.1,-1718.35,2041.05,0.0,0.0,0.0,0.0,1762.4649606583273,2712.1722354968533,0.0,2712.1722354968533,1058.9495478782926,1084.9935076984636,812.7576858198013,1897.7511935182652,-272.2358218786626,542.1852200999256,814.4210419785882,1897.7511935182652,272.2358218786626,2439.9364136181907,2712.1722354968533,0.2691899180806132,0.34609715201186325,0.38471292990752354,0.0,3,-34,battery
1900.1617161441814,-283.25,1393.25,-1260.65,2441.367855322094,1184.75,-2089.2,438.05,2705.7034824607076,488.1,-1709.15,2039.95,0.0,0.0,0.0,0.0,1761.8082634817456,2705.7034824607076,0.0,2705.7034824607076,1057.8101741817557,1082.2486716413976,817.9130445027838,1900.1617161441814,-264.33562713861375,541.2061391779125,805.5417663165263,1900.1617161441814,264.33562713861375,2441.367855322094,2705.7034824607076,0.26963230839731345,0.3464292775107916,0.383938414091895,0.0,3,-40,battery
1878.5863794353454,-257.45,1406.35,-1218.6,2439.8262279309974,1182.35,-2089.5,434.5,2707.266704168616,487.25,-1705.65,2045.15,0.0,0.0,0.0,0.0,1756.4198278837398,2707.266704168616,0.0,2707.266704168616,1057.2475310762632,1073.0134278364817,805.5729515988635,1878.5863794353454,-267.44047623761844,561.239848495652,828.6803247332705,1878.5863794353454,267.44047623761844,2439.8262279309974,2707.266704168616,0.2673885749881907,0.34727264364674626,0.385338781365063,0.0,3,-40,battery
1897.0662046960827,-283.4,1391.35,-1258.05,2442.722019592078,1183.95,-2090.15,443.2,2708.8501698137534,487.1,-1711.85,2042.1,0.0,0.0,0.0,0.0,1762.1595985254785,2708.8501698137534,0.0,2708.8501698137534,1058.6305410526963,1081.5971774588788,815.4690272372036,1897.0662046960827,-266.12815022167524,545.6558148959955,811.7839651176707,1897.0662046960827,266.12815022167524,2442.722019592078,2708.8501698137534,0.26913938531496945,0.3465523244370251,0.38430829024800545,0.0,3,-39,battery
1892.3753763458244,-283.8,1392.45,-1249.65,2441.6543392749104,1186.0,-2086.95,446.9,2713.944978716407,487.75,-1718.35,2043.25,0.0,0.0,0.0,0.0,1761.9936735842853,2713.944978716407,0.0,2713.944978716407,1059.453986966378,1082.3330078936604,810.0423684521636,1892.3753763458244,-272.29063944149675,549.278962929086,821.5696023705827,1892.3753763458244,272.29063944149675,2441.6543392749104,2713.944978716407,0.26849917294202225,0.3464334713398892,0.38506735571808864,0.0,3,-34,battery
1892.4566131090032,-284.6,1394.1,-1247.75,2443.633354760898,1183.65,-2091.3,443.6,2711.196051099957,483.15,-1714.95,2043.55,0.0,0.0,0.0,0.0,1761.8215047424644,2711.196051099957,0.0,2711.196051099957,1059.157681156115,1080.0096547240312,812.4469583849718,1892.4566131090032,-267.56269633905913,551.1767416518946,818.7394379909538,1892.4566131090032,267.56269633905913,2443.633354760898,2711.196051099957,0.26853693861933453,0.34674814505657,0.3847149163240955,0.0,3,-36,battery
1894.1019897302258,-273.75,1397.25,-1249.15,2438.595854687693,1181.35,-2088.4,435.6,2709.3388238645975,486.75,-1708.9,2045.3,0.0,0.0,0.0,0.0,1760.509167070629,2709.3388238645975,0.0,2709.3388238645975,1057.9837951430447,1082.422479453565,811.6795102766605,1894.1019897302258,-270.74296917690435,544.4938649574674,815.2368341343717,1894.1019897302258,270.74296917690435,2438.595854687693,2709.3388238645975,0.2689707649863997,0.34629127474884946,0.38473796026475093,0.0,3,-41,battery
1883.099614996509,-268.4,1394.4,-1236.8,2444.294330681148,1183.25,-2093.3,438.85,2708.528965139564,488.65,-1716.85,2037.1,0.0,0.0,0.0,0.0,1758.9807277043053,2708.528965139564,0.0,2708.528965139564,1058.3850065381844,1073.6671247274628,809.4324902690464,1883.099614996509,-264.23463445841617,561.194715684639,825.4293501430552,1883.099614996509,264.23463445841617,2444.294330681148,2708.528965139564,0.2676407400799375,0.34740209090739504,0.38495716901266747,0.0,3,-40,battery
1894.6628901997317,-284.75,1391.05,-1254.45,2439.321678766456,1183.2,-2086.1,445.55,2708.9967271113487,485.25,-1716.95,2038.45,0.0,0.0,0.0,0.0,1760.745324019384,2708.9967271113487,0.0,2708.9967271113487,1058.0411857857302,1082.168969272312,812.4939209274196,1894.6628901997317,-269.67504834489273,544.6587885667243,814.333836911617,1894.6628901997317,269.67504834489273,2439.321678766456,2708.9967271113487,0.26901432937993613,0.34634788539407213,0.3846377852259918,0.0,3,-33,battery
1890.829900466988,-291.35,1390.0,-1248.3,2441.440626965972,1185.25,-2087.5,445.15,2711.5760297288366,488.2,-1715.55,2042.35,0.0,0.0,0.0,0.0,1760.961639290449,2711.5760297288366,0.0,2711.5760297288366,1058.8402892185836,1080.482651614926,810.3472488520617,1890.829900466988,-270.1354027628645,550.6107264989841,820.7461292618486,1890.829900466988,270.1354027628645,2441.440626965972,2711.5760297288366,0.2684371224050155,0.3466061628619166,0.384956714733068,0.0,3,-34,battery
1894.0910643366649,-280.4,1391.2,-1254.4,2439.7413028843857,1184.25,-2086.75,442.0,2709.118774620264,481.05,-1705.85,2048.9,0.0,0.0,0.0,0.0,1760.7377854603287,2709.118774620264,0.0,2709.118774620264,1058.1177774011067,1081.7342680362717,812.3567963003934,1894.0910643366649,-269.3774717358783,545.6502385477208,815.0277102835992,1894.0910643366649,269.3774717358783,2439.7413028843857,2709.118774620264,0.2689342899291322,0.34640894899727187,0.3846567610735959,0.0,3,-39,battery
1896.3454715583866,-279.15,1390.05,-1259.35,2439.8407622219943,1181.95,-2088.55,440.2,2711.837226862999,491.65,-1717.0,2040.65,0.0,0.0,0.0,0.0,1762.0058651608451,2711.837226862999,0.0,2711.837226862999,1058.8143796311906,1084.1709680996958,812.1745034586911,1896.3454715583866,-271.9964646410049,543.4952906636076,815.4917553046125,1896.3454715583866,271.9964646410049,2439.8407622219943,2711.837226862999,0.2690606071542898,0.3461737572024587,0.38476563564325145,0.0,3,-37,battery
1897.987351775559,-274.75,1396.05,-1256.15,2438.216621323873,1181.95,-2086.8,439.5,2710.4587310084617,489.25,-1716.4,2039.9,0.0,0.0,0.0,0.0,1761.6656760269734,2710.4587310084617,0.0,2710.4587310084617,1058.2980435744116,1085.1147307300741,812.8726210454852,1897.987351775559,-272.24210968458874,540.2292695483138,812.4713792329026,1897.987351775559,272.24210968458874,2438.216621323873,2710.4587310084617,0.2693455656206045,0.3460101219123913,0.38464431246700426,0.0,3,-35,battery
1889.7631108157445,-286.05,1389.65,-1248.3,2443.5007514834124,1185.65,-2088.6,450.2,2710.5647497339,484.0,-1709.35,2047.2,0.0,0.0,0.0,0.0,1760.9571530082644,2710.5647497339,0.0,2710.5647497339,1058.9123454134572,1078.413554533116,811.3495562826286,1889.7631108157445,-267.06399825048766,553.7376406676678,820.8016389181555,1889.7631108157445,267.06399825048766,2443.5007514834124,2710.5647497339,0.2682863560290833,0.34689951815538933,0.3848141258155273,0.0,3,-34,battery
1893.4229645010646,-283.2,1383.6,-1261.15,2448.124546464089,1183.75,-2093.15,459.1,2703.8865846222175,481.6,-1714.25,2034.8,0.0,0.0,0.0,0.0,1761.3585238968426,2703.8865846222175,0.0,2703.8865846222175,1058.2806316360209,1074.5925013295964,818.830463171468,1893.4229645010646,-255.7620381581287,554.7015819630242,810.4636201211529,1893.4229645010646,255.7620381581287,2448.124546464089,2703.8865846222175,0.26874468468691454,0.3474767506515141,0.3837785646615714,0.0,3,-35,battery
1885.5164352240477,-286.55,1387.05,-1244.65,2437.544385749724,1185.35,-2084.0,439.9,2709.8079401500027,482.1,-1715.85,2041.2,0.0,0.0,0.0,0.0,1758.2171902809434,2709.8079401500027,0.0,2709.8079401500027,1057.6558017264333,1078.889994812163,806.6264404118842,1885.5164352240477,-272.26355440027874,552.0279505256763,824.291504925955,1885.5164352240477,272.26355440027874,2437.544385749724,2709.8079401500027,0.268100614310733,0.3465931853049724,0.38530620038429464,0.0,3,-34,battery
1893.765228981671,-287.9,1389.9,-1253.65,2441.715887444729,1181.85,-2089.3,447.25,2706.3400590095844,482.45,-1707.7,2043.35,0.0,0.0,0.0,0.0,1760.4552938589961,2706.3400590095844,0.0,2706.3400590095844,1057.802954925366,1079.194700273263,814.5705287084079,1893.765228981671,-264.62417156485526,547.9506584630581,812.5748300279133,1893.765228981671,264.62417156485526,2441.715887444729,2706.3400590095844,0.26893117303059333,0.3467449437600286,0.38432388320937805,0.0,3,-37,battery
1892.1553655818013,-285.45,1385.95,-1256.15,2442.7069334040057,1183.1,-2090.55,443.5,2708.212837832359,480.9,-1713.25,2041.55,0.0,0.0,0.0,0.0,1760.7687842045416,2708.212837832359,0.0,2708.212837832359,1058.3311177608173,1078.8306350050773,813.3247305767238,1892.1553655818013,-265.50590442835346,550.5515678222043,816.0574722505578,1892.1553655818013,265.50590442835346,2442.7069334040057,2708.212837832359,0.2686547181202749,0.34682392079485064,0.3845213610848744,0.0,3,-35,battery
1892.3965295360272,-288.25,1391.25,-1250.0,2438.178831115552,1184.45,-2085.0,441.1,2706.7883746240673,481.95,-1712.55,2040.0,0.0,0.0,0.0,0.0,1759.3409338189117,2706.7883746240673,0.0,2706.7883746240673,1057.291570104576,1080.5030365222713,811.8934930137559,1892.3965295360272,-268.60954350851534,545.7823015795248,814.3918450880401,1892.3965295360272,268.60954350851534,2438.178831115552,2706.7883746240673,0.2689070226752893,0.34646195973840066,0.38463101758630996,0.0,3,-34,battery
1897.3993787550369,-298.5,1390.95,-1255.5,2436.983563239605,1182.25,-2084.65,442.05,2705.6198943125773,485.0,-1709.9,2039.95,0.0,0.0,0.0,0.0,1760.0007090768047,2705.6198943125773,0.0,2705.6198943125773,1056.998382058433,1083.0178549140048,814.381523841032,1897.3993787550369,-268.63633107297255,539.5841844845679,808.2205155575405,1897.3993787550369,268.63633107297255,2436.983563239605,2705.6198943125773,0.2695168486253485,0.3461622984967299,0.3843208528779216,0.0,3,-33,battery
1896.763480906357,-290.25,1393.0,-1254.2,2434.4343870804983,1182.35,-2081.4,443.05,2708.9569408722614,487.65,-1717.75,2037.15,0.0,0.0,0.0,0.0,1760.0387022147793,2708.9569408722614,0.0,2708.9569408722614,1057.3179821870601,1085.64301734906,811.120463557297,1896.763480906357,-274.52255379176313,537.6709061741412,812.1934599659044,1896.763480906357,274.52255379176313,2434.4343870804983,2708.9569408722614,0.26942070627758463,0.34579273512807984,0.38478655859433547,0.0,3,-33,battery
1892.5610320409749,-291.1,1388.9,-1252.2,2438.995454587811,1184.45,-2086.05,440.65,2706.361524722815,484.2,-1713.8,2037.85,0.0,0.0,0.0,0.0,1759.4795028379003,2706.361524722815,0.0,2706.361524722815,1057.3322924196045,1079.9635510879893,812.5974809529855,1892.5610320409749,-267.36607013500407,546.434422546836,813.8004926818401,1892.5610320409749,267.36607013500407,2438.995454587811,2706.361524722815,0.2689092184632479,0.3465507058556103,0.3845400756811417,0.0,3,-33,battery
1897.252471338488,-289.3,1391.7,-1256.6,2437.5344761664396,1187.7,-2082.65,439.9,2708.3441735680494,481.5,-1709.05,2045.1,0.0,0.0,0.0,0.0,1760.782780268244,2708.3441735680494,0.0,2708.3441735680494,1057.691522590983,1084.0310843700488,813.221386968439,1897.252471338488,-270.8096974016098,540.2820048279516,811.0917022295614,1897.252471338488,270.8096974016098,2437.5344761664396,2708.3441735680494,0.2693762814754262,0.34608676656229803,0.3845369519622759,0.0,3,-33,battery
1896.9185630912045,-294.65,1388.9,-1257.95,2445.581687963009,1190.15,-2090.1,442.6,2712.0092851057866,483.5,-1719.05,2041.1,0.0,0.0,0.0,0.0,1763.62738404,2712.0092851057866,0.0,2712.0092851057866,1059.79219555733,1081.6730801169913,815.2454829742135,1896.9185630912045,-266.4275971427778,548.6631248718043,815.0907220145821,1896.9185630912045,266.4275971427778,2445.581687963009,2712.0092851057866,0.2688944643660882,0.3466692723891644,0.3844362632447474,0.0,3,-34,battery
1895.3995917747793,-290.7,1387.25,-1258.4,2445.5970763803266,1185.9,-2093.5,438.0,2714.8690226233753,486.8,-1719.9,2043.4,0.0,0.0,0.0,0.0,1763.9664226946202,2714.8690226233753,0.0,2714.8690226233753,1060.387702791269,1082.335769008914,813.0638227658653,1895.3995917747793,-269.27194624304866,550.1974846055473,819.469430848596,1895.3995917747793,269.27194624304866,2445.5970763803266,2714.8690226233753,0.26862750438290417,0.346604822647992,0.38476767296910397,0.0,3,-34,battery
1896.3021983586898,-289.95,1385.05,-1262.35,2441.4850363047485,1185.5,-2089.1,437.15,2719.7893636272643,485.6,-1721.35,2049.0,0.0,0.0,0.0,0.0,1764.3941495726758,2719.7893636272643,0.0,2719.7893636272643,1060.862683422654,1087.3032628406029,808.9989355180871,1896.3021983586898,-278.30432732251575,545.1828379460587,823.4871652685745,1896.3021983586898,278.30432732251575,2441.4850363047485,2719.7893636272643,0.2686902751885061,0.34593815629235386,0.38537156851913995,0.0,3,-34,battery
1890.6554742998524,-293.4,1380.6,-1257.95,2440.8729708856213,1186.6,-2089.1,430.7,2712.5406075301435,484.35,-1721.25,2039.75,0.0,0.0,0.0,0.0,1761.0172631789042,2712.5406075301435,0.0,2712.5406075301435,1058.9603775807107,1081.1615554721873,809.4939188276649,1890.6554742998524,-271.6676366445222,550.2174965857689,821.8851332302911,1890.6554742998524,271.6676366445222,2440.8729708856213,2712.5406075301435,0.268403881357604,0.3465146284936858,0.38508149014871024,0.0,3,-35,battery
1893.809265739293,-290.55,1382.65,-1261.1,2446.909457356361,1189.8,-2093.55,434.5,2704.781478696569,483.85,-1714.85,2034.95,0.0,0.0,0.0,0.0,1761.3750504480558,2704.781478696569,0.0,2704.781478696569,1058.2950913658765,1075.8406435397503,817.9686221995426,1893.809265739293,-257.872021340208,553.100191617068,810.972212957276,1893.809265739293,257.872021340208,2446.909457356361,2704.781478696569,0.2687969926191399,0.3473010272193194,0.3839019801615407,0.0,3,-34,battery
1893.2976766742202,-297.5,1373.95,-1268.2,2439.548848147952,1186.6,-2086.4,436.25,2716.6169637068824,493.55,-1716.75,2046.75,0.0,0.0,0.0,0.0,1762.3658721322636,2716.6169637068824,0.0,2716.6169637068824,1059.7462589547017,1085.1828961165754,808.1147805576447,1893.2976766742202,-277.06811555893046,546.2511714737318,823.3192870326623,1893.2976766742202,277.06811555893046,2439.548848147952,2716.6169637068824,0.2685733006142964,0.34606163321756417,0.3853650661681395,0.0,3,-33,battery
1894.781329731745,-293.25,1384.55,-1259.85,2444.8507945271426,1189.85,-2091.25,433.85,2713.0551302913104,486.6,-1720.3,2040.7,0.0,0.0,0.0,0.0,1763.1718136375493,2713.0551302913104,0.0,2713.0551302913104,1059.8420232959602,1081.4928327479563,813.2884969837885,1894.781329731745,-268.2043357641678,550.0694647953976,818.2738005595654,1894.781329731745,268.2043357641678,2444.8507945271426,2713.0551302913104,0.26866090347466987,0.3466552118768336,0.3846838846484966,0.0,3,-33,battery
1898.321980724029,-291.45,1388.0,-1261.8,2445.195329620928,1187.2,-2092.0,439.4,2712.326083364609,485.8,-1714.2,2045.05,0.0,0.0,0.0,0.0,1763.9608484273915,2712.326083364609,0.0,2712.326083364609,1059.8452511877933,1082.7263672338552,815.595613490174,1898.321980724029,-267.130753743681,546.8733488968992,814.0041026405802,1898.321980724029,267.130753743681,2445.195329620928,2712.326083364609,0.26904253323088534,0.3465489797861545,0.38440848698296015,0.0,3,-34,battery
1896.8053333170487,-298.1,1383.05,-1263.4,2442.0879949338437,1187.1,-2089.75,433.05,2710.0054178912633,485.55,-1716.2,2040.35,0.0,0.0,0.0,0.0,1762.224686535539,2710.0054178912633,0.0,2710.0054178912633,1058.7788047036652,1082.361378137234,814.4439551798146,1896.8053333170487,-267.9174229574196,545.2826616167949,813.2000845742145,1896.8053333170487,267.9174229574196,2442.0879949338437,2710.0054178912633,0.26909243580143144,0.3464495778536175,0.38445798634495104,0.0,3,-34,battery
1895.024692451262,-292.2,1384.65,-1260.35,2441.6382686630714,1189.85,-2086.7,437.65,2707.9871482339054,485.55,-1715.45,2038.3,0.0,0.0,0.0,0.0,1761.1625273370596,2707.9871482339054,0.0,2707.9871482339054,1058.198542832932,1080.6867860110478,814.337906440214,1895.024692451262,-266.348879570834,546.6135762118095,812.9624557826435,1895.024692451262,266.348879570834,2441.6382686630714,2707.9871482339054,0.26900196078391,0.3465946825979365,0.38440335661815356,0.0,3,-34,battery
1895.0441670314704,-293.95,1382.3,-1262.55,2441.207500398112,1186.9,-2088.2,436.1,2711.414756635362,488.25,-1717.6,2040.4,0.0,0.0,0.0,0.0,1761.916606016236,2711.414756635362,0.0,2711.414756635362,1058.8975317844624,1082.6257116343602,812.4184553971099,1895.0441670314704,-270.20725623725,546.1633333666418,816.3705896038919,1895.0441670314704,270.20725623725,2441.207500398112,2711.414756635362,0.2688895945132501,0.3463852222151677,0.3847251832715822,0.0,3,-34,battery
1897.0140122044434,-298.7,1385.85,-1260.5,2444.9893292200686,1189.7,-2091.3,434.8,2709.5316777074227,484.0,-1714.7,2041.35,0.0,0.0,0.0,0.0,1762.8837547829835,2709.5316777074227,0.0,2709.5316777074227,1059.1459252021175,1080.7781803458988,816.2358318585445,1897.0140122044434,-264.54234848735405,547.9753170156253,812.5176655029793,1897.0140122044434,264.54234848735405,2444.9893292200686,2709.5316777074227,0.26902142683224906,0.3467315020894634,0.38424707107828765,0.0,3,-34,battery
1896.9351372674819,-297.05,1387.55,-1258.9,2444.4557487301754,1188.95,-2090.55,437.45,2710.9454928124246,483.2,-1715.85,2042.45,0.0,0.0,0.0,0.0,1763.0840947025204,2710.9454928124246,0.0,2710.9454928124246,1059.37365781956,1081.7124406748653,815.2226965926163,1896.9351372674819,-266.4897440822492,547.5206114626935,814.0103555449427,1896.9351372674819,266.4897440822492,2444.4557487301754,2710.9454928124246,0.2689796735968436,0.34661644275434017,0.3844038836488162,0.0,3,-35,battery
1895.3608983515514,-292.65,1384.15,-1261.3,2446.4036727408666,1186.2,-2094.0,439.3,2709.6744684555747,480.45,-1715.15,2042.0,0.0,0.0,0.0,0.0,1762.8597598869983,2709.6744684555747,0.0,2709.6744684555747,1059.3537485047927,1079.3158470331296,816.0450513184217,1895.3608983515514,-263.27079571470813,551.0427743893151,814.3135701040233,1895.3608983515514,263.27079571470813,2446.4036727408666,2709.6744684555747,0.26879065219473935,0.34693679673329264,0.38427255107196795,0.0,3,-35,battery
1899.150039491351,-294.95,1383.1,-1267.6,2446.7730319749726,1183.9,-2095.9,438.5,2709.6805199137407,484.8,-1708.2,2046.8,0.0,0.0,0.0,0.0,1763.900897845016,2709.6805199137407,0.0,2709.6805199137407,1059.5343497058254,1081.0287637150595,818.1212757762914,1899.150039491351,-262.9074879387681,547.6229924836216,810.5304804223897,1899.150039491351,262.9074879387681,2446.7730319749726,2709.6805199137407,0.2691690391749858,0.34678436795460443,0.38404659287040976,0.0,3,-33,battery
1895.802174542481,-293.15,1383.6,-1262.45,2442.3211976519387,1185.2,-2090.55,435.7,2714.971188613242,483.7,-1716.95,2046.75,0.0,0.0,0.0,0.0,1763.2736402019154,2714.971188613242,0.0,2714.971188613242,1059.8975836815962,1084.2260827518921,811.5760917905891,1895.802174542481,-272.64999096130305,546.5190231094577,819.1690140707608,1895.802174542481,272.64999096130305,2442.3211976519387,2714.971188613242,0.268790125837387,0.34627654238797906,0.38493333177463396,0.0,3,-33,battery
1898.2519893312374,-289.85,1385.05,-1265.3,2441.03281112729,1188.4,-2086.65,438.45,2712.7047226891464,483.35,-1714.0,2046.3,0.0,0.0,0.0,0.0,1762.9973807869185,2712.7047226891464,0.0,2712.7047226891464,1059.2603143059146,1084.9619504465468,813.2900388846906,1898.2519893312374,-271.6719115618562,542.7808217960528,814.452733357909,1898.2519893312374,271.6719115618562,2441.03281112729,2712.7047226891464,0.2691796383276457,0.34614810517156425,0.38467225650079007,0.0,3,-32,battery
1894.841912930997,-292.15,1382.45,-1262.5,2441.676461982627,1185.4,-2089.15,438.25,2710.523690175018,485.25,-1712.1,2044.55,0.0,0.0,0.0,0.0,1761.7605162721607,2710.523690175018,0.0,2710.523690175018,1058.7667387363704,1081.8445705616941,812.9973423693029,1894.841912930997,-268.84722819239096,546.8345490516301,815.6817772440211,1894.841912930997,268.84722819239096,2441.676461982627,2710.523690175018,0.2688847172231492,0.34648245880052286,0.3846328239763279,0.0,3,-32,battery
1894.1044407582174,-295.5,1383.6,-1259.35,2443.1917505590923,1186.2,-2091.0,435.7,2711.3101828267454,487.05,-1713.55,2043.95,0.0,0.0,0.0,0.0,1762.1515935360137,2711.3101828267454,0.0,2711.3101828267454,1059.1632918952996,1081.1114365129354,812.993004245282,1894.1044407582174,-268.11843226765313,549.0873098008749,817.205742068528,1894.1044407582174,268.11843226765313,2443.1917505590923,2711.3101828267454,0.2687204165218018,0.3466205404122571,0.3846590430659412,0.0,3,-32,battery
1896.3851125232973,-293.75,1381.85,-1265.1,2445.090755473097,1186.6,-2092.05,440.2,2709.479459693319,484.65,-1709.6,2045.4,0.0,0.0,0.0,0.0,1762.7388319224283,2709.479459693319,0.0,2709.479459693319,1059.130714516746,1080.3869083717598,815.9982041515377,1896.3851125232973,-264.3887042202218,548.7056429497998,813.0943471700216,1896.3851125232973,264.3887042202218,2445.090755473097,2709.479459693319,0.2689543507779759,0.3467743932330721,0.384271255988952,0.0,3,-32,battery
1896.7478127046834,-294.8,1383.45,-1263.65,2445.648573998317,1187.45,-2092.65,438.15,2711.9009536670033,487.1,-1715.9,2042.75,0.0,0.0,0.0,0.0,1763.5743350925009,2711.9009536670033,0.0,2711.9009536670033,1059.7733547098853,1081.5000961866851,815.2477165179982,1896.7478127046834,-266.25237966868644,548.9007612936334,815.1531409623199,1896.7478127046834,266.25237966868644,2445.648573998317,2711.9009536670033,0.26887834764917884,0.3466891819263803,0.3844324704244409,0.0,3,-32,battery
1896.592288157895,-290.55,1386.05,-1261.55,2444.3763882634767,1185.55,-2092.45,437.15,2714.2452951971754,484.75,-1716.4,2046.0,0.0,0.0,0.0,0.0,1763.8034929046366,2714.2452951971754,0.0,2714.2452951971754,1060.088995222761,1083.230597545797,813.3616906120978,1896.592288157895,-269.8689069336988,547.7841001055817,817.6530070392805,1896.592288157895,269.8689069336988,2444.3763882634767,2714.2452951971754,0.2688213703776294,0.34646382067172216,0.3847148089506485,0.0,3,-32,battery
1897.8925035417576,-291.15,1384.65,-1264.9,2443.913592478261,1184.85,-2091.95,438.85,2711.735592291402,485.35,-1711.9,2046.3,0.0,0.0,0.0,0.0,1763.385422077855,2711.735592291402,0.0,2711.735592291402,1059.4936217143097,1082.8572516774495,815.0352518643081,1897.8925035417576,-267.82199981314125,546.0210889365032,813.8430887496445,1897.8925035417576,267.82199981314125,2443.913592478261,2711.735592291402,0.26906943878800593,0.34648034993939625,0.3844502112725979,0.0,3,-33,battery
1896.892881134831,-292.7,1386.1,-1261.45,2448.361099797168,1184.9,-2097.45,437.25,2709.877590408836,486.05,-1714.25,2041.7,0.0,0.0,0.0,0.0,1763.7828928352087,2709.877590408836,0.0,2709.877590408836,1059.7630466603664,1079.2046858732492,817.6881952615813,1896.892881134831,-261.5164906116679,551.4682186623372,812.9847092740051,1896.892881134831,261.5164906116679,2448.361099797168,2709.877590408836,0.26886711636113747,0.3470326633939521,0.3841002202449105,0.0,3,-33,battery
1897.8585260761668,-291.15,1389.2,-1259.85,2444.317762178232,1187.6,-2091.25,437.0,2706.435283264686,481.55,-1712.7,2039.5,0.0,0.0,0.0,0.0,1762.1528928797711,2706.435283264686,0.0,2706.435283264686,1058.3733956479887,1079.9880235813105,817.8705024948565,1897.8585260761668,-262.11752108645396,546.4592361020652,808.5767571885192,1897.8585260761668,262.11752108645396,2444.317762178232,2706.435283264686,0.26925281763925446,0.3467800342488505,0.3839671481118951,0.0,3,-33,battery
1892.677940115539,-290.75,1379.0,-1263.35,2441.0904965813947,1185.6,-2089.55,432.5,2719.0602301162803,482.7,-1725.35,2045.35,0.0,0.0,0.0,0.0,1763.2071667033033,2719.0602301162803,0.0,2719.0602301162803,1060.523818879665,1085.3238368252125,807.3541032903265,1892.677940115539,-277.96973353488556,548.4125564658557,826.3822900007412,1892.677940115539,277.96973353488556,2441.0904965813947,2719.0602301162803,0.2683572832304087,0.34611509961497333,0.38552761715461814,0.0,3,-34,battery
1892.130473170389,-292.55,1376.95,-1264.35,2441.972133850016,1185.3,-2090.75,432.5,2715.662318385701,483.55,-1723.55,2042.15,0.0,0.0,0.0,0.0,1762.4412313515263,2715.662318385701,0.0,2715.662318385701,1059.8833758518506,1082.9103288530373,809.2201443173517,1892.130473170389,-273.69018453568515,549.8416606796268,823.5318452153119,1892.130473170389,273.69018453568515,2441.972133850016,2715.662318385701,0.26839625054042376,0.34639057609560575,0.38521317336397054,0.0,3,-38,battery
1895.8571419017837,-285.0,1393.75,-1253.2,2443.0762273207934,1186.0,-2089.55,442.5,2718.1977816192843,489.3,-1721.0,2046.3,0.0,0.0,0.0,0.0,1764.2827877104655,2718.1977816192843,0.0,2718.1977816192843,1060.745011177799,1085.4893481001375,810.3677938016465,1895.8571419017837,-275.121554298491,547.2190854190096,822.3406397175006,1895.8571419017837,275.121554298491,2443.0762273207934,2718.1977816192843,0.26864417018459724,0.3461854647591965,0.38517036505620617,0.0,3,-36,battery
1898.615351381106,-290.4,1390.3,-1259.95,2447.557873677352,1186.95,-2093.55,445.8,2714.6520711686057,486.35,-1719.15,2043.85,0.0,0.0,0.0,0.0,1765.2063240567659,2714.6520711686057,0.0,2714.6520711686057,1060.754707630374,1082.8547744361802,815.7605769449258,1898.615351381106,-267.0941974912539,548.9425222962459,816.0367197874998,1898.615351381106,267.0941974912539,2447.557873677352,2714.6520711686057,0.2688942541030759,0.3466390642727273,0.38446668162419684,0.0,3,-35,battery
1891.4486670274719,-286.9,1389.7,-1250.6,2441.738144232506,1185.55,-2088.05,443.4,2717.4430541411534,487.45,-1719.5,2047.0,0.0,0.0,0.0,0.0,1762.657466350283,2717.4430541411534,0.0,2717.4430541411534,1060.2257545893713,1083.57678846806,807.8718785594122,1891.4486670274719,-275.70490990864755,550.289477205034,825.9943871136816,1891.4486670274719,275.70490990864755,2441.738144232506,2717.4430541411534,0.2682666234273896,0.3463148953846818,0.3854184811879286,0.0,3,-35,battery
1897.7058854047957,-289.95,1394.75,-1253.75,2443.090849722949,1186.0,-2089.1,444.7,2718.5404360612333,483.2,-1716.95,2051.6,0.0,0.0,0.0,0.0,1764.8342927972444,2718.5404360612333,0.0,2718.5404360612333,1060.8819804609984,1086.5777358715402,811.1281495332557,1897.7058854047957,-275.44958633828446,545.3849643181532,820.8345506564376,1897.7058854047957,275.44958633828446,2443.090849722949,2718.5404360612333,0.26882210601157225,0.34607935426201897,0.3850985397264089,0.0,3,-35,battery
1896.296647415694,-288.5,1391.15,-1255.95,2441.028163499963,1185.95,-2087.3,441.95,2718.4620012977925,484.45,-1721.6,2047.3,0.0,0.0,0.0,0.0,1763.9467030533624,2718.4620012977925,0.0,2718.4620012977925,1060.490834195267,1086.865242606762,809.431404808932,1896.296647415694,-277.4338377978297,544.7315160842688,822.1653538820985,1896.296647415694,277.4338377978297,2441.028163499963,2718.4620012977925,0.2687576450202883,0.34596115620650325,0.3852811987732084,0.0,3,-36,battery
1896.355803244739,-290.8,1390.3,-1256.45,2442.7727734073014,1184.1,-2089.55,445.9,2721.0849334410714,489.85,-1722.55,2048.7,0.0,0.0,0.0,0.0,1765.053377523278,2721.0849334410714,0.0,2721.0849334410714,1061.361586356727,1087.3339816392545,809.0218216054845,1896.355803244739,-278.31216003376994,546.4169701625624,824.7291301963323,1896.355803244739,278.31216003376994,2442.7727734073014,2721.0849334410714,0.26859751486746886,0.3459913457171192,0.38541113941541194,0.0,3,-36,battery
1894.722486935752,-290.7,1389.9,-1254.45,2439.7133007794173,1188.3,-2084.9,439.7,2720.512946578274,486.9,-1721.65,2049.4,0.0,0.0,0.0,0.0,1763.7371835733607,2720.512946578274,0.0,2720.512946578274,1060.6942978684808,1087.7610663673045,806.9614205684475,1894.722486935752,-280.79964579885655,544.9908138436654,825.7904596425219,1894.722486935752,280.79964579885655,2439.7133007794173,2720.512946578274,0.268566442974374,0.34581587941528197,0.3856176776103441,0.0,3,-36,battery
1891.8792086177173,-290.2,1385.9,-1254.7,2437.884445067075,1188.75,-2082.45,439.95,2724.152182790088,489.55,-1722.9,2052.55,0.0,0.0,0.0,0.0,1763.47895911872,2724.152182790088,0.0,2724.152182790088,1061.1385943271293,1089.073473170365,802.8057354473522,1891.8792086177173,-286.26773772301294,546.0052364493577,832.2729741723706,1891.8792086177173,286.26773772301294,2437.884445067075,2724.152182790088,0.2682026908848354,0.34560724873709037,0.38619006037807424,0.0,3,-36,battery
1892.6146821262905,-304.65,1384.3,-1254.15,2438.9770581126836,1187.2,-2084.2,441.9,2719.7495073076125,492.1,-1720.75,2047.9,0.0,0.0,0.0,0.0,1762.8353118866467,2719.7495073076125,0.0,2719.7495073076125,1060.3399761588307,1086.69356566061,805.9211164656808,1892.6146821262905,-280.77244919492887,546.3623759863931,827.134825181322,1892.6146821262905,280.77244919492887,2438.9770581126836,2719.7495073076125,0.268404919813631,0.34588838810790656,0.3857066920784624,0.0,3,-36,battery
1892.1107955138357,-300.8,1384.0,-1254.65,2442.390677696752,1187.0,-2088.0,443.35,2715.5141773704663,490.55,-1720.15,2043.15,0.0,0.0,0.0,0.0,1762.5039126452634,2715.5141773704663,0.0,2715.5141773704663,1059.9165726768958,1082.6171475937751,809.4936479200605,1892.1107955138357,-273.1234996737144,550.2798821829163,823.4033818566306,1892.1107955138357,273.1234996737144,2442.390677696752,2715.5141773704663,0.2683839142056217,0.346437624928599,0.38517846086577934,0.0,3,-36,battery
1888.6802197566426,-297.7,1383.65,-1250.6,2441.685498277778,1187.85,-2087.8,438.1,2717.0374555754656,491.5,-1723.35,2042.25,0.0,0.0,0.0,0.0,1761.8507934024715,2717.0374555754656,0.0,2717.0374555754656,1060.0425353668984,1082.016088527165,806.6641312294776,1888.6802197566426,-275.3519572976875,553.0052785211356,828.357235818823,1888.6802197566426,275.3519572976875,2441.685498277778,2717.0374555754656,0.2679966185032671,0.3464659872761438,0.38553739422058914,0.0,3,-36,battery
1890.2677026019358,-304.25,1381.45,-1253.85,2439.385929901212,1183.1,-2088.05,436.95,2717.0099999815975,491.1,-1719.8,2045.3,0.0,0.0,0.0,0.0,1761.6659081211862,2717.0099999815975,0.0,2717.0099999815975,1059.715994400649,1083.9458863411605,806.321816260775,1890.2677026019358,-277.62407008038554,549.1182272992762,826.7422973796617,1890.2677026019358,277.62407008038554,2439.385929901212,2717.0099999815975,0.26825002599640235,0.3461760142283183,0.3855739597752794,0.0,3,-36,battery
1896.6520061677102,-291.05,1386.8,-1260.7,2451.614778569423,1188.5,-2098.9,438.75,2721.4064254535742,487.8,-1722.45,2049.7,0.0,0.0,0.0,0.0,1767.4183025476768,2721.4064254535742,0.0,2721.4064254535742,1062.860169869249,1083.2218265259307,813.4301796417794,1896.6520061677102,-269.7916468841513,554.9627724017128,824.7544192858641,1896.6520061677102,269.7916468841513,2451.614778569423,2721.4064254535742,0.26828001093936665,0.3467790809673492,0.38494090809328413,0.0,3,-37,battery
1892.978555081911,-286.6,1393.1,-1249.2,2444.739243252744,1188.45,-2090.05,442.75,2712.007725837078,490.8,-1717.75,2040.45,0.0,0.0,0.0,0.0,1762.4313810429335,2712.007725837078,0.0,2712.007725837078,1059.5336463464002,1080.1235188331225,812.8550362487888,1892.978555081911,-267.2684825843339,551.760688170833,819.0291707551669,1892.978555081911,267.2684825843339,2444.739243252744,2712.007725837078,0.2685180506093981,0.34678502515741194,0.3846969242331898,0.0,3,-36,battery
1890.2479295055452,-291.25,1388.15,-1249.5,2442.6868592801657,1188.05,-2088.5,439.8,2707.121664240453,486.15,-1718.6,2034.35,0.0,0.0,0.0,0.0,1760.014113256541,2707.121664240453,0.0,2707.121664240453,1058.0247299863988,1077.3413672329161,812.9065622726291,1890.2479295055452,-264.43480496028724,552.4389297746204,816.8737347349077,1890.2479295055452,264.43480496028724,2442.6868592801657,2707.121664240453,0.26849897328494055,0.3469697829241381,0.38453124379092135,0.0,3,-37,battery
1891.4762792591398,-287.25,1387.05,-1253.5,2438.207620363779,1183.2,-2085.0,444.6,2711.997323468443,486.6,-1718.75,2040.6,0.0,0.0,0.0,0.0,1760.4203057728405,2711.997323468443,0.0,2711.997323468443,1058.4363213711342,1082.632991181902,808.843288077238,1891.4762792591398,-273.7897031046641,546.7313411046391,820.5210442093032,1891.4762792591398,273.7897031046641,2438.207620363779,2711.997323468443,0.26861146071999614,0.3462536208495652,0.3851349184304386,0.0,3,-36,battery
1890.8496258296161,-294.75,1383.85,-1254.35,2440.1494119213276,1186.65,-2085.8,442.3,2713.5625835790115,492.05,-1719.55,2040.7,0.0,0.0,0.0,0.0,1761.1404053324889,2713.5625835790115,0.0,2713.5625835790115,1059.0799362915516,1082.1313987436502,808.7182270859662,1890.8496258296161,-273.41317165768396,549.2997860917114,822.7129577493954,1890.8496258296161,273.41317165768396,2440.1494119213276,2713.5625835790115,0.26841267455229373,0.346387687848864,0.38519963759884224,0.0,3,-35,battery
1889.5315385036577,-293.3,1384.35,-1252.15,2444.3578062550496,1186.85,-2089.95,445.4,2712.1658665170166,485.85,-1719.05,2040.75,0.0,0.0,0.0,0.0,1761.5138028189308,2712.1658665170166,0.0,2712.1658665170166,1059.402508187227,1078.6697993828125,810.8617391208452,1889.5315385036577,-267.80806026196706,554.8262677513919,822.634328013359,1889.5315385036577,267.80806026196706,2444.3578062550496,2712.1658665170166,0.26816871027065775,0.34691153176650835,0.384919757962834,0.0,3,-35,battery
1891.7862921059557,-297.15,1388.5,-1250.05,2442.1047858353663,1190.4,-2085.75,443.25,2711.098088874691,488.15,-1718.85,2038.95,0.0,0.0,0.0,0.0,1761.2472917040031,2711.098088874691,0.0,2711.098088874691,1058.8691984094703,1080.3897975726402,811.3964945333155,1891.7862921059557,-268.9933030393245,550.3184937294106,819.3117967687351,1891.7862921059557,268.9933030393245,2442.1047858353663,2711.098088874691,0.2685293401183397,0.34664422158921177,0.38482643829244856,0.0,3,-35,battery
1895.0329759663816,-294.5,1390.2,-1253.7,2441.003864191943,1186.2,-2085.85,447.95,2711.2243327507963,487.2,-1719.2,2039.05,0.0,0.0,0.0,0.0,1761.81529322728,2711.2243327507963,0.0,2711.2243327507963,1058.821835544334,1082.6267222626172,812.4062537037642,1895.0329759663816,-270.2204685588531,545.9708882255616,816.1913567844147,1895.0329759663816,270.2204685588531,2441.003864191943,2711.2243327507963,0.2689034689463778,0.3463762452249649,0.3847202858286574,0.0,3,-35,battery
1890.4266006645166,-291.55,1387.7,-1250.2,2442.6223991849415,1188.35,-2087.45,443.6,2711.554152603263,487.5,-1716.25,2041.9,0.0,0.0,0.0,0.0,1761.1507881131802,2711.554152603263,0.0,2711.554152603263,1059.0130365242553,1079.679177041419,810.7474236230973,1890.4266006645166,-268.9317534183215,552.1957985204249,821.1275519387464,1890.4266006645166,268.9317534183215,2442.6223991849415,2711.554152603263,0.26835104260008263,0.3467366928021337,0.3849122645977837,0.0,3,-35,battery
1915.5377743599838,-285.6,1397.05,-1279.05,2440.475872652709,1185.65,-2086.4,443.95,2718.402536877127,493.6,-1721.7,2044.95,0.0,0.0,0.0,0.0,1768.604045972455,2718.402536877127,0.0,2718.402536877127,1061.022939994637,1096.732219292201,818.8055550677827,1915.5377743599838,-277.92666422441835,524.938098292725,802.8647625171434,1915.5377743599838,277.92666422441835,2440.475872652709,2718.402536877127,0.27076973202709403,0.34497205270595627,0.3842582152669497,0.0,3,-35,battery
1888.5347872093857,-285.7,1386.25,-1250.3,2441.264292840904,1183.25,-2089.15,441.75,2713.14040642942,484.8,-1721.95,2039.85,0.0,0.0,0.0,0.0,1760.7348716199276,2713.14040642942,0.0,2713.14040642942,1059.0935631999457,1080.2054503989511,808.329336810435,1888.5347872093857,-271.8761135885161,552.7295056315184,824.6056192200344,1888.5347872093857,271.8761135885161,2441.264292840904,2713.14040642942,0.2681458204823135,0.3466257657796698,0.38522841373801664,0.0,3,-39,battery
1896.8069933443412,-286.0,1390.6,-1257.9,2440.67175230509,1183.8,-2086.2,450.85,2711.2428589117576,489.8,-1717.6,2039.8,0.0,0.0,0.0,0.0,1762.1804011402974,2711.2428589117576,0.0,2711.2428589117576,1058.8288515912386,1083.6890499755045,813.1179433688369,1896.8069933443412,-270.5711066066674,543.864758960749,814.4358655674164,1896.8069933443412,270.5711066066674,2440.67175230509,2711.2428589117576,0.2690994338770491,0.3462573625727742,0.38464320355017667,0.0,3,-37,battery
1892.4227659273179,-285.75,1385.8,-1256.65,2443.4677550563256,1186.3,-2088.3,449.7,2711.176791542742,488.65,-1716.1,2041.25,0.0,0.0,0.0,0.0,1761.7668281315964,2711.176791542742,0.0,2711.176791542742,1059.125672805231,1080.0659012068672,812.3568647204504,1892.4227659273179,-267.7090364864166,551.0449891290077,818.7540256154243,1892.4227659273179,267.7090364864166,2443.4677550563256,2711.176791542742,0.2685404696736012,0.346735407325113,0.3847241230012859,0.0,3,-34,battery
1896.838562582488,-292.6,1382.35,-1265.5,2445.644058831947,1186.4,-2090.25,452.2,2720.5393403698467,474.05,-1722.3,2051.9,0.0,0.0,0.0,0.0,1765.7554904460703,2720.5393403698467,0.0,2720.5393403698467,1061.7127541546051,1085.866922060194,810.9716405222941,1896.838562582488,-274.8952815378998,548.8054962494589,823.7007777873587,1896.838562582488,274.8952815378998,2445.644058831947,2720.5393403698467,0.2685590633648976,0.3462602936907931,0.38518064294430937,0.0,3,-37,battery
1899.331356688453,-293.2,1386.6,-1264.45,2447.65307233276,1188.0,-2091.4,453.55,2707.9383140130794,482.7,-1712.25,2041.6,0.0,0.0,0.0,0.0,1763.7306857585731,2707.9383140130794,0.0,2707.9383140130794,1059.2935558609772,1079.8082991843864,819.5230575040669,1899.331356688453,-260.28524168031936,548.321715644307,808.6069573246264,1899.331356688453,260.28524168031936,2447.65307233276,2707.9383140130794,0.26922071663559544,0.34694257633784303,0.38383670702656153,0.0,3,-40,battery
1897.271080394154,-293.3,1382.2,-1266.15,2453.674743114906,1184.45,-2099.8,456.55,2710.2775526687296,487.0,-1716.1,2040.45,0.0,0.0,0.0,0.0,1765.3058440444474,2710.2775526687296,0.0,2710.2775526687296,1060.7241415573235,1076.9369449739888,820.3341354201655,1897.271080394154,-256.6028095538236,556.403662720752,813.0064722745756,1897.271080394154,256.6028095538236,2453.674743114906,2710.2775526687296,0.2686887213899667,0.3474857843178826,0.38382549429215074,0.0,3,-39,battery
1892.2310337271185,-285.45,1385.6,-1256.65,2450.6455904516265,1186.4,-2097.3,446.6,2721.794282270429,489.3,-1716.85,2054.55,0.0,0.0,0.0,0.0,1766.1677266122936,2721.794282270429,0.0,2721.794282270429,1062.65851239858,1081.6898627729604,810.5411709541581,1892.2310337271185,-271.1486918188025,558.414556724508,829.5632485433105,1892.2310337271185,271.1486918188025,2450.6455904516265,2721.794282270429,0.26784418676880545,0.3468874379151177,0.3852683753160768,0.0,3,-37,battery
1897.680432132871,-291.55,1386.1,-1262.9,2450.6547176213953,1185.55,-2097.45,448.2,2739.3726900515016,492.45,-1729.1,2066.85,0.0,0.0,0.0,0.0,1771.9269599514419,2739.3726900515016,0.0,2739.3726900515016,1066.7897750832828,1093.1992022814884,804.4812298513823,1897.680432132871,-288.71797243010633,552.9742854885244,841.6922579186307,1897.680432132871,288.71797243010633,2450.6547176213953,2739.3726900515016,0.26774247401609536,0.34576124933622454,0.3864962766476802,0.0,3,-37,battery
1892.793072419698,-288.45,1381.15,-1261.7,2441.1064929658437,1183.9,-2086.9,449.7,2715.247653990332,486.65,-1718.4,2045.2,0.0,0.0,0.0,0.0,1762.2868048439684,2715.247653990332,0.0,2715.247653990332,1059.6717908616033,1083.4671167220934,809.325955697605,1892.793072419698,-274.14116102448816,548.3134205461456,822.4545815706338,1892.793072419698,274.14116102448816,2441.1064929658437,2715.247653990332,0.2685137667740871,0.34629812897878126,0.3851881042471316,0.0,3,-36,battery
1897.2233777286215,-301.2,1385.55,-1260.55,2445.133252503839,1186.65,-2084.4,475.2,2734.3280403967624,481.0,-1707.35,2080.9,0.0,0.0,0.0,0.0,1769.1711676573054,2734.3280403967624,0.0,2734.3280403967624,1064.7554317917732,1093.2090828107725,804.0142949178487,1897.2233777286215,-289.1947878929236,547.9098747752173,837.1046626681409,1897.2233777286215,289.1947878929236,2445.133252503839,2734.3280403967624,0.26809494361148783,0.34551959940394383,0.3863854569845685,0.0,3,-34,battery
1898.1218776727696,-295.95,1388.5,-1259.9,2446.602208676351,1184.25,-2086.95,477.55,2736.0661898060876,484.1,-1711.75,2078.85,0.0,0.0,0.0,0.0,1770.1975690388022,2736.0661898060876,0.0,2736.0661898060876,1065.4094859813836,1093.792929401253,804.3289482715165,1898.1218776727696,-289.46398112973657,548.4803310035813,837.9443121333179,1898.1218776727696,289.46398112973657,2446.602208676351,2736.0661898060876,0.26806638858726783,0.34552671569942744,0.38640689571330467,0.0,3,-42,battery
1899.4341749584269,-299.65,1386.0,-1263.75,2445.948839918775,1182.95,-2087.15,476.55,2736.1911967185333,485.0,-1709.75,2080.45,0.0,0.0,0.0,0.0,1770.3935528989336,2736.1911967185333,0.0,2736.1911967185333,1065.373742978909,1094.838265879093,804.595909079334,1899.4341749584269,-290.24235679975845,546.514664960348,836.7570217601065,1899.4341749584269,290.24235679975845,2445.948839918775,2736.1911967185333,0.26822202496278236,0.34539620243104313,0.3863817726061746,0.0,3,-45,battery
1897.3639839261205,-293.25,1384.35,-1263.95,2441.197580082366,1185.75,-2081.25,471.0,2735.2225553874036,477.05,-1709.95,2080.85,0.0,0.0,0.0,0.0,1768.4460298489726,2735.2225553874036,0.0,2735.2225553874036,1064.3393136173288,1095.6944796155792,801.6695043105417,1897.3639839261205,-294.0249753050375,543.8335961562457,837.8585714612832,1897.3639839261205,294.0249753050375,2441.197580082366,2735.2225553874036,0.2682247509821034,0.3451049026770197,0.3866703463408769,0.0,3,-43,battery
1892.8452379949078,-294.05,1384.05,-1257.3,2446.0250351335326,1186.1,-2085.85,474.8,2731.197574782901,480.25,-1710.7,2074.2,0.0,0.0,0.0,0.0,1767.5169619778353,2731.197574782901,0.0,2731.197574782901,1064.0579068456016,1089.008888822138,803.8363491727696,1892.8452379949078,-285.17253964936845,553.1797971386247,838.3523367879932,1892.8452379949078,285.17253964936845,2446.0250351335326,2731.197574782901,0.2677266015988938,0.34596910351520094,0.38630429488590534,0.0,3,-42,battery
1897.789244094296,-294.65,1387.05,-1261.3,2447.0744584094696,1188.6,-2085.35,476.15,2732.652329239854,482.65,-1709.8,2076.3,0.0,0.0,0.0,0.0,1769.379007935905,2732.652329239854,0.0,2732.652329239854,1064.7015870189884,1091.6835574623403,806.1056866319559,1897.789244094296,-285.57787083038465,549.2852143151736,834.8630851455582,1897.789244094296,285.57787083038465,2447.0744584094696,2732.652329239854,0.2681434044914139,0.34575329076387934,0.38610330474470667,0.0,3,-44,battery
1894.6181072976156,-290.85,1382.6,-1262.3,2449.109608612893,1186.1,-2089.75,473.55,2732.5160461559963,479.85,-1706.6,2079.4,0.0,0.0,0.0,0.0,1769.0609405166263,2732.5160461559963,0.0,2732.5160461559963,1064.9005992290683,1089.012272420359,805.6058348772563,1894.6181072976156,-283.40643754310304,554.4915013152777,837.8979388583807,1894.6181072976156,283.40643754310304,2449.109608612893,2732.5160461559963,0.267743476765747,0.34610305848164696,0.386153464752606,0.0,3,-43,battery
1898.8170567487537,-294.85,1388.05,-1261.7,2447.8256994729018,1185.55,-2088.75,472.7,2734.2291994271436,484.55,-1707.65,2079.7,0.0,0.0,0.0,0.0,1770.2179889121999,2734.2291994271436,0.0,2734.2291994271436,1065.2088142620896,1092.610278351498,806.2067783972561,1898.8170567487537,-286.40349995424185,549.0086427241481,835.41214267839,1898.8170567487537,286.40349995424185,2447.8256994729018,2734.2291994271436,0.268161473423335,0.34569551812332056,0.38614300845334437,0.0,3,-43,battery
1893.520396642191,-293.1,1382.4,-1260.35,2449.1922316347486,1186.35,-2090.45,470.25,2731.1675639733276,480.6,-1712.25,2072.8,0.0,0.0,0.0,0.0,1768.4700480625668,2731.1675639733276,0.0,2731.1675639733276,1064.5765706282393,1087.7478644903847,805.772532151806,1893.520396642191,-281.97533233857894,555.6718349925577,837.6471673311366,1893.520396642191,281.97533233857894,2449.1922316347486,2731.1675639733276,0.26767775890756845,0.34623038064992134,0.3860918604425102,0.0,3,-43,battery
1894.883976659257,-296.15,1383.8,-1260.15,2445.6155917273672,1189.65,-2082.5,478.5,2735.135889677147,482.35,-1708.75,2080.5,0.0,0.0,0.0,0.0,1768.908864515943,2735.135889677147,0.0,2735.135889677147,1064.9454162828804,1092.2021373045186,802.6818393547387,1894.883976659257,-289.5202979497799,550.7316150681102,840.25191301789,1894.883976659257,289.5202979497799,2445.6155917273672,2735.135889677147,0.2678040704456794,0.3456390039060327,0.3865569256482879,0.0,3,-43,battery
1897.7980121709475,-297.05,1386.55,-1261.3,2445.53448145799,1186.3,-2086.0,471.1,2737.0755903883987,482.75,-1710.95,2081.15,0.0,0.0,0.0,0.0,1770.102021004334,2737.0755903883987,0.0,2737.0755903883987,1065.459328581515,1094.6695605506782,803.1284516202693,1897.7980121709475,-291.5411089304089,547.7364692870424,839.2775782174513,1897.7980121709475,291.5411089304089,2445.53448145799,2737.0755903883987,0.26803511741856556,0.34539456658978673,0.38657031599164776,0.0,3,-44,battery
1898.2307716660798,-295.8,1388.0,-1260.65,2440.708401776009,1185.25,-2081.3,469.5,2738.5064638411936,482.6,-1711.7,2082.45,0.0,0.0,0.0,0.0,1769.3614093208207,2738.5064638411936,0.0,2738.5064638411936,1065.0347447765446,1098.014416865632,800.2163548004476,1898.2307716660798,-297.7980620651847,542.4776301099291,840.2756921751138,1898.2307716660798,297.7980620651847,2440.708401776009,2738.5064638411936,0.2682084566875919,0.34485724467011075,0.3869342986422973,0.0,3,-44,battery
1893.3561088712288,-297.55,1382.5,-1258.95,2447.045687150119,1185.45,-2087.7,473.55,2734.0438781226608,481.15,-1711.05,2077.45,0.0,0.0,0.0,0.0,1768.611418536002,2734.0438781226608,0.0,2734.0438781226608,1064.880331116633,1090.1771499218853,803.1789589493435,1893.3561088712288,-286.9981909725416,553.6895782788904,840.687769251432,1893.3561088712288,286.9981909725416,2447.045687150119,2734.0438781226608,0.2676331399067985,0.34589928311891466,0.38646757697428696,0.0,3,-44,battery
1900.0251597018394,-296.15,1386.65,-1264.75,2443.6014369164213,1185.8,-2082.95,475.8,2736.706960015997,481.65,-1711.4,2080.55,0.0,0.0,0.0,0.0,1770.0833891585644,2736.706960015997,0.0,2736.706960015997,1065.1370518271017,1096.5653414007074,803.4598183011319,1900.0251597018394,-293.10552309957575,543.576277214582,836.6818003141577,1900.0251597018394,293.10552309957575,2443.6014369164213,2736.706960015997,0.268352492789202,0.34512518617527166,0.3865223210355264,0.0,3,-44,battery
1895.3553261855677,-297.9,1386.75,-1257.2,2446.4544860879796,1184.65,-2087.2,474.7,2733.620526883715,480.75,-1710.0,2077.85,0.0,0.0,0.0,0.0,1768.8575847893155,2733.620526883715,0.0,2733.620526883715,1064.7492579162988,1091.2606834906514,804.0946426949163,1895.3553261855677,-287.16604079573517,551.0991599024119,838.265200698147,1895.3553261855677,287.16604079573517,2446.4544860879796,2733.620526883715,0.26787845195735743,0.34576758851665423,0.38635395952598833,0.0,3,-43,battery
1895.0730520220056,-298.25,1380.0,-1264.1,2444.4149780673492,1183.95,-2085.4,473.85,2737.0395704117977,482.4,-1715.3,2077.6,0.0,0.0,0.0,0.0,1769.1319001252882,2737.0395704117977,0.0,2737.0395704117977,1065.192628980358,1093.848822183227,801.2242298387785,1895.0730520220056,-292.6245923444485,549.3419260453436,841.9665183897921,1895.0730520220056,292.6245923444485,2444.4149780673492,2737.0395704117977,0.2677970268762604,0.34542576756066606,0.3867772055630735,0.0,3,-43,battery
1896.8822966910732,-293.65,1382.05,-1265.65,2446.3498334253013,1189.55,-2084.55,473.55,2735.1756844853676,476.35,-1710.8,2080.25,0.0,0.0,0.0,0.0,1769.6019536504355,2735.1756844853676,0.0,2735.1756844853676,1065.1304711802031,1092.8540738755698,804.0282228155036,1896.8822966910732,-288.82585106006627,549.4675367342281,838.2933877942944,1896.8822966910732,288.82585106006627,2446.3498334253013,2735.1756844853676,0.26798149334912247,0.34560735938085285,0.38641114727002474,0.0,3,-44,battery
1898.8117975460336,-296.2,1386.8,-1262.75,2446.070596896173,1185.25,-2086.75,473.2,2736.302955631923,483.05,-1708.35,2082.2,0.0,0.0,0.0,0.0,1770.2963375185323,2736.302955631923,0.0,2736.302955631923,1065.3995708153207,1094.522078140892,804.2897194051418,1898.8117975460336,-290.23235873575004,547.2587993501393,837.4911580858893,1898.8117975460336,290.23235873575004,2446.070596896173,2736.302955631923,0.2681488626090201,0.34543236421153223,0.3864187731794477,0.0,3,-43,battery
1897.160769413072,-295.65,1386.25,-1261.0,2450.635988371182,1190.15,-2089.35,473.05,2733.8431712517818,482.15,-1709.05,2078.6,0.0,0.0,0.0,0.0,1770.4099822590088,2733.8431712517818,0.0,2733.8431712517818,1065.5196145978052,1090.183976146836,806.976793266236,1897.160769413072,-283.2071828805997,553.47521895811,836.6824018387097,1897.160769413072,283.2071828805997,2450.635988371182,2733.8431712517818,0.2678985077502122,0.3460548704718974,0.3860466217778905,0.0,3,-44,battery
1895.3080396072826,-293.8,1383.15,-1262.05,2446.4692017272564,1187.85,-2084.85,477.1,2734.3262520226076,485.3,-1709.6,2078.05,0.0,0.0,0.0,0.0,1769.0258733392866,2734.3262520226076,0.0,2734.3262520226076,1064.9100913134284,1091.5825449513168,803.7254946559658,1895.3080396072826,-287.8570502953512,551.1611621199738,839.018212415325,1895.3080396072826,287.8570502953512,2446.4692017272564,2734.3262520226076,0.2678462859378111,0.3457367750519668,0.38641693901022206,0.0,3,-43,battery
1896.544675851323,-294.55,1387.05,-1259.45,2445.129441358882,1187.05,-2084.35,474.4,2734.68655470787,481.75,-1708.2,2080.5,0.0,0.0,0.0,0.0,1769.0901679795188,2734.68655470787,0.0,2734.68655470787,1064.81572997782,1093.0508946001555,803.4937812511673,1896.544675851323,-289.55711334898797,548.584765507559,838.141878856547,1896.544675851323,289.55711334898797,2445.129441358882,2734.68655470787,0.26801130747583235,0.3455348808126989,0.3864538117114687,0.0,3,-43,battery
1898.4564545967337,-292.1,1386.5,-1263.5,2446.2482054157954,1186.4,-2086.35,473.0,2736.1590807188095,478.45,-1711.3,2080.65,0.0,0.0,0.0,0.0,1770.2159351828345,2736.1590807188095,0.0,2736.1590807188095,1065.3844234358612,1094.1836649498737,804.2727896468596,1898.4564545967337,-289.9108753030141,547.7917508190617,837.7026261220758,1898.4564545967337,289.9108753030141,2446.2482054157954,2736.1590807188095,0.2681108582384123,0.3454731364683961,0.38641600529319164,0.0,3,-44,battery
1894.3207146626467,-293.2,1382.7,-1261.2,2447.7125142671475,1189.05,-2086.4,473.7,2735.7062625581716,482.95,-1709.25,2080.7,0.0,0.0,0.0,0.0,1769.4348728719915,2735.7062625581716,0.0,2735.7062625581716,1065.3916181571356,1091.1572314768355,803.1634831858112,1894.3207146626467,-287.9937482910241,553.3917996045009,841.385547895525,1894.3207146626467,287.9937482910241,2447.7125142671475,2735.7062625581716,0.2676448768622876,0.3458325242417986,0.3865225988959137,0.0,3,-44,battery
1897.5343824289455,-293.5,1384.85,-1263.6,2443.7955693960985,1186.35,-2083.4,473.45,2734.9248609422525,480.75,-1709.35,2080.1,0.0,0.0,0.0,0.0,1769.063703191824,2734.9248609422525,0.0,2734.9248609422525,1064.6879787873204,1094.3318369875497,803.2025454413958,1897.5343824289455,-291.12929154615404,546.261186967153,837.390478513307,1897.5343824289455,291.12929154615404,2443.7955693960985,2734.9248609422525,0.2681551799131553,0.34535155022779745,0.38649326985904725,0.0,3,-44,battery
1895.7020038761366,-296.35,1382.05,-1263.25,2446.7870064637827,1185.3,-2087.55,473.25,2734.457885029499,482.75,-1710.35,2078.2,0.0,0.0,0.0,0.0,1769.2367238423544,2734.457885029499,0.0,2734.457885029499,1065.002151116406,1091.686441220926,804.0155626552103,1895.7020038761366,-287.67087856571607,551.0850025876462,838.7558811533622,1895.7020038761366,287.67087856571607,2446.7870064637827,2734.457885029499,0.2678700337735374,0.34574047857625756,0.3863894876502051,0.0,3,-44,battery
1898.1627986029016,-293.0,1389.0,-1260.1,2447.0582614641608,1185.9,-2087.05,475.35,2735.7169997095825,482.3,-1711.7,2078.85,0.0,0.0,0.0,0.0,1770.2345149441612,2735.7169997095825,0.0,2735.7169997095825,1065.40399566334,1093.4107684241617,804.7520301787399,1898.1627986029016,-288.6587382454218,548.8954628612591,837.5542011066809,1898.1627986029016,288.6587382454218,2447.0582614641608,2735.7169997095825,0.26806657290019786,0.34558391004218847,0.38634951705761367,0.0,3,-44,battery
1893.0076604440883,-292.2,1384.8,-1257.15,2445.4263503528377,1186.5,-2085.25,473.35,2734.8596586479534,481.8,-1708.95,2080.1,0.0,0.0,0.0,0.0,1768.3234173612198,2734.8596586479534,0.0,2734.8596586479534,1064.7974638925175,1091.220484369602,801.7871760744861,1893.0076604440883,-289.4333082951157,552.4186899087495,841.8519982038652,1893.0076604440883,289.4333082951157,2445.4263503528377,2734.8596586479534,0.26762746591753683,0.3457266818874718,0.3866458521949915,0.0,3,-45,battery
1893.3888857020368,-293.5,1380.4,-1262.25,2446.9314937284207,1183.7,-2088.15,475.35,2732.096054771867,480.7,-1707.15,2078.2,0.0,0.0,0.0,0.0,1768.104108550581,2732.096054771867,0.0,2732.096054771867,1064.421850737082,1089.2767233727413,804.1121623292952,1893.3888857020368,-285.16456104344616,553.542608026384,838.7071690698301,1893.3888857020368,285.16456104344616,2446.9314937284207,2732.096054771867,0.267714564508048,0.34598238331880726,0.38630305217314476,0.0,3,-45,battery
1893.0637528884229,-295.9,1384.0,-1257.25,2448.613095713571,1186.6,-2088.35,475.9,2734.0146099646213,480.95,-1708.75,2079.35,0.0,0.0,0.0,0.0,1768.9228646416536,2734.0146099646213,0.0,2734.0146099646213,1065.1150111950187,1089.2326335697367,803.8311193186862,1893.0637528884229,-285.40151425105023,555.5493428251482,840.9508570761984,1893.0637528884229,285.40151425105023,2448.613095713571,2734.0146099646213,0.26754470060964436,0.34605990242112794,0.38639539696922776,0.0,3,-45,battery
1892.7483463207675,-290.3,1383.3,-1258.85,2448.362132120165,1188.3,-2088.2,471.0,2736.7365026615184,482.8,-1710.15,2081.35,0.0,0.0,0.0,0.0,1769.4617452756129,2736.7365026615184,0.0,2736.7365026615184,1065.682955377059,1090.5613584310606,802.1869878897071,1892.7483463207675,-288.3743705413535,555.6137857993974,843.988156340751,1892.7483463207675,288.3743705413535,2448.362132120165,2736.7365026615184,0.2674186587212643,0.3459190540085406,0.38666228727019497,0.0,3,-44,battery
1895.2292229437578,-290.85,1384.85,-1260.75,2448.818095530985,1187.45,-2088.8,472.85,2736.0455410135264,480.8,-1711.25,2080.0,0.0,0.0,0.0,0.0,1770.0232148720672,2736.0455410135264,0.0,2736.0455410135264,1065.6711911110067,1091.2283342131498,804.000888730608,1895.2292229437578,-287.2274454825415,553.5888725872271,840.8163180697686,1895.2292229437578,287.2274454825415,2448.818095530985,2736.0455410135264,0.2676842324749876,0.3458737256883915,0.3864420418366209,0.0,3,-45,battery
1896.8437000712527,-295.0,1387.0,-1259.85,2444.233397713893,1185.8,-2083.05,478.6,2733.770080859032,481.15,-1708.85,2078.9,0.0,0.0,0.0,0.0,1768.7117946610442,2733.770080859032,0.0,2733.770080859032,1064.4747683373746,1093.1901916081958,803.6535084630566,1896.8437000712527,-289.53668314513925,547.3896976426402,836.9263807877794,1896.8437000712527,289.53668314513925,2444.233397713893,2733.770080859032,0.26811090786483444,0.3454821476698392,0.3864069444653265,0.0,3,-44,battery
1901.7015295518906,-295.15,1389.25,-1264.65,2447.094711080877,1189.15,-2085.55,474.0,2737.974573475802,488.2,-1711.45,2080.65,0.0,0.0,0.0,0.0,1771.6927035271424,2737.974573475802,0.0,2737.974573475802,1066.0283596807758,1096.290695973408,805.4108335784829,1901.7015295518906,-290.8798623949251,545.3931815289864,836.2730439239115,1901.7015295518906,290.8798623949251,2447.094711080877,2737.974573475802,0.2683452843946812,0.34530462114128524,0.3863500944640336,0.0,3,-44,battery
1897.151932503035,-294.95,1385.75,-1261.7,2446.6067971784923,1184.5,-2087.6,474.1,2731.871498625073,481.8,-1707.15,2077.65,0.0,0.0,0.0,0.0,1768.90755707665,2731.871498625073,0.0,2731.871498625073,1064.4313479586735,1091.2083169748075,805.9436155282272,1897.151932503035,-285.2647014465806,549.4548646754574,834.719566122038,1897.151932503035,285.2647014465806,2446.6067971784923,2731.871498625073,0.2681247989632547,0.3457793466072683,0.38609585442947714,0.0,3,-45,battery
1898.3342823380713,-294.25,1385.65,-1263.75,2446.37568813541,1187.45,-2085.55,474.55,2735.3317266832555,482.15,-1709.85,2079.9,0.0,0.0,0.0,0.0,1770.0104242891841,2735.3317266832555,0.0,2735.3317266832555,1065.2134881832949,1093.645160442958,804.6891218951127,1898.3342823380713,-288.9560385478453,548.0414057973389,836.9974443451842,1898.3342823380713,288.9560385478453,2446.37568813541,2735.3317266832555,0.2681247319631494,0.34553125430290144,0.3863440137339492,0.0,3,-45,battery
1897.4851277414534,-291.8,1387.6,-1260.9,2444.808813588498,1183.65,-2086.1,473.55,2736.785541926879,482.2,-1709.85,2081.8,0.0,0.0,0.0,0.0,1769.7698708142077,2736.785541926879,0.0,2736.785541926879,1065.2691520142987,1094.7309280399172,802.7541997015364,1897.4851277414534,-291.9767283383808,547.3236858470448,839.3004141854256,1897.4851277414534,291.9767283383808,2444.808813588498,2736.785541926879,0.268041223753641,0.3453568814096334,0.3866018948367256,0.0,3,-45,battery
1895.7641401292515,-296.7,1384.25,-1260.85,2447.4858370376733,1187.25,-2087.0,474.4,2738.337654946884,484.55,-1709.6,2083.5,0.0,0.0,0.0,0.0,1770.3969080284521,2738.337654946884,0.0,2738.337654946884,1065.9949416124339,1093.307979019231,802.4561611100203,1895.7641401292515,-290.8518179092107,551.7216969084218,842.5735148176325,1895.7641401292515,290.8518179092107,2447.4858370376733,2738.337654946884,0.26770326635969033,0.3456125891796829,0.3866841444606268,0.0,3,-45,battery
1897.497626480729,-297.1,1387.9,-1259.35,2443.0506395693074,1184.95,-2083.05,474.65,2733.102038435448,479.8,-1708.1,2078.95,0.0,0.0,0.0,0.0,1768.412576121371,2733.102038435448,0.0,2733.102038435448,1064.1555648685846,1093.7745126734349,803.7231138072943,1897.497626480729,-290.0513988661405,545.5530130885784,835.6044119547189,1897.497626480729,290.0513988661405,2443.0506395693074,2733.102038435448,0.26824871810209555,0.3453733976671338,0.38637788423077063,0.0,3,-45,battery
1897.6231639869916,-292.1,1385.45,-1263.4,2446.958275083578,1187.6,-2086.0,475.2,2737.5066109509216,482.65,-1711.85,2081.0,0.0,0.0,0.0,0.0,1770.5220125053727,2737.5066109509216,0.0,2737.5066109509216,1065.7776656549547,1094.0857499271679,803.5374140598237,1897.6231639869916,-290.54833586734367,549.3351110965864,839.88344696393,1897.6231639869916,290.54833586734367,2446.958275083578,2737.5066109509216,0.2679468471139996,0.3455136758820942,0.3865394770039063,0.0,3,-45,battery
1896.5693462143693,-294.25,1384.6,-1262.25,2449.3785482240182,1187.4,-2089.1,474.55,2734.4834745340845,482.9,-1713.2,2075.85,0.0,0.0,0.0,0.0,1770.1078422431178,2734.4834745340845,0.0,2734.4834745340845,1065.446307576976,1090.8371362622179,805.7322099521514,1896.5693462143693,-285.1049263100663,552.809202009649,837.9141283197152,1896.5693462143693,285.1049263100663,2449.3785482240182,2734.4834745340845,0.26786070613231633,0.34593634491784897,0.3862029489498348,0.0,3,-44,battery
1894.697346543769,-294.5,1383.35,-1260.75,2446.4439355930476,1186.7,-2086.0,474.8,2734.4184614831725,481.8,-1709.4,2079.15,0.0,0.0,0.0,0.0,1768.8899359049974,2734.4184614831725,0.0,2734.4184614831725,1064.9089005774224,1091.335936216947,803.3614103268221,1894.697346543769,-287.9745258901248,551.7465890492786,839.7211149394034,1894.697346543769,287.9745258901248,2446.4439355930476,2734.4184614831725,0.26778055944651047,0.3457597736771283,0.38645966687636113,0.0,3,-45,battery
1899.5744266808815,-295.15,1386.2,-1264.8,2445.0479969726566,1183.95,-2086.55,472.05,2735.010548882764,479.9,-1709.3,2080.45,0.0,0.0,0.0,0.0,1769.9082431340755,2735.010548882764,0.0,2735.010548882764,1064.9676821439464,1094.7684892954944,804.8059373853871,1899.5744266808815,-289.9625519101073,545.4735702917751,835.4361222018824,1899.5744266808815,289.9625519101073,2445.0479969726566,2735.010548882764,0.2683153821744452,0.34536366594957957,0.3863209518759752,0.0,3,-45,battery
1896.301427779877,-296.95,1383.2,-1262.75,2448.453947902635,1183.1,-2090.75,473.25,2734.667495784451,483.0,-1710.25,2078.5,0.0,0.0,0.0,0.0,1769.8557178667406,2734.667495784451,0.0,2734.667495784451,1065.3327067444254,1091.2574878308467,805.0439399490303,1896.301427779877,-286.21354788181634,552.1525201227578,838.3660680045741,1896.301427779877,286.21354788181634,2448.453947902635,2734.667495784451,0.26786101949394286,0.3458550212858352,0.386283959220222,0.0,3,-42,battery
1896.3797180417218,-295.15,1384.65,-1261.7,2447.3747026150286,1187.35,-2086.3,476.65,2734.511018902648,484.15,-1704.8,2082.5,0.0,0.0,0.0,0.0,1769.5663598898498,2734.511018902648,0.0,2734.511018902648,1065.1278179501214,1091.7580171646705,804.6217008770514,1896.3797180417218,-287.1363162876196,550.9949845733067,838.1313008609263,1896.3797180417218,287.1363162876196,2447.3747026150286,2734.511018902648,0.26791588055501997,0.34575910207280536,0.3863250173721746,0.0,3,-48,battery
1897.7210991080856,-295.2,1389.2,-1258.7,2441.9362286923056,1182.15,-2086.75,459.4,2714.9210808051125,489.45,-1713.15,2048.5,0.0,0.0,0.0,0.0,1763.6446021513757,2714.9210808051125,0.0,2714.9210808051125,1059.8850479190255,1085.3529756104465,812.3681234976391,1897.7210991080856,-272.98485211280695,544.21512958422,817.1999816970269,1897.7210991080856,272.98485211280695,2441.9362286923056,2714.9210808051125,0.26900560022029907,0.34614913709280176,0.3848452626868993,0.0,3,-31,battery
1893.9934371586403,-294.1,1385.7,-1257.2,2444.9629082053575,1184.2,-2089.35,458.4,2720.055342727423,491.95,-1715.25,2052.95,0.0,0.0,0.0,0.0,1764.7529220228553,2720.055342727423,0.0,2720.055342727423,1061.4075945233262,1084.5429358403528,809.4505013182873,1893.9934371586403,-275.09243452206556,550.9694710467172,826.0619055687828,1893.9934371586403,275.09243452206556,2444.9629082053575,2720.055342727423,0.26830858494735377,0.3463605128080492,0.385330902244597,0.0,3,-41,battery
1898.494798518026,-293.6,1391.5,-1257.7,2448.140129261395,1185.65,-2091.1,463.6,2713.820212818086,484.05,-1715.15,2046.65,0.0,0.0,0.0,0.0,1765.1137851493768,2713.820212818086,0.0,2713.820212818086,1060.6585268009871,1082.0874410373583,816.4073574806678,1898.494798518026,-265.680083556691,549.645330743369,815.32541430006,1898.494798518026,265.680083556691,2448.140129261395,2713.820212818086,0.2688912769379003,0.34673970452480146,0.38436901853729827,0.0,3,-44,battery
1895.5877993382423,-297.05,1387.25,-1257.2,2446.35169640426,1187.6,-2088.65,460.2,2715.7870157654115,486.95,-1715.95,2047.9,0.0,0.0,0.0,0.0,1764.4316278769786,2715.7870157654115,0.0,2715.7870157654115,1060.7206235255333,1082.511559349697,813.0762399885457,1895.5877993382423,-269.4353193611514,550.7638970660178,820.1992164271692,1895.5877993382423,269.4353193611514,2446.35169640426,2715.7870157654115,0.26858334567759296,0.3466203588953727,0.3847962954270343,0.0,3,-45,battery
1894.79374669118,-295.65,1383.1,-1260.9,2443.250051672976,1184.95,-2087.5,455.75,2715.9028742758824,486.5,-1714.35,2049.5,0.0,0.0,0.0,0.0,1763.4866681600097,2715.9028742758824,0.0,2715.9028742758824,1060.2242292184742,1083.7232846470433,811.0704620441368,1894.79374669118,-272.6528226029063,548.4563049817959,821.1091275847023,1894.79374669118,272.6528226029063,2443.250051672976,2715.9028742758824,0.26861469679668376,0.34636639105162886,0.3850189121516874,0.0,3,-45,battery
1896.891702891865,-295.25,1388.6,-1258.1,2442.3516643800504,1180.05,-2089.3,455.4,2717.889648698048,490.25,-1713.2,2052.2,0.0,0.0,0.0,0.0,1764.2832539924907,2717.889648698048,0.0,2717.889648698048,1060.592090087734,1086.214843604931,810.6768592869337,1896.891702891865,-275.5379843179976,545.4599614881854,820.997945806183,1896.891702891865,275.5379843179976,2442.3516643800504,2717.889648698048,0.26879069710026543,0.3460827022606946,0.38512660063904003,0.0,3,-45,battery
1895.2775858696796,-294.95,1385.05,-1259.65,2445.004274024894,1183.0,-2090.1,458.3,2717.6854108781613,489.05,-1712.5,2052.8,0.0,0.0,0.0,0.0,1764.4918176931837,2717.6854108781613,0.0,2717.6854108781613,1060.920770036012,1083.9793613614736,811.2982245082064,1895.2775858696796,-272.68113685326716,549.7266881552146,822.4078250084817,1895.2775858696796,272.68113685326716,2445.004274024894,2717.6854108781613,0.2685302316033802,0.34641762709069707,0.3850521413059228,0.0,3,-45,battery
1898.6335072888605,-293.45,1387.55,-1262.3,2445.0461319778815,1182.75,-2089.95,459.85,2718.4856345031512,489.6,-1714.75,2051.85,0.0,0.0,0.0,0.0,1765.5413184424733,2718.4856345031512,0.0,2718.4856345031512,1061.2114938820694,1086.0365049070651,812.5970023817954,1898.6335072888605,-273.43950252526975,546.412624689021,819.8521272142907,1898.6335072888605,273.43950252526975,2445.0461319778815,2718.4856345031512,0.26884580488943166,0.34621763116465243,0.3849365639459159,0.0,3,-45,battery
1897.6735105122798,-297.75,1388.5,-1258.8,2443.593257888882,1183.6,-2088.7,455.6,2717.9342527919985,487.7,-1713.1,2052.95,0.0,0.0,0.0,0.0,1764.8002552982898,2717.9342527919985,0.0,2717.9342527919985,1060.825103468564,1086.0072527076984,811.6662578045814,1897.6735105122798,-274.34099490311655,545.9197473766021,820.2607422797187,1897.6735105122798,274.34099490311655,2443.593257888882,2717.9342527919985,0.26882270455467655,0.34615719973871223,0.38502009570661133,0.0,3,-45,battery
1896.0668533836038,-294.8,1387.75,-1257.9,2441.964523186199,1181.8,-2087.3,457.95,2715.342822278616,487.7,-1715.75,2047.3,0.0,0.0,0.0,0.0,1763.3435497121047,2715.342822278616,0.0,2715.342822278616,1059.9321900780797,1084.7225762380106,811.3442771455934,1896.0668533836038,-273.3782990924169,545.8976698025954,819.2759688950123,1896.0668533836038,273.3782990924169,2441.964523186199,2715.342822278616,0.2688169945234393,0.346212245989287,0.38497075948727366,0.0,3,-45,battery
1899.0025408092536,-298.0,1389.9,-1259.2,2442.1329923859594,1182.6,-2087.7,454.95,2714.6034323635563,492.65,-1711.25,2048.9,0.0,0.0,0.0,0.0,1763.9347413896921,2714.6034323635563,0.0,2714.6034323635563,1059.8859502293064,1085.7364903934254,813.2660504158282,1899.0025408092536,-272.4704399775969,543.1304515767058,815.6008915543027,1899.0025408092536,272.4704399775969,2442.1329923859594,2714.6034323635563,0.2691429700104934,0.3461200881022897,0.38473694188721697,0.0,3,-44,battery
1898.553204416458,-300.3,1388.7,-1259.3,2444.168307420747,1181.55,-2090.5,455.75,2717.7270875678446,488.9,-1717.75,2048.5,0.0,0.0,0.0,0.0,1765.1121498512625,2717.7270875678446,0.0,2717.7270875678446,1060.898192722777,1086.0559922817777,812.4972121346802,1898.553204416458,-273.5587801470974,545.6151030042893,819.1738831513867,1898.553204416458,273.5587801470974,2444.168307420747,2717.7270875678446,0.26889979831825983,0.34617748051118247,0.3849227211705577,0.0,3,-44,battery
1896.663187679879,-296.85,1389.35,-1256.55,2444.513125859626,1182.5,-2088.75,463.1,2717.363996596702,487.6,-1714.2,2051.3,0.0,0.0,0.0,0.0,1764.6350775340516,2717.363996596702,0.0,2717.363996596702,1060.8127700666084,1084.7570292084772,811.9061584714016,1896.663187679879,-272.85087073707564,547.8499381797471,820.7008089168228,1896.663187679879,272.85087073707564,2444.513125859626,2717.363996596702,0.26870473275561413,0.34631992146439344,0.38497534577999254,0.0,3,-43,battery
1896.915351300632,-296.1,1386.0,-1260.8,2444.6350540520357,1182.25,-2090.65,455.75,2713.839618511013,487.5,-1712.65,2047.95,0.0,0.0,0.0,0.0,1763.8475059659202,2713.839618511013,0.0,2713.839618511013,1060.0497364854177,1083.0599578798049,813.8553934208271,1896.915351300632,-269.20456445897753,547.7197027514037,816.9242672103812,1896.915351300632,269.20456445897753,2444.6350540520357,2713.839618511013,0.2688604520635475,0.3464918375573094,0.3846477103791432,0.0,3,-42,battery
1899.5922838862027,-293.85,1391.0,-1259.85,2445.238492969551,1182.25,-2091.05,457.15,2719.4799705090677,488.1,-1714.3,2053.9,0.0,0.0,0.0,0.0,1766.0776868412054,2719.4799705090677,0.0,2719.4799705090677,1061.4956263059296,1086.91688071286,812.6754031733428,1899.5922838862027,-274.24147753951684,545.6462090833481,819.887686622865,1899.5922838862027,274.24147753951684,2445.238492969551,2719.4799705090677,0.2688998759850424,0.3461397127641491,0.38496041125080843,0.0,3,-43,battery
1895.4328984429915,-293.85,1389.8,-1254.9,2443.4016539447625,1183.1,-2088.65,456.1,2718.498486756982,486.6,-1718.55,2049.4,0.0,0.0,0.0,0.0,1764.333259786184,2718.498486756982,0.0,2718.498486756982,1060.8515602039986,1085.2648656276053,810.1680328153861,1895.4328984429915,-275.0968328122194,547.968755501771,823.0655883139905,1895.4328984429915,275.0968328122194,2443.4016539447625,2718.498486756982,0.26857637126229417,0.34622167331370174,0.3852019554240041,0.0,3,-44,battery
1896.9492303432899,-292.55,1386.8,-1260.8,2442.1673929114686,1179.95,-2089.25,454.9,2716.0782453751217,486.1,-1716.95,2047.65,0.0,0.0,0.0,0.0,1763.79871715747,2716.0782453751217,0.0,2716.0782453751217,1060.1574569273484,1085.4300414034715,811.5191889398184,1896.9492303432899,-273.9108524636531,545.2181625681787,819.1290150318318,1896.9492303432899,273.9108524636531,2442.1673929114686,2716.0782453751217,0.2688726910687979,0.3461516568125265,0.38497565211867557,0.0,3,-43,battery
1896.1239628515855,-293.35,1384.5,-1261.9,2443.2265777041634,1184.7,-2087.1,458.1,2719.5211085777587,484.3,-1716.4,2053.1,0.0,0.0,0.0,0.0,1764.7179122833768,2719.5211085777587,0.0,2719.5211085777587,1061.074928170108,1086.2092468625904,809.9147159889951,1896.1239628515855,-276.29453087359525,547.102614852578,823.3971457261732,1896.1239628515855,276.29453087359525,2443.2265777041634,2719.5211085777587,0.2686157302611302,0.346121405678778,0.38526286406009186,0.0,3,-43,battery
1895.1037893740809,-292.45,1391.9,-1252.4,2443.1412919640975,1185.25,-2086.6,458.5,2716.8174699453034,490.2,-1713.25,2050.75,0.0,0.0,0.0,0.0,1763.7656378208703,2716.8174699453034,0.0,2716.8174699453034,1060.4218511245126,1084.3899836776434,810.7138056964375,1895.1037893740809,-273.6761779812059,548.0375025900166,821.7136805712225,1895.1037893740809,273.6761779812059,2443.1412919640975,2716.8174699453034,0.2686161569225658,0.3462961914518579,0.3850876516255764,0.0,3,-43,battery
1896.1420707584123,-294.2,1387.3,-1258.65,2440.0495307472756,1180.55,-2086.5,454.6,2717.1512154276584,486.55,-1716.85,2049.05,0.0,0.0,0.0,0.0,1763.3357042333364,2717.1512154276584,0.0,2717.1512154276584,1060.0349014541564,1086.6218777193976,809.5201930390147,1896.1420707584123,-277.10168468038273,543.9074599888634,821.0091446692461,1896.1420707584123,277.10168468038273,2440.0495307472756,2717.1512154276584,0.2688288546256734,0.34594228496725205,0.38522886040707466,0.0,3,-43,battery
1897.5506607202874,-293.3,1388.1,-1260.1,2444.9611269915927,1182.55,-2089.6,461.5,2715.6825481819483,489.05,-1709.8,2052.4,0.0,0.0,0.0,0.0,1764.548583973457,2715.6825481819483,0.0,2715.6825481819483,1060.5350423476195,1084.1360409553215,813.4146197649659,1897.5506607202874,-270.7214211903556,547.4104662713053,818.1318874616609,1897.5506607202874,270.7214211903556,2444.9611269915927,2715.6825481819483,0.268843640514467,0.34640036964666127,0.3847559898388718,0.0,3,-43,battery
1897.0985517363088,-294.55,1388.85,-1258.3,2442.5871601644026,1180.85,-2088.5,458.25,2717.5428892659634,490.55,-1714.3,2050.75,0.0,0.0,0.0,0.0,1764.3071502916687,2717.5428892659634,0.0,2717.5428892659634,1060.558275475559,1086.0271404189346,811.0714113173738,1897.0985517363088,-274.9557291015608,545.4886084280938,820.4443375296546,1897.0985517363088,274.9557291015608,2442.5871601644026,2717.5428892659634,0.26881636672824905,0.3461113842565059,0.38507224901524506,0.0,3,-43,battery
1900.9397636432357,-293.45,1393.15,-1259.6,2445.516966819081,1183.85,-2090.35,457.7,2717.9418339066788,487.15,-1716.2,2050.5,0.0,0.0,0.0,0.0,1766.099641092249,2717.9418339066788,0.0,2717.9418339066788,1061.2376340192754,1086.6823153654168,814.2574482778191,1900.9397636432357,-272.4248670875977,544.5772031758454,817.0020702634431,1900.9397636432357,272.4248670875977,2445.516966819081,2717.9418339066788,0.26908727562896656,0.3461748292563273,0.3847378951147061,0.0,3,-44,battery
1894.6309178834806,-292.1,1383.95,-1260.55,2445.8043119800077,1186.4,-2088.9,459.25,2717.7321763742652,491.3,-1712.05,2052.7,0.0,0.0,0.0,0.0,1764.5418515594383,2717.7321763742652,0.0,2717.7321763742652,1061.0397549551049,1083.279391138869,811.3515267446116,1894.6309178834806,-271.92786439425754,551.1733940965271,823.1012584907846,1894.6309178834806,271.92786439425754,2445.8043119800077,2717.7321763742652,0.26843099757156147,0.34652115360971664,0.38504784881872195,0.0,3,-43,battery
1898.977815167939,-294.15,1387.6,-1262.6,2444.868470899815,1183.2,-2090.2,456.6,2718.2081942890245,486.35,-1716.55,2050.75,0.0,0.0,0.0,0.0,1765.5136200891945,2718.2081942890245,0.0,2718.2081942890245,1061.1315892854884,1086.1587692785745,812.8190458893646,1898.977815167939,-273.33972338920967,545.8906557318758,819.2303791210854,1898.977815167939,273.33972338920967,2444.868470899815,2718.2081942890245,0.2688987773246408,0.34619790568031683,0.38490331699504243,0.0,3,-43,battery
1900.9948007556463,-293.0,1388.1,-1265.35,2443.089732285738,1185.8,-2086.6,456.8,2716.8335585751292,490.05,-1712.6,2051.35,0.0,0.0,0.0,0.0,1765.2295229041285,2716.8335585751292,0.0,2716.8335585751292,1060.6026804806138,1087.3693135225185,813.6254872331278,1900.9948007556463,-273.7438262893911,542.0949315300918,815.8387578194829,1900.9948007556463,273.7438262893911,2443.089732285738,2716.8335585751292,0.26922770893104014,0.34600170977573563,0.38477058129322417,0.0,3,-43,battery
1897.215682915361,-292.95,1388.85,-1258.85,2444.8190127287544,1181.25,-2091.55,455.2,2716.9392066257205,490.85,-1710.2,2053.3,0.0,0.0,0.0,0.0,1764.743475567459,2716.9392066257205,0.0,2716.9392066257205,1060.7836568745229,1084.6679384061636,812.5477445091974,1897.215682915361,-272.12019389696616,547.6033298133934,819.7235237103596,1897.215682915361,272.12019389696616,2444.8190127287544,2716.9392066257205,0.2687664962616316,0.3463419820751306,0.38489152166323776,0.0,3,-45,battery
1896.315339019331,-293.2,1386.75,-1259.75,2442.753490428373,1183.95,-2086.3,461.15,2717.9489132432204,488.05,-1714.7,2051.55,0.0,0.0,0.0,0.0,1764.2544356727312,2717.9489132432204,0.0,2717.9489132432204,1060.6516770170563,1085.7553809170895,810.5599581022418,1896.315339019331,-275.19542281484746,546.4381514090419,821.6335742238894,1896.315339019331,275.19542281484746,2442.753490428373,2717.9489132432204,0.26871341523597236,0.3461452952925299,0.38514128947149767,0.0,3,-43,battery
1898.202410835051,-296.4,1390.1,-1258.15,2442.894621652764,1181.7,-2087.95,460.2,2718.260792308199,491.85,-1713.45,2052.1,0.0,0.0,0.0,0.0,1764.8394561990035,2718.260792308199,0.0,2718.260792308199,1060.8033554072147,1086.7842907452432,811.4181200898076,1898.202410835051,-275.3661706554353,544.6922108177127,820.0583814731481,1898.202410835051,275.3661706554353,2442.894621652764,2718.260792308199,0.26889165529584147,0.3460505448628896,0.3850577998412689,0.0,3,-43,battery
1895.0220190013624,-296.05,1386.6,-1257.3,2443.1229487072483,1179.65,-2090.1,456.9,2716.8210439776853,487.15,-1710.95,2053.4,0.0,0.0,0.0,0.0,1763.741502921574,2716.8210439776853,0.0,2716.8210439776853,1060.4171848248911,1084.3600571358995,810.6619618654629,1895.0220190013624,-273.6980952704371,548.1009297058858,821.7990249763229,1895.0220190013624,273.6980952704371,2443.1229487072483,2716.8210439776853,0.2686082421747074,0.3462983300926331,0.3850934277326595,0.0,3,-44,battery
1895.4285762064474,-292.75,1386.45,-1258.85,2445.6396939246797,1186.2,-2089.5,456.15,2715.5606497554054,486.6,-1713.6,2049.65,0.0,0.0,0.0,0.0,1764.1572299716331,2715.5606497554054,0.0,2715.5606497554054,1060.5505308865838,1082.6747660185865,812.7538101878608,1895.4285762064474,-269.9209558307257,550.2111177182323,820.132073548958,1895.4285762064474,269.9209558307257,2445.6396939246797,2715.5606497554054,0.2686025576412094,0.34657337401326815,0.38482406834552246,0.0,3,-44,battery
1899.1853134962896,-296.25,1389.3,-1260.55,2443.4055747051084,1181.8,-2089.15,457.2,2718.7250049425743,486.7,-1713.8,2053.65,0.0,0.0,0.0,0.0,1765.328973285993,2718.7250049425743,0.0,2718.7250049425743,1061.0202371194537,1087.2523718668779,811.932941629412,1899.1853134962896,-275.3194302374659,544.2202612088188,819.5396914462847,1899.1853134962896,275.3194302374659,2443.4055747051084,2718.7250049425743,0.2689562883513343,0.3460269462066523,0.3850167654420134,0.0,3,-44,battery
1898.5126876057477,-295.95,1389.85,-1259.0,2443.5857965293544,1181.75,-2089.4,457.15,2715.8601588631177,490.45,-1711.6,2050.8,0.0,0.0,0.0,0.0,1764.4896607495548,2715.8601588631177,0.0,2715.8601588631177,1060.3847557527974,1085.3935249697556,813.1191626359921,1898.5126876057477,-272.2743623337633,545.0731089236067,817.34747125737,1898.5126876057477,272.2743623337633,2443.5857965293544,2715.8601588631177,0.2689889220998977,0.3462170749545962,0.3847940029455062,0.0,3,-44,battery
1896.1992517929123,-296.5,1387.75,-1257.7,2446.6454289496055,1184.3,-2091.95,455.25,2718.015228526139,487.8,-1713.2,2052.95,0.0,0.0,0.0,0.0,1765.214977317164,2718.015228526139,0.0,2718.015228526139,1061.2865512457806,1083.784525684723,812.4147261081896,1896.1992517929123,-271.3697995765333,550.4461771566932,821.8159767332265,1896.1992517929123,271.3697995765333,2446.6454289496055,2718.015228526139,0.2685507538966759,0.3465081392902217,0.38494110681310245,0.0,3,-44,battery
1898.40144463704,-298.05,1390.2,-1257.95,2443.8140017194432,1184.15,-2088.45,456.5,2721.2666251214714,487.95,-1715.2,2055.55,0.0,0.0,0.0,0.0,1765.8705178694886,2721.2666251214714,0.0,2721.2666251214714,1061.6322599513187,1087.9270340195342,810.4744106175058,1898.40144463704,-277.45262340202817,545.4125570824033,822.8651804844314,1898.40144463704,277.45262340202817,2443.8140017194432,2721.2666251214714,0.26876283190449446,0.34597865146249357,0.38525851663301197,0.0,3,-44,battery
1899.9046140530318,-295.75,1389.8,-1261.2,2442.730034715257,1180.85,-2088.7,458.1,2713.9686203970746,489.85,-1713.2,2047.1,0.0,0.0,0.0,0.0,1764.150817291341,2713.9686203970746,0.0,2713.9686203970746,1059.8680121719374,1085.5715998674245,814.333014185607,1899.9046140530318,-271.23858568181777,542.825420662225,814.0640063440428,1899.9046140530318,271.23858568181777,2442.730034715257,2713.9686203970746,0.2692378388841672,0.3461623023911583,0.38459985872467445,0.0,3,-44,battery
1898.093217547547,-293.75,1389.2,-1259.6,2444.8372635003743,1184.25,-2089.35,457.6,2712.6737589507516,488.8,-1710.85,2047.6,0.0,0.0,0.0,0.0,1763.9010599996682,2712.6737589507516,0.0,2712.6737589507516,1059.8582726157524,1082.964856498962,815.128361048585,1898.093217547547,-267.83649545037724,546.7440459528273,814.5805414032045,1898.093217547547,267.83649545037724,2444.8372635003743,2712.6737589507516,0.26901922967662145,0.34650997708182596,0.3844707932415526,0.0,3,-43,battery
1899.0973500587063,-291.75,1391.4,-1259.15,2445.183986942496,1185.2,-2088.8,459.5,2717.0584944936313,489.5,-1716.7,2048.35,0.0,0.0,0.0,0.0,1765.3349578737084,2717.0584944936313,0.0,2717.0584944936313,1060.9279291657997,1085.4859288049208,813.6114212537857,1899.0973500587063,-271.87450755113514,546.0866368837899,817.961144434925,1899.0973500587063,271.87450755113514,2445.183986942496,2717.0584944936313,0.2689429195275936,0.34627762510969096,0.3847794553627155,0.0,3,-43,battery
1897.2262925123084,-296.25,1384.8,-1262.55,2441.903337050834,1182.75,-2087.15,455.85,2717.116097537976,488.75,-1716.05,2049.15,0.0,0.0,0.0,0.0,1764.0614317752797,2717.116097537976,0.0,2717.116097537976,1060.3570695397614,1086.2195264997254,811.0067660125833,1897.2262925123084,-275.2127604871421,544.6770445385257,819.8898050256678,1897.2262925123084,275.2127604871421,2441.903337050834,2717.116097537976,0.26887191374665126,0.3460626842503724,0.3850654020029763,0.0,3,-43,battery
1897.8426594425575,-298.8,1391.4,-1255.6,2443.0669142493825,1182.15,-2088.15,459.05,2717.949126179517,490.9,-1715.8,2049.95,0.0,0.0,0.0,0.0,1764.714674967864,2717.949126179517,0.0,2717.949126179517,1060.74957268578,1086.362435686346,811.4802237562114,1897.8426594425575,-274.8822119301344,545.224254806825,820.1064667369594,1897.8426594425575,274.8822119301344,2443.0669142493825,2717.949126179517,0.26885970383245067,0.3460994217512629,0.38504087441628654,0.0,3,-43,battery
1897.1186006678656,-297.85,1388.4,-1258.05,2447.050854600288,1183.45,-2092.6,456.65,2716.958434536679,491.35,-1716.55,2047.9,0.0,0.0,0.0,0.0,1765.2819724512083,2716.958434536679,0.0,2716.958434536679,1061.143043603817,1083.5130903021284,813.6055103657375,1897.1186006678656,-269.9075799363909,549.9322539324223,819.8398338688132,1897.1186006678656,269.9075799363909,2447.050854600288,2716.958434536679,0.2686707605745265,0.34655240533646864,0.3847768340890048,0.0,3,-44,battery
1896.747637404618,-295.0,1391.8,-1254.4,2443.46574050057,1184.2,-2087.85,457.25,2715.712866817845,486.5,-1713.75,2049.75,0.0,0.0,0.0,0.0,1763.9815611807585,2715.712866817845,0.0,2715.712866817845,1060.276969387855,1084.4973818609465,812.2502555436715,1896.747637404618,-272.24712631727516,546.7181030959521,818.9652294132272,1896.747637404618,272.24712631727516,2443.46574050057,2715.712866817845,0.26881625056995917,0.3462997848550334,0.3848839645750074,0.0,3,-44,battery
1897.1382151809605,-292.65,1391.25,-1256.15,2445.1246251469474,1182.6,-2090.5,458.15,2717.986023234851,491.1,-1712.75,2052.5,0.0,0.0,0.0,0.0,1765.0622158906897,2717.986023234851,0.0,2717.986023234851,1061.065191050978,1084.999806634432,812.1384085465284,1897.1382151809605,-272.8613980879036,547.9864099659869,820.8478080538905,1897.1382151809605,272.8613980879036,2445.1246251469474,2717.986023234851,0.268706989207123,0.3463227249348096,0.3849702858580674,0.0,3,-44,battery
1898.0856527037972,-296.05,1389.2,-1259.05,2445.769406035655,1184.25,-2089.55,461.65,2716.987475587622,488.8,-1716.25,2048.8,0.0,0.0,0.0,0.0,1765.2106335817684,2716.987475587622,0.0,2716.987475587622,1060.9740514451103,1084.6518611278823,813.4337915759149,1898.0856527037972,-271.21806955196735,547.6837533318576,818.9018228838249,1898.0856527037972,271.21806955196735,2445.769406035655,2716.987475587622,0.26881857844528356,0.3463849241992402,0.3847964973554763,0.0,3,-44,battery
1894.7845062169997,-293.55,1389.25,-1254.6,2446.258894720671,1186.3,-2089.5,459.2,2716.464834118049,486.25,-1711.9,2052.35,0.0,0.0,0.0,0.0,1764.3770587639299,2716.464834118049,0.0,2716.464834118049,1060.8329837950662,1082.495222807189,812.2892834098107,1894.7845062169997,-270.2059393973782,551.4743885036712,821.6803279010494,1894.7845062169997,270.2059393973782,2446.258894720671,2716.464834118049,0.2684778314257313,0.34661792990474033,0.38490423866952844,0.0,3,-45,battery
1899.26314724948,-296.2,1388.6,-1261.45,2444.5379205485847,1186.35,-2086.75,462.4,2713.7420349952204,488.7,-1713.05,2047.2,0.0,0.0,0.0,0.0,1764.3857756983211,2713.7420349952204,0.0,2713.7420349952204,1060.086472658449,1084.2336308480578,815.0295164014221,1899.26314724948,-269.2041144466357,545.2747732991047,814.4788877457404,1899.26314724948,269.2041144466357,2444.5379205485847,2713.7420349952204,0.2691110942698708,0.3463723685344646,0.38451653719566464,0.0,3,-45,battery
1900.1209836481466,-290.3,1392.15,-1260.2,2442.1805067398273,1181.55,-2088.35,454.95,2717.8390671634697,486.15,-1716.5,2050.35,0.0,0.0,0.0,0.0,1765.035139387861,2717.8390671634697,0.0,2717.8390671634697,1060.6552693858991,1087.8897720358946,812.2312116122521,1900.1209836481466,-275.6585604236425,542.0595230916806,817.7180835153231,1900.1209836481466,275.6585604236425,2442.1805067398273,2717.8390671634697,0.2691335913441269,0.3459110320583773,0.3849553765974958,0.0,3,-45,battery
1898.246557352337,-292.55,1389.3,-1260.0,2445.601683124217,1186.95,-2087.3,464.0,2715.90538633068,490.25,-1710.95,2051.45,0.0,0.0,0.0,0.0,1764.9384067018084,2715.90538633068,0.0,2715.90538633068,1060.7095896963892,1084.2751302794,813.9714270729369,1898.246557352337,-270.30370320646307,547.3551257718798,817.6588289783429,1898.246557352337,270.30370320646307,2445.601683124217,2715.90538633068,0.2688828332683356,0.3464145935401768,0.3847025731914876,0.0,3,-49,battery
1896.2770162874413,-294.55,1389.9,-1255.9,2443.4727556287585,1185.25,-2085.85,463.65,2718.101857454941,488.65,-1715.25,2051.15,0.0,0.0,0.0,0.0,1764.4629073427855,2718.101857454941,0.0,2718.101857454941,1060.7999259928547,1085.4530590568118,810.8239572306295,1896.2770162874413,-274.6291018261827,547.1957393413172,821.8248411674999,1896.2770162874413,274.6291018261827,2443.4727556287585,2718.101857454941,0.26867623688717307,0.34620630808676733,0.3851174550260595,0.0,3,-45,battery
1897.7981570757202,-297.6,1387.75,-1259.85,2446.5203090307673,1184.7,-2090.9,458.35,2716.7207194520383,489.35,-1715.85,2048.65,0.0,0.0,0.0,0.0,1765.2597963896314,2716.7207194520383,0.0,2716.7207194520383,1061.025723062564,1083.9992837484954,813.7988733272248,1897.7981570757202,-270.20041042127104,548.7221519550471,818.9225623763182,1897.7981570757202,270.20041042127104,2446.5203090307673,2716.7207194520383,0.26877037603149984,0.3464816218602033,0.38474800210829685,0.0,3,-45,battery
1887.9255818225465,-260.6,1389.55,-1251.2,2444.3548576260364,1168.5,-2099.9,447.1,2715.199702139789,471.0,-1719.35,2048.0,0.0,0.0,0.0,0.0,1761.870035397093,2715.199702139789,0.0,2715.199702139789,1060.035259847448,1079.3852131681497,808.5403686543968,1887.9255818225465,-270.84484451375283,556.4292758034899,827.2741203172427,1887.9255818225465,270.84484451375283,2444.3548576260364,2715.199702139789,0.26788661250445794,0.34684097131419855,0.38527241618134356,0.0,3,-45,battery
1895.231581496045,-259.65,1390.95,-1260.85,2449.1661004309203,1173.05,-2101.65,453.25,2715.718867077371,469.05,-1721.0,2047.75,0.0,0.0,0.0,0.0,1765.0291372510842,2715.718867077371,0.0,2715.718867077371,1061.1473600092938,1080.8921740712478,814.3394074247972,1895.231581496045,-266.5527666464509,553.9345189348753,820.4872855813262,1895.231581496045,266.5527666464509,2449.1661004309203,2715.718867077371,0.2684419681093399,0.3469016528879141,0.38465637900274596,0.0,3,-44,battery
1893.3035242665133,-262.65,1389.3,-1259.15,2447.4090355925387,1173.25,-2100.05,450.65,2713.1984934759193,469.4,-1718.95,2046.05,0.0,0.0,0.0,0.0,1763.4777633337428,2713.1984934759193,0.0,2713.1984934759193,1060.2405387941074,1079.5464910749467,813.7570331915663,1893.3035242665133,-265.7894578833807,554.1055113260254,819.8949692094061,1893.3035242665133,265.7894578833807,2447.4090355925387,2713.1984934759193,0.26840479132089295,0.34695773976841465,0.3846374689106924,0.0,3,-46,battery
1871.4470517489935,-265.45,1385.75,-1229.45,2441.414685177428,1169.2,-2096.65,444.45,2715.9820383242595,471.45,-1720.7,2047.8,0.0,0.0,0.0,0.0,1757.2109438126702,2715.9820383242595,0.0,2715.9820383242595,1059.2706170733636,1073.0072024479125,798.4398493010808,1871.4470517489935,-274.56735314683146,569.9676334284345,844.534986575266,1871.4470517489935,274.56735314683146,2441.414685177428,2715.9820383242595,0.2662524750284764,0.34734228889449975,0.38640523607702393,0.0,3,-45,battery
1894.086119346214,-265.65,1393.95,-1254.55,2462.472117101024,1168.45,-2116.95,465.85,2720.1913232344523,468.5,-1719.75,2054.85,0.0,0.0,0.0,0.0,1769.1873899204227,2720.1913232344523,0.0,2720.1913232344523,1064.269221976546,1075.9026627398212,818.1834566063931,1894.086119346214,-257.7192061334281,568.3859977548102,826.1052038882383,1894.086119346214,257.7192061334281,2462.472117101024,2720.1913232344523,0.26764916624114776,0.3479665482484285,0.3843842855104237,0.0,3,-45,battery
1899.2820261877907,-266.95,1393.05,-1263.1,2451.5136803615846,1176.85,-2102.8,450.75,2716.929120348928,461.6,-1718.25,2053.35,0.0,0.0,0.0,0.0,1766.931206724576,2716.929120348928,0.0,2716.929120348928,1061.9218224298975,1082.348733087567,816.9332931002239,1899.2820261877907,-265.41543998734323,552.2316541737939,817.6470941611371,1899.2820261877907,265.41543998734323,2451.5136803615846,2716.929120348928,0.26872608550908983,0.34686037450575735,0.38441353998515276,0.0,3,-46,battery
1902.5863620345858,-268.55,1397.2,-1263.15,2450.0385241869158,1169.8,-2106.7,442.8,2718.23619420756,472.15,-1721.15,2050.25,0.0,0.0,0.0,0.0,1767.7152701072655,2718.23619420756,0.0,2718.23619420756,1062.0808041079538,1085.392016027615,817.1943460069708,1902.5863620345858,-268.1976700206442,547.45216215233,815.6498321729741,1902.5863620345858,268.1976700206442,2450.0385241869158,2718.23619420756,0.2690742103957636,0.34649790122000906,0.38442788838422726,0.0,3,-45,battery
1889.822712584437,-263.25,1397.4,-1244.75,2448.048827638044,1169.75,-2102.8,450.4,2714.490801697438,468.55,-1718.9,2048.0,0.0,0.0,0.0,0.0,1763.0905854799798,2714.490801697438,0.0,2714.490801697438,1060.5281242814178,1078.1323433219159,811.6903692625212,1889.822712584437,-266.4419740593944,558.2261150536067,824.6680891130011,1889.822712584437,266.4419740593944,2448.048827638044,2714.490801697438,0.2679701667271333,0.3471246525560104,0.38490518071685625,0.0,3,-44,battery
1898.205121292217,-267.85,1390.5,-1264.1,2445.813040177029,1165.65,-2102.55,450.05,2715.667968474791,463.95,-1716.1,2052.95,0.0,0.0,0.0,0.0,1764.9215324860093,2715.667968474791,0.0,2715.667968474791,1060.6889932573245,1084.0300247949897,814.1750964972277,1898.205121292217,-269.85492829776194,547.6079188848121,817.462847182574,1898.205121292217,269.85492829776194,2445.813040177029,2715.667968474791,0.2688795346355241,0.3464478441616522,0.3846726212028237,0.0,3,-44,battery
1895.289176484686,-267.95,1388.5,-1261.9,2449.835515396901,1160.35,-2108.7,456.8,2720.610006505894,462.05,-1718.45,2057.95,0.0,0.0,0.0,0.0,1766.4336745968703,2720.610006505894,0.0,2720.610006505894,1062.3537799976043,1083.0318337968395,812.2573426878464,1895.289176484686,-270.77449110899306,554.5463389122149,825.3208300212079,1895.289176484686,270.77449110899306,2449.835515396901,2720.610006505894,0.26823667422967673,0.34672056339109286,0.3850427623792304,0.0,3,-45,battery
1894.8483976297418,-273.5,1391.8,-1256.4,2453.0219393637717,1170.75,-2108.65,447.5,2716.3575137488806,464.25,-1719.2,2051.2,0.0,0.0,0.0,0.0,1766.0569626855986,2716.3575137488806,0.0,2716.3575137488806,1061.9011778055049,1079.0919860074255,815.7564116223166,1894.8483976297418,-263.3355743851089,558.1735417340299,821.5091161191388,1894.8483976297418,263.3355743851089,2453.0219393637717,2716.3575137488806,0.2682314950289448,0.34724558595685423,0.38452291901420094,0.0,3,-45,battery
1893.8510065472415,-272.15,1390.3,-1256.85,2446.8210258414897,1168.4,-2103.25,445.1,2717.181315720392,465.5,-1720.7,2050.75,0.0,0.0,0.0,0.0,1764.4633370272809,2717.181315720392,0.0,2717.181315720392,1061.055559236439,1082.1056482130718,811.7453583341696,1893.8510065472415,-270.3602898789022,552.9700192942482,823.3303091731505,1893.8510065472415,270.3602898789022,2446.8210258414897,2717.181315720392,0.26833243950224966,0.3466806272614066,0.3849869332363437,0.0,3,-45,battery
1899.613156671642,-270.95,1394.45,-1261.2,2450.438053695706,1172.05,-2104.75,448.3,2723.64240356549,470.6,-1721.35,2057.6,0.0,0.0,0.0,0.0,1768.4234034832095,2723.64240356549,0.0,2723.64240356549,1063.2637733120891,1086.408753270713,813.2044034009291,1899.613156671642,-273.204349869784,550.8248970240641,824.029246893848,1899.613156671642,273.204349869784,2450.438053695706,2723.64240356549,0.2685461458112961,0.34641563339259607,0.38503822079610783,0.0,3,-45,battery
1894.244132233224,-269.8,1398.3,-1249.05,2449.9612002029744,1167.8,-2106.45,448.8,2718.398176776169,465.05,-1717.85,2054.85,0.0,0.0,0.0,0.0,1765.6508773030919,2718.398176776169,0.0,2718.398176776169,1061.8459493277835,1081.3405544032094,812.9035778300149,1894.244132233224,-268.43697657319444,555.7170679697504,824.1540445429448,1894.244132233224,268.43697657319444,2449.9612002029744,2718.398176776169,0.26820762764926515,0.346892076980858,0.3849002953698768,0.0,3,-45,battery
1899.8334440155538,-264.45,1395.5,-1261.75,2460.6975921473977,1168.4,-2116.8,457.2,2717.562033790581,468.65,-1719.85,2051.25,0.0,0.0,0.0,0.0,1769.5232674883832,2717.562033790581,0.0,2717.562033790581,1063.5662633057877,1078.3489428293688,821.4845011861853,1899.8334440155538,-256.86444164318345,560.8641481318439,817.7285897750273,1899.8334440155538,256.86444164318345,2460.6975921473977,2717.562033790581,0.26841035081614517,0.3476497932180414,0.38393985596581337,0.0,3,-45,battery
1888.7954508098542,-266.65,1395.9,-1244.15,2446.720685427742,1172.7,-2100.25,447.4,2717.604561465851,470.2,-1720.15,2050.7,0.0,0.0,0.0,0.0,1763.2801744258618,2717.604561465851,0.0,2717.604561465851,1060.9826843434828,1079.8396634239816,808.9557873858728,1888.7954508098542,-270.88387603810907,557.9252346178878,828.8091106559968,1888.7954508098542,270.88387603810907,2446.720685427742,2717.604561465851,0.26779570799417357,0.34689902389227706,0.38530526811354937,0.0,3,-45,battery
1895.3171489225756,-275.1,1393.25,-1255.15,2446.2832189875317,1168.55,-2103.75,439.35,2713.7531441713704,470.25,-1719.95,2045.75,0.0,0.0,0.0,0.0,1763.8383780203694,2713.7531441713704,0.0,2713.7531441713704,1060.2454332476382,1081.3935370532072,813.9236118693682,1895.3171489225756,-267.46992518383877,550.966070064956,818.4359952487948,1895.3171489225756,267.46992518383877,2446.2832189875317,2713.7531441713704,0.26863532006965546,0.3467272355380286,0.38463744439231595,0.0,3,-45,battery
1898.1653016794928,-266.2,1400.1,-1253.75,2448.6954491116285,1168.45,-2105.0,447.0,2714.9994447513245,468.85,-1719.8,2047.85,0.0,0.0,0.0,0.0,1765.4650488856114,2714.9994447513245,0.0,2714.9994447513245,1061.0013601137962,1082.2346486595943,815.9306530198983,1898.1653016794928,-266.30399563969604,550.5301474321357,816.8341430718317,1898.1653016794928,266.30399563969604,2448.6954491116285,2714.9994447513245,0.26879111864571376,0.346749352338819,0.3844595290154673,0.0,3,-45,battery
1890.6061792451649,-277.35,1391.75,-1249.2,2446.2074825124705,1169.05,-2102.65,442.85,2718.899136139478,470.5,-1723.6,2049.45,0.0,0.0,0.0,0.0,1763.9281994742782,2718.899136139478,0.0,2718.899136139478,1061.245084016614,1081.6489164360862,808.9572628090789,1890.6061792451649,-272.6916536270073,555.6013032673056,828.292956894313,1890.6061792451649,272.6916536270073,2446.2074825124705,2718.899136139478,0.2679539592099953,0.3466988456845266,0.38534719510547816,0.0,3,-45,battery
1896.3941870033245,-270.95,1393.5,-1257.4,2449.324185362158,1170.8,-2105.45,442.15,2724.1987583507926,469.05,-1723.25,2057.1,0.0,0.0,0.0,0.0,1767.4792826790688,2724.1987583507926,0.0,2724.1987583507926,1063.1117878310279,1085.6343799959798,810.759807007345,1896.3941870033245,-274.87457298863455,552.9299983588335,827.804571347468,1896.3941870033245,274.87457298863455,2449.324185362158,2724.1987583507926,0.2682342878906128,0.3464431251564061,0.3853225869529811,0.0,3,-44,battery
1900.189614880578,-270.7,1395.6,-1260.85,2466.2300622610214,1158.4,-2126.0,469.6,2717.764608552404,465.55,-1721.25,2051.05,0.0,0.0,0.0,0.0,1771.0460714235007,2717.764608552404,0.0,2717.764608552404,1064.5232514583158,1075.8620805859803,824.3275342945976,1900.189614880578,-251.5345462913824,566.0404473804435,817.574993671826,1900.189614880578,251.5345462913824,2466.2300622610214,2717.764608552404,0.26822983963275393,0.34813183322198354,0.3836383271452625,0.0,3,-45,battery
1896.6722661018691,-272.8,1390.85,-1260.35,2466.803174657435,1161.9,-2126.05,463.7,2718.5883827825055,463.75,-1719.1,2054.35,0.0,0.0,0.0,0.0,1770.5159558854525,2718.5883827825055,0.0,2718.5883827825055,1064.694719429012,1074.2287371134698,822.4435289883995,1896.6722661018691,-251.7852081250703,570.1309085555661,821.9161166806364,1896.6722661018691,251.7852081250703,2466.803174657435,2718.5883827825055,0.26781349524090065,0.34831699291630536,0.38386951184279394,0.0,3,-45,battery
1897.2220026923574,-269.25,1390.75,-1262.05,2448.8578623513454,1171.7,-2103.7,445.5,2717.4977341296903,459.3,-1722.15,2051.35,0.0,0.0,0.0,0.0,1765.8943997933484,2717.4977341296903,0.0,2717.4977341296903,1061.5575782328015,1082.9309372353512,814.2910654570062,1897.2220026923574,-268.63987177834497,551.635859658988,820.275731437333,1897.2220026923574,268.63987177834497,2448.8578623513454,2717.4977341296903,0.2685922220086288,0.3466880384577243,0.3847197395336468,0.0,3,-45,battery
1895.7977377610725,-266.5,1389.7,-1261.65,2455.162402978671,1175.35,-2108.05,450.0,2714.33384599242,467.05,-1722.45,2045.15,0.0,0.0,0.0,0.0,1766.3234966830407,2714.33384599242,0.0,2714.33384599242,1061.824483526066,1077.4845903874107,818.3131473736616,1895.7977377610725,-259.171443013749,559.3646652175983,818.5361082313473,1895.7977377610725,259.171443013749,2455.162402978671,2714.33384599242,0.26832538622188545,0.3474961420698407,0.3841784717082739,0.0,3,-45,battery
1903.6989710823505,-272.2,1397.15,-1264.1,2453.692359486005,1167.9,-2110.85,448.25,2724.2129110992773,463.65,-1720.55,2060.6,0.0,0.0,0.0,0.0,1770.4010604169082,2724.2129110992773,0.0,2724.2129110992773,1064.0409171642254,1087.1097613478116,816.589209734539,1903.6989710823505,-270.52055161327235,549.9933884036545,820.5139400169269,1903.6989710823505,270.52055161327235,2453.692359486005,2724.2129110992773,0.26882312342182685,0.3464882074387413,0.3846886691394319,0.0,3,-45,battery
1899.8880980205124,-268.85,1395.05,-1261.4,2482.710023844911,1183.85,-2135.0,451.8,2716.452376722257,464.15,-1720.45,2050.3,0.0,0.0,0.0,0.0,1774.7626246469201,2716.452376722257,0.0,2716.452376722257,1066.9357838133349,1066.8152254489291,833.072872571583,1899.8880980205124,-233.7423528773461,582.8219258243987,816.5642787017448,1899.8880980205124,233.7423528773461,2482.710023844911,2716.452376722257,0.2676256632346094,0.3497242376764095,0.3826500990889812,0.0,3,-45,battery
1896.7002069383552,-279.35,1393.25,-1256.3,2448.1715018560285,1170.45,-2103.3,446.9,2718.0825677304215,464.8,-1722.55,2050.55,0.0,0.0,0.0,0.0,1765.7385691312015,2718.0825677304215,0.0,2718.0825677304215,1061.5622266770322,1083.3056364063739,813.3945705319813,1896.7002069383552,-269.911065874393,551.4712949176733,821.3823607920663,1896.7002069383552,269.911065874393,2448.1715018560285,2718.0825677304215,0.26854204808353804,0.3466214569720541,0.38483649494440775,0.0,3,-45,battery
1896.3800911209757,-269.1,1394.2,-1257.0,2449.971878410036,1172.4,-2104.85,444.35,2721.8538333275724,472.3,-1721.4,2054.8,0.0,0.0,0.0,0.0,1767.0514507146459,2721.8538333275724,0.0,2721.8538333275724,1062.6881747611878,1084.1310230192562,812.2490681017196,1896.3800911209757,-271.8819549175364,553.5917872890602,825.4737422065966,1896.3800911209757,271.8819549175364,2449.971878410036,2721.8538333275724,0.26829723751875273,0.34661863940339677,0.38508412307785056,0.0,3,-44,battery
1894.5263154678005,-269.6,1391.4,-1257.2,2467.9358718370295,1161.95,-2126.45,467.75,2714.825382966647,469.5,-1717.5,2049.4,0.0,0.0,0.0,0.0,1769.3218925678693,2714.825382966647,0.0,2714.825382966647,1063.980080807462,1070.7079132987092,823.8184021690915,1894.5263154678005,-246.8895111296174,573.409556369229,820.2990674988464,1894.5263154678005,246.8895111296174,2467.9358718370295,2714.825382966647,0.26769101815586227,0.3487121086055236,0.3835968732386141,0.0,3,-45,battery
1892.6995911924323,-263.1,1395.65,-1251.1,2450.23499536269,1168.75,-2105.9,450.4,2716.0858740106137,462.25,-1722.05,2048.9,0.0,0.0,0.0,0.0,1764.755115141434,2716.0858740106137,0.0,2716.0858740106137,1061.3250308374643,1079.2752349201778,813.4243562722543,1892.6995911924323,-265.85087864792376,557.5354041702576,823.3862828181814,1892.6995911924323,265.85087864792376,2450.23499536269,2716.0858740106137,0.2681249617798592,0.3471069405522475,0.3847680976678932,0.0,3,-45,battery
1893.0854636016834,-262.0,1394.9,-1252.75,2467.1907410048375,1171.05,-2123.1,456.2,2711.855345515317,465.3,-1713.05,2050.15,0.0,0.0,0.0,0.0,1768.0328875304594,2711.855345515317,0.0,2711.855345515317,1063.1557946090054,1068.8750340560816,824.210429545602,1893.0854636016834,-244.66460451047942,574.1052774031541,818.7698819136335,1893.0854636016834,244.66460451047942,2467.1907410048375,2711.855345515317,0.26768244484494486,0.34886097968049434,0.38345657547456075,0.0,3,-44,battery
1891.0021688247743,-260.75,1391.0,-1254.2,2457.3039499622346,1177.2,-2109.8,448.65,2724.2559855857894,472.85,-1725.7,2054.25,0.0,0.0,0.0,0.0,1768.1405260931997,2724.2559855857894,0.0,2724.2559855857894,1064.2507810600205,1078.9771022241644,812.0250666006098,1891.0021688247743,-266.9520356235548,566.3017811374602,833.2538167610151,1891.0021688247743,266.9520356235548,2457.3039499622346,2724.2559855857894,0.26737158909578357,0.34744183418947167,0.3851865767147447,0.0,3,-44,battery
1888.9889431915688,-259.15,1390.05,-1252.55,2446.1160688937066,1170.7,-2101.15,445.1,2721.889634518637,461.25,-1722.9,2056.1,0.0,0.0,0.0,0.0,1764.2486616509782,2721.889634518637,0.0,2721.889634518637,1061.856025074837,1082.3812544082496,806.607688783319,1888.9889431915688,-275.7735656249306,557.1271257021378,832.9006913270684,1888.9889431915688,275.7735656249306,2446.1160688937066,2721.889634518637,0.267676119621349,0.3466229168915224,0.3857009634871285,0.0,3,-44,battery
1886.4737421973305,-261.7,1389.8,-1248.5,2449.8448874367537,1171.95,-2104.9,444.6,2705.351239672956,501.4,-1716.1,2030.4,0.0,0.0,0.0,0.0,1760.4174673267603,2705.351239672956,0.0,2705.351239672956,1058.6748610200564,1070.9900472167662,815.4836949805642,1886.4737421973305,-255.50635223620247,563.3711452394232,818.8774974756257,1886.4737421973305,255.50635223620247,2449.8448874367537,2705.351239672956,0.26790147468003567,0.3479068080307262,0.38419171728923796,0.0,3,-44,battery
1896.4574151559532,-264.05,1398.55,-1253.35,2447.653965535161,1177.35,-2100.1,440.95,2719.448069921542,468.65,-1722.65,2051.4,0.0,0.0,0.0,0.0,1765.889862653164,2719.448069921542,0.0,2719.448069921542,1061.778041708242,1084.1257597711672,812.3316553847862,1896.4574151559532,-271.7941043863807,551.196550379208,822.9906547655887,1896.4574151559532,271.7941043863807,2447.653965535161,2719.448069921542,0.26848466816421634,0.3465184915125,0.38499684032328363,0.0,3,-45,battery
1890.4699607505006,-267.3,1391.6,-1251.35,2451.204871588664,1177.15,-2103.2,446.4,2717.302696609268,475.35,-1717.6,2051.25,0.0,0.0,0.0,0.0,1764.7443822371083,2717.302696609268,0.0,2717.302696609268,1061.6879251279854,1078.2838928855522,812.1860678649484,1890.4699607505006,-266.097825020604,560.7349108381634,826.8327358587674,1890.4699607505006,266.097825020604,2451.204871588664,2717.302696609268,0.2678107350530299,0.347246447737852,0.384942817209118,0.0,3,-45,battery
1887.3654846107577,-266.7,1390.15,-1248.4,2445.0314011276014,1176.3,-2097.8,440.15,2715.427583733361,474.2,-1724.0,2043.65,0.0,0.0,0.0,0.0,1761.95611736793,2715.427583733361,0.0,2715.427583733361,1060.1788232863028,1078.8808336082589,808.4846510024988,1887.3654846107577,-270.3961826057598,557.6659165168437,828.0620991226035,1887.3654846107577,270.3961826057598,2445.0314011276014,2715.427583733361,0.2677940537233936,0.3469200193220579,0.3852859269545486,0.0,3,-45,battery
1875.3479477153032,-318.2,1377.85,-1231.75,2447.894898172714,1179.4,-2099.9,437.75,2710.8252954589307,470.7,-1724.05,2038.3,0.0,0.0,0.0,0.0,1758.5170353367369,2710.8252954589307,0.0,2710.8252954589307,1059.2644246978625,1069.13917250076,806.208775214543,1875.3479477153032,-262.9303972862167,572.5469504574107,835.4773477436274,1875.3479477153032,262.9303972862167,2447.894898172714,2710.8252954589307,0.26660929493870306,0.3480055707427322,0.3853851343185648,0.0,3,-44,battery
1896.4930358427366,-267.9,1400.55,-1250.35,2449.1592531928177,1175.05,-2102.15,445.65,2714.7944351276396,470.05,-1721.35,2046.0,0.0,0.0,0.0,0.0,1765.1116810407984,2714.7944351276396,0.0,2714.7944351276396,1060.9781714664662,1081.0641088887794,815.4289269539574,1896.4930358427366,-265.63518193482196,552.6662173500811,818.301399284903,1896.4930358427366,265.63518193482196,2449.1592531928177,2714.7944351276396,0.2686080796208415,0.34688446055558797,0.3845074598235706,0.0,3,-44,battery
1892.5309356784635,-260.2,1396.95,-1250.0,2455.6928080482708,1174.65,-2110.15,444.85,2712.857116583916,472.25,-1721.85,2042.5,0.0,0.0,0.0,0.0,1765.2702150776627,2712.857116583916,0.0,2712.857116583916,1061.4822791783492,1074.8476221070543,817.6833135714089,1892.5309356784635,-257.16430853564543,563.1618723698073,820.3261809054527,1892.5309356784635,257.16430853564543,2455.6928080482708,2712.857116583916,0.26802283858780257,0.3477785988617376,0.3841985625504598,0.0,3,-44,battery
1891.4807539332778,-261.6,1401.15,-1243.4,2446.6919411728154,1175.7,-2099.25,444.05,2712.86134643848,468.4,-1720.95,2044.15,0.0,0.0,0.0,0.0,1762.7585103861434,2712.86134643848,0.0,2712.86134643848,1059.9937875696376,1078.825079599471,812.6556743338069,1891.4807539332778,-266.1694052656644,555.2111872395376,821.380592505202,1891.4807539332778,266.1694052656644,2446.6919411728154,2712.86134643848,0.2682557966375861,0.34699760726681333,0.3847465960956005,0.0,3,-44,battery
1895.8749596162718,-261.8,1399.75,-1251.6,2461.2499111223956,1175.15,-2116.0,446.45,2720.5925296706964,472.5,-1719.35,2054.8,0.0,0.0,0.0,0.0,1769.429350102341,2720.5925296706964,0.0,2720.5925296706964,1064.212831155689,1077.6087890822862,818.2661705339856,1895.8749596162718,-259.34261854830083,565.3749515061238,824.7175700544246,1895.8749596162718,259.34261854830083,2461.2499111223956,2720.5925296706964,0.26786530916120177,0.34774628201177415,0.384388408827024,0.0,3,-44,battery
1887.1060979711765,-267.35,1390.75,-1247.2,2472.6367393937994,1199.75,-2113.4,456.15,2714.2223052837808,475.2,-1720.4,2044.85,0.0,0.0,0.0,0.0,1768.4912856621893,2714.2223052837808,0.0,2714.2223052837808,1064.4081551086958,1064.345831930579,822.7602660405978,1887.1060979711765,-241.58556588998135,585.5306414226229,827.1162073126043,1887.1060979711765,241.58556588998135,2472.6367393937994,2714.2223052837808,0.2667677971147838,0.34954041892097193,0.3836917839642442,0.0,3,-44,battery
1885.0280614622159,-263.4,1388.1,-1247.85,2445.353898723046,1179.5,-2096.2,441.0,2713.045897602914,473.8,-1720.0,2043.95,0.0,0.0,0.0,0.0,1760.856964447044,2713.045897602914,0.0,2713.045897602914,1059.6267654265544,1076.3600301710421,808.668031291174,1885.0280614622159,-267.69199887986815,560.32583726083,828.0178361406981,1885.0280614622159,267.69199887986815,2445.353898723046,2713.045897602914,0.2676293559786903,0.34718235894460514,0.3851882850767045,0.0,3,-44,battery
1886.4582462911815,-262.15,1397.55,-1239.7,2450.464070334434,1176.2,-2102.4,448.6,2713.732187412752,468.85,-1722.2,2044.15,0.0,0.0,0.0,0.0,1762.6636260095918,2713.732187412752,0.0,2713.732187412752,1060.6494503570527,1074.8631816847496,811.5950646064316,1886.4582462911815,-263.268117078318,564.0058240432525,827.2739411215705,1886.4582462911815,263.268117078318,2450.464070334434,2713.732187412752,0.2675578905774896,0.3475512902994884,0.38489081912302203,0.0,3,-44,battery
1892.8456943184779,-265.9,1395.9,-1250.45,2449.13156751531,1170.45,-2105.85,440.1,2724.1216244874236,470.75,-1721.35,2058.2,0.0,0.0,0.0,0.0,1766.5247215803029,2724.1216244874236,0.0,2724.1216244874236,1062.9570210834647,1083.9178756452957,808.9278186731824,1892.8456943184779,-274.9900569721135,556.2858731968322,831.2759301689457,1892.8456943184779,274.9900569721135,2449.13156751531,2724.1216244874236,0.2678770457037774,0.34660307008389313,0.38551988421232947,0.0,3,-44,battery
1889.3389941987648,-264.15,1395.55,-1245.9,2452.6570148514447,1177.7,-2105.05,444.2,2720.793722427336,462.2,-1725.8,2052.0,0.0,0.0,0.0,0.0,1765.6974328693864,2720.793722427336,0.0,2720.793722427336,1062.6731682099903,1078.737850887328,810.601143311437,1889.3389941987648,-268.13670757589125,563.3180206526799,831.4547282285712,1889.3389941987648,268.13670757589125,2452.6570148514447,2720.793722427336,0.26750605157878776,0.3472646232012836,0.38522932521992864,0.0,3,-46,battery
